Using pre-set license
Built from '6000.0/respin/6000.0.60f1-f02d6f9f9009' branch; Version is '6000.0.60f1 (61dfb374e36f) revision 6414259'; Using compiler version '193933523'; Build Type 'Release'
OS: 'Windows 10  (10.0.19045) 64bit Core' Language: 'en' Physical Memory: 32682 MB
BatchMode: 1, IsHumanControllingUs: 0, StartBugReporterOnCrash: 0, Is64bit: 1
Date: 2026-09-26T00:51:55Z

COMMAND LINE ARGUMENTS:
C:\Program Files\Unity\Hub\Editor\6000.0.60f1\Editor\Unity.exe
-adb2
-batchMode
-noUpm
-name
AssetImportWorker4
-projectPath
C:/Users/frank/Documents/Github/StarDance Platformer/Stardance Project
-logFile
Logs/AssetImportWorker4.log
-srvPort
63378
-job-worker-count
7
-background-job-worker-count
8
-gc-helper-count
1
-name
AssetImport
Successfully changed project path to: C:/Users/frank/Documents/Github/StarDance Platformer/Stardance Project
C:/Users/frank/Documents/Github/StarDance Platformer/Stardance Project
[UnityMemory] Configuration Parameters - Can be set up in boot.config
    "memorysetup-bucket-allocator-granularity=16"
    "memorysetup-bucket-allocator-bucket-count=8"
    "memorysetup-bucket-allocator-block-size=33554432"
    "memorysetup-bucket-allocator-block-count=8"
    "memorysetup-main-allocator-block-size=16777216"
    "memorysetup-thread-allocator-block-size=16777216"
    "memorysetup-gfx-main-allocator-block-size=16777216"
    "memorysetup-gfx-thread-allocator-block-size=16777216"
    "memorysetup-cache-allocator-block-size=4194304"
    "memorysetup-typetree-allocator-block-size=2097152"
    "memorysetup-profiler-bucket-allocator-granularity=16"
    "memorysetup-profiler-bucket-allocator-bucket-count=8"
    "memorysetup-profiler-bucket-allocator-block-size=33554432"
    "memorysetup-profiler-bucket-allocator-block-count=8"
    "memorysetup-profiler-allocator-block-size=16777216"
    "memorysetup-profiler-editor-allocator-block-size=1048576"
    "memorysetup-temp-allocator-size-main=16777216"
    "memorysetup-job-temp-allocator-block-size=2097152"
    "memorysetup-job-temp-allocator-block-size-background=1048576"
    "memorysetup-job-temp-allocator-reduction-small-platforms=262144"
    "memorysetup-allocator-temp-initial-block-size-main=262144"
    "memorysetup-allocator-temp-initial-block-size-worker=262144"
    "memorysetup-temp-allocator-size-background-worker=32768"
    "memorysetup-temp-allocator-size-job-worker=262144"
    "memorysetup-temp-allocator-size-preload-manager=33554432"
    "memorysetup-temp-allocator-size-nav-mesh-worker=65536"
    "memorysetup-temp-allocator-size-audio-worker=65536"
    "memorysetup-temp-allocator-size-cloud-worker=32768"
    "memorysetup-temp-allocator-size-gi-baking-worker=262144"
    "memorysetup-temp-allocator-size-gi-baking-worker=262144"
    "memorysetup-temp-allocator-size-gi-baking-worker=262144"
    "memorysetup-temp-allocator-size-gi-baking-worker=262144"
    "memorysetup-temp-allocator-size-gi-baking-worker=262144"
    "memorysetup-temp-allocator-size-gfx=262144"
Player connection [3736]  Target information:

Player connection [3736]  * "[IP] 10.0.0.136 [Port] 0 [Flags] 2 [Guid] 2056456377 [EditorId] 2056456377 [Version] 1048832 [Id] WindowsEditor(7,DESKTOP-G03H8AT) [Debug] 1 [PackageName] WindowsEditor [ProjectName] Editor" 

Player connection [3736]  * "[IP] 26.71.94.48 [Port] 0 [Flags] 2 [Guid] 2056456377 [EditorId] 2056456377 [Version] 1048832 [Id] WindowsEditor(7,DESKTOP-G03H8AT) [Debug] 1 [PackageName] WindowsEditor [ProjectName] Editor" 

Player connection [3736]  * "[IP] 10.147.18.62 [Port] 0 [Flags] 2 [Guid] 2056456377 [EditorId] 2056456377 [Version] 1048832 [Id] WindowsEditor(7,DESKTOP-G03H8AT) [Debug] 1 [PackageName] WindowsEditor [ProjectName] Editor" 

Player connection [3736] Host joined multi-casting on [225.0.0.222:54997]...
Player connection [3736] Host joined alternative multi-casting on [225.0.0.222:34997]...
JobSystem: Creating JobQueue using job-worker-count value 7
Input System module state changed to: Initialized.
[Physics::Module] Initialized fallback backend.
[Physics::Module] Id: 0xdecafbad
Library Redirect Path: Library/
[Physics::Module] Selected backend.
[Physics::Module] Name: PhysX
[Physics::Module] Id: 0xf2b8ea05
[Physics::Module] SDK Version: 4.1.2
[Physics::Module] Integration Version: 1.0.0
[Physics::Module] Threading Mode: Multi-Threaded
Refreshing native plugins compatible for Editor in 1.85 ms, found 3 plugins.
Preloading 0 native plugins for Editor in 0.00 ms.
Initialize engine version: 6000.0.60f1 (61dfb374e36f)
[Subsystems] Discovering subsystems at path C:/Program Files/Unity/Hub/Editor/6000.0.60f1/Editor/Data/Resources/UnitySubsystems
[Subsystems] Discovering subsystems at path C:/Users/frank/Documents/Github/StarDance Platformer/Stardance Project/Assets
GfxDevice: creating device client; kGfxThreadingModeNonThreaded
Direct3D:
    Version:  Direct3D 11.0 [level 11.1]
    Renderer: NVIDIA GeForce RTX 3060 (ID=0x2504)
    Vendor:   NVIDIA
    VRAM:     12115 MB
    Driver:   32.0.15.9579
Initialize mono
Mono path[0] = 'C:/Program Files/Unity/Hub/Editor/6000.0.60f1/Editor/Data/Managed'
Mono path[1] = 'C:/Program Files/Unity/Hub/Editor/6000.0.60f1/Editor/Data/MonoBleedingEdge/lib/mono/unityjit-win32'
Mono config path = 'C:/Program Files/Unity/Hub/Editor/6000.0.60f1/Editor/Data/MonoBleedingEdge/etc'
Using monoOptions --debugger-agent=transport=dt_socket,embedding=1,server=y,suspend=n,address=127.0.0.1:56280
Begin MonoManager ReloadAssembly
Registering precompiled unity dll's ...
Register platform support module: C:/Program Files/Unity/Hub/Editor/6000.0.60f1/Editor/Data/PlaybackEngines/WebGLSupport/UnityEditor.WebGL.Extensions.dll
Register platform support module: C:/Program Files/Unity/Hub/Editor/6000.0.60f1/Editor/Data/PlaybackEngines/MacStandaloneSupport/UnityEditor.OSXStandalone.Extensions.dll
Register platform support module: C:/Program Files/Unity/Hub/Editor/6000.0.60f1/Editor/Data/PlaybackEngines/WindowsStandaloneSupport/UnityEditor.WindowsStandalone.Extensions.dll
Registered in 0.006322 seconds.
- Loaded All Assemblies, in  0.366 seconds
Native extension for WindowsStandalone target not found
Native extension for OSXStandalone target not found
Native extension for WebGL target not found
Mono: successfully reloaded assembly
- Finished resetting the current domain, in  0.281 seconds
Domain Reload Profiling: 643ms
	BeginReloadAssembly (127ms)
		ExecutionOrderSort (0ms)
		DisableScriptedObjects (0ms)
		BackupInstance (0ms)
		ReleaseScriptingObjects (0ms)
		CreateAndSetChildDomain (1ms)
	RebuildCommonClasses (33ms)
	RebuildNativeTypeToScriptingClass (10ms)
	initialDomainReloadingComplete (51ms)
	LoadAllAssembliesAndSetupDomain (142ms)
		LoadAssemblies (123ms)
		RebuildTransferFunctionScriptingTraits (0ms)
		AnalyzeDomain (139ms)
			TypeCache.Refresh (137ms)
				TypeCache.ScanAssembly (125ms)
			BuildScriptInfoCaches (0ms)
			ResolveRequiredComponents (0ms)
	FinalizeReload (281ms)
		ReleaseScriptCaches (0ms)
		RebuildScriptCaches (0ms)
		SetupLoadedEditorAssemblies (243ms)
			LogAssemblyErrors (0ms)
			InitializePlatformSupportModulesInManaged (41ms)
			SetLoadedEditorAssemblies (3ms)
			BeforeProcessingInitializeOnLoad (46ms)
			ProcessInitializeOnLoadAttributes (104ms)
			ProcessInitializeOnLoadMethodAttributes (49ms)
			AfterProcessingInitializeOnLoad (0ms)
			EditorAssembliesLoaded (0ms)
		ExecutionOrderSort2 (0ms)
		AwakeInstancesAfterBackupRestoration (0ms)
========================================================================
Worker process is ready to serve import requests
Import Worker Mode flag is 0x00
Begin MonoManager ReloadAssembly
- Loaded All Assemblies, in  0.735 seconds
Refreshing native plugins compatible for Editor in 1.62 ms, found 3 plugins.
Native extension for WindowsStandalone target not found
Native extension for OSXStandalone target not found
Native extension for WebGL target not found
Package Manager log level set to [2]
[Package Manager] Failed to launch server process. Reason: Unity was launched with the -noUpm command-line argument
[Package Manager] Unable to send message (not connected to server process).
[Package Manager] Cannot connect to Unity Package Manager local server
[MODES] ModeService[none].Initialize
[MODES] ModeService[none].LoadModes
[MODES] Loading mode Default (0) for mode-current-id-Stardance Project
Mono: successfully reloaded assembly
- Finished resetting the current domain, in  0.776 seconds
Domain Reload Profiling: 1505ms
	BeginReloadAssembly (165ms)
		ExecutionOrderSort (0ms)
		DisableScriptedObjects (5ms)
		BackupInstance (0ms)
		ReleaseScriptingObjects (0ms)
		CreateAndSetChildDomain (31ms)
	RebuildCommonClasses (29ms)
	RebuildNativeTypeToScriptingClass (10ms)
	initialDomainReloadingComplete (38ms)
	LoadAllAssembliesAndSetupDomain (486ms)
		LoadAssemblies (358ms)
		RebuildTransferFunctionScriptingTraits (0ms)
		AnalyzeDomain (219ms)
			TypeCache.Refresh (156ms)
				TypeCache.ScanAssembly (142ms)
			BuildScriptInfoCaches (49ms)
			ResolveRequiredComponents (10ms)
	FinalizeReload (776ms)
		ReleaseScriptCaches (0ms)
		RebuildScriptCaches (0ms)
		SetupLoadedEditorAssemblies (589ms)
			LogAssemblyErrors (0ms)
			InitializePlatformSupportModulesInManaged (5ms)
			SetLoadedEditorAssemblies (5ms)
			BeforeProcessingInitializeOnLoad (136ms)
			ProcessInitializeOnLoadAttributes (359ms)
			ProcessInitializeOnLoadMethodAttributes (77ms)
			AfterProcessingInitializeOnLoad (8ms)
			EditorAssembliesLoaded (0ms)
		ExecutionOrderSort2 (0ms)
		AwakeInstancesAfterBackupRestoration (7ms)
Launched and connected shader compiler UnityShaderCompiler.exe after 0.01 seconds
Refreshing native plugins compatible for Editor in 1.11 ms, found 3 plugins.
Preloading 0 native plugins for Editor in 0.00 ms.
Unloading 14 Unused Serialized files (Serialized files now loaded: 0)
Unloading 6516 unused Assets / (4.4 MB). Loaded Objects now: 7255.
Memory consumption went from 208.0 MB to 203.7 MB.
Total: 8.362600 ms (FindLiveObjects: 0.768100 ms CreateObjectMapping: 0.353900 ms MarkObjects: 4.946200 ms  DeleteObjects: 2.293700 ms)

========================================================================
Received Import Request.
  Time since last request: 5207.707232 seconds.
  path: Assets/Resources/Levels/1/1.prefab
  artifactKey: Guid(29b59527bc0894d468c24301aa46de27) Importer(815301076,1909f56bfc062723c751e8b465ee728b)
Start importing Assets/Resources/Levels/1/1.prefab using Guid(29b59527bc0894d468c24301aa46de27) Importer(815301076,1909f56bfc062723c751e8b465ee728b) (PreviewImporter) -> (artifact id: '257e9364f1cab3de56727b94a057e3b0') in 0.5058711 seconds
Number of updated asset objects reloaded before import = 0Number of asset objects unloaded after import = 1442

========================================================================
Received Import Request.
  Time since last request: 4.851539 seconds.
  path: Assets/Resources/Levels/1/1.prefab
  artifactKey: Guid(29b59527bc0894d468c24301aa46de27) Importer(815301076,1909f56bfc062723c751e8b465ee728b)
Start importing Assets/Resources/Levels/1/1.prefab using Guid(29b59527bc0894d468c24301aa46de27) Importer(815301076,1909f56bfc062723c751e8b465ee728b) (PreviewImporter) -> (artifact id: '40904d471f4b3d1fc75542c25bb6bdbc') in 0.0578493 seconds
Number of updated asset objects reloaded before import = 0Number of asset objects unloaded after import = 1442

========================================================================
Received Import Request.
  Time since last request: 9.233884 seconds.
  path: Assets/Resources/Levels/1/1.prefab
  artifactKey: Guid(29b59527bc0894d468c24301aa46de27) Importer(815301076,1909f56bfc062723c751e8b465ee728b)
Start importing Assets/Resources/Levels/1/1.prefab using Guid(29b59527bc0894d468c24301aa46de27) Importer(815301076,1909f56bfc062723c751e8b465ee728b) (PreviewImporter) -> (artifact id: '933ec8d4c8718ae64e2b9874cf712088') in 0.0616211 seconds
Number of updated asset objects reloaded before import = 0Number of asset objects unloaded after import = 1443

========================================================================
Received Import Request.
  Time since last request: 1.081250 seconds.
  path: Assets/Box Volume Profile.asset
  artifactKey: Guid(24076498f82748848b05305c35af3053) Importer(815301076,1909f56bfc062723c751e8b465ee728b)
Start importing Assets/Box Volume Profile.asset using Guid(24076498f82748848b05305c35af3053) Importer(815301076,1909f56bfc062723c751e8b465ee728b) (PreviewImporter) -> (artifact id: 'a9e49c8a878ca886261597358cee9236') in 0.0013534 seconds
Number of updated asset objects reloaded before import = 0Number of asset objects unloaded after import = 1

========================================================================
Received Import Request.
  Time since last request: 4.927738 seconds.
  path: Assets/Resources/Levels/1/1.prefab
  artifactKey: Guid(29b59527bc0894d468c24301aa46de27) Importer(815301076,1909f56bfc062723c751e8b465ee728b)
Start importing Assets/Resources/Levels/1/1.prefab using Guid(29b59527bc0894d468c24301aa46de27) Importer(815301076,1909f56bfc062723c751e8b465ee728b) (PreviewImporter) -> (artifact id: '6f89a039ea2ff2e8ea25da3bf3008b2f') in 0.0666669 seconds
Number of updated asset objects reloaded before import = 0Number of asset objects unloaded after import = 1444

========================================================================
Received Import Request.
  Time since last request: 15.494667 seconds.
  path: Assets/Resources/Levels/1/1.prefab
  artifactKey: Guid(29b59527bc0894d468c24301aa46de27) Importer(815301076,1909f56bfc062723c751e8b465ee728b)
Start importing Assets/Resources/Levels/1/1.prefab using Guid(29b59527bc0894d468c24301aa46de27) Importer(815301076,1909f56bfc062723c751e8b465ee728b) (PreviewImporter) -> (artifact id: '34c98bd8d1a59a622403337c2f3aa29d') in 0.0544493 seconds
Number of updated asset objects reloaded before import = 0Number of asset objects unloaded after import = 1444

========================================================================
Received Import Request.
  Time since last request: 1.913546 seconds.
  path: Assets/Resources/Levels/1/1.prefab
  artifactKey: Guid(29b59527bc0894d468c24301aa46de27) Importer(815301076,1909f56bfc062723c751e8b465ee728b)
Start importing Assets/Resources/Levels/1/1.prefab using Guid(29b59527bc0894d468c24301aa46de27) Importer(815301076,1909f56bfc062723c751e8b465ee728b) (PreviewImporter) -> (artifact id: 'f3f823103b19fd9669337372eef38e82') in 0.0693184 seconds
Number of updated asset objects reloaded before import = 0Number of asset objects unloaded after import = 1444

========================================================================
Received Import Request.
  Time since last request: 3.311582 seconds.
  path: Assets/Resources/Levels/1/1.prefab
  artifactKey: Guid(29b59527bc0894d468c24301aa46de27) Importer(815301076,1909f56bfc062723c751e8b465ee728b)
Start importing Assets/Resources/Levels/1/1.prefab using Guid(29b59527bc0894d468c24301aa46de27) Importer(815301076,1909f56bfc062723c751e8b465ee728b) (PreviewImporter) -> (artifact id: '2de6b82f8c2fb5657d896bef02f086d6') in 0.0561047 seconds
Number of updated asset objects reloaded before import = 0Number of asset objects unloaded after import = 1444

========================================================================
Received Import Request.
  Time since last request: 1.904446 seconds.
  path: Assets/Resources/Levels/1/1.prefab
  artifactKey: Guid(29b59527bc0894d468c24301aa46de27) Importer(815301076,1909f56bfc062723c751e8b465ee728b)
Start importing Assets/Resources/Levels/1/1.prefab using Guid(29b59527bc0894d468c24301aa46de27) Importer(815301076,1909f56bfc062723c751e8b465ee728b) (PreviewImporter) -> (artifact id: '883eb5303642ccff8739879d9a770291') in 0.0613017 seconds
Number of updated asset objects reloaded before import = 0Number of asset objects unloaded after import = 1444

========================================================================
Received Import Request.
  Time since last request: 1.710057 seconds.
  path: Assets/Resources/Levels/1/1.prefab
  artifactKey: Guid(29b59527bc0894d468c24301aa46de27) Importer(815301076,1909f56bfc062723c751e8b465ee728b)
Start importing Assets/Resources/Levels/1/1.prefab using Guid(29b59527bc0894d468c24301aa46de27) Importer(815301076,1909f56bfc062723c751e8b465ee728b) (PreviewImporter) -> (artifact id: '39bc6868ff76020dd77e5e00f5060e07') in 0.0675955 seconds
Number of updated asset objects reloaded before import = 0Number of asset objects unloaded after import = 1444

========================================================================
Received Import Request.
  Time since last request: 2.502888 seconds.
  path: Assets/Resources/Levels/1/1.prefab
  artifactKey: Guid(29b59527bc0894d468c24301aa46de27) Importer(815301076,1909f56bfc062723c751e8b465ee728b)
Start importing Assets/Resources/Levels/1/1.prefab using Guid(29b59527bc0894d468c24301aa46de27) Importer(815301076,1909f56bfc062723c751e8b465ee728b) (PreviewImporter) -> (artifact id: '6ef335838b7f0ad37d42b18d83ce4963') in 0.0578691 seconds
Number of updated asset objects reloaded before import = 0Number of asset objects unloaded after import = 1444

========================================================================
Received Import Request.
  Time since last request: 2.109830 seconds.
  path: Assets/Resources/Levels/1/1.prefab
  artifactKey: Guid(29b59527bc0894d468c24301aa46de27) Importer(815301076,1909f56bfc062723c751e8b465ee728b)
Start importing Assets/Resources/Levels/1/1.prefab using Guid(29b59527bc0894d468c24301aa46de27) Importer(815301076,1909f56bfc062723c751e8b465ee728b) (PreviewImporter) -> (artifact id: '0788c8ebd3512ded342c552cb0f1db9b') in 0.0539956 seconds
Number of updated asset objects reloaded before import = 0Number of asset objects unloaded after import = 1444

========================================================================
Received Import Request.
  Time since last request: 4.734631 seconds.
  path: Assets/Resources/Levels/1/1.prefab
  artifactKey: Guid(29b59527bc0894d468c24301aa46de27) Importer(815301076,1909f56bfc062723c751e8b465ee728b)
Start importing Assets/Resources/Levels/1/1.prefab using Guid(29b59527bc0894d468c24301aa46de27) Importer(815301076,1909f56bfc062723c751e8b465ee728b) (PreviewImporter) -> (artifact id: 'd5fe2adb5a19f188bc25b32a31b900d9') in 0.0625363 seconds
Number of updated asset objects reloaded before import = 0Number of asset objects unloaded after import = 1444

========================================================================
Received Import Request.
  Time since last request: 17.668813 seconds.
  path: Assets/Resources/Levels/1/1.prefab
  artifactKey: Guid(29b59527bc0894d468c24301aa46de27) Importer(815301076,1909f56bfc062723c751e8b465ee728b)
Start importing Assets/Resources/Levels/1/1.prefab using Guid(29b59527bc0894d468c24301aa46de27) Importer(815301076,1909f56bfc062723c751e8b465ee728b) (PreviewImporter) -> (artifact id: '33982a23b77614f69627e2c4fd804bb2') in 0.0640155 seconds
Number of updated asset objects reloaded before import = 0Number of asset objects unloaded after import = 1444

========================================================================
Received Prepare
Begin MonoManager ReloadAssembly
- Loaded All Assemblies, in  0.822 seconds
Refreshing native plugins compatible for Editor in 1.13 ms, found 3 plugins.
Native extension for WindowsStandalone target not found
Native extension for OSXStandalone target not found
Native extension for WebGL target not found
[Package Manager] Failed to launch server process. Reason: Unity was launched with the -noUpm command-line argument
[Package Manager] Unable to send message (not connected to server process).
[Package Manager] Cannot connect to Unity Package Manager local server
[MODES] ModeService[none].Initialize
[MODES] ModeService[none].LoadModes
Mono: successfully reloaded assembly
- Finished resetting the current domain, in  0.794 seconds
Domain Reload Profiling: 1613ms
	BeginReloadAssembly (262ms)
		ExecutionOrderSort (0ms)
		DisableScriptedObjects (20ms)
		BackupInstance (0ms)
		ReleaseScriptingObjects (0ms)
		CreateAndSetChildDomain (80ms)
	RebuildCommonClasses (32ms)
	RebuildNativeTypeToScriptingClass (10ms)
	initialDomainReloadingComplete (32ms)
	LoadAllAssembliesAndSetupDomain (482ms)
		LoadAssemblies (408ms)
		RebuildTransferFunctionScriptingTraits (0ms)
		AnalyzeDomain (175ms)
			TypeCache.Refresh (14ms)
				TypeCache.ScanAssembly (0ms)
			BuildScriptInfoCaches (146ms)
			ResolveRequiredComponents (10ms)
	FinalizeReload (795ms)
		ReleaseScriptCaches (0ms)
		RebuildScriptCaches (0ms)
		SetupLoadedEditorAssemblies (627ms)
			LogAssemblyErrors (0ms)
			InitializePlatformSupportModulesInManaged (4ms)
			SetLoadedEditorAssemblies (5ms)
			BeforeProcessingInitializeOnLoad (129ms)
			ProcessInitializeOnLoadAttributes (383ms)
			ProcessInitializeOnLoadMethodAttributes (94ms)
			AfterProcessingInitializeOnLoad (11ms)
			EditorAssembliesLoaded (0ms)
		ExecutionOrderSort2 (0ms)
		AwakeInstancesAfterBackupRestoration (17ms)
Refreshing native plugins compatible for Editor in 1.41 ms, found 3 plugins.
Preloading 0 native plugins for Editor in 0.00 ms.
Unloading 14 Unused Serialized files (Serialized files now loaded: 0)
Unloading 6514 unused Assets / (4.8 MB). Loaded Objects now: 7307.
Memory consumption went from 231.0 MB to 226.2 MB.
Total: 9.551500 ms (FindLiveObjects: 0.941400 ms CreateObjectMapping: 0.436600 ms MarkObjects: 4.699000 ms  DeleteObjects: 3.473900 ms)

Prepare: number of updated asset objects reloaded= 0
========================================================================
Received Import Request.
  Time since last request: 31.068913 seconds.
  path: Assets/Resources/Levels/1/1.prefab
  artifactKey: Guid(29b59527bc0894d468c24301aa46de27) Importer(815301076,1909f56bfc062723c751e8b465ee728b)
Start importing Assets/Resources/Levels/1/1.prefab using Guid(29b59527bc0894d468c24301aa46de27) Importer(815301076,1909f56bfc062723c751e8b465ee728b) (PreviewImporter) -> (artifact id: 'f91b70daaa255411034dcb84db9c129d') in 0.4762015 seconds
Number of updated asset objects reloaded before import = 0Number of asset objects unloaded after import = 1444

========================================================================
Received Import Request.
  Time since last request: 10.553310 seconds.
  path: Assets/Resources/Levels/1/1.prefab
  artifactKey: Guid(29b59527bc0894d468c24301aa46de27) Importer(815301076,1909f56bfc062723c751e8b465ee728b)
Start importing Assets/Resources/Levels/1/1.prefab using Guid(29b59527bc0894d468c24301aa46de27) Importer(815301076,1909f56bfc062723c751e8b465ee728b) (PreviewImporter) -> (artifact id: '628fa6b2b65e7a60f00a8af46c60e9c0') in 0.0583215 seconds
Number of updated asset objects reloaded before import = 0Number of asset objects unloaded after import = 1443

========================================================================
Received Import Request.
  Time since last request: 11.929848 seconds.
  path: Assets/Resources/Levels/1/1.prefab
  artifactKey: Guid(29b59527bc0894d468c24301aa46de27) Importer(815301076,1909f56bfc062723c751e8b465ee728b)
Start importing Assets/Resources/Levels/1/1.prefab using Guid(29b59527bc0894d468c24301aa46de27) Importer(815301076,1909f56bfc062723c751e8b465ee728b) (PreviewImporter) -> (artifact id: '391646d40f5f823514c57765eb86ae80') in 0.061992 seconds
Number of updated asset objects reloaded before import = 0Number of asset objects unloaded after import = 1444

========================================================================
Received Import Request.
  Time since last request: 6.357217 seconds.
  path: Assets/Resources/Levels/1/1.prefab
  artifactKey: Guid(29b59527bc0894d468c24301aa46de27) Importer(815301076,1909f56bfc062723c751e8b465ee728b)
Start importing Assets/Resources/Levels/1/1.prefab using Guid(29b59527bc0894d468c24301aa46de27) Importer(815301076,1909f56bfc062723c751e8b465ee728b) (PreviewImporter) -> (artifact id: '455a8c543c5d3605c9c4605af41e15ca') in 0.0585533 seconds
Number of updated asset objects reloaded before import = 0Number of asset objects unloaded after import = 1444

========================================================================
Received Import Request.
  Time since last request: 2.113690 seconds.
  path: Assets/Resources/Levels/1/1.prefab
  artifactKey: Guid(29b59527bc0894d468c24301aa46de27) Importer(815301076,1909f56bfc062723c751e8b465ee728b)
Start importing Assets/Resources/Levels/1/1.prefab using Guid(29b59527bc0894d468c24301aa46de27) Importer(815301076,1909f56bfc062723c751e8b465ee728b) (PreviewImporter) -> (artifact id: '4777f9474b57c23b31c27f2960ea38ca') in 0.0655702 seconds
Number of updated asset objects reloaded before import = 0Number of asset objects unloaded after import = 1444

========================================================================
Received Import Request.
  Time since last request: 2.935161 seconds.
  path: Assets/Resources/Levels/1/1.prefab
  artifactKey: Guid(29b59527bc0894d468c24301aa46de27) Importer(815301076,1909f56bfc062723c751e8b465ee728b)
Start importing Assets/Resources/Levels/1/1.prefab using Guid(29b59527bc0894d468c24301aa46de27) Importer(815301076,1909f56bfc062723c751e8b465ee728b) (PreviewImporter) -> (artifact id: '2bb6507f31c4ed83f00848d552742d46') in 0.0588607 seconds
Number of updated asset objects reloaded before import = 0Number of asset objects unloaded after import = 1444

========================================================================
Received Import Request.
  Time since last request: 4.946413 seconds.
  path: Assets/Resources/Levels/1/1.prefab
  artifactKey: Guid(29b59527bc0894d468c24301aa46de27) Importer(815301076,1909f56bfc062723c751e8b465ee728b)
Start importing Assets/Resources/Levels/1/1.prefab using Guid(29b59527bc0894d468c24301aa46de27) Importer(815301076,1909f56bfc062723c751e8b465ee728b) (PreviewImporter) -> (artifact id: '960608b00f285e50d57899c0bd61272d') in 0.0565197 seconds
Number of updated asset objects reloaded before import = 0Number of asset objects unloaded after import = 1444

========================================================================
Received Import Request.
  Time since last request: 3.528342 seconds.
  path: Assets/Resources/Levels/1/1.prefab
  artifactKey: Guid(29b59527bc0894d468c24301aa46de27) Importer(815301076,1909f56bfc062723c751e8b465ee728b)
Start importing Assets/Resources/Levels/1/1.prefab using Guid(29b59527bc0894d468c24301aa46de27) Importer(815301076,1909f56bfc062723c751e8b465ee728b) (PreviewImporter) -> (artifact id: '5d8c793b96aee9f2af9ceb83176dbdcb') in 0.0654938 seconds
Number of updated asset objects reloaded before import = 0Number of asset objects unloaded after import = 1444

========================================================================
Received Import Request.
  Time since last request: 6.534371 seconds.
  path: Assets/Resources/Levels/1/1.prefab
  artifactKey: Guid(29b59527bc0894d468c24301aa46de27) Importer(815301076,1909f56bfc062723c751e8b465ee728b)
Start importing Assets/Resources/Levels/1/1.prefab using Guid(29b59527bc0894d468c24301aa46de27) Importer(815301076,1909f56bfc062723c751e8b465ee728b) (PreviewImporter) -> (artifact id: '940b068c75a922230a7744c04ddb0302') in 0.0659409 seconds
Number of updated asset objects reloaded before import = 0Number of asset objects unloaded after import = 1444

========================================================================
Received Prepare
Begin MonoManager ReloadAssembly
- Loaded All Assemblies, in  0.813 seconds
Refreshing native plugins compatible for Editor in 1.21 ms, found 3 plugins.
Native extension for WindowsStandalone target not found
Native extension for OSXStandalone target not found
Native extension for WebGL target not found
[Package Manager] Failed to launch server process. Reason: Unity was launched with the -noUpm command-line argument
[Package Manager] Unable to send message (not connected to server process).
[Package Manager] Cannot connect to Unity Package Manager local server
[MODES] ModeService[none].Initialize
[MODES] ModeService[none].LoadModes
Mono: successfully reloaded assembly
- Finished resetting the current domain, in  0.775 seconds
Domain Reload Profiling: 1583ms
	BeginReloadAssembly (243ms)
		ExecutionOrderSort (0ms)
		DisableScriptedObjects (20ms)
		BackupInstance (0ms)
		ReleaseScriptingObjects (0ms)
		CreateAndSetChildDomain (74ms)
	RebuildCommonClasses (33ms)
	RebuildNativeTypeToScriptingClass (13ms)
	initialDomainReloadingComplete (37ms)
	LoadAllAssembliesAndSetupDomain (482ms)
		LoadAssemblies (396ms)
		RebuildTransferFunctionScriptingTraits (0ms)
		AnalyzeDomain (176ms)
			TypeCache.Refresh (8ms)
				TypeCache.ScanAssembly (0ms)
			BuildScriptInfoCaches (153ms)
			ResolveRequiredComponents (10ms)
	FinalizeReload (775ms)
		ReleaseScriptCaches (0ms)
		RebuildScriptCaches (0ms)
		SetupLoadedEditorAssemblies (628ms)
			LogAssemblyErrors (0ms)
			InitializePlatformSupportModulesInManaged (4ms)
			SetLoadedEditorAssemblies (5ms)
			BeforeProcessingInitializeOnLoad (140ms)
			ProcessInitializeOnLoadAttributes (375ms)
			ProcessInitializeOnLoadMethodAttributes (93ms)
			AfterProcessingInitializeOnLoad (11ms)
			EditorAssembliesLoaded (1ms)
		ExecutionOrderSort2 (0ms)
		AwakeInstancesAfterBackupRestoration (20ms)
Refreshing native plugins compatible for Editor in 1.48 ms, found 3 plugins.
Preloading 0 native plugins for Editor in 0.00 ms.
Unloading 14 Unused Serialized files (Serialized files now loaded: 0)
Unloading 6514 unused Assets / (4.5 MB). Loaded Objects now: 7333.
Memory consumption went from 231.0 MB to 226.6 MB.
Total: 10.807800 ms (FindLiveObjects: 0.895100 ms CreateObjectMapping: 0.929300 ms MarkObjects: 5.533600 ms  DeleteObjects: 3.448900 ms)

Prepare: number of updated asset objects reloaded= 0
========================================================================
Received Import Request.
  Time since last request: 19.754341 seconds.
  path: Assets/Resources/Levels/1/1.prefab
  artifactKey: Guid(29b59527bc0894d468c24301aa46de27) Importer(815301076,1909f56bfc062723c751e8b465ee728b)
Start importing Assets/Resources/Levels/1/1.prefab using Guid(29b59527bc0894d468c24301aa46de27) Importer(815301076,1909f56bfc062723c751e8b465ee728b) (PreviewImporter) -> (artifact id: '635b1a699839ca579478b02d81d9df6b') in 0.5005997 seconds
Number of updated asset objects reloaded before import = 0Number of asset objects unloaded after import = 1434

========================================================================
Received Import Request.
  Time since last request: 1.668657 seconds.
  path: Assets/Resources/Levels/1/1.prefab
  artifactKey: Guid(29b59527bc0894d468c24301aa46de27) Importer(815301076,1909f56bfc062723c751e8b465ee728b)
Start importing Assets/Resources/Levels/1/1.prefab using Guid(29b59527bc0894d468c24301aa46de27) Importer(815301076,1909f56bfc062723c751e8b465ee728b) (PreviewImporter) -> (artifact id: 'd4e5055870781221b9786a417ca2365d') in 0.0545823 seconds
Number of updated asset objects reloaded before import = 0Number of asset objects unloaded after import = 1437

========================================================================
Received Import Request.
  Time since last request: 54.861845 seconds.
  path: Assets/Resources/Levels/1/2.prefab
  artifactKey: Guid(ed5b7495b667a6945872a3af5238cc4e) Importer(815301076,1909f56bfc062723c751e8b465ee728b)
Start importing Assets/Resources/Levels/1/2.prefab using Guid(ed5b7495b667a6945872a3af5238cc4e) Importer(815301076,1909f56bfc062723c751e8b465ee728b) (PreviewImporter) -> (artifact id: '07a1f08fbbc0e5cae13ab4fbafe562c5') in 0.022227 seconds
Number of updated asset objects reloaded before import = 0Number of asset objects unloaded after import = 282

========================================================================
Received Import Request.
  Time since last request: 2.827675 seconds.
  path: Assets/Resources/Levels/1/2.prefab
  artifactKey: Guid(ed5b7495b667a6945872a3af5238cc4e) Importer(815301076,1909f56bfc062723c751e8b465ee728b)
Start importing Assets/Resources/Levels/1/2.prefab using Guid(ed5b7495b667a6945872a3af5238cc4e) Importer(815301076,1909f56bfc062723c751e8b465ee728b) (PreviewImporter) -> (artifact id: 'c7b75bcf0ac36b4506c9706052097f4a') in 0.0310076 seconds
Number of updated asset objects reloaded before import = 0Number of asset objects unloaded after import = 448

========================================================================
Received Import Request.
  Time since last request: 2.196350 seconds.
  path: Assets/Resources/Levels/1/2.prefab
  artifactKey: Guid(ed5b7495b667a6945872a3af5238cc4e) Importer(815301076,1909f56bfc062723c751e8b465ee728b)
Start importing Assets/Resources/Levels/1/2.prefab using Guid(ed5b7495b667a6945872a3af5238cc4e) Importer(815301076,1909f56bfc062723c751e8b465ee728b) (PreviewImporter) -> (artifact id: '6b6f21fa0c5cb4c64b20e7ab0edaf52c') in 0.0335029 seconds
Number of updated asset objects reloaded before import = 0Number of asset objects unloaded after import = 543

========================================================================
Received Import Request.
  Time since last request: 1.738467 seconds.
  path: Assets/Resources/Levels/1/2.prefab
  artifactKey: Guid(ed5b7495b667a6945872a3af5238cc4e) Importer(815301076,1909f56bfc062723c751e8b465ee728b)
Start importing Assets/Resources/Levels/1/2.prefab using Guid(ed5b7495b667a6945872a3af5238cc4e) Importer(815301076,1909f56bfc062723c751e8b465ee728b) (PreviewImporter) -> (artifact id: '19a087141f8aea7035d9810cb75ced17') in 0.0304303 seconds
Number of updated asset objects reloaded before import = 0Number of asset objects unloaded after import = 543

========================================================================
Received Import Request.
  Time since last request: 2.957374 seconds.
  path: Assets/Resources/Levels/1/2.prefab
  artifactKey: Guid(ed5b7495b667a6945872a3af5238cc4e) Importer(815301076,1909f56bfc062723c751e8b465ee728b)
Start importing Assets/Resources/Levels/1/2.prefab using Guid(ed5b7495b667a6945872a3af5238cc4e) Importer(815301076,1909f56bfc062723c751e8b465ee728b) (PreviewImporter) -> (artifact id: 'b5f73a118ba1314d33d282c02dd131a3') in 0.0265218 seconds
Number of updated asset objects reloaded before import = 0Number of asset objects unloaded after import = 543

========================================================================
Received Import Request.
  Time since last request: 1.955404 seconds.
  path: Assets/Resources/Levels/1/2.prefab
  artifactKey: Guid(ed5b7495b667a6945872a3af5238cc4e) Importer(815301076,1909f56bfc062723c751e8b465ee728b)
Start importing Assets/Resources/Levels/1/2.prefab using Guid(ed5b7495b667a6945872a3af5238cc4e) Importer(815301076,1909f56bfc062723c751e8b465ee728b) (PreviewImporter) -> (artifact id: 'b1bd264df15cfdb570f26693a5900cab') in 0.0328108 seconds
Number of updated asset objects reloaded before import = 0Number of asset objects unloaded after import = 543

========================================================================
Received Import Request.
  Time since last request: 6.546081 seconds.
  path: Assets/Resources/Levels/1/2.prefab
  artifactKey: Guid(ed5b7495b667a6945872a3af5238cc4e) Importer(815301076,1909f56bfc062723c751e8b465ee728b)
Start importing Assets/Resources/Levels/1/2.prefab using Guid(ed5b7495b667a6945872a3af5238cc4e) Importer(815301076,1909f56bfc062723c751e8b465ee728b) (PreviewImporter) -> (artifact id: 'f1ec671664f562eba44f90038adb9498') in 0.0293361 seconds
Number of updated asset objects reloaded before import = 0Number of asset objects unloaded after import = 543

========================================================================
Received Import Request.
  Time since last request: 8.613887 seconds.
  path: Assets/Resources/Levels/1/2.prefab
  artifactKey: Guid(ed5b7495b667a6945872a3af5238cc4e) Importer(815301076,1909f56bfc062723c751e8b465ee728b)
Start importing Assets/Resources/Levels/1/2.prefab using Guid(ed5b7495b667a6945872a3af5238cc4e) Importer(815301076,1909f56bfc062723c751e8b465ee728b) (PreviewImporter) -> (artifact id: '99a4ad3c9b9506ccf2d41b299e50d248') in 0.0323051 seconds
Number of updated asset objects reloaded before import = 0Number of asset objects unloaded after import = 638

========================================================================
Received Import Request.
  Time since last request: 2.178878 seconds.
  path: Assets/Resources/Levels/1/2.prefab
  artifactKey: Guid(ed5b7495b667a6945872a3af5238cc4e) Importer(815301076,1909f56bfc062723c751e8b465ee728b)
Start importing Assets/Resources/Levels/1/2.prefab using Guid(ed5b7495b667a6945872a3af5238cc4e) Importer(815301076,1909f56bfc062723c751e8b465ee728b) (PreviewImporter) -> (artifact id: 'e787051c53749e093a5afd010f656699') in 0.0326272 seconds
Number of updated asset objects reloaded before import = 0Number of asset objects unloaded after import = 717

========================================================================
Received Import Request.
  Time since last request: 3.482231 seconds.
  path: Assets/Resources/Levels/1/2.prefab
  artifactKey: Guid(ed5b7495b667a6945872a3af5238cc4e) Importer(815301076,1909f56bfc062723c751e8b465ee728b)
Start importing Assets/Resources/Levels/1/2.prefab using Guid(ed5b7495b667a6945872a3af5238cc4e) Importer(815301076,1909f56bfc062723c751e8b465ee728b) (PreviewImporter) -> (artifact id: '03fb8b5985768bf2a25c497653605a25') in 0.0326458 seconds
Number of updated asset objects reloaded before import = 0Number of asset objects unloaded after import = 724

========================================================================
Received Import Request.
  Time since last request: 4.489918 seconds.
  path: Assets/Resources/Levels/1/2.prefab
  artifactKey: Guid(ed5b7495b667a6945872a3af5238cc4e) Importer(815301076,1909f56bfc062723c751e8b465ee728b)
Start importing Assets/Resources/Levels/1/2.prefab using Guid(ed5b7495b667a6945872a3af5238cc4e) Importer(815301076,1909f56bfc062723c751e8b465ee728b) (PreviewImporter) -> (artifact id: '90dd64c3f9dc4d26598750dad28b78d2') in 0.0387706 seconds
Number of updated asset objects reloaded before import = 0Number of asset objects unloaded after import = 819

========================================================================
Received Import Request.
  Time since last request: 4.351589 seconds.
  path: Assets/Resources/Levels/1/2.prefab
  artifactKey: Guid(ed5b7495b667a6945872a3af5238cc4e) Importer(815301076,1909f56bfc062723c751e8b465ee728b)
Start importing Assets/Resources/Levels/1/2.prefab using Guid(ed5b7495b667a6945872a3af5238cc4e) Importer(815301076,1909f56bfc062723c751e8b465ee728b) (PreviewImporter) -> (artifact id: '65ab18b72c45ad33dcb997a74168a671') in 0.0359906 seconds
Number of updated asset objects reloaded before import = 0Number of asset objects unloaded after import = 819

========================================================================
Received Import Request.
  Time since last request: 2.136896 seconds.
  path: Assets/Resources/Levels/1/2.prefab
  artifactKey: Guid(ed5b7495b667a6945872a3af5238cc4e) Importer(815301076,1909f56bfc062723c751e8b465ee728b)
Start importing Assets/Resources/Levels/1/2.prefab using Guid(ed5b7495b667a6945872a3af5238cc4e) Importer(815301076,1909f56bfc062723c751e8b465ee728b) (PreviewImporter) -> (artifact id: '6a2ee513f78f18a7e7ee26f45acfab55') in 0.0399649 seconds
Number of updated asset objects reloaded before import = 0Number of asset objects unloaded after import = 819

========================================================================
Received Import Request.
  Time since last request: 3.133511 seconds.
  path: Assets/Resources/Levels/1/2.prefab
  artifactKey: Guid(ed5b7495b667a6945872a3af5238cc4e) Importer(815301076,1909f56bfc062723c751e8b465ee728b)
Start importing Assets/Resources/Levels/1/2.prefab using Guid(ed5b7495b667a6945872a3af5238cc4e) Importer(815301076,1909f56bfc062723c751e8b465ee728b) (PreviewImporter) -> (artifact id: 'f60ef93d0e50f25cedcbdd676f5117eb') in 0.0359603 seconds
Number of updated asset objects reloaded before import = 0Number of asset objects unloaded after import = 819

========================================================================
Received Import Request.
  Time since last request: 6.389981 seconds.
  path: Assets/Resources/Levels/1/2.prefab
  artifactKey: Guid(ed5b7495b667a6945872a3af5238cc4e) Importer(815301076,1909f56bfc062723c751e8b465ee728b)
Start importing Assets/Resources/Levels/1/2.prefab using Guid(ed5b7495b667a6945872a3af5238cc4e) Importer(815301076,1909f56bfc062723c751e8b465ee728b) (PreviewImporter) -> (artifact id: 'ddc96e9065077d9a7999881a5a30afa2') in 0.0360498 seconds
Number of updated asset objects reloaded before import = 0Number of asset objects unloaded after import = 819

========================================================================
Received Import Request.
  Time since last request: 8.968779 seconds.
  path: Assets/Box Volume Profile.asset
  artifactKey: Guid(24076498f82748848b05305c35af3053) Importer(815301076,1909f56bfc062723c751e8b465ee728b)
Start importing Assets/Box Volume Profile.asset using Guid(24076498f82748848b05305c35af3053) Importer(815301076,1909f56bfc062723c751e8b465ee728b) (PreviewImporter) -> (artifact id: '022ce829882a37af7a2da5a79e04ddf7') in 0.0014442 seconds
Number of updated asset objects reloaded before import = 0Number of asset objects unloaded after import = 2

========================================================================
Received Import Request.
  Time since last request: 243.203363 seconds.
  path: Assets/Materials/Rock 1.mat
  artifactKey: Guid(676eeef20a9345c40abd67452cd8fb42) Importer(815301076,1909f56bfc062723c751e8b465ee728b)
Start importing Assets/Materials/Rock 1.mat using Guid(676eeef20a9345c40abd67452cd8fb42) Importer(815301076,1909f56bfc062723c751e8b465ee728b) (PreviewImporter) -> (artifact id: '8601f83917abcdd5352a5fc1c1433001') in 0.025737 seconds
Number of updated asset objects reloaded before import = 0Number of asset objects unloaded after import = 4

========================================================================
Received Import Request.
  Time since last request: 9.539538 seconds.
  path: Assets/Materials/Rock 1.mat
  artifactKey: Guid(676eeef20a9345c40abd67452cd8fb42) Importer(815301076,1909f56bfc062723c751e8b465ee728b)
Start importing Assets/Materials/Rock 1.mat using Guid(676eeef20a9345c40abd67452cd8fb42) Importer(815301076,1909f56bfc062723c751e8b465ee728b) (PreviewImporter) -> (artifact id: 'aca0f851ad9ee6e9f130f4c6b6fa43cd') in 0.0075207 seconds
Number of updated asset objects reloaded before import = 0Number of asset objects unloaded after import = 4

========================================================================
Received Import Request.
  Time since last request: 5.219085 seconds.
  path: Assets/Materials/Rock.mat
  artifactKey: Guid(d724fa6f168c6dc4bb2a2a256c91049b) Importer(815301076,1909f56bfc062723c751e8b465ee728b)
Start importing Assets/Materials/Rock.mat using Guid(d724fa6f168c6dc4bb2a2a256c91049b) Importer(815301076,1909f56bfc062723c751e8b465ee728b) (PreviewImporter) -> (artifact id: '39b2efac57230e3cbe5f743ea5f29d01') in 0.0080004 seconds
Number of updated asset objects reloaded before import = 0Number of asset objects unloaded after import = 4

========================================================================
Received Import Request.
  Time since last request: 11.878560 seconds.
  path: Assets/Materials/Wall.mat
  artifactKey: Guid(6f71f8c139272b642ac5a7fb98cd0555) Importer(815301076,1909f56bfc062723c751e8b465ee728b)
Start importing Assets/Materials/Wall.mat using Guid(6f71f8c139272b642ac5a7fb98cd0555) Importer(815301076,1909f56bfc062723c751e8b465ee728b) (PreviewImporter) -> (artifact id: 'f5342bb296d4f17d1bfe3c23f023c730') in 0.0081632 seconds
Number of updated asset objects reloaded before import = 0Number of asset objects unloaded after import = 3

========================================================================
Received Import Request.
  Time since last request: 21.036764 seconds.
  path: Assets/Materials/Texture Pack/128x128/Dirt
  artifactKey: Guid(dab4a202f23b928478e104cd5a135a46) Importer(815301076,1909f56bfc062723c751e8b465ee728b)
Start importing Assets/Materials/Texture Pack/128x128/Dirt using Guid(dab4a202f23b928478e104cd5a135a46) Importer(815301076,1909f56bfc062723c751e8b465ee728b) (PreviewImporter) -> (artifact id: 'ddff5214fc3e900c0b7a68dc47bf2c6c') in 0.001002 seconds
Number of updated asset objects reloaded before import = 0Number of asset objects unloaded after import = 0

========================================================================
Received Import Request.
  Time since last request: 0.031180 seconds.
  path: Assets/Materials/Texture Pack/128x128/Dirt/Dirt_01-128x128.png
  artifactKey: Guid(fb0c6e94efadde542930861b3e96a593) Importer(815301076,1909f56bfc062723c751e8b465ee728b)
Start importing Assets/Materials/Texture Pack/128x128/Dirt/Dirt_01-128x128.png using Guid(fb0c6e94efadde542930861b3e96a593) Importer(815301076,1909f56bfc062723c751e8b465ee728b) (PreviewImporter) -> (artifact id: 'b680b6633cc054446f305609814f0191') in 0.0168424 seconds
Number of updated asset objects reloaded before import = 0Number of asset objects unloaded after import = 2

========================================================================
Received Import Request.
  Time since last request: 0.000032 seconds.
  path: Assets/Materials/Texture Pack/128x128/Dirt/Dirt_15-128x128.png
  artifactKey: Guid(beaa21befce38c74b81619fc5f8aafd8) Importer(815301076,1909f56bfc062723c751e8b465ee728b)
Start importing Assets/Materials/Texture Pack/128x128/Dirt/Dirt_15-128x128.png using Guid(beaa21befce38c74b81619fc5f8aafd8) Importer(815301076,1909f56bfc062723c751e8b465ee728b) (PreviewImporter) -> (artifact id: '140f866affd15e1fcde87a7bc827fa3a') in 0.0103553 seconds
Number of updated asset objects reloaded before import = 0Number of asset objects unloaded after import = 2

========================================================================
Received Import Request.
  Time since last request: 0.000030 seconds.
  path: Assets/Materials/Texture Pack/128x128/Dirt/Dirt_12-128x128.png
  artifactKey: Guid(b95dcf27c9130f34292e6616e5b81494) Importer(815301076,1909f56bfc062723c751e8b465ee728b)
Start importing Assets/Materials/Texture Pack/128x128/Dirt/Dirt_12-128x128.png using Guid(b95dcf27c9130f34292e6616e5b81494) Importer(815301076,1909f56bfc062723c751e8b465ee728b) (PreviewImporter) -> (artifact id: '24f125f73ebb5a6cffe063132da9aa23') in 0.0073758 seconds
Number of updated asset objects reloaded before import = 0Number of asset objects unloaded after import = 2

========================================================================
Received Import Request.
  Time since last request: 0.000031 seconds.
  path: Assets/Materials/Texture Pack/128x128/Dirt/Dirt_11-128x128.png
  artifactKey: Guid(b16be6fb44003364d87412c541c0610d) Importer(815301076,1909f56bfc062723c751e8b465ee728b)
Start importing Assets/Materials/Texture Pack/128x128/Dirt/Dirt_11-128x128.png using Guid(b16be6fb44003364d87412c541c0610d) Importer(815301076,1909f56bfc062723c751e8b465ee728b) (PreviewImporter) -> (artifact id: 'c1b84b18b1cec28490ade92a6e1a9d2a') in 0.0070408 seconds
Number of updated asset objects reloaded before import = 0Number of asset objects unloaded after import = 2

========================================================================
Received Import Request.
  Time since last request: 0.000037 seconds.
  path: Assets/Materials/Texture Pack/128x128/Dirt/Dirt_18-128x128.png
  artifactKey: Guid(07551bc161f82eb4b8332f1fe43eae60) Importer(815301076,1909f56bfc062723c751e8b465ee728b)
Start importing Assets/Materials/Texture Pack/128x128/Dirt/Dirt_18-128x128.png using Guid(07551bc161f82eb4b8332f1fe43eae60) Importer(815301076,1909f56bfc062723c751e8b465ee728b) (PreviewImporter) -> (artifact id: '61ff6d4172b935b4b17e0df0d65d6fa7') in 0.0089602 seconds
Number of updated asset objects reloaded before import = 0Number of asset objects unloaded after import = 2

========================================================================
Received Import Request.
  Time since last request: 0.000024 seconds.
  path: Assets/Materials/Texture Pack/128x128/Dirt/Dirt_17-128x128.png
  artifactKey: Guid(3a5a04114d3d3c34090ada7f5a676115) Importer(815301076,1909f56bfc062723c751e8b465ee728b)
Start importing Assets/Materials/Texture Pack/128x128/Dirt/Dirt_17-128x128.png using Guid(3a5a04114d3d3c34090ada7f5a676115) Importer(815301076,1909f56bfc062723c751e8b465ee728b) (PreviewImporter) -> (artifact id: '52eadbc17b6acaa1697b571e49ec9ec0') in 0.0074181 seconds
Number of updated asset objects reloaded before import = 0Number of asset objects unloaded after import = 2

========================================================================
Received Import Request.
  Time since last request: 0.000031 seconds.
  path: Assets/Materials/Texture Pack/128x128/Dirt/Dirt_10-128x128.png
  artifactKey: Guid(869ce0a239dcc9e43b93bd91cc44727a) Importer(815301076,1909f56bfc062723c751e8b465ee728b)
Start importing Assets/Materials/Texture Pack/128x128/Dirt/Dirt_10-128x128.png using Guid(869ce0a239dcc9e43b93bd91cc44727a) Importer(815301076,1909f56bfc062723c751e8b465ee728b) (PreviewImporter) -> (artifact id: '7eae66790cee9a2801e6ca1bccb15432') in 0.0069234 seconds
Number of updated asset objects reloaded before import = 0Number of asset objects unloaded after import = 2

========================================================================
Received Import Request.
  Time since last request: 0.000036 seconds.
  path: Assets/Materials/Texture Pack/128x128/Dirt/Dirt_20-128x128.png
  artifactKey: Guid(2210de38da8e43342b79d4ed2d9e6377) Importer(815301076,1909f56bfc062723c751e8b465ee728b)
Start importing Assets/Materials/Texture Pack/128x128/Dirt/Dirt_20-128x128.png using Guid(2210de38da8e43342b79d4ed2d9e6377) Importer(815301076,1909f56bfc062723c751e8b465ee728b) (PreviewImporter) -> (artifact id: '833917f98ccb86c34a05bbcd6e5ec7a3') in 0.010837 seconds
Number of updated asset objects reloaded before import = 0Number of asset objects unloaded after import = 2

========================================================================
Received Import Request.
  Time since last request: 0.000065 seconds.
  path: Assets/Materials/Texture Pack/128x128/Dirt/Dirt_09-128x128.png
  artifactKey: Guid(08f0ce0bc6ea18240a554b040b08b7ff) Importer(815301076,1909f56bfc062723c751e8b465ee728b)
Start importing Assets/Materials/Texture Pack/128x128/Dirt/Dirt_09-128x128.png using Guid(08f0ce0bc6ea18240a554b040b08b7ff) Importer(815301076,1909f56bfc062723c751e8b465ee728b) (PreviewImporter) -> (artifact id: 'fd8372e1a850366841a4c0266e77e2f0') in 0.0110006 seconds
Number of updated asset objects reloaded before import = 0Number of asset objects unloaded after import = 2

========================================================================
Received Import Request.
  Time since last request: 0.000058 seconds.
  path: Assets/Materials/Texture Pack/128x128/Dirt/Dirt_07-128x128.png
  artifactKey: Guid(b0fafc1f49c4ef744a9a932cec0d4411) Importer(815301076,1909f56bfc062723c751e8b465ee728b)
Start importing Assets/Materials/Texture Pack/128x128/Dirt/Dirt_07-128x128.png using Guid(b0fafc1f49c4ef744a9a932cec0d4411) Importer(815301076,1909f56bfc062723c751e8b465ee728b) (PreviewImporter) -> (artifact id: '4666c889ee5dd9de6f1d8b7eab156387') in 0.0085227 seconds
Number of updated asset objects reloaded before import = 0Number of asset objects unloaded after import = 2

========================================================================
Received Import Request.
  Time since last request: 0.000038 seconds.
  path: Assets/Materials/Texture Pack/128x128/Dirt/Dirt_14-128x128.png
  artifactKey: Guid(27f94fb9e41c3494dba8a9df9867b5d1) Importer(815301076,1909f56bfc062723c751e8b465ee728b)
Start importing Assets/Materials/Texture Pack/128x128/Dirt/Dirt_14-128x128.png using Guid(27f94fb9e41c3494dba8a9df9867b5d1) Importer(815301076,1909f56bfc062723c751e8b465ee728b) (PreviewImporter) -> (artifact id: '320702669b19505abe6e5d0db2a2e092') in 0.0080778 seconds
Number of updated asset objects reloaded before import = 0Number of asset objects unloaded after import = 2

========================================================================
Received Import Request.
  Time since last request: 24.995428 seconds.
  path: Assets/Scenes/Platforming.unity
  artifactKey: Guid(99c9720ab356a0642a771bea13969a05) Importer(2089858483,192608db42251d675da83286b1cce702)
Start importing Assets/Scenes/Platforming.unity using Guid(99c9720ab356a0642a771bea13969a05) Importer(2089858483,192608db42251d675da83286b1cce702) (ScriptedImporter) -> (artifact id: 'a4725d24883c8bf68cae8e20e39622c9') in 0.1274667 seconds
Number of updated asset objects reloaded before import = 0Number of asset objects unloaded after import = 1

========================================================================
Received Import Request.
  Time since last request: 0.000034 seconds.
  path: Assets/Resources/Levels/1/2.prefab
  artifactKey: Guid(ed5b7495b667a6945872a3af5238cc4e) Importer(2089858483,192608db42251d675da83286b1cce702)
Start importing Assets/Resources/Levels/1/2.prefab using Guid(ed5b7495b667a6945872a3af5238cc4e) Importer(2089858483,192608db42251d675da83286b1cce702) (ScriptedImporter) -> (artifact id: 'bcc3ee0cf5599f6fc0aa0166765daa88') in 0.0461503 seconds
Number of updated asset objects reloaded before import = 0Number of asset objects unloaded after import = 586

========================================================================
Received Import Request.
  Time since last request: 0.000051 seconds.
  path: Assets/Materials/Rock.mat
  artifactKey: Guid(d724fa6f168c6dc4bb2a2a256c91049b) Importer(2089858483,192608db42251d675da83286b1cce702)
Start importing Assets/Materials/Rock.mat using Guid(d724fa6f168c6dc4bb2a2a256c91049b) Importer(2089858483,192608db42251d675da83286b1cce702) (ScriptedImporter) -> (artifact id: 'c500aae6490d6a4a9b4a7fd12a5d87fc') in 0.0141483 seconds
Number of updated asset objects reloaded before import = 0Number of asset objects unloaded after import = 3

========================================================================
Received Import Request.
  Time since last request: 5.308250 seconds.
  path: Assets/Materials/moss.mat
  artifactKey: Guid(676eeef20a9345c40abd67452cd8fb42) Importer(2089858483,192608db42251d675da83286b1cce702)
Start importing Assets/Materials/moss.mat using Guid(676eeef20a9345c40abd67452cd8fb42) Importer(2089858483,192608db42251d675da83286b1cce702) (ScriptedImporter) -> (artifact id: '83a3a55d7c7c1a8239c3835bc595375d') in 0.0055933 seconds
Number of updated asset objects reloaded before import = 0Number of asset objects unloaded after import = 3

========================================================================
Received Import Request.
  Time since last request: 7.019273 seconds.
  path: Assets/Resources/Levels/1/2.prefab
  artifactKey: Guid(ed5b7495b667a6945872a3af5238cc4e) Importer(2089858483,192608db42251d675da83286b1cce702)
Start importing Assets/Resources/Levels/1/2.prefab using Guid(ed5b7495b667a6945872a3af5238cc4e) Importer(2089858483,192608db42251d675da83286b1cce702) (ScriptedImporter) -> (artifact id: '13e2af45cdf44a65d7b8379aef4d1929') in 0.0173549 seconds
Number of updated asset objects reloaded before import = 0Number of asset objects unloaded after import = 586

========================================================================
Received Import Request.
  Time since last request: 3.375979 seconds.
  path: Assets/Resources/Levels/1/2.prefab
  artifactKey: Guid(ed5b7495b667a6945872a3af5238cc4e) Importer(2089858483,192608db42251d675da83286b1cce702)
Start importing Assets/Resources/Levels/1/2.prefab using Guid(ed5b7495b667a6945872a3af5238cc4e) Importer(2089858483,192608db42251d675da83286b1cce702) (ScriptedImporter) -> (artifact id: 'c98b16e3900da7c5eb7a83609b71268d') in 0.0168509 seconds
Number of updated asset objects reloaded before import = 0Number of asset objects unloaded after import = 586

========================================================================
Received Import Request.
  Time since last request: 3.376237 seconds.
  path: Assets/Resources/Levels/1/2.prefab
  artifactKey: Guid(ed5b7495b667a6945872a3af5238cc4e) Importer(2089858483,192608db42251d675da83286b1cce702)
Start importing Assets/Resources/Levels/1/2.prefab using Guid(ed5b7495b667a6945872a3af5238cc4e) Importer(2089858483,192608db42251d675da83286b1cce702) (ScriptedImporter) -> (artifact id: '19ac36703d567eaa70d1c22457e30a85') in 0.0158009 seconds
Number of updated asset objects reloaded before import = 0Number of asset objects unloaded after import = 586

========================================================================
Received Import Request.
  Time since last request: 3.585596 seconds.
  path: Assets/Resources/Levels/1/2.prefab
  artifactKey: Guid(ed5b7495b667a6945872a3af5238cc4e) Importer(2089858483,192608db42251d675da83286b1cce702)
Start importing Assets/Resources/Levels/1/2.prefab using Guid(ed5b7495b667a6945872a3af5238cc4e) Importer(2089858483,192608db42251d675da83286b1cce702) (ScriptedImporter) -> (artifact id: 'f0021ca1d3f98b99b289249a39103a94') in 0.0306582 seconds
Number of updated asset objects reloaded before import = 0Number of asset objects unloaded after import = 586

========================================================================
Received Import Request.
  Time since last request: 5.098106 seconds.
  path: Assets/Resources/Levels/1/2.prefab
  artifactKey: Guid(ed5b7495b667a6945872a3af5238cc4e) Importer(2089858483,192608db42251d675da83286b1cce702)
Start importing Assets/Resources/Levels/1/2.prefab using Guid(ed5b7495b667a6945872a3af5238cc4e) Importer(2089858483,192608db42251d675da83286b1cce702) (ScriptedImporter) -> (artifact id: '1dc3749b118e39ecb0bf779313691068') in 0.0203345 seconds
Number of updated asset objects reloaded before import = 0Number of asset objects unloaded after import = 586

========================================================================
Received Import Request.
  Time since last request: 2.972965 seconds.
  path: Assets/Resources/Levels/1/2.prefab
  artifactKey: Guid(ed5b7495b667a6945872a3af5238cc4e) Importer(2089858483,192608db42251d675da83286b1cce702)
Start importing Assets/Resources/Levels/1/2.prefab using Guid(ed5b7495b667a6945872a3af5238cc4e) Importer(2089858483,192608db42251d675da83286b1cce702) (ScriptedImporter) -> (artifact id: '286a0c55c43e0d7055c5ca76c1ab0b0e') in 0.0194425 seconds
Number of updated asset objects reloaded before import = 0Number of asset objects unloaded after import = 586

========================================================================
Received Import Request.
  Time since last request: 1.548658 seconds.
  path: Assets/Resources/Levels/1/2.prefab
  artifactKey: Guid(ed5b7495b667a6945872a3af5238cc4e) Importer(2089858483,192608db42251d675da83286b1cce702)
Start importing Assets/Resources/Levels/1/2.prefab using Guid(ed5b7495b667a6945872a3af5238cc4e) Importer(2089858483,192608db42251d675da83286b1cce702) (ScriptedImporter) -> (artifact id: 'dbb9a74416eaf2821744313595b50eb0') in 0.0147407 seconds
Number of updated asset objects reloaded before import = 0Number of asset objects unloaded after import = 586

========================================================================
Received Import Request.
  Time since last request: 3.405259 seconds.
  path: Assets/Resources/Levels/1/2.prefab
  artifactKey: Guid(ed5b7495b667a6945872a3af5238cc4e) Importer(2089858483,192608db42251d675da83286b1cce702)
Start importing Assets/Resources/Levels/1/2.prefab using Guid(ed5b7495b667a6945872a3af5238cc4e) Importer(2089858483,192608db42251d675da83286b1cce702) (ScriptedImporter) -> (artifact id: '80f92a38523e7ae7435aa4e1c9c24d3d') in 0.0158696 seconds
Number of updated asset objects reloaded before import = 0Number of asset objects unloaded after import = 586

========================================================================
Received Import Request.
  Time since last request: 15.237576 seconds.
  path: Assets/Resources/Levels/1/2.prefab
  artifactKey: Guid(ed5b7495b667a6945872a3af5238cc4e) Importer(2089858483,192608db42251d675da83286b1cce702)
Start importing Assets/Resources/Levels/1/2.prefab using Guid(ed5b7495b667a6945872a3af5238cc4e) Importer(2089858483,192608db42251d675da83286b1cce702) (ScriptedImporter) -> (artifact id: '5f4fcd830f1db7ca956930007dcea0f3') in 0.0136649 seconds
Number of updated asset objects reloaded before import = 0Number of asset objects unloaded after import = 586

========================================================================
Received Import Request.
  Time since last request: 1.749426 seconds.
  path: Assets/Resources/Levels/1/2.prefab
  artifactKey: Guid(ed5b7495b667a6945872a3af5238cc4e) Importer(2089858483,192608db42251d675da83286b1cce702)
Start importing Assets/Resources/Levels/1/2.prefab using Guid(ed5b7495b667a6945872a3af5238cc4e) Importer(2089858483,192608db42251d675da83286b1cce702) (ScriptedImporter) -> (artifact id: '8a46d6516f4796f638829018fea8a290') in 0.0134831 seconds
Number of updated asset objects reloaded before import = 0Number of asset objects unloaded after import = 586

========================================================================
Received Import Request.
  Time since last request: 5.806711 seconds.
  path: Assets/Resources/Levels/1/2.prefab
  artifactKey: Guid(ed5b7495b667a6945872a3af5238cc4e) Importer(2089858483,192608db42251d675da83286b1cce702)
Start importing Assets/Resources/Levels/1/2.prefab using Guid(ed5b7495b667a6945872a3af5238cc4e) Importer(2089858483,192608db42251d675da83286b1cce702) (ScriptedImporter) -> (artifact id: '4fce81a868d5747958d3afd38d5f116d') in 0.0150524 seconds
Number of updated asset objects reloaded before import = 0Number of asset objects unloaded after import = 586

========================================================================
Received Import Request.
  Time since last request: 3.402939 seconds.
  path: Assets/Materials/moss.mat
  artifactKey: Guid(676eeef20a9345c40abd67452cd8fb42) Importer(2089858483,192608db42251d675da83286b1cce702)
Start importing Assets/Materials/moss.mat using Guid(676eeef20a9345c40abd67452cd8fb42) Importer(2089858483,192608db42251d675da83286b1cce702) (ScriptedImporter) -> (artifact id: '927625bebada63a708945e68e1a7b1d4') in 0.0061457 seconds
Number of updated asset objects reloaded before import = 0Number of asset objects unloaded after import = 3

========================================================================
Received Import Request.
  Time since last request: 8.795482 seconds.
  path: Assets/Resources/Levels/1/2.prefab
  artifactKey: Guid(ed5b7495b667a6945872a3af5238cc4e) Importer(2089858483,192608db42251d675da83286b1cce702)
Start importing Assets/Resources/Levels/1/2.prefab using Guid(ed5b7495b667a6945872a3af5238cc4e) Importer(2089858483,192608db42251d675da83286b1cce702) (ScriptedImporter) -> (artifact id: '3bbb901ff82eebd4a051f847b178703d') in 0.0229876 seconds
Number of updated asset objects reloaded before import = 0Number of asset objects unloaded after import = 581

========================================================================
Received Import Request.
  Time since last request: 8.399801 seconds.
  path: Assets/Resources/Levels/1/2.prefab
  artifactKey: Guid(ed5b7495b667a6945872a3af5238cc4e) Importer(2089858483,192608db42251d675da83286b1cce702)
Start importing Assets/Resources/Levels/1/2.prefab using Guid(ed5b7495b667a6945872a3af5238cc4e) Importer(2089858483,192608db42251d675da83286b1cce702) (ScriptedImporter) -> (artifact id: 'e88da4ddc3f1e61348c8b9e821be0916') in 0.0149548 seconds
Number of updated asset objects reloaded before import = 0Number of asset objects unloaded after import = 586

========================================================================
Received Import Request.
  Time since last request: 2.790422 seconds.
  path: Assets/Resources/Levels/1/2.prefab
  artifactKey: Guid(ed5b7495b667a6945872a3af5238cc4e) Importer(2089858483,192608db42251d675da83286b1cce702)
Start importing Assets/Resources/Levels/1/2.prefab using Guid(ed5b7495b667a6945872a3af5238cc4e) Importer(2089858483,192608db42251d675da83286b1cce702) (ScriptedImporter) -> (artifact id: '8f1a45221d83dc278031cfc7457855ff') in 0.0143761 seconds
Number of updated asset objects reloaded before import = 0Number of asset objects unloaded after import = 586

========================================================================
Received Import Request.
  Time since last request: 1.959234 seconds.
  path: Assets/Resources/Levels/1/2.prefab
  artifactKey: Guid(ed5b7495b667a6945872a3af5238cc4e) Importer(2089858483,192608db42251d675da83286b1cce702)
Start importing Assets/Resources/Levels/1/2.prefab using Guid(ed5b7495b667a6945872a3af5238cc4e) Importer(2089858483,192608db42251d675da83286b1cce702) (ScriptedImporter) -> (artifact id: '86a5381bdf065e4fb8e0582f9a5842ac') in 0.0187607 seconds
Number of updated asset objects reloaded before import = 0Number of asset objects unloaded after import = 586

========================================================================
Received Import Request.
  Time since last request: 5.454355 seconds.
  path: Assets/Resources/Levels/1/2.prefab
  artifactKey: Guid(ed5b7495b667a6945872a3af5238cc4e) Importer(2089858483,192608db42251d675da83286b1cce702)
Start importing Assets/Resources/Levels/1/2.prefab using Guid(ed5b7495b667a6945872a3af5238cc4e) Importer(2089858483,192608db42251d675da83286b1cce702) (ScriptedImporter) -> (artifact id: 'fd792d9ab891050824d8d20c006631e9') in 0.0157698 seconds
Number of updated asset objects reloaded before import = 0Number of asset objects unloaded after import = 591

========================================================================
Received Import Request.
  Time since last request: 3.152229 seconds.
  path: Assets/Resources/Levels/1/2.prefab
  artifactKey: Guid(ed5b7495b667a6945872a3af5238cc4e) Importer(2089858483,192608db42251d675da83286b1cce702)
Start importing Assets/Resources/Levels/1/2.prefab using Guid(ed5b7495b667a6945872a3af5238cc4e) Importer(2089858483,192608db42251d675da83286b1cce702) (ScriptedImporter) -> (artifact id: 'c4988a668786b4c12a54815d34c199e8') in 0.0145477 seconds
Number of updated asset objects reloaded before import = 0Number of asset objects unloaded after import = 591

========================================================================
Received Import Request.
  Time since last request: 2.353652 seconds.
  path: Assets/Resources/Levels/1/2.prefab
  artifactKey: Guid(ed5b7495b667a6945872a3af5238cc4e) Importer(2089858483,192608db42251d675da83286b1cce702)
Start importing Assets/Resources/Levels/1/2.prefab using Guid(ed5b7495b667a6945872a3af5238cc4e) Importer(2089858483,192608db42251d675da83286b1cce702) (ScriptedImporter) -> (artifact id: 'e9101e6ffedb5e86e2f56001e1adc5b3') in 0.0144155 seconds
Number of updated asset objects reloaded before import = 0Number of asset objects unloaded after import = 591

========================================================================
Received Import Request.
  Time since last request: 2.370683 seconds.
  path: Assets/Resources/Levels/1/2.prefab
  artifactKey: Guid(ed5b7495b667a6945872a3af5238cc4e) Importer(2089858483,192608db42251d675da83286b1cce702)
Start importing Assets/Resources/Levels/1/2.prefab using Guid(ed5b7495b667a6945872a3af5238cc4e) Importer(2089858483,192608db42251d675da83286b1cce702) (ScriptedImporter) -> (artifact id: 'c28ab5c826c97596b902afa48e07b03b') in 0.0193053 seconds
Number of updated asset objects reloaded before import = 0Number of asset objects unloaded after import = 591

========================================================================
Received Import Request.
  Time since last request: 2.950777 seconds.
  path: Assets/Resources/Levels/1/2.prefab
  artifactKey: Guid(ed5b7495b667a6945872a3af5238cc4e) Importer(2089858483,192608db42251d675da83286b1cce702)
Start importing Assets/Resources/Levels/1/2.prefab using Guid(ed5b7495b667a6945872a3af5238cc4e) Importer(2089858483,192608db42251d675da83286b1cce702) (ScriptedImporter) -> (artifact id: '21ac0e5e526ed1570c631681c3ee54b9') in 0.0160538 seconds
Number of updated asset objects reloaded before import = 0Number of asset objects unloaded after import = 596

========================================================================
Received Import Request.
  Time since last request: 9.977035 seconds.
  path: Assets/Resources/Levels/1/2.prefab
  artifactKey: Guid(ed5b7495b667a6945872a3af5238cc4e) Importer(2089858483,192608db42251d675da83286b1cce702)
Start importing Assets/Resources/Levels/1/2.prefab using Guid(ed5b7495b667a6945872a3af5238cc4e) Importer(2089858483,192608db42251d675da83286b1cce702) (ScriptedImporter) -> (artifact id: '2f07b68c1ba27d97ae18442513aaebb4') in 0.0149824 seconds
Number of updated asset objects reloaded before import = 0Number of asset objects unloaded after import = 596

========================================================================
Received Import Request.
  Time since last request: 6.206276 seconds.
  path: Assets/Resources/Levels/1/2.prefab
  artifactKey: Guid(ed5b7495b667a6945872a3af5238cc4e) Importer(2089858483,192608db42251d675da83286b1cce702)
Start importing Assets/Resources/Levels/1/2.prefab using Guid(ed5b7495b667a6945872a3af5238cc4e) Importer(2089858483,192608db42251d675da83286b1cce702) (ScriptedImporter) -> (artifact id: '711c425f1d5e2c008208eb126bf812b1') in 0.0165786 seconds
Number of updated asset objects reloaded before import = 0Number of asset objects unloaded after import = 596

========================================================================
Received Import Request.
  Time since last request: 5.188831 seconds.
  path: Assets/Resources/Levels/1/2.prefab
  artifactKey: Guid(ed5b7495b667a6945872a3af5238cc4e) Importer(2089858483,192608db42251d675da83286b1cce702)
Start importing Assets/Resources/Levels/1/2.prefab using Guid(ed5b7495b667a6945872a3af5238cc4e) Importer(2089858483,192608db42251d675da83286b1cce702) (ScriptedImporter) -> (artifact id: '435a905064940adb9ff4a1352db114de') in 0.0174866 seconds
Number of updated asset objects reloaded before import = 0Number of asset objects unloaded after import = 596

========================================================================
Received Import Request.
  Time since last request: 35.081387 seconds.
  path: Assets/Materials/moss.mat
  artifactKey: Guid(676eeef20a9345c40abd67452cd8fb42) Importer(815301076,1909f56bfc062723c751e8b465ee728b)
Start importing Assets/Materials/moss.mat using Guid(676eeef20a9345c40abd67452cd8fb42) Importer(815301076,1909f56bfc062723c751e8b465ee728b) (PreviewImporter) -> (artifact id: 'df9e717adb261349edc5718d79de32e2') in 0.0075603 seconds
Number of updated asset objects reloaded before import = 0Number of asset objects unloaded after import = 4

========================================================================
Received Import Request.
  Time since last request: 3.339461 seconds.
  path: Assets/Prefabs/SpikePlane.prefab
  artifactKey: Guid(2ca5961941bc68648ba82df350d9a99b) Importer(815301076,1909f56bfc062723c751e8b465ee728b)
Start importing Assets/Prefabs/SpikePlane.prefab using Guid(2ca5961941bc68648ba82df350d9a99b) Importer(815301076,1909f56bfc062723c751e8b465ee728b) (PreviewImporter) -> (artifact id: 'af9747cd7e05aa6c2442613de453c79c') in 0.0100979 seconds
Number of updated asset objects reloaded before import = 0Number of asset objects unloaded after import = 22

========================================================================
Received Import Request.
  Time since last request: 3.865026 seconds.
  path: Assets/Prefabs/Cube (3).prefab
  artifactKey: Guid(0a010cd118965d74785e746a0d3b6d3e) Importer(815301076,1909f56bfc062723c751e8b465ee728b)
Start importing Assets/Prefabs/Cube (3).prefab using Guid(0a010cd118965d74785e746a0d3b6d3e) Importer(815301076,1909f56bfc062723c751e8b465ee728b) (PreviewImporter) -> (artifact id: '02fac3320ef9d3ad22cf41ea34013ac7') in 0.0030258 seconds
Number of updated asset objects reloaded before import = 0Number of asset objects unloaded after import = 8

========================================================================
Received Import Request.
  Time since last request: 1.147658 seconds.
  path: Assets/Prefabs/Cube (3).prefab
  artifactKey: Guid(0a010cd118965d74785e746a0d3b6d3e) Importer(2089858483,192608db42251d675da83286b1cce702)
Start importing Assets/Prefabs/Cube (3).prefab using Guid(0a010cd118965d74785e746a0d3b6d3e) Importer(2089858483,192608db42251d675da83286b1cce702) (ScriptedImporter) -> (artifact id: '45849f751ac3a49ea95bdfe9b02aac9b') in 0.0384929 seconds
Number of updated asset objects reloaded before import = 0Number of asset objects unloaded after import = 9

========================================================================
Received Import Request.
  Time since last request: 4.579413 seconds.
  path: Assets/Resources/Levels/1/2.prefab
  artifactKey: Guid(ed5b7495b667a6945872a3af5238cc4e) Importer(2089858483,192608db42251d675da83286b1cce702)
Start importing Assets/Resources/Levels/1/2.prefab using Guid(ed5b7495b667a6945872a3af5238cc4e) Importer(2089858483,192608db42251d675da83286b1cce702) (ScriptedImporter) -> (artifact id: '99ab02ec9984f3189266c340ac8ecfdc') in 0.0186939 seconds
Number of updated asset objects reloaded before import = 0Number of asset objects unloaded after import = 596

========================================================================
Received Import Request.
  Time since last request: 10.063268 seconds.
  path: Assets/Resources/Levels/1/2.prefab
  artifactKey: Guid(ed5b7495b667a6945872a3af5238cc4e) Importer(2089858483,192608db42251d675da83286b1cce702)
Start importing Assets/Resources/Levels/1/2.prefab using Guid(ed5b7495b667a6945872a3af5238cc4e) Importer(2089858483,192608db42251d675da83286b1cce702) (ScriptedImporter) -> (artifact id: 'ac23b4c661073a0c8dfee5843eb9262e') in 0.0180274 seconds
Number of updated asset objects reloaded before import = 0Number of asset objects unloaded after import = 596

========================================================================
Received Import Request.
  Time since last request: 3.320938 seconds.
  path: Assets/Resources/Levels/1/2.prefab
  artifactKey: Guid(ed5b7495b667a6945872a3af5238cc4e) Importer(2089858483,192608db42251d675da83286b1cce702)
Start importing Assets/Resources/Levels/1/2.prefab using Guid(ed5b7495b667a6945872a3af5238cc4e) Importer(2089858483,192608db42251d675da83286b1cce702) (ScriptedImporter) -> (artifact id: 'b68c1690ce60fafcb586b9b62133ecad') in 0.0178683 seconds
Number of updated asset objects reloaded before import = 0Number of asset objects unloaded after import = 596

========================================================================
Received Import Request.
  Time since last request: 1.573220 seconds.
  path: Assets/Resources/Levels/1/2.prefab
  artifactKey: Guid(ed5b7495b667a6945872a3af5238cc4e) Importer(2089858483,192608db42251d675da83286b1cce702)
Start importing Assets/Resources/Levels/1/2.prefab using Guid(ed5b7495b667a6945872a3af5238cc4e) Importer(2089858483,192608db42251d675da83286b1cce702) (ScriptedImporter) -> (artifact id: 'a6e1d9b24e7556c97ca29d7d4478a530') in 0.0187113 seconds
Number of updated asset objects reloaded before import = 0Number of asset objects unloaded after import = 596

========================================================================
Received Import Request.
  Time since last request: 4.872722 seconds.
  path: Assets/Prefabs/Cube (5).prefab
  artifactKey: Guid(db674df151245b94eb69640c6d19858f) Importer(815301076,1909f56bfc062723c751e8b465ee728b)
Start importing Assets/Prefabs/Cube (5).prefab using Guid(db674df151245b94eb69640c6d19858f) Importer(815301076,1909f56bfc062723c751e8b465ee728b) (PreviewImporter) -> (artifact id: 'cdc545c247be6800466e12dcb26e74c8') in 0.0029886 seconds
Number of updated asset objects reloaded before import = 0Number of asset objects unloaded after import = 8

========================================================================
Received Import Request.
  Time since last request: 4.912721 seconds.
  path: Assets/Prefabs/Moss.prefab
  artifactKey: Guid(db674df151245b94eb69640c6d19858f) Importer(815301076,1909f56bfc062723c751e8b465ee728b)
Start importing Assets/Prefabs/Moss.prefab using Guid(db674df151245b94eb69640c6d19858f) Importer(815301076,1909f56bfc062723c751e8b465ee728b) (PreviewImporter) -> (artifact id: '2e479e445d0912e307d13c67df967907') in 0.0029175 seconds
Number of updated asset objects reloaded before import = 0Number of asset objects unloaded after import = 8

========================================================================
Received Import Request.
  Time since last request: 0.430574 seconds.
  path: Assets/Resources/Levels/1/2.prefab
  artifactKey: Guid(ed5b7495b667a6945872a3af5238cc4e) Importer(2089858483,192608db42251d675da83286b1cce702)
Start importing Assets/Resources/Levels/1/2.prefab using Guid(ed5b7495b667a6945872a3af5238cc4e) Importer(2089858483,192608db42251d675da83286b1cce702) (ScriptedImporter) -> (artifact id: '9a9e0fc6183c0133321b02f12c32da91') in 0.0231797 seconds
Number of updated asset objects reloaded before import = 0Number of asset objects unloaded after import = 596

========================================================================
Received Import Request.
  Time since last request: 1.918883 seconds.
  path: Assets/Prefabs/Moss.prefab
  artifactKey: Guid(db674df151245b94eb69640c6d19858f) Importer(2089858483,192608db42251d675da83286b1cce702)
Start importing Assets/Prefabs/Moss.prefab using Guid(db674df151245b94eb69640c6d19858f) Importer(2089858483,192608db42251d675da83286b1cce702) (ScriptedImporter) -> (artifact id: '918deeaeae39829cd0c085bbe3559e95') in 0.0161169 seconds
Number of updated asset objects reloaded before import = 0Number of asset objects unloaded after import = 9

========================================================================
Received Import Request.
  Time since last request: 8.427985 seconds.
  path: Assets/Prefabs/Moss 2.prefab
  artifactKey: Guid(0a010cd118965d74785e746a0d3b6d3e) Importer(815301076,1909f56bfc062723c751e8b465ee728b)
Start importing Assets/Prefabs/Moss 2.prefab using Guid(0a010cd118965d74785e746a0d3b6d3e) Importer(815301076,1909f56bfc062723c751e8b465ee728b) (PreviewImporter) -> (artifact id: '0f52bfb404b804ccb6819529ada1ea87') in 0.0038799 seconds
Number of updated asset objects reloaded before import = 0Number of asset objects unloaded after import = 8

========================================================================
Received Import Request.
  Time since last request: 1.078371 seconds.
  path: Assets/Prefabs/Moss 2.prefab
  artifactKey: Guid(0a010cd118965d74785e746a0d3b6d3e) Importer(2089858483,192608db42251d675da83286b1cce702)
Start importing Assets/Prefabs/Moss 2.prefab using Guid(0a010cd118965d74785e746a0d3b6d3e) Importer(2089858483,192608db42251d675da83286b1cce702) (ScriptedImporter) -> (artifact id: '8a2ce3148544a0e7874d602d4fd9df5e') in 0.0070233 seconds
Number of updated asset objects reloaded before import = 0Number of asset objects unloaded after import = 9

========================================================================
Received Import Request.
  Time since last request: 6.403497 seconds.
  path: Assets/Resources/Levels/1/2.prefab
  artifactKey: Guid(ed5b7495b667a6945872a3af5238cc4e) Importer(2089858483,192608db42251d675da83286b1cce702)
Start importing Assets/Resources/Levels/1/2.prefab using Guid(ed5b7495b667a6945872a3af5238cc4e) Importer(2089858483,192608db42251d675da83286b1cce702) (ScriptedImporter) -> (artifact id: 'c492554a2c8c7fc7d01fa9c4e8d53be7') in 0.0137227 seconds
Number of updated asset objects reloaded before import = 0Number of asset objects unloaded after import = 596

========================================================================
Received Import Request.
  Time since last request: 2.363625 seconds.
  path: Assets/Resources/Levels/1/2.prefab
  artifactKey: Guid(ed5b7495b667a6945872a3af5238cc4e) Importer(2089858483,192608db42251d675da83286b1cce702)
Start importing Assets/Resources/Levels/1/2.prefab using Guid(ed5b7495b667a6945872a3af5238cc4e) Importer(2089858483,192608db42251d675da83286b1cce702) (ScriptedImporter) -> (artifact id: '8bb68e40622d9243b54d59a030aff126') in 0.0162928 seconds
Number of updated asset objects reloaded before import = 0Number of asset objects unloaded after import = 596

========================================================================
Received Import Request.
  Time since last request: 3.580715 seconds.
  path: Assets/Resources/Levels/1/2.prefab
  artifactKey: Guid(ed5b7495b667a6945872a3af5238cc4e) Importer(2089858483,192608db42251d675da83286b1cce702)
Start importing Assets/Resources/Levels/1/2.prefab using Guid(ed5b7495b667a6945872a3af5238cc4e) Importer(2089858483,192608db42251d675da83286b1cce702) (ScriptedImporter) -> (artifact id: 'd01568504ebdb392bbc579c40a636dcc') in 0.017605 seconds
Number of updated asset objects reloaded before import = 0Number of asset objects unloaded after import = 596

========================================================================
Received Import Request.
  Time since last request: 8.816519 seconds.
  path: Assets/Resources/Levels/1/2.prefab
  artifactKey: Guid(ed5b7495b667a6945872a3af5238cc4e) Importer(2089858483,192608db42251d675da83286b1cce702)
Start importing Assets/Resources/Levels/1/2.prefab using Guid(ed5b7495b667a6945872a3af5238cc4e) Importer(2089858483,192608db42251d675da83286b1cce702) (ScriptedImporter) -> (artifact id: 'e7367e0fa0eee01dd2f1fc6178de307f') in 0.0179617 seconds
Number of updated asset objects reloaded before import = 0Number of asset objects unloaded after import = 596

========================================================================
Received Import Request.
  Time since last request: 1.557239 seconds.
  path: Assets/Resources/Levels/1/2.prefab
  artifactKey: Guid(ed5b7495b667a6945872a3af5238cc4e) Importer(2089858483,192608db42251d675da83286b1cce702)
Start importing Assets/Resources/Levels/1/2.prefab using Guid(ed5b7495b667a6945872a3af5238cc4e) Importer(2089858483,192608db42251d675da83286b1cce702) (ScriptedImporter) -> (artifact id: 'd854445aaf842af6ce66f7588f88fcda') in 0.0139013 seconds
Number of updated asset objects reloaded before import = 0Number of asset objects unloaded after import = 596

========================================================================
Received Import Request.
  Time since last request: 2.566216 seconds.
  path: Assets/Resources/Levels/1/2.prefab
  artifactKey: Guid(ed5b7495b667a6945872a3af5238cc4e) Importer(2089858483,192608db42251d675da83286b1cce702)
Start importing Assets/Resources/Levels/1/2.prefab using Guid(ed5b7495b667a6945872a3af5238cc4e) Importer(2089858483,192608db42251d675da83286b1cce702) (ScriptedImporter) -> (artifact id: 'aabeb4fd2b9229cf07a8f00f0808eeed') in 0.018284 seconds
Number of updated asset objects reloaded before import = 0Number of asset objects unloaded after import = 596

========================================================================
Received Import Request.
  Time since last request: 2.557824 seconds.
  path: Assets/Resources/Levels/1/2.prefab
  artifactKey: Guid(ed5b7495b667a6945872a3af5238cc4e) Importer(2089858483,192608db42251d675da83286b1cce702)
Start importing Assets/Resources/Levels/1/2.prefab using Guid(ed5b7495b667a6945872a3af5238cc4e) Importer(2089858483,192608db42251d675da83286b1cce702) (ScriptedImporter) -> (artifact id: '1b253d91f59add5cca48b08b481caf19') in 0.0160185 seconds
Number of updated asset objects reloaded before import = 0Number of asset objects unloaded after import = 596

========================================================================
Received Import Request.
  Time since last request: 1.554191 seconds.
  path: Assets/Resources/Levels/1/2.prefab
  artifactKey: Guid(ed5b7495b667a6945872a3af5238cc4e) Importer(2089858483,192608db42251d675da83286b1cce702)
Start importing Assets/Resources/Levels/1/2.prefab using Guid(ed5b7495b667a6945872a3af5238cc4e) Importer(2089858483,192608db42251d675da83286b1cce702) (ScriptedImporter) -> (artifact id: '323f9e5a859dffe97e62b741d7763416') in 0.0144582 seconds
Number of updated asset objects reloaded before import = 0Number of asset objects unloaded after import = 596

========================================================================
Received Import Request.
  Time since last request: 2.983052 seconds.
  path: Assets/Resources/Levels/1/2.prefab
  artifactKey: Guid(ed5b7495b667a6945872a3af5238cc4e) Importer(2089858483,192608db42251d675da83286b1cce702)
Start importing Assets/Resources/Levels/1/2.prefab using Guid(ed5b7495b667a6945872a3af5238cc4e) Importer(2089858483,192608db42251d675da83286b1cce702) (ScriptedImporter) -> (artifact id: '4267a15fb15ba3f5be5e08ffd296c499') in 0.0138841 seconds
Number of updated asset objects reloaded before import = 0Number of asset objects unloaded after import = 596

========================================================================
Received Import Request.
  Time since last request: 4.176978 seconds.
  path: Assets/Resources/Levels/1/2.prefab
  artifactKey: Guid(ed5b7495b667a6945872a3af5238cc4e) Importer(2089858483,192608db42251d675da83286b1cce702)
Start importing Assets/Resources/Levels/1/2.prefab using Guid(ed5b7495b667a6945872a3af5238cc4e) Importer(2089858483,192608db42251d675da83286b1cce702) (ScriptedImporter) -> (artifact id: '3489e098697fee661f68a268a71dffcf') in 0.0158909 seconds
Number of updated asset objects reloaded before import = 0Number of asset objects unloaded after import = 596

========================================================================
Received Import Request.
  Time since last request: 2.442007 seconds.
  path: Assets/Resources/Levels/1/2.prefab
  artifactKey: Guid(ed5b7495b667a6945872a3af5238cc4e) Importer(2089858483,192608db42251d675da83286b1cce702)
Start importing Assets/Resources/Levels/1/2.prefab using Guid(ed5b7495b667a6945872a3af5238cc4e) Importer(2089858483,192608db42251d675da83286b1cce702) (ScriptedImporter) -> (artifact id: '5749e23cf8796122ebbfa03e4d8911c0') in 0.0163098 seconds
Number of updated asset objects reloaded before import = 0Number of asset objects unloaded after import = 596

========================================================================
Received Import Request.
  Time since last request: 3.277366 seconds.
  path: Assets/Prefabs/Cube (4).prefab
  artifactKey: Guid(3eb8911257f03ef45bf35015d652a169) Importer(815301076,1909f56bfc062723c751e8b465ee728b)
Start importing Assets/Prefabs/Cube (4).prefab using Guid(3eb8911257f03ef45bf35015d652a169) Importer(815301076,1909f56bfc062723c751e8b465ee728b) (PreviewImporter) -> (artifact id: '9b88d3550945bc380e18d18f34f0c5e9') in 0.0027592 seconds
Number of updated asset objects reloaded before import = 0Number of asset objects unloaded after import = 8

========================================================================
Received Import Request.
  Time since last request: 2.218883 seconds.
  path: Assets/Prefabs/Cube (4).prefab
  artifactKey: Guid(3eb8911257f03ef45bf35015d652a169) Importer(2089858483,192608db42251d675da83286b1cce702)
Start importing Assets/Prefabs/Cube (4).prefab using Guid(3eb8911257f03ef45bf35015d652a169) Importer(2089858483,192608db42251d675da83286b1cce702) (ScriptedImporter) -> (artifact id: '4acf7de7277b42af6b28fef1e9bbb388') in 0.0101534 seconds
Number of updated asset objects reloaded before import = 0Number of asset objects unloaded after import = 9

========================================================================
Received Import Request.
  Time since last request: 6.953352 seconds.
  path: Assets/Prefabs/Moss 3.prefab
  artifactKey: Guid(3eb8911257f03ef45bf35015d652a169) Importer(815301076,1909f56bfc062723c751e8b465ee728b)
Start importing Assets/Prefabs/Moss 3.prefab using Guid(3eb8911257f03ef45bf35015d652a169) Importer(815301076,1909f56bfc062723c751e8b465ee728b) (PreviewImporter) -> (artifact id: '4eca569a99d626226790a7ae1e13432a') in 0.0024904 seconds
Number of updated asset objects reloaded before import = 0Number of asset objects unloaded after import = 8

========================================================================
Received Import Request.
  Time since last request: 1.045393 seconds.
  path: Assets/Prefabs/Moss 3.prefab
  artifactKey: Guid(3eb8911257f03ef45bf35015d652a169) Importer(2089858483,192608db42251d675da83286b1cce702)
Start importing Assets/Prefabs/Moss 3.prefab using Guid(3eb8911257f03ef45bf35015d652a169) Importer(2089858483,192608db42251d675da83286b1cce702) (ScriptedImporter) -> (artifact id: 'd46dfcca7dc99c93b632868b4112dfa0') in 0.0072565 seconds
Number of updated asset objects reloaded before import = 0Number of asset objects unloaded after import = 9

========================================================================
Received Import Request.
  Time since last request: 45.052979 seconds.
  path: Assets/Materials/moss.mat
  artifactKey: Guid(676eeef20a9345c40abd67452cd8fb42) Importer(2089858483,192608db42251d675da83286b1cce702)
Start importing Assets/Materials/moss.mat using Guid(676eeef20a9345c40abd67452cd8fb42) Importer(2089858483,192608db42251d675da83286b1cce702) (ScriptedImporter) -> (artifact id: 'daecc85ab036e3430dc638279cf3224f') in 0.0054943 seconds
Number of updated asset objects reloaded before import = 0Number of asset objects unloaded after import = 3

========================================================================
Received Import Request.
  Time since last request: 56.771808 seconds.
  path: Assets/Resources/Levels/1/2.prefab
  artifactKey: Guid(ed5b7495b667a6945872a3af5238cc4e) Importer(2089858483,192608db42251d675da83286b1cce702)
Start importing Assets/Resources/Levels/1/2.prefab using Guid(ed5b7495b667a6945872a3af5238cc4e) Importer(2089858483,192608db42251d675da83286b1cce702) (ScriptedImporter) -> (artifact id: 'd669b3e7a0449338c3be0ad13084b2bd') in 0.0206912 seconds
Number of updated asset objects reloaded before import = 0Number of asset objects unloaded after import = 596

========================================================================
Received Import Request.
  Time since last request: 4.574522 seconds.
  path: Assets/Resources/Levels/1/2.prefab
  artifactKey: Guid(ed5b7495b667a6945872a3af5238cc4e) Importer(2089858483,192608db42251d675da83286b1cce702)
Start importing Assets/Resources/Levels/1/2.prefab using Guid(ed5b7495b667a6945872a3af5238cc4e) Importer(2089858483,192608db42251d675da83286b1cce702) (ScriptedImporter) -> (artifact id: 'dcdaa8701cde021641f79ae70b3de838') in 0.0147988 seconds
Number of updated asset objects reloaded before import = 0Number of asset objects unloaded after import = 596

========================================================================
Received Import Request.
  Time since last request: 2.178971 seconds.
  path: Assets/Resources/Levels/1/2.prefab
  artifactKey: Guid(ed5b7495b667a6945872a3af5238cc4e) Importer(2089858483,192608db42251d675da83286b1cce702)
Start importing Assets/Resources/Levels/1/2.prefab using Guid(ed5b7495b667a6945872a3af5238cc4e) Importer(2089858483,192608db42251d675da83286b1cce702) (ScriptedImporter) -> (artifact id: '8999c69b6cb3df264a67f19c70951340') in 0.0202449 seconds
Number of updated asset objects reloaded before import = 0Number of asset objects unloaded after import = 596

========================================================================
Received Import Request.
  Time since last request: 9.097314 seconds.
  path: Assets/Resources/Levels/1/2.prefab
  artifactKey: Guid(ed5b7495b667a6945872a3af5238cc4e) Importer(2089858483,192608db42251d675da83286b1cce702)
Start importing Assets/Resources/Levels/1/2.prefab using Guid(ed5b7495b667a6945872a3af5238cc4e) Importer(2089858483,192608db42251d675da83286b1cce702) (ScriptedImporter) -> (artifact id: '0f2ffa466242cda297c4ef87d6cff0c5') in 0.0150873 seconds
Number of updated asset objects reloaded before import = 0Number of asset objects unloaded after import = 601

========================================================================
Received Import Request.
  Time since last request: 2.400774 seconds.
  path: Assets/Resources/Levels/1/2.prefab
  artifactKey: Guid(ed5b7495b667a6945872a3af5238cc4e) Importer(2089858483,192608db42251d675da83286b1cce702)
Start importing Assets/Resources/Levels/1/2.prefab using Guid(ed5b7495b667a6945872a3af5238cc4e) Importer(2089858483,192608db42251d675da83286b1cce702) (ScriptedImporter) -> (artifact id: '29ee4685d189e9e65081625e6157b5a9') in 0.0228251 seconds
Number of updated asset objects reloaded before import = 0Number of asset objects unloaded after import = 606

========================================================================
Received Import Request.
  Time since last request: 3.466600 seconds.
  path: Assets/Resources/Levels/1/2.prefab
  artifactKey: Guid(ed5b7495b667a6945872a3af5238cc4e) Importer(2089858483,192608db42251d675da83286b1cce702)
Start importing Assets/Resources/Levels/1/2.prefab using Guid(ed5b7495b667a6945872a3af5238cc4e) Importer(2089858483,192608db42251d675da83286b1cce702) (ScriptedImporter) -> (artifact id: 'bf0022813ae4e1ec2ca386fa22869e3b') in 0.0148127 seconds
Number of updated asset objects reloaded before import = 0Number of asset objects unloaded after import = 611

========================================================================
Received Import Request.
  Time since last request: 4.038888 seconds.
  path: Assets/Resources/Levels/1/2.prefab
  artifactKey: Guid(ed5b7495b667a6945872a3af5238cc4e) Importer(2089858483,192608db42251d675da83286b1cce702)
Start importing Assets/Resources/Levels/1/2.prefab using Guid(ed5b7495b667a6945872a3af5238cc4e) Importer(2089858483,192608db42251d675da83286b1cce702) (ScriptedImporter) -> (artifact id: 'ffe13bcd9d42a6da556e2b1739ed0864') in 0.0147577 seconds
Number of updated asset objects reloaded before import = 0Number of asset objects unloaded after import = 616

========================================================================
Received Import Request.
  Time since last request: 24.376390 seconds.
  path: Assets/Resources/Levels/1/2.prefab
  artifactKey: Guid(ed5b7495b667a6945872a3af5238cc4e) Importer(2089858483,192608db42251d675da83286b1cce702)
Start importing Assets/Resources/Levels/1/2.prefab using Guid(ed5b7495b667a6945872a3af5238cc4e) Importer(2089858483,192608db42251d675da83286b1cce702) (ScriptedImporter) -> (artifact id: '2ee0df8498546fb0c2b622b9bc9323dc') in 0.0158566 seconds
Number of updated asset objects reloaded before import = 0Number of asset objects unloaded after import = 622

========================================================================
Received Import Request.
  Time since last request: 3.602305 seconds.
  path: Assets/Resources/Levels/1/2.prefab
  artifactKey: Guid(ed5b7495b667a6945872a3af5238cc4e) Importer(2089858483,192608db42251d675da83286b1cce702)
Start importing Assets/Resources/Levels/1/2.prefab using Guid(ed5b7495b667a6945872a3af5238cc4e) Importer(2089858483,192608db42251d675da83286b1cce702) (ScriptedImporter) -> (artifact id: '327cd4b46d62c1c84ed7e769b7de9959') in 0.0177176 seconds
Number of updated asset objects reloaded before import = 0Number of asset objects unloaded after import = 627

========================================================================
Received Import Request.
  Time since last request: 5.252718 seconds.
  path: Assets/Resources/Levels/1/2.prefab
  artifactKey: Guid(ed5b7495b667a6945872a3af5238cc4e) Importer(2089858483,192608db42251d675da83286b1cce702)
Start importing Assets/Resources/Levels/1/2.prefab using Guid(ed5b7495b667a6945872a3af5238cc4e) Importer(2089858483,192608db42251d675da83286b1cce702) (ScriptedImporter) -> (artifact id: '1c6fb482d0b8eb5f41221a3634fe1805') in 0.0150344 seconds
Number of updated asset objects reloaded before import = 0Number of asset objects unloaded after import = 632

========================================================================
Received Import Request.
  Time since last request: 3.440343 seconds.
  path: Assets/Resources/Levels/1/2.prefab
  artifactKey: Guid(ed5b7495b667a6945872a3af5238cc4e) Importer(2089858483,192608db42251d675da83286b1cce702)
Start importing Assets/Resources/Levels/1/2.prefab using Guid(ed5b7495b667a6945872a3af5238cc4e) Importer(2089858483,192608db42251d675da83286b1cce702) (ScriptedImporter) -> (artifact id: 'c843749b218cc9815bc8003f67bde54f') in 0.0169629 seconds
Number of updated asset objects reloaded before import = 0Number of asset objects unloaded after import = 637

========================================================================
Received Import Request.
  Time since last request: 3.960426 seconds.
  path: Assets/Resources/Levels/1/2.prefab
  artifactKey: Guid(ed5b7495b667a6945872a3af5238cc4e) Importer(2089858483,192608db42251d675da83286b1cce702)
Start importing Assets/Resources/Levels/1/2.prefab using Guid(ed5b7495b667a6945872a3af5238cc4e) Importer(2089858483,192608db42251d675da83286b1cce702) (ScriptedImporter) -> (artifact id: 'f75436a539606a914095a48422cf1c72') in 0.0150393 seconds
Number of updated asset objects reloaded before import = 0Number of asset objects unloaded after import = 637

========================================================================
Received Import Request.
  Time since last request: 4.421760 seconds.
  path: Assets/Resources/Levels/1/2.prefab
  artifactKey: Guid(ed5b7495b667a6945872a3af5238cc4e) Importer(2089858483,192608db42251d675da83286b1cce702)
Start importing Assets/Resources/Levels/1/2.prefab using Guid(ed5b7495b667a6945872a3af5238cc4e) Importer(2089858483,192608db42251d675da83286b1cce702) (ScriptedImporter) -> (artifact id: 'cac2e75dc65dbeab8147e6c8f22e4c41') in 0.0282331 seconds
Number of updated asset objects reloaded before import = 0Number of asset objects unloaded after import = 637

========================================================================
Received Import Request.
  Time since last request: 2.356453 seconds.
  path: Assets/Resources/Levels/1/2.prefab
  artifactKey: Guid(ed5b7495b667a6945872a3af5238cc4e) Importer(2089858483,192608db42251d675da83286b1cce702)
Start importing Assets/Resources/Levels/1/2.prefab using Guid(ed5b7495b667a6945872a3af5238cc4e) Importer(2089858483,192608db42251d675da83286b1cce702) (ScriptedImporter) -> (artifact id: 'b8d64f424de664a7d4cebb07d8073d19') in 0.017799 seconds
Number of updated asset objects reloaded before import = 0Number of asset objects unloaded after import = 637

========================================================================
Received Import Request.
  Time since last request: 2.366154 seconds.
  path: Assets/Resources/Levels/1/2.prefab
  artifactKey: Guid(ed5b7495b667a6945872a3af5238cc4e) Importer(2089858483,192608db42251d675da83286b1cce702)
Start importing Assets/Resources/Levels/1/2.prefab using Guid(ed5b7495b667a6945872a3af5238cc4e) Importer(2089858483,192608db42251d675da83286b1cce702) (ScriptedImporter) -> (artifact id: 'c53fd87839fb545021ba2fdb91a79d57') in 0.0145921 seconds
Number of updated asset objects reloaded before import = 0Number of asset objects unloaded after import = 637

========================================================================
Received Import Request.
  Time since last request: 3.772635 seconds.
  path: Assets/Resources/Levels/1/2.prefab
  artifactKey: Guid(ed5b7495b667a6945872a3af5238cc4e) Importer(2089858483,192608db42251d675da83286b1cce702)
Start importing Assets/Resources/Levels/1/2.prefab using Guid(ed5b7495b667a6945872a3af5238cc4e) Importer(2089858483,192608db42251d675da83286b1cce702) (ScriptedImporter) -> (artifact id: 'c2ebfbf4d0b5a0e36af619a2a7f036b4') in 0.0174506 seconds
Number of updated asset objects reloaded before import = 0Number of asset objects unloaded after import = 637

========================================================================
Received Import Request.
  Time since last request: 2.566078 seconds.
  path: Assets/Resources/Levels/1/2.prefab
  artifactKey: Guid(ed5b7495b667a6945872a3af5238cc4e) Importer(2089858483,192608db42251d675da83286b1cce702)
Start importing Assets/Resources/Levels/1/2.prefab using Guid(ed5b7495b667a6945872a3af5238cc4e) Importer(2089858483,192608db42251d675da83286b1cce702) (ScriptedImporter) -> (artifact id: '0be742499fee7aea0e2baca5a2ea5fbe') in 0.0206977 seconds
Number of updated asset objects reloaded before import = 0Number of asset objects unloaded after import = 637

========================================================================
Received Import Request.
  Time since last request: 15.113180 seconds.
  path: Assets/Resources/Levels/1/2.prefab
  artifactKey: Guid(ed5b7495b667a6945872a3af5238cc4e) Importer(2089858483,192608db42251d675da83286b1cce702)
Start importing Assets/Resources/Levels/1/2.prefab using Guid(ed5b7495b667a6945872a3af5238cc4e) Importer(2089858483,192608db42251d675da83286b1cce702) (ScriptedImporter) -> (artifact id: 'bf11b7bb1472050e40211b75c8632d9e') in 0.0153248 seconds
Number of updated asset objects reloaded before import = 0Number of asset objects unloaded after import = 642

========================================================================
Received Import Request.
  Time since last request: 2.276764 seconds.
  path: Assets/Resources/Levels/1/2.prefab
  artifactKey: Guid(ed5b7495b667a6945872a3af5238cc4e) Importer(2089858483,192608db42251d675da83286b1cce702)
Start importing Assets/Resources/Levels/1/2.prefab using Guid(ed5b7495b667a6945872a3af5238cc4e) Importer(2089858483,192608db42251d675da83286b1cce702) (ScriptedImporter) -> (artifact id: 'da72e45ae2cf77ef20eae1d79856b065') in 0.0151168 seconds
Number of updated asset objects reloaded before import = 0Number of asset objects unloaded after import = 647

========================================================================
Received Import Request.
  Time since last request: 2.228445 seconds.
  path: Assets/Resources/Levels/1/2.prefab
  artifactKey: Guid(ed5b7495b667a6945872a3af5238cc4e) Importer(2089858483,192608db42251d675da83286b1cce702)
Start importing Assets/Resources/Levels/1/2.prefab using Guid(ed5b7495b667a6945872a3af5238cc4e) Importer(2089858483,192608db42251d675da83286b1cce702) (ScriptedImporter) -> (artifact id: '440602f541f076b3cf0c9efb2a1897f2') in 0.0180767 seconds
Number of updated asset objects reloaded before import = 0Number of asset objects unloaded after import = 741

========================================================================
Received Import Request.
  Time since last request: 2.850151 seconds.
  path: Assets/Resources/Levels/1/2.prefab
  artifactKey: Guid(ed5b7495b667a6945872a3af5238cc4e) Importer(2089858483,192608db42251d675da83286b1cce702)
Start importing Assets/Resources/Levels/1/2.prefab using Guid(ed5b7495b667a6945872a3af5238cc4e) Importer(2089858483,192608db42251d675da83286b1cce702) (ScriptedImporter) -> (artifact id: 'fac913968b22d0fc01b90519e79b3273') in 0.0176847 seconds
Number of updated asset objects reloaded before import = 0Number of asset objects unloaded after import = 746

========================================================================
Received Import Request.
  Time since last request: 2.006443 seconds.
  path: Assets/Resources/Levels/1/2.prefab
  artifactKey: Guid(ed5b7495b667a6945872a3af5238cc4e) Importer(2089858483,192608db42251d675da83286b1cce702)
Start importing Assets/Resources/Levels/1/2.prefab using Guid(ed5b7495b667a6945872a3af5238cc4e) Importer(2089858483,192608db42251d675da83286b1cce702) (ScriptedImporter) -> (artifact id: '03f4b5181793e121d4d7409d12fc5288') in 0.0195588 seconds
Number of updated asset objects reloaded before import = 0Number of asset objects unloaded after import = 751

========================================================================
Received Import Request.
  Time since last request: 4.269689 seconds.
  path: Assets/Resources/Levels/1/2.prefab
  artifactKey: Guid(ed5b7495b667a6945872a3af5238cc4e) Importer(2089858483,192608db42251d675da83286b1cce702)
Start importing Assets/Resources/Levels/1/2.prefab using Guid(ed5b7495b667a6945872a3af5238cc4e) Importer(2089858483,192608db42251d675da83286b1cce702) (ScriptedImporter) -> (artifact id: 'b658b66f0ba5840948f718027800cbc3') in 0.0214424 seconds
Number of updated asset objects reloaded before import = 0Number of asset objects unloaded after import = 757

========================================================================
Received Import Request.
  Time since last request: 2.838853 seconds.
  path: Assets/Resources/Levels/1/2.prefab
  artifactKey: Guid(ed5b7495b667a6945872a3af5238cc4e) Importer(2089858483,192608db42251d675da83286b1cce702)
Start importing Assets/Resources/Levels/1/2.prefab using Guid(ed5b7495b667a6945872a3af5238cc4e) Importer(2089858483,192608db42251d675da83286b1cce702) (ScriptedImporter) -> (artifact id: '6a07f21b01e9d6e4c3694e2bc831cc3c') in 0.0168447 seconds
Number of updated asset objects reloaded before import = 0Number of asset objects unloaded after import = 762

========================================================================
Received Import Request.
  Time since last request: 2.000503 seconds.
  path: Assets/Resources/Levels/1/2.prefab
  artifactKey: Guid(ed5b7495b667a6945872a3af5238cc4e) Importer(2089858483,192608db42251d675da83286b1cce702)
Start importing Assets/Resources/Levels/1/2.prefab using Guid(ed5b7495b667a6945872a3af5238cc4e) Importer(2089858483,192608db42251d675da83286b1cce702) (ScriptedImporter) -> (artifact id: '772a41d9155b8649a8057bfd7da6e6f8') in 0.0170742 seconds
Number of updated asset objects reloaded before import = 0Number of asset objects unloaded after import = 767

========================================================================
Received Import Request.
  Time since last request: 12.541827 seconds.
  path: Assets/Resources/Levels/1/2.prefab
  artifactKey: Guid(ed5b7495b667a6945872a3af5238cc4e) Importer(2089858483,192608db42251d675da83286b1cce702)
Start importing Assets/Resources/Levels/1/2.prefab using Guid(ed5b7495b667a6945872a3af5238cc4e) Importer(2089858483,192608db42251d675da83286b1cce702) (ScriptedImporter) -> (artifact id: 'f7178c96c467ce735bc53b6e70e02b72') in 0.0185513 seconds
Number of updated asset objects reloaded before import = 0Number of asset objects unloaded after import = 772

========================================================================
Received Import Request.
  Time since last request: 3.493041 seconds.
  path: Assets/Resources/Levels/1/2.prefab
  artifactKey: Guid(ed5b7495b667a6945872a3af5238cc4e) Importer(2089858483,192608db42251d675da83286b1cce702)
Start importing Assets/Resources/Levels/1/2.prefab using Guid(ed5b7495b667a6945872a3af5238cc4e) Importer(2089858483,192608db42251d675da83286b1cce702) (ScriptedImporter) -> (artifact id: '573c50a59cc017aa626d253164de026a') in 0.0176915 seconds
Number of updated asset objects reloaded before import = 0Number of asset objects unloaded after import = 850

========================================================================
Received Import Request.
  Time since last request: 2.434316 seconds.
  path: Assets/Resources/Levels/1/2.prefab
  artifactKey: Guid(ed5b7495b667a6945872a3af5238cc4e) Importer(2089858483,192608db42251d675da83286b1cce702)
Start importing Assets/Resources/Levels/1/2.prefab using Guid(ed5b7495b667a6945872a3af5238cc4e) Importer(2089858483,192608db42251d675da83286b1cce702) (ScriptedImporter) -> (artifact id: '7b91b39d71d3d22624efd330a4f03cb9') in 0.0191504 seconds
Number of updated asset objects reloaded before import = 0Number of asset objects unloaded after import = 856

========================================================================
Received Import Request.
  Time since last request: 4.060723 seconds.
  path: Assets/Resources/Levels/1/2.prefab
  artifactKey: Guid(ed5b7495b667a6945872a3af5238cc4e) Importer(2089858483,192608db42251d675da83286b1cce702)
Start importing Assets/Resources/Levels/1/2.prefab using Guid(ed5b7495b667a6945872a3af5238cc4e) Importer(2089858483,192608db42251d675da83286b1cce702) (ScriptedImporter) -> (artifact id: 'e3c29e325b988574e462809badfb5de3') in 0.0209692 seconds
Number of updated asset objects reloaded before import = 0Number of asset objects unloaded after import = 934

========================================================================
Received Import Request.
  Time since last request: 9.689599 seconds.
  path: Assets/Resources/Levels/1/2.prefab
  artifactKey: Guid(ed5b7495b667a6945872a3af5238cc4e) Importer(2089858483,192608db42251d675da83286b1cce702)
Start importing Assets/Resources/Levels/1/2.prefab using Guid(ed5b7495b667a6945872a3af5238cc4e) Importer(2089858483,192608db42251d675da83286b1cce702) (ScriptedImporter) -> (artifact id: '61d72a53f8380679d133a2bde7eab39d') in 0.0186006 seconds
Number of updated asset objects reloaded before import = 0Number of asset objects unloaded after import = 934

========================================================================
Received Import Request.
  Time since last request: 1.973079 seconds.
  path: Assets/Resources/Levels/1/2.prefab
  artifactKey: Guid(ed5b7495b667a6945872a3af5238cc4e) Importer(2089858483,192608db42251d675da83286b1cce702)
Start importing Assets/Resources/Levels/1/2.prefab using Guid(ed5b7495b667a6945872a3af5238cc4e) Importer(2089858483,192608db42251d675da83286b1cce702) (ScriptedImporter) -> (artifact id: 'ec534f931177a9434570e246f04a4bc1') in 0.0196527 seconds
Number of updated asset objects reloaded before import = 0Number of asset objects unloaded after import = 934

========================================================================
Received Import Request.
  Time since last request: 3.786876 seconds.
  path: Assets/Resources/Levels/1/2.prefab
  artifactKey: Guid(ed5b7495b667a6945872a3af5238cc4e) Importer(2089858483,192608db42251d675da83286b1cce702)
Start importing Assets/Resources/Levels/1/2.prefab using Guid(ed5b7495b667a6945872a3af5238cc4e) Importer(2089858483,192608db42251d675da83286b1cce702) (ScriptedImporter) -> (artifact id: 'af6d09c593816fc34a616d8bec08bd2a') in 0.0305226 seconds
Number of updated asset objects reloaded before import = 0Number of asset objects unloaded after import = 934

========================================================================
Received Import Request.
  Time since last request: 5.833332 seconds.
  path: Assets/Resources/Levels/1/2.prefab
  artifactKey: Guid(ed5b7495b667a6945872a3af5238cc4e) Importer(2089858483,192608db42251d675da83286b1cce702)
Start importing Assets/Resources/Levels/1/2.prefab using Guid(ed5b7495b667a6945872a3af5238cc4e) Importer(2089858483,192608db42251d675da83286b1cce702) (ScriptedImporter) -> (artifact id: 'da2a0077cc2ae53bce2a648c5db8aff2') in 0.0282019 seconds
Number of updated asset objects reloaded before import = 0Number of asset objects unloaded after import = 934

========================================================================
Received Import Request.
  Time since last request: 2.486077 seconds.
  path: Assets/Resources/Levels/1/2.prefab
  artifactKey: Guid(ed5b7495b667a6945872a3af5238cc4e) Importer(2089858483,192608db42251d675da83286b1cce702)
Start importing Assets/Resources/Levels/1/2.prefab using Guid(ed5b7495b667a6945872a3af5238cc4e) Importer(2089858483,192608db42251d675da83286b1cce702) (ScriptedImporter) -> (artifact id: '668135b6a1159d5e417dbf592cdc4130') in 0.0190612 seconds
Number of updated asset objects reloaded before import = 0Number of asset objects unloaded after import = 934

========================================================================
Received Import Request.
  Time since last request: 12.238827 seconds.
  path: Assets/Resources/Levels/1/2.prefab
  artifactKey: Guid(ed5b7495b667a6945872a3af5238cc4e) Importer(2089858483,192608db42251d675da83286b1cce702)
Start importing Assets/Resources/Levels/1/2.prefab using Guid(ed5b7495b667a6945872a3af5238cc4e) Importer(2089858483,192608db42251d675da83286b1cce702) (ScriptedImporter) -> (artifact id: '8ba3a5d86ab0ffa9bdab27dcb4449420') in 0.021672 seconds
Number of updated asset objects reloaded before import = 0Number of asset objects unloaded after import = 934

========================================================================
Received Import Request.
  Time since last request: 5.611099 seconds.
  path: Assets/Resources/Levels/1/2.prefab
  artifactKey: Guid(ed5b7495b667a6945872a3af5238cc4e) Importer(2089858483,192608db42251d675da83286b1cce702)
Start importing Assets/Resources/Levels/1/2.prefab using Guid(ed5b7495b667a6945872a3af5238cc4e) Importer(2089858483,192608db42251d675da83286b1cce702) (ScriptedImporter) -> (artifact id: '835380f63de31403f8bd0b7b36eee3e3') in 0.0200257 seconds
Number of updated asset objects reloaded before import = 0Number of asset objects unloaded after import = 1028

========================================================================
Received Import Request.
  Time since last request: 5.109855 seconds.
  path: Assets/Resources/Levels/1/2.prefab
  artifactKey: Guid(ed5b7495b667a6945872a3af5238cc4e) Importer(2089858483,192608db42251d675da83286b1cce702)
Start importing Assets/Resources/Levels/1/2.prefab using Guid(ed5b7495b667a6945872a3af5238cc4e) Importer(2089858483,192608db42251d675da83286b1cce702) (ScriptedImporter) -> (artifact id: '27fee0c2a0146cbf15f84ce0ddc988b9') in 0.0260335 seconds
Number of updated asset objects reloaded before import = 0Number of asset objects unloaded after import = 1106

========================================================================
Received Import Request.
  Time since last request: 3.759644 seconds.
  path: Assets/Resources/Levels/1/2.prefab
  artifactKey: Guid(ed5b7495b667a6945872a3af5238cc4e) Importer(2089858483,192608db42251d675da83286b1cce702)
Start importing Assets/Resources/Levels/1/2.prefab using Guid(ed5b7495b667a6945872a3af5238cc4e) Importer(2089858483,192608db42251d675da83286b1cce702) (ScriptedImporter) -> (artifact id: '69c6c587b461cead5ddb999940e9769f') in 0.0211275 seconds
Number of updated asset objects reloaded before import = 0Number of asset objects unloaded after import = 1106

========================================================================
Received Import Request.
  Time since last request: 5.557148 seconds.
  path: Assets/Resources/Levels/1/2.prefab
  artifactKey: Guid(ed5b7495b667a6945872a3af5238cc4e) Importer(2089858483,192608db42251d675da83286b1cce702)
Start importing Assets/Resources/Levels/1/2.prefab using Guid(ed5b7495b667a6945872a3af5238cc4e) Importer(2089858483,192608db42251d675da83286b1cce702) (ScriptedImporter) -> (artifact id: '0364779091c902cc398cc4cdd765d26e') in 0.0210724 seconds
Number of updated asset objects reloaded before import = 0Number of asset objects unloaded after import = 1112

========================================================================
Received Import Request.
  Time since last request: 3.391569 seconds.
  path: Assets/Resources/Levels/1/2.prefab
  artifactKey: Guid(ed5b7495b667a6945872a3af5238cc4e) Importer(2089858483,192608db42251d675da83286b1cce702)
Start importing Assets/Resources/Levels/1/2.prefab using Guid(ed5b7495b667a6945872a3af5238cc4e) Importer(2089858483,192608db42251d675da83286b1cce702) (ScriptedImporter) -> (artifact id: 'df21d4b380f1a5f6929f0e1cd3335894') in 0.0455643 seconds
Number of updated asset objects reloaded before import = 0Number of asset objects unloaded after import = 1190

========================================================================
Received Import Request.
  Time since last request: 4.396822 seconds.
  path: Assets/Resources/Levels/1/2.prefab
  artifactKey: Guid(ed5b7495b667a6945872a3af5238cc4e) Importer(2089858483,192608db42251d675da83286b1cce702)
Start importing Assets/Resources/Levels/1/2.prefab using Guid(ed5b7495b667a6945872a3af5238cc4e) Importer(2089858483,192608db42251d675da83286b1cce702) (ScriptedImporter) -> (artifact id: '65ee94ab12480177dc4dbc5c0f9c8c37') in 0.0279807 seconds
Number of updated asset objects reloaded before import = 0Number of asset objects unloaded after import = 1195

========================================================================
Received Import Request.
  Time since last request: 4.011590 seconds.
  path: Assets/Resources/Levels/1/2.prefab
  artifactKey: Guid(ed5b7495b667a6945872a3af5238cc4e) Importer(2089858483,192608db42251d675da83286b1cce702)
Start importing Assets/Resources/Levels/1/2.prefab using Guid(ed5b7495b667a6945872a3af5238cc4e) Importer(2089858483,192608db42251d675da83286b1cce702) (ScriptedImporter) -> (artifact id: '4c0b22744afae4531025c45a83405565') in 0.0301681 seconds
Number of updated asset objects reloaded before import = 0Number of asset objects unloaded after import = 1200

========================================================================
Received Import Request.
  Time since last request: 27.141964 seconds.
  path: Assets/Resources/Levels/1/1.prefab
  artifactKey: Guid(29b59527bc0894d468c24301aa46de27) Importer(815301076,1909f56bfc062723c751e8b465ee728b)
Start importing Assets/Resources/Levels/1/1.prefab using Guid(29b59527bc0894d468c24301aa46de27) Importer(815301076,1909f56bfc062723c751e8b465ee728b) (PreviewImporter) -> (artifact id: '1d7fa19e53a68a5b24ece1278bcc8aae') in 0.0586244 seconds
Number of updated asset objects reloaded before import = 0Number of asset objects unloaded after import = 1437

========================================================================
Received Import Request.
  Time since last request: 4.202150 seconds.
  path: Assets/Resources/Levels/1/1.prefab
  artifactKey: Guid(29b59527bc0894d468c24301aa46de27) Importer(2089858483,192608db42251d675da83286b1cce702)
Start importing Assets/Resources/Levels/1/1.prefab using Guid(29b59527bc0894d468c24301aa46de27) Importer(2089858483,192608db42251d675da83286b1cce702) (ScriptedImporter) -> (artifact id: '8c92f79e8e6f13c12262a6077c71b5b4') in 0.0224861 seconds
Number of updated asset objects reloaded before import = 0Number of asset objects unloaded after import = 1189

========================================================================
Received Import Request.
  Time since last request: 2.732116 seconds.
  path: Assets/Resources/Levels/1/1.prefab
  artifactKey: Guid(29b59527bc0894d468c24301aa46de27) Importer(2089858483,192608db42251d675da83286b1cce702)
Start importing Assets/Resources/Levels/1/1.prefab using Guid(29b59527bc0894d468c24301aa46de27) Importer(2089858483,192608db42251d675da83286b1cce702) (ScriptedImporter) -> (artifact id: '020af717490ac21508d87e1cdf11bbce') in 0.0313828 seconds
Number of updated asset objects reloaded before import = 0Number of asset objects unloaded after import = 1189

========================================================================
Received Import Request.
  Time since last request: 3.612695 seconds.
  path: Assets/Resources/Levels/1/1.prefab
  artifactKey: Guid(29b59527bc0894d468c24301aa46de27) Importer(2089858483,192608db42251d675da83286b1cce702)
Start importing Assets/Resources/Levels/1/1.prefab using Guid(29b59527bc0894d468c24301aa46de27) Importer(2089858483,192608db42251d675da83286b1cce702) (ScriptedImporter) -> (artifact id: 'af0484ec11fee79d227d187ff053aff1') in 0.0328722 seconds
Number of updated asset objects reloaded before import = 0Number of asset objects unloaded after import = 1194

========================================================================
Received Import Request.
  Time since last request: 3.137787 seconds.
  path: Assets/Resources/Levels/1/1.prefab
  artifactKey: Guid(29b59527bc0894d468c24301aa46de27) Importer(2089858483,192608db42251d675da83286b1cce702)
Start importing Assets/Resources/Levels/1/1.prefab using Guid(29b59527bc0894d468c24301aa46de27) Importer(2089858483,192608db42251d675da83286b1cce702) (ScriptedImporter) -> (artifact id: 'e3d9cc8b1d2f2be295cb26dc55201fba') in 0.0277162 seconds
Number of updated asset objects reloaded before import = 0Number of asset objects unloaded after import = 1194

========================================================================
Received Import Request.
  Time since last request: 4.996938 seconds.
  path: Assets/Resources/Levels/1/1.prefab
  artifactKey: Guid(29b59527bc0894d468c24301aa46de27) Importer(2089858483,192608db42251d675da83286b1cce702)
Start importing Assets/Resources/Levels/1/1.prefab using Guid(29b59527bc0894d468c24301aa46de27) Importer(2089858483,192608db42251d675da83286b1cce702) (ScriptedImporter) -> (artifact id: '7be6355e9dabd8ae021d89b3fbb92d2b') in 0.0251681 seconds
Number of updated asset objects reloaded before import = 0Number of asset objects unloaded after import = 1194

========================================================================
Received Import Request.
  Time since last request: 6.527221 seconds.
  path: Assets/Resources/Levels/1/1.prefab
  artifactKey: Guid(29b59527bc0894d468c24301aa46de27) Importer(2089858483,192608db42251d675da83286b1cce702)
Start importing Assets/Resources/Levels/1/1.prefab using Guid(29b59527bc0894d468c24301aa46de27) Importer(2089858483,192608db42251d675da83286b1cce702) (ScriptedImporter) -> (artifact id: 'f3b5e0a27a2e68a174e8715d200a5eff') in 0.0291042 seconds
Number of updated asset objects reloaded before import = 0Number of asset objects unloaded after import = 1199

========================================================================
Received Import Request.
  Time since last request: 1.866735 seconds.
  path: Assets/Resources/Levels/1/1.prefab
  artifactKey: Guid(29b59527bc0894d468c24301aa46de27) Importer(2089858483,192608db42251d675da83286b1cce702)
Start importing Assets/Resources/Levels/1/1.prefab using Guid(29b59527bc0894d468c24301aa46de27) Importer(2089858483,192608db42251d675da83286b1cce702) (ScriptedImporter) -> (artifact id: 'de2375aa57a2672232f5c7eaeccae704') in 0.0257172 seconds
Number of updated asset objects reloaded before import = 0Number of asset objects unloaded after import = 1204

========================================================================
Received Import Request.
  Time since last request: 4.140140 seconds.
  path: Assets/Resources/Levels/1/1.prefab
  artifactKey: Guid(29b59527bc0894d468c24301aa46de27) Importer(2089858483,192608db42251d675da83286b1cce702)
Start importing Assets/Resources/Levels/1/1.prefab using Guid(29b59527bc0894d468c24301aa46de27) Importer(2089858483,192608db42251d675da83286b1cce702) (ScriptedImporter) -> (artifact id: '31d638ac6606139eff577b34c8065dbe') in 0.0297827 seconds
Number of updated asset objects reloaded before import = 0Number of asset objects unloaded after import = 1204

========================================================================
Received Import Request.
  Time since last request: 2.766068 seconds.
  path: Assets/Resources/Levels/1/1.prefab
  artifactKey: Guid(29b59527bc0894d468c24301aa46de27) Importer(2089858483,192608db42251d675da83286b1cce702)
Start importing Assets/Resources/Levels/1/1.prefab using Guid(29b59527bc0894d468c24301aa46de27) Importer(2089858483,192608db42251d675da83286b1cce702) (ScriptedImporter) -> (artifact id: '049cea0be03556635ea9ebc62f53ecb1') in 0.0252595 seconds
Number of updated asset objects reloaded before import = 0Number of asset objects unloaded after import = 1204

========================================================================
Received Import Request.
  Time since last request: 2.158190 seconds.
  path: Assets/Resources/Levels/1/1.prefab
  artifactKey: Guid(29b59527bc0894d468c24301aa46de27) Importer(2089858483,192608db42251d675da83286b1cce702)
Start importing Assets/Resources/Levels/1/1.prefab using Guid(29b59527bc0894d468c24301aa46de27) Importer(2089858483,192608db42251d675da83286b1cce702) (ScriptedImporter) -> (artifact id: '47054a2f69dfd19f1a0d9baef025c392') in 0.0284654 seconds
Number of updated asset objects reloaded before import = 0Number of asset objects unloaded after import = 1204

========================================================================
Received Import Request.
  Time since last request: 3.147919 seconds.
  path: Assets/Resources/Levels/1/1.prefab
  artifactKey: Guid(29b59527bc0894d468c24301aa46de27) Importer(2089858483,192608db42251d675da83286b1cce702)
Start importing Assets/Resources/Levels/1/1.prefab using Guid(29b59527bc0894d468c24301aa46de27) Importer(2089858483,192608db42251d675da83286b1cce702) (ScriptedImporter) -> (artifact id: 'ae84a8977510864203564ea51fd3f5bd') in 0.0297354 seconds
Number of updated asset objects reloaded before import = 0Number of asset objects unloaded after import = 1204

========================================================================
Received Import Request.
  Time since last request: 1.983522 seconds.
  path: Assets/Resources/Levels/1/1.prefab
  artifactKey: Guid(29b59527bc0894d468c24301aa46de27) Importer(2089858483,192608db42251d675da83286b1cce702)
Start importing Assets/Resources/Levels/1/1.prefab using Guid(29b59527bc0894d468c24301aa46de27) Importer(2089858483,192608db42251d675da83286b1cce702) (ScriptedImporter) -> (artifact id: '5566cf503ede7be16d9da8f5749c6f3c') in 0.0221625 seconds
Number of updated asset objects reloaded before import = 0Number of asset objects unloaded after import = 1204

========================================================================
Received Import Request.
  Time since last request: 1.741604 seconds.
  path: Assets/Resources/Levels/1/1.prefab
  artifactKey: Guid(29b59527bc0894d468c24301aa46de27) Importer(2089858483,192608db42251d675da83286b1cce702)
Start importing Assets/Resources/Levels/1/1.prefab using Guid(29b59527bc0894d468c24301aa46de27) Importer(2089858483,192608db42251d675da83286b1cce702) (ScriptedImporter) -> (artifact id: '9642185ae2034ecc49ffd606ddd43002') in 0.040436 seconds
Number of updated asset objects reloaded before import = 0Number of asset objects unloaded after import = 1204

========================================================================
Received Import Request.
  Time since last request: 2.798813 seconds.
  path: Assets/Resources/Levels/1/1.prefab
  artifactKey: Guid(29b59527bc0894d468c24301aa46de27) Importer(2089858483,192608db42251d675da83286b1cce702)
Start importing Assets/Resources/Levels/1/1.prefab using Guid(29b59527bc0894d468c24301aa46de27) Importer(2089858483,192608db42251d675da83286b1cce702) (ScriptedImporter) -> (artifact id: '9a44bf96e9d760e634e81f6ac4173e63') in 0.0280473 seconds
Number of updated asset objects reloaded before import = 0Number of asset objects unloaded after import = 1204

========================================================================
Received Import Request.
  Time since last request: 1.942625 seconds.
  path: Assets/Resources/Levels/1/1.prefab
  artifactKey: Guid(29b59527bc0894d468c24301aa46de27) Importer(2089858483,192608db42251d675da83286b1cce702)
Start importing Assets/Resources/Levels/1/1.prefab using Guid(29b59527bc0894d468c24301aa46de27) Importer(2089858483,192608db42251d675da83286b1cce702) (ScriptedImporter) -> (artifact id: 'd5da1cc5dd91013c37c8d5b88b123e59') in 0.0290848 seconds
Number of updated asset objects reloaded before import = 0Number of asset objects unloaded after import = 1204

========================================================================
Received Import Request.
  Time since last request: 10.378440 seconds.
  path: Assets/Resources/Levels/1/1.prefab
  artifactKey: Guid(29b59527bc0894d468c24301aa46de27) Importer(2089858483,192608db42251d675da83286b1cce702)
Start importing Assets/Resources/Levels/1/1.prefab using Guid(29b59527bc0894d468c24301aa46de27) Importer(2089858483,192608db42251d675da83286b1cce702) (ScriptedImporter) -> (artifact id: '0c9862a0eee4a01f2427d9a52b934166') in 0.0232525 seconds
Number of updated asset objects reloaded before import = 0Number of asset objects unloaded after import = 1204

========================================================================
Received Import Request.
  Time since last request: 0.806077 seconds.
  path: Assets/Resources/Levels/1/1.prefab
  artifactKey: Guid(29b59527bc0894d468c24301aa46de27) Importer(2089858483,192608db42251d675da83286b1cce702)
Start importing Assets/Resources/Levels/1/1.prefab using Guid(29b59527bc0894d468c24301aa46de27) Importer(2089858483,192608db42251d675da83286b1cce702) (ScriptedImporter) -> (artifact id: '2608ec78ffa019b39cca127ef067f360') in 0.0261016 seconds
Number of updated asset objects reloaded before import = 0Number of asset objects unloaded after import = 1204

========================================================================
Received Import Request.
  Time since last request: 2.509348 seconds.
  path: Assets/Resources/Levels/1/1.prefab
  artifactKey: Guid(29b59527bc0894d468c24301aa46de27) Importer(2089858483,192608db42251d675da83286b1cce702)
Start importing Assets/Resources/Levels/1/1.prefab using Guid(29b59527bc0894d468c24301aa46de27) Importer(2089858483,192608db42251d675da83286b1cce702) (ScriptedImporter) -> (artifact id: '18448928955478b4e6bac7d5c5db57ef') in 0.0290228 seconds
Number of updated asset objects reloaded before import = 0Number of asset objects unloaded after import = 1204

========================================================================
Received Import Request.
  Time since last request: 3.163763 seconds.
  path: Assets/Resources/Levels/1/1.prefab
  artifactKey: Guid(29b59527bc0894d468c24301aa46de27) Importer(2089858483,192608db42251d675da83286b1cce702)
Start importing Assets/Resources/Levels/1/1.prefab using Guid(29b59527bc0894d468c24301aa46de27) Importer(2089858483,192608db42251d675da83286b1cce702) (ScriptedImporter) -> (artifact id: '257bdec78da48aa5a779f69f2a58b146') in 0.032909 seconds
Number of updated asset objects reloaded before import = 0Number of asset objects unloaded after import = 1204

========================================================================
Received Import Request.
  Time since last request: 3.334994 seconds.
  path: Assets/Resources/Levels/1/1.prefab
  artifactKey: Guid(29b59527bc0894d468c24301aa46de27) Importer(2089858483,192608db42251d675da83286b1cce702)
Start importing Assets/Resources/Levels/1/1.prefab using Guid(29b59527bc0894d468c24301aa46de27) Importer(2089858483,192608db42251d675da83286b1cce702) (ScriptedImporter) -> (artifact id: '9a1d5ad58943636b5f8fc98b00618417') in 0.0230432 seconds
Number of updated asset objects reloaded before import = 0Number of asset objects unloaded after import = 1204

========================================================================
Received Import Request.
  Time since last request: 19.909426 seconds.
  path: Assets/Resources/Levels/1/1.prefab
  artifactKey: Guid(29b59527bc0894d468c24301aa46de27) Importer(2089858483,192608db42251d675da83286b1cce702)
Start importing Assets/Resources/Levels/1/1.prefab using Guid(29b59527bc0894d468c24301aa46de27) Importer(2089858483,192608db42251d675da83286b1cce702) (ScriptedImporter) -> (artifact id: '14136a5a8280736cf21ce704c8aa5241') in 0.0335836 seconds
Number of updated asset objects reloaded before import = 0Number of asset objects unloaded after import = 1204

========================================================================
Received Import Request.
  Time since last request: 1.741668 seconds.
  path: Assets/Resources/Levels/1/1.prefab
  artifactKey: Guid(29b59527bc0894d468c24301aa46de27) Importer(2089858483,192608db42251d675da83286b1cce702)
Start importing Assets/Resources/Levels/1/1.prefab using Guid(29b59527bc0894d468c24301aa46de27) Importer(2089858483,192608db42251d675da83286b1cce702) (ScriptedImporter) -> (artifact id: 'daacf4b54d47ce5e38498e866b1d5979') in 0.0288168 seconds
Number of updated asset objects reloaded before import = 0Number of asset objects unloaded after import = 1204

========================================================================
Received Import Request.
  Time since last request: 3.766336 seconds.
  path: Assets/Resources/Levels/1/1.prefab
  artifactKey: Guid(29b59527bc0894d468c24301aa46de27) Importer(2089858483,192608db42251d675da83286b1cce702)
Start importing Assets/Resources/Levels/1/1.prefab using Guid(29b59527bc0894d468c24301aa46de27) Importer(2089858483,192608db42251d675da83286b1cce702) (ScriptedImporter) -> (artifact id: '1e99b220c1e285def130e77a1062ea35') in 0.0246522 seconds
Number of updated asset objects reloaded before import = 0Number of asset objects unloaded after import = 1204

========================================================================
Received Import Request.
  Time since last request: 4.612305 seconds.
  path: Assets/Resources/Levels/1/1.prefab
  artifactKey: Guid(29b59527bc0894d468c24301aa46de27) Importer(2089858483,192608db42251d675da83286b1cce702)
Start importing Assets/Resources/Levels/1/1.prefab using Guid(29b59527bc0894d468c24301aa46de27) Importer(2089858483,192608db42251d675da83286b1cce702) (ScriptedImporter) -> (artifact id: '91e253d7206ca1745223e86227b0ca02') in 0.0402593 seconds
Number of updated asset objects reloaded before import = 0Number of asset objects unloaded after import = 1298

========================================================================
Received Import Request.
  Time since last request: 3.270597 seconds.
  path: Assets/Resources/Levels/1/1.prefab
  artifactKey: Guid(29b59527bc0894d468c24301aa46de27) Importer(2089858483,192608db42251d675da83286b1cce702)
Start importing Assets/Resources/Levels/1/1.prefab using Guid(29b59527bc0894d468c24301aa46de27) Importer(2089858483,192608db42251d675da83286b1cce702) (ScriptedImporter) -> (artifact id: '13e54dd7b2ee39b15e174cdcbf71ef9b') in 0.0335533 seconds
Number of updated asset objects reloaded before import = 0Number of asset objects unloaded after import = 1303

========================================================================
Received Import Request.
  Time since last request: 3.066159 seconds.
  path: Assets/Resources/Levels/1/1.prefab
  artifactKey: Guid(29b59527bc0894d468c24301aa46de27) Importer(2089858483,192608db42251d675da83286b1cce702)
Start importing Assets/Resources/Levels/1/1.prefab using Guid(29b59527bc0894d468c24301aa46de27) Importer(2089858483,192608db42251d675da83286b1cce702) (ScriptedImporter) -> (artifact id: 'a8b1266a93aa8163c18c22cb375608e7') in 0.029145 seconds
Number of updated asset objects reloaded before import = 0Number of asset objects unloaded after import = 1308

========================================================================
Received Import Request.
  Time since last request: 3.650197 seconds.
  path: Assets/Resources/Levels/1/1.prefab
  artifactKey: Guid(29b59527bc0894d468c24301aa46de27) Importer(2089858483,192608db42251d675da83286b1cce702)
Start importing Assets/Resources/Levels/1/1.prefab using Guid(29b59527bc0894d468c24301aa46de27) Importer(2089858483,192608db42251d675da83286b1cce702) (ScriptedImporter) -> (artifact id: '508fec59cec10ec47abc110cf8ac129d') in 0.0255539 seconds
Number of updated asset objects reloaded before import = 0Number of asset objects unloaded after import = 1313

========================================================================
Received Import Request.
  Time since last request: 5.542837 seconds.
  path: Assets/Resources/Levels/1/3.prefab
  artifactKey: Guid(f3cf4ce04b8389a4fb9a08212d7e6756) Importer(815301076,1909f56bfc062723c751e8b465ee728b)
Start importing Assets/Resources/Levels/1/3.prefab using Guid(f3cf4ce04b8389a4fb9a08212d7e6756) Importer(815301076,1909f56bfc062723c751e8b465ee728b) (PreviewImporter) -> (artifact id: '3cf18cde7036c25628f3675e627349cb') in 0.0142339 seconds
Number of updated asset objects reloaded before import = 0Number of asset objects unloaded after import = 72

========================================================================
Received Import Request.
  Time since last request: 12.098909 seconds.
  path: Assets/Resources/Levels/1/3.prefab
  artifactKey: Guid(f3cf4ce04b8389a4fb9a08212d7e6756) Importer(2089858483,192608db42251d675da83286b1cce702)
Start importing Assets/Resources/Levels/1/3.prefab using Guid(f3cf4ce04b8389a4fb9a08212d7e6756) Importer(2089858483,192608db42251d675da83286b1cce702) (ScriptedImporter) -> (artifact id: '631a75a046cfc2ccd5f6b3601af0d406') in 0.0076495 seconds
Number of updated asset objects reloaded before import = 0Number of asset objects unloaded after import = 52

========================================================================
Received Import Request.
  Time since last request: 7.211549 seconds.
  path: Assets/Resources/Levels/1/3.prefab
  artifactKey: Guid(f3cf4ce04b8389a4fb9a08212d7e6756) Importer(2089858483,192608db42251d675da83286b1cce702)
Start importing Assets/Resources/Levels/1/3.prefab using Guid(f3cf4ce04b8389a4fb9a08212d7e6756) Importer(2089858483,192608db42251d675da83286b1cce702) (ScriptedImporter) -> (artifact id: 'db7af822274717a9d35064a9b34206a3') in 0.0096151 seconds
Number of updated asset objects reloaded before import = 0Number of asset objects unloaded after import = 52

========================================================================
Received Import Request.
  Time since last request: 3.171791 seconds.
  path: Assets/Resources/Levels/1/3.prefab
  artifactKey: Guid(f3cf4ce04b8389a4fb9a08212d7e6756) Importer(2089858483,192608db42251d675da83286b1cce702)
Start importing Assets/Resources/Levels/1/3.prefab using Guid(f3cf4ce04b8389a4fb9a08212d7e6756) Importer(2089858483,192608db42251d675da83286b1cce702) (ScriptedImporter) -> (artifact id: '1a8ab343be7f229eff62a9a60988a381') in 0.0067726 seconds
Number of updated asset objects reloaded before import = 0Number of asset objects unloaded after import = 52

========================================================================
Received Import Request.
  Time since last request: 4.816148 seconds.
  path: Assets/Resources/Levels/1/3.prefab
  artifactKey: Guid(f3cf4ce04b8389a4fb9a08212d7e6756) Importer(2089858483,192608db42251d675da83286b1cce702)
Start importing Assets/Resources/Levels/1/3.prefab using Guid(f3cf4ce04b8389a4fb9a08212d7e6756) Importer(2089858483,192608db42251d675da83286b1cce702) (ScriptedImporter) -> (artifact id: '4e09d7d93ebf59194a4b8d085dd2157e') in 0.0072261 seconds
Number of updated asset objects reloaded before import = 0Number of asset objects unloaded after import = 52

========================================================================
Received Import Request.
  Time since last request: 12.055723 seconds.
  path: Assets/Resources/Levels/1/3.prefab
  artifactKey: Guid(f3cf4ce04b8389a4fb9a08212d7e6756) Importer(2089858483,192608db42251d675da83286b1cce702)
Start importing Assets/Resources/Levels/1/3.prefab using Guid(f3cf4ce04b8389a4fb9a08212d7e6756) Importer(2089858483,192608db42251d675da83286b1cce702) (ScriptedImporter) -> (artifact id: '756582f020e86963dc9539e87d7304d7') in 0.0075904 seconds
Number of updated asset objects reloaded before import = 0Number of asset objects unloaded after import = 52

========================================================================
Received Import Request.
  Time since last request: 1.964282 seconds.
  path: Assets/Resources/Levels/1/3.prefab
  artifactKey: Guid(f3cf4ce04b8389a4fb9a08212d7e6756) Importer(2089858483,192608db42251d675da83286b1cce702)
Start importing Assets/Resources/Levels/1/3.prefab using Guid(f3cf4ce04b8389a4fb9a08212d7e6756) Importer(2089858483,192608db42251d675da83286b1cce702) (ScriptedImporter) -> (artifact id: '50c134555d3c5c17e737e88d58ba98c9') in 0.0091066 seconds
Number of updated asset objects reloaded before import = 0Number of asset objects unloaded after import = 52

========================================================================
Received Import Request.
  Time since last request: 4.389737 seconds.
  path: Assets/Resources/Levels/1/3.prefab
  artifactKey: Guid(f3cf4ce04b8389a4fb9a08212d7e6756) Importer(2089858483,192608db42251d675da83286b1cce702)
Start importing Assets/Resources/Levels/1/3.prefab using Guid(f3cf4ce04b8389a4fb9a08212d7e6756) Importer(2089858483,192608db42251d675da83286b1cce702) (ScriptedImporter) -> (artifact id: '1546077b281d9c49fdf1a8567519ac87') in 0.0064767 seconds
Number of updated asset objects reloaded before import = 0Number of asset objects unloaded after import = 52

========================================================================
Received Import Request.
  Time since last request: 9.881816 seconds.
  path: Assets/Resources/Levels/1/3.prefab
  artifactKey: Guid(f3cf4ce04b8389a4fb9a08212d7e6756) Importer(2089858483,192608db42251d675da83286b1cce702)
Start importing Assets/Resources/Levels/1/3.prefab using Guid(f3cf4ce04b8389a4fb9a08212d7e6756) Importer(2089858483,192608db42251d675da83286b1cce702) (ScriptedImporter) -> (artifact id: 'e3ccc5f80ae633c0158e2a32dbf7dda6') in 0.0067191 seconds
Number of updated asset objects reloaded before import = 0Number of asset objects unloaded after import = 52

========================================================================
Received Import Request.
  Time since last request: 3.796188 seconds.
  path: Assets/Resources/Levels/1/3.prefab
  artifactKey: Guid(f3cf4ce04b8389a4fb9a08212d7e6756) Importer(2089858483,192608db42251d675da83286b1cce702)
Start importing Assets/Resources/Levels/1/3.prefab using Guid(f3cf4ce04b8389a4fb9a08212d7e6756) Importer(2089858483,192608db42251d675da83286b1cce702) (ScriptedImporter) -> (artifact id: 'f41e45e3952fbc4fd5d1bc9bcedf5240') in 0.0064399 seconds
Number of updated asset objects reloaded before import = 0Number of asset objects unloaded after import = 52

========================================================================
Received Import Request.
  Time since last request: 10.010039 seconds.
  path: Assets/Resources/Levels/1/3.prefab
  artifactKey: Guid(f3cf4ce04b8389a4fb9a08212d7e6756) Importer(2089858483,192608db42251d675da83286b1cce702)
Start importing Assets/Resources/Levels/1/3.prefab using Guid(f3cf4ce04b8389a4fb9a08212d7e6756) Importer(2089858483,192608db42251d675da83286b1cce702) (ScriptedImporter) -> (artifact id: '6b09a57b2bbd5559549704a47865427e') in 0.0073288 seconds
Number of updated asset objects reloaded before import = 0Number of asset objects unloaded after import = 52

========================================================================
Received Import Request.
  Time since last request: 14.889214 seconds.
  path: Assets/Resources/Levels/1/3.prefab
  artifactKey: Guid(f3cf4ce04b8389a4fb9a08212d7e6756) Importer(2089858483,192608db42251d675da83286b1cce702)
Start importing Assets/Resources/Levels/1/3.prefab using Guid(f3cf4ce04b8389a4fb9a08212d7e6756) Importer(2089858483,192608db42251d675da83286b1cce702) (ScriptedImporter) -> (artifact id: '246f89e2a898c275ae35a79034860f21') in 0.0075045 seconds
Number of updated asset objects reloaded before import = 0Number of asset objects unloaded after import = 52

========================================================================
Received Import Request.
  Time since last request: 6.019538 seconds.
  path: Assets/Resources/Levels/1/3.prefab
  artifactKey: Guid(f3cf4ce04b8389a4fb9a08212d7e6756) Importer(2089858483,192608db42251d675da83286b1cce702)
Start importing Assets/Resources/Levels/1/3.prefab using Guid(f3cf4ce04b8389a4fb9a08212d7e6756) Importer(2089858483,192608db42251d675da83286b1cce702) (ScriptedImporter) -> (artifact id: '7341067ca35fa0e460aec3cdaa0637f0') in 0.0063071 seconds
Number of updated asset objects reloaded before import = 0Number of asset objects unloaded after import = 52

========================================================================
Received Import Request.
  Time since last request: 22.903298 seconds.
  path: Assets/Resources/Levels/1/3.prefab
  artifactKey: Guid(f3cf4ce04b8389a4fb9a08212d7e6756) Importer(2089858483,192608db42251d675da83286b1cce702)
Start importing Assets/Resources/Levels/1/3.prefab using Guid(f3cf4ce04b8389a4fb9a08212d7e6756) Importer(2089858483,192608db42251d675da83286b1cce702) (ScriptedImporter) -> (artifact id: '960bc6141496ab9909f979ac8bcec1f3') in 0.0066929 seconds
Number of updated asset objects reloaded before import = 0Number of asset objects unloaded after import = 57

========================================================================
Received Import Request.
  Time since last request: 2.234176 seconds.
  path: Assets/Resources/Levels/1/3.prefab
  artifactKey: Guid(f3cf4ce04b8389a4fb9a08212d7e6756) Importer(2089858483,192608db42251d675da83286b1cce702)
Start importing Assets/Resources/Levels/1/3.prefab using Guid(f3cf4ce04b8389a4fb9a08212d7e6756) Importer(2089858483,192608db42251d675da83286b1cce702) (ScriptedImporter) -> (artifact id: '7ea00f007180a33a6bcfba9a187546da') in 0.0074837 seconds
Number of updated asset objects reloaded before import = 0Number of asset objects unloaded after import = 62

========================================================================
Received Import Request.
  Time since last request: 1.998730 seconds.
  path: Assets/Resources/Levels/1/3.prefab
  artifactKey: Guid(f3cf4ce04b8389a4fb9a08212d7e6756) Importer(2089858483,192608db42251d675da83286b1cce702)
Start importing Assets/Resources/Levels/1/3.prefab using Guid(f3cf4ce04b8389a4fb9a08212d7e6756) Importer(2089858483,192608db42251d675da83286b1cce702) (ScriptedImporter) -> (artifact id: 'a48ba9c48ed0fb3991d54a99b8c832c7') in 0.0080292 seconds
Number of updated asset objects reloaded before import = 0Number of asset objects unloaded after import = 67

========================================================================
Received Import Request.
  Time since last request: 3.219436 seconds.
  path: Assets/Resources/Levels/1/3.prefab
  artifactKey: Guid(f3cf4ce04b8389a4fb9a08212d7e6756) Importer(2089858483,192608db42251d675da83286b1cce702)
Start importing Assets/Resources/Levels/1/3.prefab using Guid(f3cf4ce04b8389a4fb9a08212d7e6756) Importer(2089858483,192608db42251d675da83286b1cce702) (ScriptedImporter) -> (artifact id: 'a012fe042be76a83f50e9f0736113341') in 0.0093314 seconds
Number of updated asset objects reloaded before import = 0Number of asset objects unloaded after import = 72

========================================================================
Received Import Request.
  Time since last request: 6.001937 seconds.
  path: Assets/Resources/Levels/1/3.prefab
  artifactKey: Guid(f3cf4ce04b8389a4fb9a08212d7e6756) Importer(2089858483,192608db42251d675da83286b1cce702)
Start importing Assets/Resources/Levels/1/3.prefab using Guid(f3cf4ce04b8389a4fb9a08212d7e6756) Importer(2089858483,192608db42251d675da83286b1cce702) (ScriptedImporter) -> (artifact id: '28bfcb9ae9ec3fb2fc8677a617d7fb13') in 0.0074307 seconds
Number of updated asset objects reloaded before import = 0Number of asset objects unloaded after import = 72

========================================================================
Received Import Request.
  Time since last request: 1.963456 seconds.
  path: Assets/Resources/Levels/1/3.prefab
  artifactKey: Guid(f3cf4ce04b8389a4fb9a08212d7e6756) Importer(2089858483,192608db42251d675da83286b1cce702)
Start importing Assets/Resources/Levels/1/3.prefab using Guid(f3cf4ce04b8389a4fb9a08212d7e6756) Importer(2089858483,192608db42251d675da83286b1cce702) (ScriptedImporter) -> (artifact id: 'ef18c182c10b2145ccb5f249e27cb374') in 0.0084505 seconds
Number of updated asset objects reloaded before import = 0Number of asset objects unloaded after import = 72

========================================================================
Received Import Request.
  Time since last request: 6.401216 seconds.
  path: Assets/Resources/Levels/1/3.prefab
  artifactKey: Guid(f3cf4ce04b8389a4fb9a08212d7e6756) Importer(2089858483,192608db42251d675da83286b1cce702)
Start importing Assets/Resources/Levels/1/3.prefab using Guid(f3cf4ce04b8389a4fb9a08212d7e6756) Importer(2089858483,192608db42251d675da83286b1cce702) (ScriptedImporter) -> (artifact id: '559181a0eabf4ac008962cb3b3e9cf57') in 0.0079808 seconds
Number of updated asset objects reloaded before import = 0Number of asset objects unloaded after import = 72

========================================================================
Received Import Request.
  Time since last request: 3.167604 seconds.
  path: Assets/Resources/Levels/1/3.prefab
  artifactKey: Guid(f3cf4ce04b8389a4fb9a08212d7e6756) Importer(2089858483,192608db42251d675da83286b1cce702)
Start importing Assets/Resources/Levels/1/3.prefab using Guid(f3cf4ce04b8389a4fb9a08212d7e6756) Importer(2089858483,192608db42251d675da83286b1cce702) (ScriptedImporter) -> (artifact id: '54326d5cfc559911dbb2908cbd5a77bb') in 0.0078215 seconds
Number of updated asset objects reloaded before import = 0Number of asset objects unloaded after import = 77

========================================================================
Received Import Request.
  Time since last request: 9.979457 seconds.
  path: Assets/Resources/Levels/1/3.prefab
  artifactKey: Guid(f3cf4ce04b8389a4fb9a08212d7e6756) Importer(2089858483,192608db42251d675da83286b1cce702)
Start importing Assets/Resources/Levels/1/3.prefab using Guid(f3cf4ce04b8389a4fb9a08212d7e6756) Importer(2089858483,192608db42251d675da83286b1cce702) (ScriptedImporter) -> (artifact id: '5b240da4089cf065cc19364658800af5') in 0.0085322 seconds
Number of updated asset objects reloaded before import = 0Number of asset objects unloaded after import = 82

========================================================================
Received Import Request.
  Time since last request: 4.796324 seconds.
  path: Assets/Resources/Levels/1/3.prefab
  artifactKey: Guid(f3cf4ce04b8389a4fb9a08212d7e6756) Importer(2089858483,192608db42251d675da83286b1cce702)
Start importing Assets/Resources/Levels/1/3.prefab using Guid(f3cf4ce04b8389a4fb9a08212d7e6756) Importer(2089858483,192608db42251d675da83286b1cce702) (ScriptedImporter) -> (artifact id: 'a62c1f46c7af1fed767b64e1fd80abc8') in 0.0074146 seconds
Number of updated asset objects reloaded before import = 0Number of asset objects unloaded after import = 82

========================================================================
Received Import Request.
  Time since last request: 2.363830 seconds.
  path: Assets/Resources/Levels/1/3.prefab
  artifactKey: Guid(f3cf4ce04b8389a4fb9a08212d7e6756) Importer(2089858483,192608db42251d675da83286b1cce702)
Start importing Assets/Resources/Levels/1/3.prefab using Guid(f3cf4ce04b8389a4fb9a08212d7e6756) Importer(2089858483,192608db42251d675da83286b1cce702) (ScriptedImporter) -> (artifact id: '3937738de10df33b6147af158919eb54') in 0.007551 seconds
Number of updated asset objects reloaded before import = 0Number of asset objects unloaded after import = 82

========================================================================
Received Import Request.
  Time since last request: 2.994014 seconds.
  path: Assets/Resources/Levels/1/3.prefab
  artifactKey: Guid(f3cf4ce04b8389a4fb9a08212d7e6756) Importer(2089858483,192608db42251d675da83286b1cce702)
Start importing Assets/Resources/Levels/1/3.prefab using Guid(f3cf4ce04b8389a4fb9a08212d7e6756) Importer(2089858483,192608db42251d675da83286b1cce702) (ScriptedImporter) -> (artifact id: 'fded39c2d768ce61800ae750051810f8') in 0.0083541 seconds
Number of updated asset objects reloaded before import = 0Number of asset objects unloaded after import = 87

========================================================================
Received Import Request.
  Time since last request: 10.082463 seconds.
  path: Assets/Resources/Levels/1/3.prefab
  artifactKey: Guid(f3cf4ce04b8389a4fb9a08212d7e6756) Importer(2089858483,192608db42251d675da83286b1cce702)
Start importing Assets/Resources/Levels/1/3.prefab using Guid(f3cf4ce04b8389a4fb9a08212d7e6756) Importer(2089858483,192608db42251d675da83286b1cce702) (ScriptedImporter) -> (artifact id: 'add7ee1585d2830bb98af1d4ef01b342') in 0.009405 seconds
Number of updated asset objects reloaded before import = 0Number of asset objects unloaded after import = 187

========================================================================
Received Import Request.
  Time since last request: 0.694693 seconds.
  path: Assets/Resources/Levels/1/3.prefab
  artifactKey: Guid(f3cf4ce04b8389a4fb9a08212d7e6756) Importer(2089858483,192608db42251d675da83286b1cce702)
Start importing Assets/Resources/Levels/1/3.prefab using Guid(f3cf4ce04b8389a4fb9a08212d7e6756) Importer(2089858483,192608db42251d675da83286b1cce702) (ScriptedImporter) -> (artifact id: '5c9ef896569fe8bad17acf7ba84c8842') in 0.0088981 seconds
Number of updated asset objects reloaded before import = 0Number of asset objects unloaded after import = 193

========================================================================
Received Import Request.
  Time since last request: 8.045887 seconds.
  path: Assets/Resources/Levels/1/3.prefab
  artifactKey: Guid(f3cf4ce04b8389a4fb9a08212d7e6756) Importer(2089858483,192608db42251d675da83286b1cce702)
Start importing Assets/Resources/Levels/1/3.prefab using Guid(f3cf4ce04b8389a4fb9a08212d7e6756) Importer(2089858483,192608db42251d675da83286b1cce702) (ScriptedImporter) -> (artifact id: '40de485d053f416e5ea5bcefc6ace161') in 0.0134695 seconds
Number of updated asset objects reloaded before import = 0Number of asset objects unloaded after import = 271

========================================================================
Received Import Request.
  Time since last request: 2.265289 seconds.
  path: Assets/Resources/Levels/1/3.prefab
  artifactKey: Guid(f3cf4ce04b8389a4fb9a08212d7e6756) Importer(2089858483,192608db42251d675da83286b1cce702)
Start importing Assets/Resources/Levels/1/3.prefab using Guid(f3cf4ce04b8389a4fb9a08212d7e6756) Importer(2089858483,192608db42251d675da83286b1cce702) (ScriptedImporter) -> (artifact id: '7bb2b3ce9e54ef5950bae3c72cba96e8') in 0.0101233 seconds
Number of updated asset objects reloaded before import = 0Number of asset objects unloaded after import = 277

========================================================================
Received Import Request.
  Time since last request: 4.020733 seconds.
  path: Assets/Resources/Levels/1/3.prefab
  artifactKey: Guid(f3cf4ce04b8389a4fb9a08212d7e6756) Importer(2089858483,192608db42251d675da83286b1cce702)
Start importing Assets/Resources/Levels/1/3.prefab using Guid(f3cf4ce04b8389a4fb9a08212d7e6756) Importer(2089858483,192608db42251d675da83286b1cce702) (ScriptedImporter) -> (artifact id: '3899a4dd122e38b85ad146eb625f981d') in 0.0105489 seconds
Number of updated asset objects reloaded before import = 0Number of asset objects unloaded after import = 283

========================================================================
Received Import Request.
  Time since last request: 2.029602 seconds.
  path: Assets/Resources/Levels/1/3.prefab
  artifactKey: Guid(f3cf4ce04b8389a4fb9a08212d7e6756) Importer(2089858483,192608db42251d675da83286b1cce702)
Start importing Assets/Resources/Levels/1/3.prefab using Guid(f3cf4ce04b8389a4fb9a08212d7e6756) Importer(2089858483,192608db42251d675da83286b1cce702) (ScriptedImporter) -> (artifact id: '1bad5941e32827d9f6af89f44ab10144') in 0.0138722 seconds
Number of updated asset objects reloaded before import = 0Number of asset objects unloaded after import = 289

========================================================================
Received Import Request.
  Time since last request: 3.870609 seconds.
  path: Assets/Resources/Levels/1/3.prefab
  artifactKey: Guid(f3cf4ce04b8389a4fb9a08212d7e6756) Importer(2089858483,192608db42251d675da83286b1cce702)
Start importing Assets/Resources/Levels/1/3.prefab using Guid(f3cf4ce04b8389a4fb9a08212d7e6756) Importer(2089858483,192608db42251d675da83286b1cce702) (ScriptedImporter) -> (artifact id: '705c6492e89f8cf5e1ba6f5ed6e8ff40') in 0.0118212 seconds
Number of updated asset objects reloaded before import = 0Number of asset objects unloaded after import = 367

========================================================================
Received Import Request.
  Time since last request: 3.245224 seconds.
  path: Assets/Resources/Levels/1/3.prefab
  artifactKey: Guid(f3cf4ce04b8389a4fb9a08212d7e6756) Importer(2089858483,192608db42251d675da83286b1cce702)
Start importing Assets/Resources/Levels/1/3.prefab using Guid(f3cf4ce04b8389a4fb9a08212d7e6756) Importer(2089858483,192608db42251d675da83286b1cce702) (ScriptedImporter) -> (artifact id: '2f4abd11057f101cf0acdf8905e45252') in 0.0125172 seconds
Number of updated asset objects reloaded before import = 0Number of asset objects unloaded after import = 461

========================================================================
Received Import Request.
  Time since last request: 2.178358 seconds.
  path: Assets/Resources/Levels/1/3.prefab
  artifactKey: Guid(f3cf4ce04b8389a4fb9a08212d7e6756) Importer(2089858483,192608db42251d675da83286b1cce702)
Start importing Assets/Resources/Levels/1/3.prefab using Guid(f3cf4ce04b8389a4fb9a08212d7e6756) Importer(2089858483,192608db42251d675da83286b1cce702) (ScriptedImporter) -> (artifact id: 'a079c5efb13d82db492d6a49380c4e45') in 0.0197049 seconds
Number of updated asset objects reloaded before import = 0Number of asset objects unloaded after import = 461

========================================================================
Received Import Request.
  Time since last request: 8.406214 seconds.
  path: Assets/Resources/Levels/1/3.prefab
  artifactKey: Guid(f3cf4ce04b8389a4fb9a08212d7e6756) Importer(2089858483,192608db42251d675da83286b1cce702)
Start importing Assets/Resources/Levels/1/3.prefab using Guid(f3cf4ce04b8389a4fb9a08212d7e6756) Importer(2089858483,192608db42251d675da83286b1cce702) (ScriptedImporter) -> (artifact id: '48fe9c92d4d399ade929aad71175a86d') in 0.0143044 seconds
Number of updated asset objects reloaded before import = 0Number of asset objects unloaded after import = 461

========================================================================
Received Import Request.
  Time since last request: 3.608296 seconds.
  path: Assets/Resources/Levels/1/3.prefab
  artifactKey: Guid(f3cf4ce04b8389a4fb9a08212d7e6756) Importer(2089858483,192608db42251d675da83286b1cce702)
Start importing Assets/Resources/Levels/1/3.prefab using Guid(f3cf4ce04b8389a4fb9a08212d7e6756) Importer(2089858483,192608db42251d675da83286b1cce702) (ScriptedImporter) -> (artifact id: '66d012585380f467a34bd86c0f6048f7') in 0.0130063 seconds
Number of updated asset objects reloaded before import = 0Number of asset objects unloaded after import = 461

========================================================================
Received Import Request.
  Time since last request: 3.782376 seconds.
  path: Assets/Resources/Levels/1/3.prefab
  artifactKey: Guid(f3cf4ce04b8389a4fb9a08212d7e6756) Importer(2089858483,192608db42251d675da83286b1cce702)
Start importing Assets/Resources/Levels/1/3.prefab using Guid(f3cf4ce04b8389a4fb9a08212d7e6756) Importer(2089858483,192608db42251d675da83286b1cce702) (ScriptedImporter) -> (artifact id: 'f8e7aac749e21b721a4dc8f6848eb9a9') in 0.0129814 seconds
Number of updated asset objects reloaded before import = 0Number of asset objects unloaded after import = 461

========================================================================
Received Import Request.
  Time since last request: 4.988658 seconds.
  path: Assets/Resources/Levels/1/3.prefab
  artifactKey: Guid(f3cf4ce04b8389a4fb9a08212d7e6756) Importer(2089858483,192608db42251d675da83286b1cce702)
Start importing Assets/Resources/Levels/1/3.prefab using Guid(f3cf4ce04b8389a4fb9a08212d7e6756) Importer(2089858483,192608db42251d675da83286b1cce702) (ScriptedImporter) -> (artifact id: 'caf84d67b81f6c086783fe790e6fd633') in 0.0161183 seconds
Number of updated asset objects reloaded before import = 0Number of asset objects unloaded after import = 461

========================================================================
Received Import Request.
  Time since last request: 11.914303 seconds.
  path: Assets/Resources/Levels/1/3.prefab
  artifactKey: Guid(f3cf4ce04b8389a4fb9a08212d7e6756) Importer(2089858483,192608db42251d675da83286b1cce702)
Start importing Assets/Resources/Levels/1/3.prefab using Guid(f3cf4ce04b8389a4fb9a08212d7e6756) Importer(2089858483,192608db42251d675da83286b1cce702) (ScriptedImporter) -> (artifact id: 'd5c11bcc4727111c5ec423ecfbac2e1d') in 0.024572 seconds
Number of updated asset objects reloaded before import = 0Number of asset objects unloaded after import = 555

========================================================================
Received Import Request.
  Time since last request: 8.092745 seconds.
  path: Assets/Resources/Levels/1/3.prefab
  artifactKey: Guid(f3cf4ce04b8389a4fb9a08212d7e6756) Importer(2089858483,192608db42251d675da83286b1cce702)
Start importing Assets/Resources/Levels/1/3.prefab using Guid(f3cf4ce04b8389a4fb9a08212d7e6756) Importer(2089858483,192608db42251d675da83286b1cce702) (ScriptedImporter) -> (artifact id: '72fbfe63f961ffdf575ec41d0210a50d') in 0.0151477 seconds
Number of updated asset objects reloaded before import = 0Number of asset objects unloaded after import = 467

========================================================================
Received Import Request.
  Time since last request: 2.800792 seconds.
  path: Assets/Resources/Levels/1/3.prefab
  artifactKey: Guid(f3cf4ce04b8389a4fb9a08212d7e6756) Importer(2089858483,192608db42251d675da83286b1cce702)
Start importing Assets/Resources/Levels/1/3.prefab using Guid(f3cf4ce04b8389a4fb9a08212d7e6756) Importer(2089858483,192608db42251d675da83286b1cce702) (ScriptedImporter) -> (artifact id: 'ee68d7ff9afe0cf2f29a92e600d0f1d3') in 0.0157242 seconds
Number of updated asset objects reloaded before import = 0Number of asset objects unloaded after import = 473

========================================================================
Received Import Request.
  Time since last request: 9.999412 seconds.
  path: Assets/Resources/Levels/1/3.prefab
  artifactKey: Guid(f3cf4ce04b8389a4fb9a08212d7e6756) Importer(2089858483,192608db42251d675da83286b1cce702)
Start importing Assets/Resources/Levels/1/3.prefab using Guid(f3cf4ce04b8389a4fb9a08212d7e6756) Importer(2089858483,192608db42251d675da83286b1cce702) (ScriptedImporter) -> (artifact id: '3cadee865ba87bae344ae8d16b31a028') in 0.0139287 seconds
Number of updated asset objects reloaded before import = 0Number of asset objects unloaded after import = 473

========================================================================
Received Import Request.
  Time since last request: 2.148361 seconds.
  path: Assets/Resources/Levels/1/3.prefab
  artifactKey: Guid(f3cf4ce04b8389a4fb9a08212d7e6756) Importer(2089858483,192608db42251d675da83286b1cce702)
Start importing Assets/Resources/Levels/1/3.prefab using Guid(f3cf4ce04b8389a4fb9a08212d7e6756) Importer(2089858483,192608db42251d675da83286b1cce702) (ScriptedImporter) -> (artifact id: '90dcb49295e68795e659cff513d5ed5f') in 0.0129459 seconds
Number of updated asset objects reloaded before import = 0Number of asset objects unloaded after import = 479

========================================================================
Received Import Request.
  Time since last request: 4.509390 seconds.
  path: Assets/Resources/Levels/1/3.prefab
  artifactKey: Guid(f3cf4ce04b8389a4fb9a08212d7e6756) Importer(2089858483,192608db42251d675da83286b1cce702)
Start importing Assets/Resources/Levels/1/3.prefab using Guid(f3cf4ce04b8389a4fb9a08212d7e6756) Importer(2089858483,192608db42251d675da83286b1cce702) (ScriptedImporter) -> (artifact id: 'af18ac6b90fcffb82fcc1402b82b4f16') in 0.0310035 seconds
Number of updated asset objects reloaded before import = 0Number of asset objects unloaded after import = 557

========================================================================
Received Import Request.
  Time since last request: 3.354093 seconds.
  path: Assets/Resources/Levels/1/3.prefab
  artifactKey: Guid(f3cf4ce04b8389a4fb9a08212d7e6756) Importer(2089858483,192608db42251d675da83286b1cce702)
Start importing Assets/Resources/Levels/1/3.prefab using Guid(f3cf4ce04b8389a4fb9a08212d7e6756) Importer(2089858483,192608db42251d675da83286b1cce702) (ScriptedImporter) -> (artifact id: '13768da0afa1476d652c82204e965bee') in 0.0199391 seconds
Number of updated asset objects reloaded before import = 0Number of asset objects unloaded after import = 557

========================================================================
Received Import Request.
  Time since last request: 2.565874 seconds.
  path: Assets/Resources/Levels/1/3.prefab
  artifactKey: Guid(f3cf4ce04b8389a4fb9a08212d7e6756) Importer(2089858483,192608db42251d675da83286b1cce702)
Start importing Assets/Resources/Levels/1/3.prefab using Guid(f3cf4ce04b8389a4fb9a08212d7e6756) Importer(2089858483,192608db42251d675da83286b1cce702) (ScriptedImporter) -> (artifact id: '8abb3d90ad5fdf7c987b170b8226b719') in 0.0178799 seconds
Number of updated asset objects reloaded before import = 0Number of asset objects unloaded after import = 557

========================================================================
Received Import Request.
  Time since last request: 3.698404 seconds.
  path: Assets/Resources/Levels/1/3.prefab
  artifactKey: Guid(f3cf4ce04b8389a4fb9a08212d7e6756) Importer(2089858483,192608db42251d675da83286b1cce702)
Start importing Assets/Resources/Levels/1/3.prefab using Guid(f3cf4ce04b8389a4fb9a08212d7e6756) Importer(2089858483,192608db42251d675da83286b1cce702) (ScriptedImporter) -> (artifact id: 'c2d0be05ede7b3e85cc65f26339d6838') in 0.0197756 seconds
Number of updated asset objects reloaded before import = 0Number of asset objects unloaded after import = 562

========================================================================
Received Import Request.
  Time since last request: 7.677801 seconds.
  path: Assets/Resources/Levels/1/3.prefab
  artifactKey: Guid(f3cf4ce04b8389a4fb9a08212d7e6756) Importer(2089858483,192608db42251d675da83286b1cce702)
Start importing Assets/Resources/Levels/1/3.prefab using Guid(f3cf4ce04b8389a4fb9a08212d7e6756) Importer(2089858483,192608db42251d675da83286b1cce702) (ScriptedImporter) -> (artifact id: '0493a798e9b38fb216af9701e97e8337') in 0.0224948 seconds
Number of updated asset objects reloaded before import = 0Number of asset objects unloaded after import = 640

========================================================================
Received Import Request.
  Time since last request: 5.206166 seconds.
  path: Assets/Resources/Levels/1/3.prefab
  artifactKey: Guid(f3cf4ce04b8389a4fb9a08212d7e6756) Importer(2089858483,192608db42251d675da83286b1cce702)
Start importing Assets/Resources/Levels/1/3.prefab using Guid(f3cf4ce04b8389a4fb9a08212d7e6756) Importer(2089858483,192608db42251d675da83286b1cce702) (ScriptedImporter) -> (artifact id: '0cb5ad7a93636456475144cbdb53ac4b') in 0.0176821 seconds
Number of updated asset objects reloaded before import = 0Number of asset objects unloaded after import = 734

========================================================================
Received Import Request.
  Time since last request: 4.174229 seconds.
  path: Assets/Resources/Levels/1/3.prefab
  artifactKey: Guid(f3cf4ce04b8389a4fb9a08212d7e6756) Importer(2089858483,192608db42251d675da83286b1cce702)
Start importing Assets/Resources/Levels/1/3.prefab using Guid(f3cf4ce04b8389a4fb9a08212d7e6756) Importer(2089858483,192608db42251d675da83286b1cce702) (ScriptedImporter) -> (artifact id: 'a317ed81eda98f7f8e30f5cdbe964f71') in 0.0207417 seconds
Number of updated asset objects reloaded before import = 0Number of asset objects unloaded after import = 734

========================================================================
Received Import Request.
  Time since last request: 18.322023 seconds.
  path: Assets/Prefabs/Rock Pile.prefab
  artifactKey: Guid(e9c9a65b35d9ed1419b52a4a997fd35d) Importer(815301076,1909f56bfc062723c751e8b465ee728b)
Start importing Assets/Prefabs/Rock Pile.prefab using Guid(e9c9a65b35d9ed1419b52a4a997fd35d) Importer(815301076,1909f56bfc062723c751e8b465ee728b) (PreviewImporter) -> (artifact id: '96b1e52b34eeee7c5a5d6f30222c65f4') in 0.0038641 seconds
Number of updated asset objects reloaded before import = 0Number of asset objects unloaded after import = 81

========================================================================
Received Import Request.
  Time since last request: 0.926745 seconds.
  path: Assets/Prefabs/Rock Pile.prefab
  artifactKey: Guid(e9c9a65b35d9ed1419b52a4a997fd35d) Importer(2089858483,192608db42251d675da83286b1cce702)
Start importing Assets/Prefabs/Rock Pile.prefab using Guid(e9c9a65b35d9ed1419b52a4a997fd35d) Importer(2089858483,192608db42251d675da83286b1cce702) (ScriptedImporter) -> (artifact id: 'ec0a4d0706e58b3413a7b6bf3e8ec5ab') in 0.0097918 seconds
Number of updated asset objects reloaded before import = 0Number of asset objects unloaded after import = 81

========================================================================
Received Import Request.
  Time since last request: 4.962517 seconds.
  path: Assets/Prefabs/Rock Pile.prefab
  artifactKey: Guid(e9c9a65b35d9ed1419b52a4a997fd35d) Importer(815301076,1909f56bfc062723c751e8b465ee728b)
Start importing Assets/Prefabs/Rock Pile.prefab using Guid(e9c9a65b35d9ed1419b52a4a997fd35d) Importer(815301076,1909f56bfc062723c751e8b465ee728b) (PreviewImporter) -> (artifact id: '5944c842718dfcba80682822e8587331') in 0.0054656 seconds
Number of updated asset objects reloaded before import = 0Number of asset objects unloaded after import = 81

========================================================================
Received Import Request.
  Time since last request: 0.929610 seconds.
  path: Assets/Prefabs/Rock Pile.prefab
  artifactKey: Guid(e9c9a65b35d9ed1419b52a4a997fd35d) Importer(2089858483,192608db42251d675da83286b1cce702)
Start importing Assets/Prefabs/Rock Pile.prefab using Guid(e9c9a65b35d9ed1419b52a4a997fd35d) Importer(2089858483,192608db42251d675da83286b1cce702) (ScriptedImporter) -> (artifact id: '430d892d4ec855fe6e23590d16601ccf') in 0.0083268 seconds
Number of updated asset objects reloaded before import = 0Number of asset objects unloaded after import = 81

========================================================================
Received Import Request.
  Time since last request: 13.498825 seconds.
  path: Assets/Prefabs/Rock Pile 2.prefab
  artifactKey: Guid(757ede776b7222844832117193cd273b) Importer(815301076,1909f56bfc062723c751e8b465ee728b)
Start importing Assets/Prefabs/Rock Pile 2.prefab using Guid(757ede776b7222844832117193cd273b) Importer(815301076,1909f56bfc062723c751e8b465ee728b) (PreviewImporter) -> (artifact id: 'd7b9373d9aeedd1fd2f73db9f0d424e3') in 0.0038694 seconds
Number of updated asset objects reloaded before import = 0Number of asset objects unloaded after import = 97

========================================================================
Received Import Request.
  Time since last request: 0.929863 seconds.
  path: Assets/Prefabs/Rock Pile 2.prefab
  artifactKey: Guid(757ede776b7222844832117193cd273b) Importer(2089858483,192608db42251d675da83286b1cce702)
Start importing Assets/Prefabs/Rock Pile 2.prefab using Guid(757ede776b7222844832117193cd273b) Importer(2089858483,192608db42251d675da83286b1cce702) (ScriptedImporter) -> (artifact id: '9d0cf4bf02609bb5f832512ffeace773') in 0.0081268 seconds
Number of updated asset objects reloaded before import = 0Number of asset objects unloaded after import = 97

========================================================================
Received Import Request.
  Time since last request: 1.663204 seconds.
  path: Assets/Prefabs/Rock Pile 2.prefab
  artifactKey: Guid(757ede776b7222844832117193cd273b) Importer(815301076,1909f56bfc062723c751e8b465ee728b)
Start importing Assets/Prefabs/Rock Pile 2.prefab using Guid(757ede776b7222844832117193cd273b) Importer(815301076,1909f56bfc062723c751e8b465ee728b) (PreviewImporter) -> (artifact id: '016d69403d12b2ff2e6607c93533476e') in 0.0046648 seconds
Number of updated asset objects reloaded before import = 0Number of asset objects unloaded after import = 97

========================================================================
Received Import Request.
  Time since last request: 1.882248 seconds.
  path: Assets/Prefabs/Rock Pile 2.prefab
  artifactKey: Guid(757ede776b7222844832117193cd273b) Importer(815301076,1909f56bfc062723c751e8b465ee728b)
Start importing Assets/Prefabs/Rock Pile 2.prefab using Guid(757ede776b7222844832117193cd273b) Importer(815301076,1909f56bfc062723c751e8b465ee728b) (PreviewImporter) -> (artifact id: 'ea773fab44dff1bca7c242224e87b79c') in 0.0038851 seconds
Number of updated asset objects reloaded before import = 0Number of asset objects unloaded after import = 97

========================================================================
Received Import Request.
  Time since last request: 0.923704 seconds.
  path: Assets/Prefabs/Rock Pile 2.prefab
  artifactKey: Guid(757ede776b7222844832117193cd273b) Importer(2089858483,192608db42251d675da83286b1cce702)
Start importing Assets/Prefabs/Rock Pile 2.prefab using Guid(757ede776b7222844832117193cd273b) Importer(2089858483,192608db42251d675da83286b1cce702) (ScriptedImporter) -> (artifact id: '4ec6ff122170ce4b42d7f1e9d6495271') in 0.0064044 seconds
Number of updated asset objects reloaded before import = 0Number of asset objects unloaded after import = 97

========================================================================
Received Import Request.
  Time since last request: 8.156745 seconds.
  path: Assets/Prefabs/Rock Pile 2.prefab
  artifactKey: Guid(757ede776b7222844832117193cd273b) Importer(815301076,1909f56bfc062723c751e8b465ee728b)
Start importing Assets/Prefabs/Rock Pile 2.prefab using Guid(757ede776b7222844832117193cd273b) Importer(815301076,1909f56bfc062723c751e8b465ee728b) (PreviewImporter) -> (artifact id: '0414544db8980b04b333cf3ef58177fc') in 0.0038095 seconds
Number of updated asset objects reloaded before import = 0Number of asset objects unloaded after import = 97

========================================================================
Received Import Request.
  Time since last request: 0.927971 seconds.
  path: Assets/Prefabs/Rock Pile 2.prefab
  artifactKey: Guid(757ede776b7222844832117193cd273b) Importer(2089858483,192608db42251d675da83286b1cce702)
Start importing Assets/Prefabs/Rock Pile 2.prefab using Guid(757ede776b7222844832117193cd273b) Importer(2089858483,192608db42251d675da83286b1cce702) (ScriptedImporter) -> (artifact id: '02d8ed4f0be212aec546484db534ed29') in 0.0068877 seconds
Number of updated asset objects reloaded before import = 0Number of asset objects unloaded after import = 97

========================================================================
Received Import Request.
  Time since last request: 0.908547 seconds.
  path: Assets/Prefabs/Rock Pile 2.prefab
  artifactKey: Guid(757ede776b7222844832117193cd273b) Importer(815301076,1909f56bfc062723c751e8b465ee728b)
Start importing Assets/Prefabs/Rock Pile 2.prefab using Guid(757ede776b7222844832117193cd273b) Importer(815301076,1909f56bfc062723c751e8b465ee728b) (PreviewImporter) -> (artifact id: '4dbf9e4b9a80ebef716754ad11f9a68d') in 0.0056723 seconds
Number of updated asset objects reloaded before import = 0Number of asset objects unloaded after import = 97

========================================================================
Received Import Request.
  Time since last request: 0.928798 seconds.
  path: Assets/Prefabs/Rock Pile 2.prefab
  artifactKey: Guid(757ede776b7222844832117193cd273b) Importer(2089858483,192608db42251d675da83286b1cce702)
Start importing Assets/Prefabs/Rock Pile 2.prefab using Guid(757ede776b7222844832117193cd273b) Importer(2089858483,192608db42251d675da83286b1cce702) (ScriptedImporter) -> (artifact id: '8da8c581512075c905f096725e33a7d8') in 0.0068115 seconds
Number of updated asset objects reloaded before import = 0Number of asset objects unloaded after import = 97

========================================================================
Received Import Request.
  Time since last request: 2.466435 seconds.
  path: Assets/Prefabs/Rock Pile 2.prefab
  artifactKey: Guid(757ede776b7222844832117193cd273b) Importer(815301076,1909f56bfc062723c751e8b465ee728b)
Start importing Assets/Prefabs/Rock Pile 2.prefab using Guid(757ede776b7222844832117193cd273b) Importer(815301076,1909f56bfc062723c751e8b465ee728b) (PreviewImporter) -> (artifact id: '330b0dbb6309edf661007ccfd8d5bcd9') in 0.0043474 seconds
Number of updated asset objects reloaded before import = 0Number of asset objects unloaded after import = 97

========================================================================
Received Import Request.
  Time since last request: 0.928127 seconds.
  path: Assets/Prefabs/Rock Pile 2.prefab
  artifactKey: Guid(757ede776b7222844832117193cd273b) Importer(2089858483,192608db42251d675da83286b1cce702)
Start importing Assets/Prefabs/Rock Pile 2.prefab using Guid(757ede776b7222844832117193cd273b) Importer(2089858483,192608db42251d675da83286b1cce702) (ScriptedImporter) -> (artifact id: '5792e906f684081083ca2a1c23ea975c') in 0.0067097 seconds
Number of updated asset objects reloaded before import = 0Number of asset objects unloaded after import = 97

========================================================================
Received Import Request.
  Time since last request: 1.860343 seconds.
  path: Assets/Prefabs/Rock Pile 2.prefab
  artifactKey: Guid(757ede776b7222844832117193cd273b) Importer(815301076,1909f56bfc062723c751e8b465ee728b)
Start importing Assets/Prefabs/Rock Pile 2.prefab using Guid(757ede776b7222844832117193cd273b) Importer(815301076,1909f56bfc062723c751e8b465ee728b) (PreviewImporter) -> (artifact id: 'b7e2f703cda35e4382fb477063103ecd') in 0.0041635 seconds
Number of updated asset objects reloaded before import = 0Number of asset objects unloaded after import = 97

========================================================================
Received Import Request.
  Time since last request: 0.924203 seconds.
  path: Assets/Prefabs/Rock Pile 2.prefab
  artifactKey: Guid(757ede776b7222844832117193cd273b) Importer(2089858483,192608db42251d675da83286b1cce702)
Start importing Assets/Prefabs/Rock Pile 2.prefab using Guid(757ede776b7222844832117193cd273b) Importer(2089858483,192608db42251d675da83286b1cce702) (ScriptedImporter) -> (artifact id: '1fa570d8a7613b703b12198158dddacb') in 0.0070844 seconds
Number of updated asset objects reloaded before import = 0Number of asset objects unloaded after import = 97

========================================================================
Received Import Request.
  Time since last request: 3.285258 seconds.
  path: Assets/Prefabs/Rock Pile 2.prefab
  artifactKey: Guid(757ede776b7222844832117193cd273b) Importer(815301076,1909f56bfc062723c751e8b465ee728b)
Start importing Assets/Prefabs/Rock Pile 2.prefab using Guid(757ede776b7222844832117193cd273b) Importer(815301076,1909f56bfc062723c751e8b465ee728b) (PreviewImporter) -> (artifact id: 'bedfa316a431124319f777e0bf82182a') in 0.0042543 seconds
Number of updated asset objects reloaded before import = 0Number of asset objects unloaded after import = 97

========================================================================
Received Import Request.
  Time since last request: 0.931378 seconds.
  path: Assets/Prefabs/Rock Pile 2.prefab
  artifactKey: Guid(757ede776b7222844832117193cd273b) Importer(2089858483,192608db42251d675da83286b1cce702)
Start importing Assets/Prefabs/Rock Pile 2.prefab using Guid(757ede776b7222844832117193cd273b) Importer(2089858483,192608db42251d675da83286b1cce702) (ScriptedImporter) -> (artifact id: '01236811cf8f07e4f8e90c85a5db2861') in 0.0068841 seconds
Number of updated asset objects reloaded before import = 0Number of asset objects unloaded after import = 97

========================================================================
Received Import Request.
  Time since last request: 0.650397 seconds.
  path: Assets/Prefabs/Rock Pile 2.prefab
  artifactKey: Guid(757ede776b7222844832117193cd273b) Importer(815301076,1909f56bfc062723c751e8b465ee728b)
Start importing Assets/Prefabs/Rock Pile 2.prefab using Guid(757ede776b7222844832117193cd273b) Importer(815301076,1909f56bfc062723c751e8b465ee728b) (PreviewImporter) -> (artifact id: '7d689c95e9df34d279bdcb30a6f93790') in 0.0064586 seconds
Number of updated asset objects reloaded before import = 0Number of asset objects unloaded after import = 97

========================================================================
Received Import Request.
  Time since last request: 5.638022 seconds.
  path: Assets/Prefabs/Rock Pile 2.prefab
  artifactKey: Guid(757ede776b7222844832117193cd273b) Importer(815301076,1909f56bfc062723c751e8b465ee728b)
Start importing Assets/Prefabs/Rock Pile 2.prefab using Guid(757ede776b7222844832117193cd273b) Importer(815301076,1909f56bfc062723c751e8b465ee728b) (PreviewImporter) -> (artifact id: '2f7599ccdade73b1ccdd1baafee843f6') in 0.0052078 seconds
Number of updated asset objects reloaded before import = 0Number of asset objects unloaded after import = 97

========================================================================
Received Import Request.
  Time since last request: 2.543240 seconds.
  path: Assets/Prefabs/Rock Pile 2.prefab
  artifactKey: Guid(757ede776b7222844832117193cd273b) Importer(815301076,1909f56bfc062723c751e8b465ee728b)
Start importing Assets/Prefabs/Rock Pile 2.prefab using Guid(757ede776b7222844832117193cd273b) Importer(815301076,1909f56bfc062723c751e8b465ee728b) (PreviewImporter) -> (artifact id: 'cafa4e08463219d80de930b50cfe8166') in 0.004166 seconds
Number of updated asset objects reloaded before import = 0Number of asset objects unloaded after import = 97

========================================================================
Received Import Request.
  Time since last request: 1.018196 seconds.
  path: Assets/Prefabs/Rock Pile 2.prefab
  artifactKey: Guid(757ede776b7222844832117193cd273b) Importer(2089858483,192608db42251d675da83286b1cce702)
Start importing Assets/Prefabs/Rock Pile 2.prefab using Guid(757ede776b7222844832117193cd273b) Importer(2089858483,192608db42251d675da83286b1cce702) (ScriptedImporter) -> (artifact id: '27fbb930d9b7233ace36eb07da100b1b') in 0.0066504 seconds
Number of updated asset objects reloaded before import = 0Number of asset objects unloaded after import = 97

========================================================================
Received Import Request.
  Time since last request: 8.698110 seconds.
  path: Assets/Resources/Levels/1/3.prefab
  artifactKey: Guid(f3cf4ce04b8389a4fb9a08212d7e6756) Importer(815301076,1909f56bfc062723c751e8b465ee728b)
Start importing Assets/Resources/Levels/1/3.prefab using Guid(f3cf4ce04b8389a4fb9a08212d7e6756) Importer(815301076,1909f56bfc062723c751e8b465ee728b) (PreviewImporter) -> (artifact id: 'bc8b0e8ca2f2d829f524992ac97e8139') in 0.0475305 seconds
Number of updated asset objects reloaded before import = 0Number of asset objects unloaded after import = 1008

========================================================================
Received Import Request.
  Time since last request: 6.144463 seconds.
  path: Assets/Resources/Levels/1/3.prefab
  artifactKey: Guid(f3cf4ce04b8389a4fb9a08212d7e6756) Importer(2089858483,192608db42251d675da83286b1cce702)
Start importing Assets/Resources/Levels/1/3.prefab using Guid(f3cf4ce04b8389a4fb9a08212d7e6756) Importer(2089858483,192608db42251d675da83286b1cce702) (ScriptedImporter) -> (artifact id: '3f26688d57dfbd743574c57d42794147') in 0.0209789 seconds
Number of updated asset objects reloaded before import = 0Number of asset objects unloaded after import = 734

========================================================================
Received Import Request.
  Time since last request: 7.725887 seconds.
  path: Assets/Resources/Levels/1/1.prefab
  artifactKey: Guid(29b59527bc0894d468c24301aa46de27) Importer(815301076,1909f56bfc062723c751e8b465ee728b)
Start importing Assets/Resources/Levels/1/1.prefab using Guid(29b59527bc0894d468c24301aa46de27) Importer(815301076,1909f56bfc062723c751e8b465ee728b) (PreviewImporter) -> (artifact id: 'b87e21c621a22d9a9e76f0d2bc308a8c') in 0.0683108 seconds
Number of updated asset objects reloaded before import = 0Number of asset objects unloaded after import = 1594

========================================================================
Received Import Request.
  Time since last request: 8.241117 seconds.
  path: Assets/Prefabs/Rock Pile.prefab
  artifactKey: Guid(e9c9a65b35d9ed1419b52a4a997fd35d) Importer(815301076,1909f56bfc062723c751e8b465ee728b)
Start importing Assets/Prefabs/Rock Pile.prefab using Guid(e9c9a65b35d9ed1419b52a4a997fd35d) Importer(815301076,1909f56bfc062723c751e8b465ee728b) (PreviewImporter) -> (artifact id: 'e30d3e6140b13810134dadd13a2ddc87') in 0.0040734 seconds
Number of updated asset objects reloaded before import = 0Number of asset objects unloaded after import = 81

========================================================================
Received Import Request.
  Time since last request: 0.926250 seconds.
  path: Assets/Prefabs/Rock Pile.prefab
  artifactKey: Guid(e9c9a65b35d9ed1419b52a4a997fd35d) Importer(2089858483,192608db42251d675da83286b1cce702)
Start importing Assets/Prefabs/Rock Pile.prefab using Guid(e9c9a65b35d9ed1419b52a4a997fd35d) Importer(2089858483,192608db42251d675da83286b1cce702) (ScriptedImporter) -> (artifact id: '0431a59ca82030cc0bb07e3209368657') in 0.0068017 seconds
Number of updated asset objects reloaded before import = 0Number of asset objects unloaded after import = 81

========================================================================
Received Import Request.
  Time since last request: 0.474446 seconds.
  path: Assets/Prefabs/Rock Pile.prefab
  artifactKey: Guid(e9c9a65b35d9ed1419b52a4a997fd35d) Importer(815301076,1909f56bfc062723c751e8b465ee728b)
Start importing Assets/Prefabs/Rock Pile.prefab using Guid(e9c9a65b35d9ed1419b52a4a997fd35d) Importer(815301076,1909f56bfc062723c751e8b465ee728b) (PreviewImporter) -> (artifact id: '92024502fba050ea3732000333a4a2ba') in 0.0051465 seconds
Number of updated asset objects reloaded before import = 0Number of asset objects unloaded after import = 81

========================================================================
Received Import Request.
  Time since last request: 6.452276 seconds.
  path: Assets/Prefabs/Rock Pile.prefab
  artifactKey: Guid(e9c9a65b35d9ed1419b52a4a997fd35d) Importer(815301076,1909f56bfc062723c751e8b465ee728b)
Start importing Assets/Prefabs/Rock Pile.prefab using Guid(e9c9a65b35d9ed1419b52a4a997fd35d) Importer(815301076,1909f56bfc062723c751e8b465ee728b) (PreviewImporter) -> (artifact id: 'fffad9d40ac10c0f46ce78a247d6774c') in 0.0037508 seconds
Number of updated asset objects reloaded before import = 0Number of asset objects unloaded after import = 81

========================================================================
Received Import Request.
  Time since last request: 3.009245 seconds.
  path: Assets/Prefabs/Rock Pile.prefab
  artifactKey: Guid(e9c9a65b35d9ed1419b52a4a997fd35d) Importer(2089858483,192608db42251d675da83286b1cce702)
Start importing Assets/Prefabs/Rock Pile.prefab using Guid(e9c9a65b35d9ed1419b52a4a997fd35d) Importer(2089858483,192608db42251d675da83286b1cce702) (ScriptedImporter) -> (artifact id: '385197a3f576fcba344bfc0e4b24fc5b') in 0.0070308 seconds
Number of updated asset objects reloaded before import = 0Number of asset objects unloaded after import = 81

========================================================================
Received Import Request.
  Time since last request: 3.819816 seconds.
  path: Assets/Prefabs/Rock Pile.prefab
  artifactKey: Guid(e9c9a65b35d9ed1419b52a4a997fd35d) Importer(815301076,1909f56bfc062723c751e8b465ee728b)
Start importing Assets/Prefabs/Rock Pile.prefab using Guid(e9c9a65b35d9ed1419b52a4a997fd35d) Importer(815301076,1909f56bfc062723c751e8b465ee728b) (PreviewImporter) -> (artifact id: '73ff6c6100a6aa354015858bbbc38293') in 0.0037684 seconds
Number of updated asset objects reloaded before import = 0Number of asset objects unloaded after import = 81

========================================================================
Received Import Request.
  Time since last request: 0.930902 seconds.
  path: Assets/Prefabs/Rock Pile.prefab
  artifactKey: Guid(e9c9a65b35d9ed1419b52a4a997fd35d) Importer(2089858483,192608db42251d675da83286b1cce702)
Start importing Assets/Prefabs/Rock Pile.prefab using Guid(e9c9a65b35d9ed1419b52a4a997fd35d) Importer(2089858483,192608db42251d675da83286b1cce702) (ScriptedImporter) -> (artifact id: 'f9b6e846ea34b132d98652a4885e3a0b') in 0.0071447 seconds
Number of updated asset objects reloaded before import = 0Number of asset objects unloaded after import = 81

========================================================================
Received Import Request.
  Time since last request: 16.745536 seconds.
  path: Assets/Prefabs/Rock Pile 2.prefab
  artifactKey: Guid(757ede776b7222844832117193cd273b) Importer(815301076,1909f56bfc062723c751e8b465ee728b)
Start importing Assets/Prefabs/Rock Pile 2.prefab using Guid(757ede776b7222844832117193cd273b) Importer(815301076,1909f56bfc062723c751e8b465ee728b) (PreviewImporter) -> (artifact id: '9c5ab472d1f3bfd4aef1a9eb2f72f094') in 0.003948 seconds
Number of updated asset objects reloaded before import = 0Number of asset objects unloaded after import = 97

========================================================================
Received Import Request.
  Time since last request: 0.926528 seconds.
  path: Assets/Prefabs/Rock Pile 2.prefab
  artifactKey: Guid(757ede776b7222844832117193cd273b) Importer(2089858483,192608db42251d675da83286b1cce702)
Start importing Assets/Prefabs/Rock Pile 2.prefab using Guid(757ede776b7222844832117193cd273b) Importer(2089858483,192608db42251d675da83286b1cce702) (ScriptedImporter) -> (artifact id: 'db09f5ee4abfc9eb0914098835adf481') in 0.0070895 seconds
Number of updated asset objects reloaded before import = 0Number of asset objects unloaded after import = 97

========================================================================
Received Import Request.
  Time since last request: 3.480671 seconds.
  path: Assets/Prefabs/Rock Pile 2.prefab
  artifactKey: Guid(757ede776b7222844832117193cd273b) Importer(815301076,1909f56bfc062723c751e8b465ee728b)
Start importing Assets/Prefabs/Rock Pile 2.prefab using Guid(757ede776b7222844832117193cd273b) Importer(815301076,1909f56bfc062723c751e8b465ee728b) (PreviewImporter) -> (artifact id: '971142741906d47aa079b23af6779cd8') in 0.0039121 seconds
Number of updated asset objects reloaded before import = 0Number of asset objects unloaded after import = 97

========================================================================
Received Import Request.
  Time since last request: 0.925563 seconds.
  path: Assets/Prefabs/Rock Pile 2.prefab
  artifactKey: Guid(757ede776b7222844832117193cd273b) Importer(2089858483,192608db42251d675da83286b1cce702)
Start importing Assets/Prefabs/Rock Pile 2.prefab using Guid(757ede776b7222844832117193cd273b) Importer(2089858483,192608db42251d675da83286b1cce702) (ScriptedImporter) -> (artifact id: '690460faf7d6e65c3dd5eed0471c1651') in 0.0068978 seconds
Number of updated asset objects reloaded before import = 0Number of asset objects unloaded after import = 97

========================================================================
Received Import Request.
  Time since last request: 0.721247 seconds.
  path: Assets/Prefabs/Rock Pile 2.prefab
  artifactKey: Guid(757ede776b7222844832117193cd273b) Importer(815301076,1909f56bfc062723c751e8b465ee728b)
Start importing Assets/Prefabs/Rock Pile 2.prefab using Guid(757ede776b7222844832117193cd273b) Importer(815301076,1909f56bfc062723c751e8b465ee728b) (PreviewImporter) -> (artifact id: '09ea727495d1b187c4310ff8b153da24') in 0.003832 seconds
Number of updated asset objects reloaded before import = 0Number of asset objects unloaded after import = 97

========================================================================
Received Import Request.
  Time since last request: 3.909739 seconds.
  path: Assets/Prefabs/Rock Pile 2.prefab
  artifactKey: Guid(757ede776b7222844832117193cd273b) Importer(815301076,1909f56bfc062723c751e8b465ee728b)
Start importing Assets/Prefabs/Rock Pile 2.prefab using Guid(757ede776b7222844832117193cd273b) Importer(815301076,1909f56bfc062723c751e8b465ee728b) (PreviewImporter) -> (artifact id: 'c22c625ce917c7e9ef133b2f122714ea') in 0.0036931 seconds
Number of updated asset objects reloaded before import = 0Number of asset objects unloaded after import = 97

========================================================================
Received Import Request.
  Time since last request: 4.279377 seconds.
  path: Assets/Resources/Levels/1/2.prefab
  artifactKey: Guid(ed5b7495b667a6945872a3af5238cc4e) Importer(815301076,1909f56bfc062723c751e8b465ee728b)
Start importing Assets/Resources/Levels/1/2.prefab using Guid(ed5b7495b667a6945872a3af5238cc4e) Importer(815301076,1909f56bfc062723c751e8b465ee728b) (PreviewImporter) -> (artifact id: '1b081c8e84b4db7aabc2bcb4347855c9') in 0.081819 seconds
Number of updated asset objects reloaded before import = 0Number of asset objects unloaded after import = 1487

========================================================================
Received Import Request.
  Time since last request: 1.193363 seconds.
  path: Assets/Prefabs/Rock Pile 2.prefab
  artifactKey: Guid(757ede776b7222844832117193cd273b) Importer(2089858483,192608db42251d675da83286b1cce702)
Start importing Assets/Prefabs/Rock Pile 2.prefab using Guid(757ede776b7222844832117193cd273b) Importer(2089858483,192608db42251d675da83286b1cce702) (ScriptedImporter) -> (artifact id: 'd76783574b721578985dea7730050bda') in 0.007378 seconds
Number of updated asset objects reloaded before import = 0Number of asset objects unloaded after import = 97

========================================================================
Received Import Request.
  Time since last request: 1.248735 seconds.
  path: Assets/Resources/Levels/1/3.prefab
  artifactKey: Guid(f3cf4ce04b8389a4fb9a08212d7e6756) Importer(815301076,1909f56bfc062723c751e8b465ee728b)
Start importing Assets/Resources/Levels/1/3.prefab using Guid(f3cf4ce04b8389a4fb9a08212d7e6756) Importer(815301076,1909f56bfc062723c751e8b465ee728b) (PreviewImporter) -> (artifact id: '56e5e251ac47bf8876b33ae28cce187d') in 0.0464941 seconds
Number of updated asset objects reloaded before import = 0Number of asset objects unloaded after import = 1008

========================================================================
Received Import Request.
  Time since last request: 8.086327 seconds.
  path: Assets/Resources/Levels/1/3.prefab
  artifactKey: Guid(f3cf4ce04b8389a4fb9a08212d7e6756) Importer(2089858483,192608db42251d675da83286b1cce702)
Start importing Assets/Resources/Levels/1/3.prefab using Guid(f3cf4ce04b8389a4fb9a08212d7e6756) Importer(2089858483,192608db42251d675da83286b1cce702) (ScriptedImporter) -> (artifact id: '82054fa0a46eff0dee0bec876c59c4a9') in 0.020507 seconds
Number of updated asset objects reloaded before import = 0Number of asset objects unloaded after import = 739

========================================================================
Received Import Request.
  Time since last request: 2.742701 seconds.
  path: Assets/Resources/Levels/1/3.prefab
  artifactKey: Guid(f3cf4ce04b8389a4fb9a08212d7e6756) Importer(2089858483,192608db42251d675da83286b1cce702)
Start importing Assets/Resources/Levels/1/3.prefab using Guid(f3cf4ce04b8389a4fb9a08212d7e6756) Importer(2089858483,192608db42251d675da83286b1cce702) (ScriptedImporter) -> (artifact id: 'c1d341ecd501e6f2114c98a2eb32afd8') in 0.0192578 seconds
Number of updated asset objects reloaded before import = 0Number of asset objects unloaded after import = 739

========================================================================
Received Import Request.
  Time since last request: 1.754016 seconds.
  path: Assets/Resources/Levels/1/3.prefab
  artifactKey: Guid(f3cf4ce04b8389a4fb9a08212d7e6756) Importer(2089858483,192608db42251d675da83286b1cce702)
Start importing Assets/Resources/Levels/1/3.prefab using Guid(f3cf4ce04b8389a4fb9a08212d7e6756) Importer(2089858483,192608db42251d675da83286b1cce702) (ScriptedImporter) -> (artifact id: 'bac2532a0fa53eaa3b041b2efd5caa7f') in 0.0168928 seconds
Number of updated asset objects reloaded before import = 0Number of asset objects unloaded after import = 739

========================================================================
Received Import Request.
  Time since last request: 4.021318 seconds.
  path: Assets/Resources/Levels/1/3.prefab
  artifactKey: Guid(f3cf4ce04b8389a4fb9a08212d7e6756) Importer(2089858483,192608db42251d675da83286b1cce702)
Start importing Assets/Resources/Levels/1/3.prefab using Guid(f3cf4ce04b8389a4fb9a08212d7e6756) Importer(2089858483,192608db42251d675da83286b1cce702) (ScriptedImporter) -> (artifact id: 'fc1a0080936b1a32e463c3a309feed13') in 0.01887 seconds
Number of updated asset objects reloaded before import = 0Number of asset objects unloaded after import = 744

========================================================================
Received Import Request.
  Time since last request: 2.960640 seconds.
  path: Assets/Resources/Levels/1/3.prefab
  artifactKey: Guid(f3cf4ce04b8389a4fb9a08212d7e6756) Importer(2089858483,192608db42251d675da83286b1cce702)
Start importing Assets/Resources/Levels/1/3.prefab using Guid(f3cf4ce04b8389a4fb9a08212d7e6756) Importer(2089858483,192608db42251d675da83286b1cce702) (ScriptedImporter) -> (artifact id: '2682c161c4d52b81263a6252bfe7e81f') in 0.0185883 seconds
Number of updated asset objects reloaded before import = 0Number of asset objects unloaded after import = 744

========================================================================
Received Import Request.
  Time since last request: 2.166668 seconds.
  path: Assets/Resources/Levels/1/3.prefab
  artifactKey: Guid(f3cf4ce04b8389a4fb9a08212d7e6756) Importer(2089858483,192608db42251d675da83286b1cce702)
Start importing Assets/Resources/Levels/1/3.prefab using Guid(f3cf4ce04b8389a4fb9a08212d7e6756) Importer(2089858483,192608db42251d675da83286b1cce702) (ScriptedImporter) -> (artifact id: 'fe45d01ba874c2d557e01a3568298af9') in 0.0194296 seconds
Number of updated asset objects reloaded before import = 0Number of asset objects unloaded after import = 744

========================================================================
Received Import Request.
  Time since last request: 5.078069 seconds.
  path: Assets/Resources/Levels/1/3.prefab
  artifactKey: Guid(f3cf4ce04b8389a4fb9a08212d7e6756) Importer(2089858483,192608db42251d675da83286b1cce702)
Start importing Assets/Resources/Levels/1/3.prefab using Guid(f3cf4ce04b8389a4fb9a08212d7e6756) Importer(2089858483,192608db42251d675da83286b1cce702) (ScriptedImporter) -> (artifact id: '870a540df6ff1a3bc0878b712672c86d') in 0.0178084 seconds
Number of updated asset objects reloaded before import = 0Number of asset objects unloaded after import = 749

========================================================================
Received Import Request.
  Time since last request: 1.951094 seconds.
  path: Assets/Resources/Levels/1/3.prefab
  artifactKey: Guid(f3cf4ce04b8389a4fb9a08212d7e6756) Importer(2089858483,192608db42251d675da83286b1cce702)
Start importing Assets/Resources/Levels/1/3.prefab using Guid(f3cf4ce04b8389a4fb9a08212d7e6756) Importer(2089858483,192608db42251d675da83286b1cce702) (ScriptedImporter) -> (artifact id: '2bb1d05b1acf43f921f77ac96cce664d') in 0.0198017 seconds
Number of updated asset objects reloaded before import = 0Number of asset objects unloaded after import = 749

========================================================================
Received Import Request.
  Time since last request: 2.612151 seconds.
  path: Assets/Resources/Levels/1/3.prefab
  artifactKey: Guid(f3cf4ce04b8389a4fb9a08212d7e6756) Importer(2089858483,192608db42251d675da83286b1cce702)
Start importing Assets/Resources/Levels/1/3.prefab using Guid(f3cf4ce04b8389a4fb9a08212d7e6756) Importer(2089858483,192608db42251d675da83286b1cce702) (ScriptedImporter) -> (artifact id: '12bbffb117f350dfe7e6a2134de8ed89') in 0.0236966 seconds
Number of updated asset objects reloaded before import = 0Number of asset objects unloaded after import = 749

========================================================================
Received Import Request.
  Time since last request: 1.735923 seconds.
  path: Assets/Resources/Levels/1/3.prefab
  artifactKey: Guid(f3cf4ce04b8389a4fb9a08212d7e6756) Importer(2089858483,192608db42251d675da83286b1cce702)
Start importing Assets/Resources/Levels/1/3.prefab using Guid(f3cf4ce04b8389a4fb9a08212d7e6756) Importer(2089858483,192608db42251d675da83286b1cce702) (ScriptedImporter) -> (artifact id: '83dd1c4a50f5ffedb5fa794c7643b8a6') in 0.0174527 seconds
Number of updated asset objects reloaded before import = 0Number of asset objects unloaded after import = 749

========================================================================
Received Import Request.
  Time since last request: 3.424161 seconds.
  path: Assets/Resources/Levels/1/3.prefab
  artifactKey: Guid(f3cf4ce04b8389a4fb9a08212d7e6756) Importer(2089858483,192608db42251d675da83286b1cce702)
Start importing Assets/Resources/Levels/1/3.prefab using Guid(f3cf4ce04b8389a4fb9a08212d7e6756) Importer(2089858483,192608db42251d675da83286b1cce702) (ScriptedImporter) -> (artifact id: 'c85bd164e4454e11b3ffaba1457b5aca') in 0.0207801 seconds
Number of updated asset objects reloaded before import = 0Number of asset objects unloaded after import = 754

========================================================================
Received Import Request.
  Time since last request: 7.207995 seconds.
  path: Assets/Resources/Levels/1/3.prefab
  artifactKey: Guid(f3cf4ce04b8389a4fb9a08212d7e6756) Importer(2089858483,192608db42251d675da83286b1cce702)
Start importing Assets/Resources/Levels/1/3.prefab using Guid(f3cf4ce04b8389a4fb9a08212d7e6756) Importer(2089858483,192608db42251d675da83286b1cce702) (ScriptedImporter) -> (artifact id: 'ded45219fc5777b882be2896e9211fc1') in 0.0258847 seconds
Number of updated asset objects reloaded before import = 0Number of asset objects unloaded after import = 754

========================================================================
Received Import Request.
  Time since last request: 10.263502 seconds.
  path: Assets/Resources/Levels/1/3.prefab
  artifactKey: Guid(f3cf4ce04b8389a4fb9a08212d7e6756) Importer(2089858483,192608db42251d675da83286b1cce702)
Start importing Assets/Resources/Levels/1/3.prefab using Guid(f3cf4ce04b8389a4fb9a08212d7e6756) Importer(2089858483,192608db42251d675da83286b1cce702) (ScriptedImporter) -> (artifact id: '2d22467bca45b2d5a79347076afaa0f2') in 0.0282446 seconds
Number of updated asset objects reloaded before import = 0Number of asset objects unloaded after import = 754

========================================================================
Received Import Request.
  Time since last request: 6.240423 seconds.
  path: Assets/Resources/Levels/1/3.prefab
  artifactKey: Guid(f3cf4ce04b8389a4fb9a08212d7e6756) Importer(2089858483,192608db42251d675da83286b1cce702)
Start importing Assets/Resources/Levels/1/3.prefab using Guid(f3cf4ce04b8389a4fb9a08212d7e6756) Importer(2089858483,192608db42251d675da83286b1cce702) (ScriptedImporter) -> (artifact id: 'f45cbe84555a18bae69b4f32c2a3d75b') in 0.0185573 seconds
Number of updated asset objects reloaded before import = 0Number of asset objects unloaded after import = 759

========================================================================
Received Import Request.
  Time since last request: 2.182786 seconds.
  path: Assets/Resources/Levels/1/3.prefab
  artifactKey: Guid(f3cf4ce04b8389a4fb9a08212d7e6756) Importer(2089858483,192608db42251d675da83286b1cce702)
Start importing Assets/Resources/Levels/1/3.prefab using Guid(f3cf4ce04b8389a4fb9a08212d7e6756) Importer(2089858483,192608db42251d675da83286b1cce702) (ScriptedImporter) -> (artifact id: 'f2010d9e90b107987539de656c7ff520') in 0.0210733 seconds
Number of updated asset objects reloaded before import = 0Number of asset objects unloaded after import = 764

========================================================================
Received Import Request.
  Time since last request: 5.367760 seconds.
  path: Assets/Resources/Levels/1/3.prefab
  artifactKey: Guid(f3cf4ce04b8389a4fb9a08212d7e6756) Importer(2089858483,192608db42251d675da83286b1cce702)
Start importing Assets/Resources/Levels/1/3.prefab using Guid(f3cf4ce04b8389a4fb9a08212d7e6756) Importer(2089858483,192608db42251d675da83286b1cce702) (ScriptedImporter) -> (artifact id: '9012a89843fa99bca134dc599cc91e1d') in 0.0224235 seconds
Number of updated asset objects reloaded before import = 0Number of asset objects unloaded after import = 769

========================================================================
Received Import Request.
  Time since last request: 3.372734 seconds.
  path: Assets/Resources/Levels/1/3.prefab
  artifactKey: Guid(f3cf4ce04b8389a4fb9a08212d7e6756) Importer(2089858483,192608db42251d675da83286b1cce702)
Start importing Assets/Resources/Levels/1/3.prefab using Guid(f3cf4ce04b8389a4fb9a08212d7e6756) Importer(2089858483,192608db42251d675da83286b1cce702) (ScriptedImporter) -> (artifact id: 'a20997d07e45e45f73c29c3b73ba498d') in 0.0172155 seconds
Number of updated asset objects reloaded before import = 0Number of asset objects unloaded after import = 769

========================================================================
Received Import Request.
  Time since last request: 4.254559 seconds.
  path: Assets/Resources/Levels/1/3.prefab
  artifactKey: Guid(f3cf4ce04b8389a4fb9a08212d7e6756) Importer(2089858483,192608db42251d675da83286b1cce702)
Start importing Assets/Resources/Levels/1/3.prefab using Guid(f3cf4ce04b8389a4fb9a08212d7e6756) Importer(2089858483,192608db42251d675da83286b1cce702) (ScriptedImporter) -> (artifact id: '380ab8d8ca26dc6c2cadb44b25f1704e') in 0.0261618 seconds
Number of updated asset objects reloaded before import = 0Number of asset objects unloaded after import = 775

========================================================================
Received Import Request.
  Time since last request: 2.000282 seconds.
  path: Assets/Resources/Levels/1/3.prefab
  artifactKey: Guid(f3cf4ce04b8389a4fb9a08212d7e6756) Importer(2089858483,192608db42251d675da83286b1cce702)
Start importing Assets/Resources/Levels/1/3.prefab using Guid(f3cf4ce04b8389a4fb9a08212d7e6756) Importer(2089858483,192608db42251d675da83286b1cce702) (ScriptedImporter) -> (artifact id: '6554335e0b487007a05eda5e00fcd6e5') in 0.0247014 seconds
Number of updated asset objects reloaded before import = 0Number of asset objects unloaded after import = 853

========================================================================
Received Import Request.
  Time since last request: 2.199335 seconds.
  path: Assets/Resources/Levels/1/3.prefab
  artifactKey: Guid(f3cf4ce04b8389a4fb9a08212d7e6756) Importer(2089858483,192608db42251d675da83286b1cce702)
Start importing Assets/Resources/Levels/1/3.prefab using Guid(f3cf4ce04b8389a4fb9a08212d7e6756) Importer(2089858483,192608db42251d675da83286b1cce702) (ScriptedImporter) -> (artifact id: '4c1f8e8c38ec75a617209ab84be71123') in 0.021557 seconds
Number of updated asset objects reloaded before import = 0Number of asset objects unloaded after import = 858

========================================================================
Received Import Request.
  Time since last request: 5.225074 seconds.
  path: Assets/Resources/Levels/1/3.prefab
  artifactKey: Guid(f3cf4ce04b8389a4fb9a08212d7e6756) Importer(2089858483,192608db42251d675da83286b1cce702)
Start importing Assets/Resources/Levels/1/3.prefab using Guid(f3cf4ce04b8389a4fb9a08212d7e6756) Importer(2089858483,192608db42251d675da83286b1cce702) (ScriptedImporter) -> (artifact id: '840e5b9b5606abf6188805c28c2f179a') in 0.0265998 seconds
Number of updated asset objects reloaded before import = 0Number of asset objects unloaded after import = 936

========================================================================
Received Import Request.
  Time since last request: 3.031962 seconds.
  path: Assets/Resources/Levels/1/3.prefab
  artifactKey: Guid(f3cf4ce04b8389a4fb9a08212d7e6756) Importer(2089858483,192608db42251d675da83286b1cce702)
Start importing Assets/Resources/Levels/1/3.prefab using Guid(f3cf4ce04b8389a4fb9a08212d7e6756) Importer(2089858483,192608db42251d675da83286b1cce702) (ScriptedImporter) -> (artifact id: '015141e90cd5c3ce4000a5a976dcc3a4') in 0.0207602 seconds
Number of updated asset objects reloaded before import = 0Number of asset objects unloaded after import = 941

========================================================================
Received Import Request.
  Time since last request: 4.159126 seconds.
  path: Assets/Resources/Levels/1/3.prefab
  artifactKey: Guid(f3cf4ce04b8389a4fb9a08212d7e6756) Importer(2089858483,192608db42251d675da83286b1cce702)
Start importing Assets/Resources/Levels/1/3.prefab using Guid(f3cf4ce04b8389a4fb9a08212d7e6756) Importer(2089858483,192608db42251d675da83286b1cce702) (ScriptedImporter) -> (artifact id: 'ce75cafee515f0cc5c607517900ee81b') in 0.0315315 seconds
Number of updated asset objects reloaded before import = 0Number of asset objects unloaded after import = 941

========================================================================
Received Import Request.
  Time since last request: 5.197491 seconds.
  path: Assets/Resources/Levels/1/3.prefab
  artifactKey: Guid(f3cf4ce04b8389a4fb9a08212d7e6756) Importer(2089858483,192608db42251d675da83286b1cce702)
Start importing Assets/Resources/Levels/1/3.prefab using Guid(f3cf4ce04b8389a4fb9a08212d7e6756) Importer(2089858483,192608db42251d675da83286b1cce702) (ScriptedImporter) -> (artifact id: 'ddd046c80fc0fd70a50c84bef8347937') in 0.0291223 seconds
Number of updated asset objects reloaded before import = 0Number of asset objects unloaded after import = 946

========================================================================
Received Import Request.
  Time since last request: 4.675953 seconds.
  path: Assets/Resources/Levels/1/3.prefab
  artifactKey: Guid(f3cf4ce04b8389a4fb9a08212d7e6756) Importer(2089858483,192608db42251d675da83286b1cce702)
Start importing Assets/Resources/Levels/1/3.prefab using Guid(f3cf4ce04b8389a4fb9a08212d7e6756) Importer(2089858483,192608db42251d675da83286b1cce702) (ScriptedImporter) -> (artifact id: 'c0cf292c25f8f44ed1f00ca156b8784c') in 0.0220751 seconds
Number of updated asset objects reloaded before import = 0Number of asset objects unloaded after import = 951

========================================================================
Received Import Request.
  Time since last request: 1.955790 seconds.
  path: Assets/Resources/Levels/1/3.prefab
  artifactKey: Guid(f3cf4ce04b8389a4fb9a08212d7e6756) Importer(2089858483,192608db42251d675da83286b1cce702)
Start importing Assets/Resources/Levels/1/3.prefab using Guid(f3cf4ce04b8389a4fb9a08212d7e6756) Importer(2089858483,192608db42251d675da83286b1cce702) (ScriptedImporter) -> (artifact id: '2e569da22166d745c087a1d2ce9b6fdb') in 0.0331922 seconds
Number of updated asset objects reloaded before import = 0Number of asset objects unloaded after import = 951

========================================================================
Received Import Request.
  Time since last request: 2.812013 seconds.
  path: Assets/Resources/Levels/1/3.prefab
  artifactKey: Guid(f3cf4ce04b8389a4fb9a08212d7e6756) Importer(2089858483,192608db42251d675da83286b1cce702)
Start importing Assets/Resources/Levels/1/3.prefab using Guid(f3cf4ce04b8389a4fb9a08212d7e6756) Importer(2089858483,192608db42251d675da83286b1cce702) (ScriptedImporter) -> (artifact id: '3c0d35abb510018f1fed3cbe142178ec') in 0.0245778 seconds
Number of updated asset objects reloaded before import = 0Number of asset objects unloaded after import = 951

========================================================================
Received Import Request.
  Time since last request: 4.161578 seconds.
  path: Assets/Resources/Levels/1/3.prefab
  artifactKey: Guid(f3cf4ce04b8389a4fb9a08212d7e6756) Importer(2089858483,192608db42251d675da83286b1cce702)
Start importing Assets/Resources/Levels/1/3.prefab using Guid(f3cf4ce04b8389a4fb9a08212d7e6756) Importer(2089858483,192608db42251d675da83286b1cce702) (ScriptedImporter) -> (artifact id: '58c852675da6cdf435753a14672ac96b') in 0.0255478 seconds
Number of updated asset objects reloaded before import = 0Number of asset objects unloaded after import = 951

========================================================================
Received Import Request.
  Time since last request: 4.159297 seconds.
  path: Assets/Resources/Levels/1/3.prefab
  artifactKey: Guid(f3cf4ce04b8389a4fb9a08212d7e6756) Importer(2089858483,192608db42251d675da83286b1cce702)
Start importing Assets/Resources/Levels/1/3.prefab using Guid(f3cf4ce04b8389a4fb9a08212d7e6756) Importer(2089858483,192608db42251d675da83286b1cce702) (ScriptedImporter) -> (artifact id: '8c09e8bb8ffb629494c5a7fb90c74b84') in 0.0283087 seconds
Number of updated asset objects reloaded before import = 0Number of asset objects unloaded after import = 956

========================================================================
Received Import Request.
  Time since last request: 10.270816 seconds.
  path: Assets/Resources/Levels/1/3.prefab
  artifactKey: Guid(f3cf4ce04b8389a4fb9a08212d7e6756) Importer(2089858483,192608db42251d675da83286b1cce702)
Start importing Assets/Resources/Levels/1/3.prefab using Guid(f3cf4ce04b8389a4fb9a08212d7e6756) Importer(2089858483,192608db42251d675da83286b1cce702) (ScriptedImporter) -> (artifact id: '3717ad4714397b31da48321df50abd75') in 0.0243557 seconds
Number of updated asset objects reloaded before import = 0Number of asset objects unloaded after import = 1128

========================================================================
Received Import Request.
  Time since last request: 1.376662 seconds.
  path: Assets/Resources/Levels/1/3.prefab
  artifactKey: Guid(f3cf4ce04b8389a4fb9a08212d7e6756) Importer(2089858483,192608db42251d675da83286b1cce702)
Start importing Assets/Resources/Levels/1/3.prefab using Guid(f3cf4ce04b8389a4fb9a08212d7e6756) Importer(2089858483,192608db42251d675da83286b1cce702) (ScriptedImporter) -> (artifact id: 'b891b6e95a1a56c6e472c8871cf16ef5') in 0.0273464 seconds
Number of updated asset objects reloaded before import = 0Number of asset objects unloaded after import = 1134

========================================================================
Received Import Request.
  Time since last request: 4.877959 seconds.
  path: Assets/Resources/Levels/1/3.prefab
  artifactKey: Guid(f3cf4ce04b8389a4fb9a08212d7e6756) Importer(2089858483,192608db42251d675da83286b1cce702)
Start importing Assets/Resources/Levels/1/3.prefab using Guid(f3cf4ce04b8389a4fb9a08212d7e6756) Importer(2089858483,192608db42251d675da83286b1cce702) (ScriptedImporter) -> (artifact id: '48a52e4ce6a777eeda39d7e17249242c') in 0.0258128 seconds
Number of updated asset objects reloaded before import = 0Number of asset objects unloaded after import = 1140

========================================================================
Received Import Request.
  Time since last request: 4.028237 seconds.
  path: Assets/Resources/Levels/1/3.prefab
  artifactKey: Guid(f3cf4ce04b8389a4fb9a08212d7e6756) Importer(2089858483,192608db42251d675da83286b1cce702)
Start importing Assets/Resources/Levels/1/3.prefab using Guid(f3cf4ce04b8389a4fb9a08212d7e6756) Importer(2089858483,192608db42251d675da83286b1cce702) (ScriptedImporter) -> (artifact id: 'bb500d018a079b34984b3a986b67743d') in 0.0351712 seconds
Number of updated asset objects reloaded before import = 0Number of asset objects unloaded after import = 1218

========================================================================
Received Import Request.
  Time since last request: 1.819333 seconds.
  path: Assets/Resources/Levels/1/3.prefab
  artifactKey: Guid(f3cf4ce04b8389a4fb9a08212d7e6756) Importer(2089858483,192608db42251d675da83286b1cce702)
Start importing Assets/Resources/Levels/1/3.prefab using Guid(f3cf4ce04b8389a4fb9a08212d7e6756) Importer(2089858483,192608db42251d675da83286b1cce702) (ScriptedImporter) -> (artifact id: '778ab1dfa6096f4dfafb4b9e76a1db48') in 0.0255739 seconds
Number of updated asset objects reloaded before import = 0Number of asset objects unloaded after import = 1224

========================================================================
Received Import Request.
  Time since last request: 8.580585 seconds.
  path: Assets/Resources/Levels/1/3.prefab
  artifactKey: Guid(f3cf4ce04b8389a4fb9a08212d7e6756) Importer(2089858483,192608db42251d675da83286b1cce702)
Start importing Assets/Resources/Levels/1/3.prefab using Guid(f3cf4ce04b8389a4fb9a08212d7e6756) Importer(2089858483,192608db42251d675da83286b1cce702) (ScriptedImporter) -> (artifact id: '77ba4305d6b0c188beb5c33937cb4813') in 0.030916 seconds
Number of updated asset objects reloaded before import = 0Number of asset objects unloaded after import = 1224

========================================================================
Received Import Request.
  Time since last request: 1.744883 seconds.
  path: Assets/Resources/Levels/1/3.prefab
  artifactKey: Guid(f3cf4ce04b8389a4fb9a08212d7e6756) Importer(2089858483,192608db42251d675da83286b1cce702)
Start importing Assets/Resources/Levels/1/3.prefab using Guid(f3cf4ce04b8389a4fb9a08212d7e6756) Importer(2089858483,192608db42251d675da83286b1cce702) (ScriptedImporter) -> (artifact id: '2f59ce4b2ffba42a4d228d91ac98ca9c') in 0.0280432 seconds
Number of updated asset objects reloaded before import = 0Number of asset objects unloaded after import = 1224

========================================================================
Received Import Request.
  Time since last request: 2.346135 seconds.
  path: Assets/Resources/Levels/1/3.prefab
  artifactKey: Guid(f3cf4ce04b8389a4fb9a08212d7e6756) Importer(2089858483,192608db42251d675da83286b1cce702)
Start importing Assets/Resources/Levels/1/3.prefab using Guid(f3cf4ce04b8389a4fb9a08212d7e6756) Importer(2089858483,192608db42251d675da83286b1cce702) (ScriptedImporter) -> (artifact id: '0dc6fada509a2a2ea13445e582bea179') in 0.0297527 seconds
Number of updated asset objects reloaded before import = 0Number of asset objects unloaded after import = 1224

========================================================================
Received Import Request.
  Time since last request: 6.571894 seconds.
  path: Assets/Resources/Levels/1/3.prefab
  artifactKey: Guid(f3cf4ce04b8389a4fb9a08212d7e6756) Importer(2089858483,192608db42251d675da83286b1cce702)
Start importing Assets/Resources/Levels/1/3.prefab using Guid(f3cf4ce04b8389a4fb9a08212d7e6756) Importer(2089858483,192608db42251d675da83286b1cce702) (ScriptedImporter) -> (artifact id: '8a67e0b085bdeef670731e71b7409f1c') in 0.0467725 seconds
Number of updated asset objects reloaded before import = 0Number of asset objects unloaded after import = 1224

========================================================================
Received Import Request.
  Time since last request: 9.004791 seconds.
  path: Assets/Resources/Levels/1/3.prefab
  artifactKey: Guid(f3cf4ce04b8389a4fb9a08212d7e6756) Importer(2089858483,192608db42251d675da83286b1cce702)
Start importing Assets/Resources/Levels/1/3.prefab using Guid(f3cf4ce04b8389a4fb9a08212d7e6756) Importer(2089858483,192608db42251d675da83286b1cce702) (ScriptedImporter) -> (artifact id: '70333412f0f2e30ec629806666ac9556') in 0.0280096 seconds
Number of updated asset objects reloaded before import = 0Number of asset objects unloaded after import = 1224

========================================================================
Received Import Request.
  Time since last request: 13.904967 seconds.
  path: Assets/Resources/Levels/1/4.prefab
  artifactKey: Guid(a1788fa8bdb917f4482ebe581bc2ae79) Importer(815301076,1909f56bfc062723c751e8b465ee728b)
Start importing Assets/Resources/Levels/1/4.prefab using Guid(a1788fa8bdb917f4482ebe581bc2ae79) Importer(815301076,1909f56bfc062723c751e8b465ee728b) (PreviewImporter) -> (artifact id: 'a56416589348cdb2c29e909afebe7a62') in 0.0203058 seconds
Number of updated asset objects reloaded before import = 0Number of asset objects unloaded after import = 118

========================================================================
Received Import Request.
  Time since last request: 9.113025 seconds.
  path: Assets/Resources/Levels/1/4.prefab
  artifactKey: Guid(a1788fa8bdb917f4482ebe581bc2ae79) Importer(2089858483,192608db42251d675da83286b1cce702)
Start importing Assets/Resources/Levels/1/4.prefab using Guid(a1788fa8bdb917f4482ebe581bc2ae79) Importer(2089858483,192608db42251d675da83286b1cce702) (ScriptedImporter) -> (artifact id: 'c0d684c36414734e96b44dc2b40f17f0') in 0.0078758 seconds
Number of updated asset objects reloaded before import = 0Number of asset objects unloaded after import = 92

========================================================================
Received Import Request.
  Time since last request: 2.181438 seconds.
  path: Assets/Resources/Levels/1/4.prefab
  artifactKey: Guid(a1788fa8bdb917f4482ebe581bc2ae79) Importer(2089858483,192608db42251d675da83286b1cce702)
Start importing Assets/Resources/Levels/1/4.prefab using Guid(a1788fa8bdb917f4482ebe581bc2ae79) Importer(2089858483,192608db42251d675da83286b1cce702) (ScriptedImporter) -> (artifact id: '4565cda49a475f0ad827ab37a4bc217c') in 0.0085956 seconds
Number of updated asset objects reloaded before import = 0Number of asset objects unloaded after import = 98

========================================================================
Received Import Request.
  Time since last request: 2.088174 seconds.
  path: Assets/Resources/Levels/1/4.prefab
  artifactKey: Guid(a1788fa8bdb917f4482ebe581bc2ae79) Importer(2089858483,192608db42251d675da83286b1cce702)
Start importing Assets/Resources/Levels/1/4.prefab using Guid(a1788fa8bdb917f4482ebe581bc2ae79) Importer(2089858483,192608db42251d675da83286b1cce702) (ScriptedImporter) -> (artifact id: '11ee4860391e6964b67c6ff89e4cdfeb') in 0.0119648 seconds
Number of updated asset objects reloaded before import = 0Number of asset objects unloaded after import = 176

========================================================================
Received Import Request.
  Time since last request: 2.440411 seconds.
  path: Assets/Resources/Levels/1/4.prefab
  artifactKey: Guid(a1788fa8bdb917f4482ebe581bc2ae79) Importer(2089858483,192608db42251d675da83286b1cce702)
Start importing Assets/Resources/Levels/1/4.prefab using Guid(a1788fa8bdb917f4482ebe581bc2ae79) Importer(2089858483,192608db42251d675da83286b1cce702) (ScriptedImporter) -> (artifact id: '14467c8a8f6488678100996d1ca98600') in 0.0112449 seconds
Number of updated asset objects reloaded before import = 0Number of asset objects unloaded after import = 270

========================================================================
Received Import Request.
  Time since last request: 2.769961 seconds.
  path: Assets/Resources/Levels/1/4.prefab
  artifactKey: Guid(a1788fa8bdb917f4482ebe581bc2ae79) Importer(2089858483,192608db42251d675da83286b1cce702)
Start importing Assets/Resources/Levels/1/4.prefab using Guid(a1788fa8bdb917f4482ebe581bc2ae79) Importer(2089858483,192608db42251d675da83286b1cce702) (ScriptedImporter) -> (artifact id: '2385aece5a2f13a2d7298041a3e00b52') in 0.0104847 seconds
Number of updated asset objects reloaded before import = 0Number of asset objects unloaded after import = 270

========================================================================
Received Import Request.
  Time since last request: 8.667949 seconds.
  path: Assets/Resources/Levels/1/4.prefab
  artifactKey: Guid(a1788fa8bdb917f4482ebe581bc2ae79) Importer(2089858483,192608db42251d675da83286b1cce702)
Start importing Assets/Resources/Levels/1/4.prefab using Guid(a1788fa8bdb917f4482ebe581bc2ae79) Importer(2089858483,192608db42251d675da83286b1cce702) (ScriptedImporter) -> (artifact id: 'b26276d9666682b2554a83411c36b1d1') in 0.0119668 seconds
Number of updated asset objects reloaded before import = 0Number of asset objects unloaded after import = 270

========================================================================
Received Import Request.
  Time since last request: 9.988145 seconds.
  path: Assets/Resources/Levels/1/4.prefab
  artifactKey: Guid(a1788fa8bdb917f4482ebe581bc2ae79) Importer(2089858483,192608db42251d675da83286b1cce702)
Start importing Assets/Resources/Levels/1/4.prefab using Guid(a1788fa8bdb917f4482ebe581bc2ae79) Importer(2089858483,192608db42251d675da83286b1cce702) (ScriptedImporter) -> (artifact id: '111b4f1e7726df03f9b8bb7077af2e5f') in 0.0118463 seconds
Number of updated asset objects reloaded before import = 0Number of asset objects unloaded after import = 364

========================================================================
Received Import Request.
  Time since last request: 6.393003 seconds.
  path: Assets/Resources/Levels/1/4.prefab
  artifactKey: Guid(a1788fa8bdb917f4482ebe581bc2ae79) Importer(2089858483,192608db42251d675da83286b1cce702)
Start importing Assets/Resources/Levels/1/4.prefab using Guid(a1788fa8bdb917f4482ebe581bc2ae79) Importer(2089858483,192608db42251d675da83286b1cce702) (ScriptedImporter) -> (artifact id: '2999a0c717d2ac7b50877c26f7fac928') in 0.0114527 seconds
Number of updated asset objects reloaded before import = 0Number of asset objects unloaded after import = 270

========================================================================
Received Import Request.
  Time since last request: 3.492083 seconds.
  path: Assets/Resources/Levels/1/4.prefab
  artifactKey: Guid(a1788fa8bdb917f4482ebe581bc2ae79) Importer(2089858483,192608db42251d675da83286b1cce702)
Start importing Assets/Resources/Levels/1/4.prefab using Guid(a1788fa8bdb917f4482ebe581bc2ae79) Importer(2089858483,192608db42251d675da83286b1cce702) (ScriptedImporter) -> (artifact id: 'a79f37c019217b326b0dc5d2d977ca85') in 0.0143423 seconds
Number of updated asset objects reloaded before import = 0Number of asset objects unloaded after import = 276

========================================================================
Received Import Request.
  Time since last request: 2.399243 seconds.
  path: Assets/Resources/Levels/1/4.prefab
  artifactKey: Guid(a1788fa8bdb917f4482ebe581bc2ae79) Importer(2089858483,192608db42251d675da83286b1cce702)
Start importing Assets/Resources/Levels/1/4.prefab using Guid(a1788fa8bdb917f4482ebe581bc2ae79) Importer(2089858483,192608db42251d675da83286b1cce702) (ScriptedImporter) -> (artifact id: '0afd9570861672b39693a47cf929923d') in 0.0135894 seconds
Number of updated asset objects reloaded before import = 0Number of asset objects unloaded after import = 370

========================================================================
Received Import Request.
  Time since last request: 6.394572 seconds.
  path: Assets/Resources/Levels/1/4.prefab
  artifactKey: Guid(a1788fa8bdb917f4482ebe581bc2ae79) Importer(2089858483,192608db42251d675da83286b1cce702)
Start importing Assets/Resources/Levels/1/4.prefab using Guid(a1788fa8bdb917f4482ebe581bc2ae79) Importer(2089858483,192608db42251d675da83286b1cce702) (ScriptedImporter) -> (artifact id: '395ccc039f7469a02c514684e185ae06') in 0.0127564 seconds
Number of updated asset objects reloaded before import = 0Number of asset objects unloaded after import = 370

========================================================================
Received Import Request.
  Time since last request: 1.557423 seconds.
  path: Assets/Resources/Levels/1/4.prefab
  artifactKey: Guid(a1788fa8bdb917f4482ebe581bc2ae79) Importer(2089858483,192608db42251d675da83286b1cce702)
Start importing Assets/Resources/Levels/1/4.prefab using Guid(a1788fa8bdb917f4482ebe581bc2ae79) Importer(2089858483,192608db42251d675da83286b1cce702) (ScriptedImporter) -> (artifact id: '7251bbac7c2eb3b6432a492dbb4f2296') in 0.0116922 seconds
Number of updated asset objects reloaded before import = 0Number of asset objects unloaded after import = 370

========================================================================
Received Import Request.
  Time since last request: 5.819939 seconds.
  path: Assets/Resources/Levels/1/4.prefab
  artifactKey: Guid(a1788fa8bdb917f4482ebe581bc2ae79) Importer(2089858483,192608db42251d675da83286b1cce702)
Start importing Assets/Resources/Levels/1/4.prefab using Guid(a1788fa8bdb917f4482ebe581bc2ae79) Importer(2089858483,192608db42251d675da83286b1cce702) (ScriptedImporter) -> (artifact id: '7c6a4d74903412d557c9667c32f0749f') in 0.0159072 seconds
Number of updated asset objects reloaded before import = 0Number of asset objects unloaded after import = 448

========================================================================
Received Import Request.
  Time since last request: 2.976495 seconds.
  path: Assets/Resources/Levels/1/4.prefab
  artifactKey: Guid(a1788fa8bdb917f4482ebe581bc2ae79) Importer(2089858483,192608db42251d675da83286b1cce702)
Start importing Assets/Resources/Levels/1/4.prefab using Guid(a1788fa8bdb917f4482ebe581bc2ae79) Importer(2089858483,192608db42251d675da83286b1cce702) (ScriptedImporter) -> (artifact id: '3b4242f4fd9e51c50b3e3fef32292732') in 0.016199 seconds
Number of updated asset objects reloaded before import = 0Number of asset objects unloaded after import = 448

========================================================================
Received Import Request.
  Time since last request: 2.575323 seconds.
  path: Assets/Resources/Levels/1/4.prefab
  artifactKey: Guid(a1788fa8bdb917f4482ebe581bc2ae79) Importer(2089858483,192608db42251d675da83286b1cce702)
Start importing Assets/Resources/Levels/1/4.prefab using Guid(a1788fa8bdb917f4482ebe581bc2ae79) Importer(2089858483,192608db42251d675da83286b1cce702) (ScriptedImporter) -> (artifact id: '348e9f72c3a02f961448d6eca3c35877') in 0.0132313 seconds
Number of updated asset objects reloaded before import = 0Number of asset objects unloaded after import = 454

========================================================================
Received Import Request.
  Time since last request: 3.795354 seconds.
  path: Assets/Resources/Levels/1/4.prefab
  artifactKey: Guid(a1788fa8bdb917f4482ebe581bc2ae79) Importer(2089858483,192608db42251d675da83286b1cce702)
Start importing Assets/Resources/Levels/1/4.prefab using Guid(a1788fa8bdb917f4482ebe581bc2ae79) Importer(2089858483,192608db42251d675da83286b1cce702) (ScriptedImporter) -> (artifact id: 'c5d526bde55957441493eb0629c8a53b') in 0.0172972 seconds
Number of updated asset objects reloaded before import = 0Number of asset objects unloaded after import = 460

========================================================================
Received Import Request.
  Time since last request: 2.620116 seconds.
  path: Assets/Resources/Levels/1/4.prefab
  artifactKey: Guid(a1788fa8bdb917f4482ebe581bc2ae79) Importer(2089858483,192608db42251d675da83286b1cce702)
Start importing Assets/Resources/Levels/1/4.prefab using Guid(a1788fa8bdb917f4482ebe581bc2ae79) Importer(2089858483,192608db42251d675da83286b1cce702) (ScriptedImporter) -> (artifact id: '691c0f6854a41ce649fcba3433abf59e') in 0.0150044 seconds
Number of updated asset objects reloaded before import = 0Number of asset objects unloaded after import = 465

========================================================================
Received Import Request.
  Time since last request: 5.803026 seconds.
  path: Assets/Resources/Levels/1/4.prefab
  artifactKey: Guid(a1788fa8bdb917f4482ebe581bc2ae79) Importer(2089858483,192608db42251d675da83286b1cce702)
Start importing Assets/Resources/Levels/1/4.prefab using Guid(a1788fa8bdb917f4482ebe581bc2ae79) Importer(2089858483,192608db42251d675da83286b1cce702) (ScriptedImporter) -> (artifact id: '69c71c2b4e576220c85f712173cc6935') in 0.0176874 seconds
Number of updated asset objects reloaded before import = 0Number of asset objects unloaded after import = 470

========================================================================
Received Import Request.
  Time since last request: 2.558542 seconds.
  path: Assets/Resources/Levels/1/4.prefab
  artifactKey: Guid(a1788fa8bdb917f4482ebe581bc2ae79) Importer(2089858483,192608db42251d675da83286b1cce702)
Start importing Assets/Resources/Levels/1/4.prefab using Guid(a1788fa8bdb917f4482ebe581bc2ae79) Importer(2089858483,192608db42251d675da83286b1cce702) (ScriptedImporter) -> (artifact id: 'b0fd921383de218e21e29fb89c2d9d21') in 0.0178483 seconds
Number of updated asset objects reloaded before import = 0Number of asset objects unloaded after import = 470

========================================================================
Received Import Request.
  Time since last request: 2.154307 seconds.
  path: Assets/Resources/Levels/1/4.prefab
  artifactKey: Guid(a1788fa8bdb917f4482ebe581bc2ae79) Importer(2089858483,192608db42251d675da83286b1cce702)
Start importing Assets/Resources/Levels/1/4.prefab using Guid(a1788fa8bdb917f4482ebe581bc2ae79) Importer(2089858483,192608db42251d675da83286b1cce702) (ScriptedImporter) -> (artifact id: 'cc9e740f61c688d1717a894455218e4e') in 0.0130415 seconds
Number of updated asset objects reloaded before import = 0Number of asset objects unloaded after import = 470

========================================================================
Received Import Request.
  Time since last request: 1.968391 seconds.
  path: Assets/Resources/Levels/1/4.prefab
  artifactKey: Guid(a1788fa8bdb917f4482ebe581bc2ae79) Importer(2089858483,192608db42251d675da83286b1cce702)
Start importing Assets/Resources/Levels/1/4.prefab using Guid(a1788fa8bdb917f4482ebe581bc2ae79) Importer(2089858483,192608db42251d675da83286b1cce702) (ScriptedImporter) -> (artifact id: 'a9bfc2156eee0e8115ebbb5b65ca72cd') in 0.0137743 seconds
Number of updated asset objects reloaded before import = 0Number of asset objects unloaded after import = 470

========================================================================
Received Import Request.
  Time since last request: 3.033203 seconds.
  path: Assets/Resources/Levels/1/4.prefab
  artifactKey: Guid(a1788fa8bdb917f4482ebe581bc2ae79) Importer(2089858483,192608db42251d675da83286b1cce702)
Start importing Assets/Resources/Levels/1/4.prefab using Guid(a1788fa8bdb917f4482ebe581bc2ae79) Importer(2089858483,192608db42251d675da83286b1cce702) (ScriptedImporter) -> (artifact id: '2e0cb01b28294cae8561231202084055') in 0.0137924 seconds
Number of updated asset objects reloaded before import = 0Number of asset objects unloaded after import = 475

========================================================================
Received Import Request.
  Time since last request: 5.405958 seconds.
  path: Assets/Resources/Levels/1/4.prefab
  artifactKey: Guid(a1788fa8bdb917f4482ebe581bc2ae79) Importer(2089858483,192608db42251d675da83286b1cce702)
Start importing Assets/Resources/Levels/1/4.prefab using Guid(a1788fa8bdb917f4482ebe581bc2ae79) Importer(2089858483,192608db42251d675da83286b1cce702) (ScriptedImporter) -> (artifact id: '95d8c6ac2640c1358ea13ae19d77356a') in 0.0167661 seconds
Number of updated asset objects reloaded before import = 0Number of asset objects unloaded after import = 480

========================================================================
Received Import Request.
  Time since last request: 2.578891 seconds.
  path: Assets/Resources/Levels/1/4.prefab
  artifactKey: Guid(a1788fa8bdb917f4482ebe581bc2ae79) Importer(2089858483,192608db42251d675da83286b1cce702)
Start importing Assets/Resources/Levels/1/4.prefab using Guid(a1788fa8bdb917f4482ebe581bc2ae79) Importer(2089858483,192608db42251d675da83286b1cce702) (ScriptedImporter) -> (artifact id: 'c01436f7e82ea1e63fd775c6720c4d8e') in 0.0184489 seconds
Number of updated asset objects reloaded before import = 0Number of asset objects unloaded after import = 486

========================================================================
Received Import Request.
  Time since last request: 14.111453 seconds.
  path: Assets/Resources/Levels/1/4.prefab
  artifactKey: Guid(a1788fa8bdb917f4482ebe581bc2ae79) Importer(2089858483,192608db42251d675da83286b1cce702)
Start importing Assets/Resources/Levels/1/4.prefab using Guid(a1788fa8bdb917f4482ebe581bc2ae79) Importer(2089858483,192608db42251d675da83286b1cce702) (ScriptedImporter) -> (artifact id: 'f9419a61ef8b8552d80a3cb3e9c077e7') in 0.0154279 seconds
Number of updated asset objects reloaded before import = 0Number of asset objects unloaded after import = 564

========================================================================
Received Import Request.
  Time since last request: 2.294055 seconds.
  path: Assets/Resources/Levels/1/4.prefab
  artifactKey: Guid(a1788fa8bdb917f4482ebe581bc2ae79) Importer(2089858483,192608db42251d675da83286b1cce702)
Start importing Assets/Resources/Levels/1/4.prefab using Guid(a1788fa8bdb917f4482ebe581bc2ae79) Importer(2089858483,192608db42251d675da83286b1cce702) (ScriptedImporter) -> (artifact id: 'da3ba8309bad09bf509f76f49542e714') in 0.017111 seconds
Number of updated asset objects reloaded before import = 0Number of asset objects unloaded after import = 658

========================================================================
Received Import Request.
  Time since last request: 3.773811 seconds.
  path: Assets/Resources/Levels/1/4.prefab
  artifactKey: Guid(a1788fa8bdb917f4482ebe581bc2ae79) Importer(2089858483,192608db42251d675da83286b1cce702)
Start importing Assets/Resources/Levels/1/4.prefab using Guid(a1788fa8bdb917f4482ebe581bc2ae79) Importer(2089858483,192608db42251d675da83286b1cce702) (ScriptedImporter) -> (artifact id: 'cdcd328dda35b7c92ccfa7768caf4595') in 0.0200019 seconds
Number of updated asset objects reloaded before import = 0Number of asset objects unloaded after import = 658

========================================================================
Received Import Request.
  Time since last request: 2.795725 seconds.
  path: Assets/Resources/Levels/1/4.prefab
  artifactKey: Guid(a1788fa8bdb917f4482ebe581bc2ae79) Importer(2089858483,192608db42251d675da83286b1cce702)
Start importing Assets/Resources/Levels/1/4.prefab using Guid(a1788fa8bdb917f4482ebe581bc2ae79) Importer(2089858483,192608db42251d675da83286b1cce702) (ScriptedImporter) -> (artifact id: 'c7b1708c6660154772f2b08ec3fca31a') in 0.0152182 seconds
Number of updated asset objects reloaded before import = 0Number of asset objects unloaded after import = 658

========================================================================
Received Import Request.
  Time since last request: 9.613918 seconds.
  path: Assets/Resources/Levels/1/4.prefab
  artifactKey: Guid(a1788fa8bdb917f4482ebe581bc2ae79) Importer(2089858483,192608db42251d675da83286b1cce702)
Start importing Assets/Resources/Levels/1/4.prefab using Guid(a1788fa8bdb917f4482ebe581bc2ae79) Importer(2089858483,192608db42251d675da83286b1cce702) (ScriptedImporter) -> (artifact id: 'fbc49a992e2dfb4c67b991ae8d0aa577') in 0.019084 seconds
Number of updated asset objects reloaded before import = 0Number of asset objects unloaded after import = 736

========================================================================
Received Import Request.
  Time since last request: 4.175697 seconds.
  path: Assets/Resources/Levels/1/4.prefab
  artifactKey: Guid(a1788fa8bdb917f4482ebe581bc2ae79) Importer(2089858483,192608db42251d675da83286b1cce702)
Start importing Assets/Resources/Levels/1/4.prefab using Guid(a1788fa8bdb917f4482ebe581bc2ae79) Importer(2089858483,192608db42251d675da83286b1cce702) (ScriptedImporter) -> (artifact id: 'a9981bfbe4aaae1ebf4618af201b55d7') in 0.020211 seconds
Number of updated asset objects reloaded before import = 0Number of asset objects unloaded after import = 736

========================================================================
Received Import Request.
  Time since last request: 3.597668 seconds.
  path: Assets/Resources/Levels/1/4.prefab
  artifactKey: Guid(a1788fa8bdb917f4482ebe581bc2ae79) Importer(2089858483,192608db42251d675da83286b1cce702)
Start importing Assets/Resources/Levels/1/4.prefab using Guid(a1788fa8bdb917f4482ebe581bc2ae79) Importer(2089858483,192608db42251d675da83286b1cce702) (ScriptedImporter) -> (artifact id: '18750881c92e8a98699a13f8c447a17c') in 0.0196292 seconds
Number of updated asset objects reloaded before import = 0Number of asset objects unloaded after import = 741

========================================================================
Received Import Request.
  Time since last request: 1.771460 seconds.
  path: Assets/Resources/Levels/1/4.prefab
  artifactKey: Guid(a1788fa8bdb917f4482ebe581bc2ae79) Importer(2089858483,192608db42251d675da83286b1cce702)
Start importing Assets/Resources/Levels/1/4.prefab using Guid(a1788fa8bdb917f4482ebe581bc2ae79) Importer(2089858483,192608db42251d675da83286b1cce702) (ScriptedImporter) -> (artifact id: '37a9548be2bd3d14b7549952efaad191') in 0.0204904 seconds
Number of updated asset objects reloaded before import = 0Number of asset objects unloaded after import = 746

========================================================================
Received Import Request.
  Time since last request: 1.885569 seconds.
  path: Assets/Resources/Levels/1/4.prefab
  artifactKey: Guid(a1788fa8bdb917f4482ebe581bc2ae79) Importer(2089858483,192608db42251d675da83286b1cce702)
Start importing Assets/Resources/Levels/1/4.prefab using Guid(a1788fa8bdb917f4482ebe581bc2ae79) Importer(2089858483,192608db42251d675da83286b1cce702) (ScriptedImporter) -> (artifact id: 'cfadef230f8884f916c04beaea53899a') in 0.0191166 seconds
Number of updated asset objects reloaded before import = 0Number of asset objects unloaded after import = 751

========================================================================
Received Import Request.
  Time since last request: 1.939156 seconds.
  path: Assets/Resources/Levels/1/4.prefab
  artifactKey: Guid(a1788fa8bdb917f4482ebe581bc2ae79) Importer(2089858483,192608db42251d675da83286b1cce702)
Start importing Assets/Resources/Levels/1/4.prefab using Guid(a1788fa8bdb917f4482ebe581bc2ae79) Importer(2089858483,192608db42251d675da83286b1cce702) (ScriptedImporter) -> (artifact id: 'cebf28a32c40f3c357fb3a7aeb68ec9c') in 0.0341716 seconds
Number of updated asset objects reloaded before import = 0Number of asset objects unloaded after import = 751

========================================================================
Received Import Request.
  Time since last request: 14.281245 seconds.
  path: Assets/Resources/Levels/1/4.prefab
  artifactKey: Guid(a1788fa8bdb917f4482ebe581bc2ae79) Importer(2089858483,192608db42251d675da83286b1cce702)
Start importing Assets/Resources/Levels/1/4.prefab using Guid(a1788fa8bdb917f4482ebe581bc2ae79) Importer(2089858483,192608db42251d675da83286b1cce702) (ScriptedImporter) -> (artifact id: '8d876633ed21ffe1673ddf0167067bb6') in 0.0189022 seconds
Number of updated asset objects reloaded before import = 0Number of asset objects unloaded after import = 751

========================================================================
Received Import Request.
  Time since last request: 10.229409 seconds.
  path: Assets/Resources/Levels/1/4.prefab
  artifactKey: Guid(a1788fa8bdb917f4482ebe581bc2ae79) Importer(2089858483,192608db42251d675da83286b1cce702)
Start importing Assets/Resources/Levels/1/4.prefab using Guid(a1788fa8bdb917f4482ebe581bc2ae79) Importer(2089858483,192608db42251d675da83286b1cce702) (ScriptedImporter) -> (artifact id: '86eadf4d796e7f4a530f16025ef0d0b5') in 0.0171066 seconds
Number of updated asset objects reloaded before import = 0Number of asset objects unloaded after import = 751

========================================================================
Received Import Request.
  Time since last request: 2.818326 seconds.
  path: Assets/Resources/Levels/1/4.prefab
  artifactKey: Guid(a1788fa8bdb917f4482ebe581bc2ae79) Importer(2089858483,192608db42251d675da83286b1cce702)
Start importing Assets/Resources/Levels/1/4.prefab using Guid(a1788fa8bdb917f4482ebe581bc2ae79) Importer(2089858483,192608db42251d675da83286b1cce702) (ScriptedImporter) -> (artifact id: '304312a42ca134cd6d7281f0d725e083') in 0.0205191 seconds
Number of updated asset objects reloaded before import = 0Number of asset objects unloaded after import = 751

========================================================================
Received Import Request.
  Time since last request: 4.629265 seconds.
  path: Assets/Resources/Levels/1/4.prefab
  artifactKey: Guid(a1788fa8bdb917f4482ebe581bc2ae79) Importer(2089858483,192608db42251d675da83286b1cce702)
Start importing Assets/Resources/Levels/1/4.prefab using Guid(a1788fa8bdb917f4482ebe581bc2ae79) Importer(2089858483,192608db42251d675da83286b1cce702) (ScriptedImporter) -> (artifact id: '7649b6f0465c008d1aaf5e6e60a7970d') in 0.0167187 seconds
Number of updated asset objects reloaded before import = 0Number of asset objects unloaded after import = 757

========================================================================
Received Import Request.
  Time since last request: 10.031996 seconds.
  path: Assets/Resources/Levels/1/4.prefab
  artifactKey: Guid(a1788fa8bdb917f4482ebe581bc2ae79) Importer(2089858483,192608db42251d675da83286b1cce702)
Start importing Assets/Resources/Levels/1/4.prefab using Guid(a1788fa8bdb917f4482ebe581bc2ae79) Importer(2089858483,192608db42251d675da83286b1cce702) (ScriptedImporter) -> (artifact id: '42d0e5d69cf25cb13d49c4a302240294') in 0.0220529 seconds
Number of updated asset objects reloaded before import = 0Number of asset objects unloaded after import = 841

========================================================================
Received Import Request.
  Time since last request: 0.663582 seconds.
  path: Assets/Resources/Levels/1/4.prefab
  artifactKey: Guid(a1788fa8bdb917f4482ebe581bc2ae79) Importer(2089858483,192608db42251d675da83286b1cce702)
Start importing Assets/Resources/Levels/1/4.prefab using Guid(a1788fa8bdb917f4482ebe581bc2ae79) Importer(2089858483,192608db42251d675da83286b1cce702) (ScriptedImporter) -> (artifact id: '31fe78f861786779661bb75e25c08a7a') in 0.0256373 seconds
Number of updated asset objects reloaded before import = 0Number of asset objects unloaded after import = 841

========================================================================
Received Import Request.
  Time since last request: 4.364098 seconds.
  path: Assets/Resources/Levels/1/4.prefab
  artifactKey: Guid(a1788fa8bdb917f4482ebe581bc2ae79) Importer(2089858483,192608db42251d675da83286b1cce702)
Start importing Assets/Resources/Levels/1/4.prefab using Guid(a1788fa8bdb917f4482ebe581bc2ae79) Importer(2089858483,192608db42251d675da83286b1cce702) (ScriptedImporter) -> (artifact id: '11e23f4db69a745db3838a3921820f02') in 0.0219482 seconds
Number of updated asset objects reloaded before import = 0Number of asset objects unloaded after import = 846

========================================================================
Received Import Request.
  Time since last request: 1.760134 seconds.
  path: Assets/Resources/Levels/1/4.prefab
  artifactKey: Guid(a1788fa8bdb917f4482ebe581bc2ae79) Importer(2089858483,192608db42251d675da83286b1cce702)
Start importing Assets/Resources/Levels/1/4.prefab using Guid(a1788fa8bdb917f4482ebe581bc2ae79) Importer(2089858483,192608db42251d675da83286b1cce702) (ScriptedImporter) -> (artifact id: 'ce7d3118a863317cd67b3ab02f582eb1') in 0.0210441 seconds
Number of updated asset objects reloaded before import = 0Number of asset objects unloaded after import = 851

========================================================================
Received Import Request.
  Time since last request: 1.959393 seconds.
  path: Assets/Resources/Levels/1/4.prefab
  artifactKey: Guid(a1788fa8bdb917f4482ebe581bc2ae79) Importer(2089858483,192608db42251d675da83286b1cce702)
Start importing Assets/Resources/Levels/1/4.prefab using Guid(a1788fa8bdb917f4482ebe581bc2ae79) Importer(2089858483,192608db42251d675da83286b1cce702) (ScriptedImporter) -> (artifact id: 'be044cb1dbc3427e56f0855620f0beca') in 0.0215246 seconds
Number of updated asset objects reloaded before import = 0Number of asset objects unloaded after import = 856

========================================================================
Received Import Request.
  Time since last request: 2.153187 seconds.
  path: Assets/Resources/Levels/1/4.prefab
  artifactKey: Guid(a1788fa8bdb917f4482ebe581bc2ae79) Importer(2089858483,192608db42251d675da83286b1cce702)
Start importing Assets/Resources/Levels/1/4.prefab using Guid(a1788fa8bdb917f4482ebe581bc2ae79) Importer(2089858483,192608db42251d675da83286b1cce702) (ScriptedImporter) -> (artifact id: '9eacdc0c7ef8decbe147daa5ed7302ed') in 0.0213437 seconds
Number of updated asset objects reloaded before import = 0Number of asset objects unloaded after import = 856

========================================================================
Received Import Request.
  Time since last request: 1.953466 seconds.
  path: Assets/Resources/Levels/1/4.prefab
  artifactKey: Guid(a1788fa8bdb917f4482ebe581bc2ae79) Importer(2089858483,192608db42251d675da83286b1cce702)
Start importing Assets/Resources/Levels/1/4.prefab using Guid(a1788fa8bdb917f4482ebe581bc2ae79) Importer(2089858483,192608db42251d675da83286b1cce702) (ScriptedImporter) -> (artifact id: '279bcb6ee0a9a37bbe795e01741f4b8a') in 0.0218102 seconds
Number of updated asset objects reloaded before import = 0Number of asset objects unloaded after import = 856

========================================================================
Received Import Request.
  Time since last request: 1.811815 seconds.
  path: Assets/Resources/Levels/1/4.prefab
  artifactKey: Guid(a1788fa8bdb917f4482ebe581bc2ae79) Importer(2089858483,192608db42251d675da83286b1cce702)
Start importing Assets/Resources/Levels/1/4.prefab using Guid(a1788fa8bdb917f4482ebe581bc2ae79) Importer(2089858483,192608db42251d675da83286b1cce702) (ScriptedImporter) -> (artifact id: '4ce4bc8fb927afedd5341b583ec209e8') in 0.0195888 seconds
Number of updated asset objects reloaded before import = 0Number of asset objects unloaded after import = 856

========================================================================
Received Import Request.
  Time since last request: 10.466825 seconds.
  path: Assets/Resources/Levels/1/4.prefab
  artifactKey: Guid(a1788fa8bdb917f4482ebe581bc2ae79) Importer(2089858483,192608db42251d675da83286b1cce702)
Start importing Assets/Resources/Levels/1/4.prefab using Guid(a1788fa8bdb917f4482ebe581bc2ae79) Importer(2089858483,192608db42251d675da83286b1cce702) (ScriptedImporter) -> (artifact id: 'ace325341dd2b9fb71e05821ef5abdfc') in 0.0258868 seconds
Number of updated asset objects reloaded before import = 0Number of asset objects unloaded after import = 950

========================================================================
Received Import Request.
  Time since last request: 4.641208 seconds.
  path: Assets/Resources/Levels/1/4.prefab
  artifactKey: Guid(a1788fa8bdb917f4482ebe581bc2ae79) Importer(2089858483,192608db42251d675da83286b1cce702)
Start importing Assets/Resources/Levels/1/4.prefab using Guid(a1788fa8bdb917f4482ebe581bc2ae79) Importer(2089858483,192608db42251d675da83286b1cce702) (ScriptedImporter) -> (artifact id: '1084cd6aeb52913d20ab647028a8f466') in 0.0283424 seconds
Number of updated asset objects reloaded before import = 0Number of asset objects unloaded after import = 1044

========================================================================
Received Import Request.
  Time since last request: 4.829403 seconds.
  path: Assets/Resources/Levels/1/4.prefab
  artifactKey: Guid(a1788fa8bdb917f4482ebe581bc2ae79) Importer(2089858483,192608db42251d675da83286b1cce702)
Start importing Assets/Resources/Levels/1/4.prefab using Guid(a1788fa8bdb917f4482ebe581bc2ae79) Importer(2089858483,192608db42251d675da83286b1cce702) (ScriptedImporter) -> (artifact id: '2e254f325a9d21df4d16fb11a6621387') in 0.0222716 seconds
Number of updated asset objects reloaded before import = 0Number of asset objects unloaded after import = 1049

========================================================================
Received Import Request.
  Time since last request: 6.039812 seconds.
  path: Assets/Resources/Levels/1/4.prefab
  artifactKey: Guid(a1788fa8bdb917f4482ebe581bc2ae79) Importer(2089858483,192608db42251d675da83286b1cce702)
Start importing Assets/Resources/Levels/1/4.prefab using Guid(a1788fa8bdb917f4482ebe581bc2ae79) Importer(2089858483,192608db42251d675da83286b1cce702) (ScriptedImporter) -> (artifact id: '1bb589f3980e3dc2cb2c8d7620b4c9cf') in 0.0254447 seconds
Number of updated asset objects reloaded before import = 0Number of asset objects unloaded after import = 1054

========================================================================
Received Import Request.
  Time since last request: 2.615059 seconds.
  path: Assets/Resources/Levels/1/4.prefab
  artifactKey: Guid(a1788fa8bdb917f4482ebe581bc2ae79) Importer(2089858483,192608db42251d675da83286b1cce702)
Start importing Assets/Resources/Levels/1/4.prefab using Guid(a1788fa8bdb917f4482ebe581bc2ae79) Importer(2089858483,192608db42251d675da83286b1cce702) (ScriptedImporter) -> (artifact id: '716a9d57b27bdf61a88453f54d42971b') in 0.0341262 seconds
Number of updated asset objects reloaded before import = 0Number of asset objects unloaded after import = 1059

========================================================================
Received Import Request.
  Time since last request: 1.751082 seconds.
  path: Assets/Resources/Levels/1/4.prefab
  artifactKey: Guid(a1788fa8bdb917f4482ebe581bc2ae79) Importer(2089858483,192608db42251d675da83286b1cce702)
Start importing Assets/Resources/Levels/1/4.prefab using Guid(a1788fa8bdb917f4482ebe581bc2ae79) Importer(2089858483,192608db42251d675da83286b1cce702) (ScriptedImporter) -> (artifact id: '53947b98ca5c8933cd7cb4e700ca7688') in 0.0250342 seconds
Number of updated asset objects reloaded before import = 0Number of asset objects unloaded after import = 1064

========================================================================
Received Import Request.
  Time since last request: 13.234193 seconds.
  path: Assets/Resources/Levels/1/4.prefab
  artifactKey: Guid(a1788fa8bdb917f4482ebe581bc2ae79) Importer(2089858483,192608db42251d675da83286b1cce702)
Start importing Assets/Resources/Levels/1/4.prefab using Guid(a1788fa8bdb917f4482ebe581bc2ae79) Importer(2089858483,192608db42251d675da83286b1cce702) (ScriptedImporter) -> (artifact id: '6a89d1784c64828bc96c793a3654896b') in 0.0267723 seconds
Number of updated asset objects reloaded before import = 0Number of asset objects unloaded after import = 1069

========================================================================
Received Import Request.
  Time since last request: 3.559842 seconds.
  path: Assets/Resources/Levels/1/4.prefab
  artifactKey: Guid(a1788fa8bdb917f4482ebe581bc2ae79) Importer(2089858483,192608db42251d675da83286b1cce702)
Start importing Assets/Resources/Levels/1/4.prefab using Guid(a1788fa8bdb917f4482ebe581bc2ae79) Importer(2089858483,192608db42251d675da83286b1cce702) (ScriptedImporter) -> (artifact id: '47d22c23ed6923a88fb2872d6a27efe0') in 0.0218862 seconds
Number of updated asset objects reloaded before import = 0Number of asset objects unloaded after import = 1069

========================================================================
Received Import Request.
  Time since last request: 1.978117 seconds.
  path: Assets/Resources/Levels/1/4.prefab
  artifactKey: Guid(a1788fa8bdb917f4482ebe581bc2ae79) Importer(2089858483,192608db42251d675da83286b1cce702)
Start importing Assets/Resources/Levels/1/4.prefab using Guid(a1788fa8bdb917f4482ebe581bc2ae79) Importer(2089858483,192608db42251d675da83286b1cce702) (ScriptedImporter) -> (artifact id: 'a092cf30f3113dd30bd247db2cb82110') in 0.0259801 seconds
Number of updated asset objects reloaded before import = 0Number of asset objects unloaded after import = 1069

========================================================================
Received Import Request.
  Time since last request: 6.594398 seconds.
  path: Assets/Resources/Levels/1/4.prefab
  artifactKey: Guid(a1788fa8bdb917f4482ebe581bc2ae79) Importer(2089858483,192608db42251d675da83286b1cce702)
Start importing Assets/Resources/Levels/1/4.prefab using Guid(a1788fa8bdb917f4482ebe581bc2ae79) Importer(2089858483,192608db42251d675da83286b1cce702) (ScriptedImporter) -> (artifact id: '9087fa01998cfa5cf3cebf596915aedf') in 0.0272152 seconds
Number of updated asset objects reloaded before import = 0Number of asset objects unloaded after import = 1069

========================================================================
Received Import Request.
  Time since last request: 3.973123 seconds.
  path: Assets/Resources/Levels/1/4.prefab
  artifactKey: Guid(a1788fa8bdb917f4482ebe581bc2ae79) Importer(2089858483,192608db42251d675da83286b1cce702)
Start importing Assets/Resources/Levels/1/4.prefab using Guid(a1788fa8bdb917f4482ebe581bc2ae79) Importer(2089858483,192608db42251d675da83286b1cce702) (ScriptedImporter) -> (artifact id: '045fe7d3f5217bdc887aca062cae9768') in 0.022699 seconds
Number of updated asset objects reloaded before import = 0Number of asset objects unloaded after import = 1074

========================================================================
Received Import Request.
  Time since last request: 2.245598 seconds.
  path: Assets/Resources/Levels/1/4.prefab
  artifactKey: Guid(a1788fa8bdb917f4482ebe581bc2ae79) Importer(2089858483,192608db42251d675da83286b1cce702)
Start importing Assets/Resources/Levels/1/4.prefab using Guid(a1788fa8bdb917f4482ebe581bc2ae79) Importer(2089858483,192608db42251d675da83286b1cce702) (ScriptedImporter) -> (artifact id: 'dc4fa0c98038be78ff3cf28e5e5dbbc5') in 0.0261415 seconds
Number of updated asset objects reloaded before import = 0Number of asset objects unloaded after import = 1079

========================================================================
Received Import Request.
  Time since last request: 2.656996 seconds.
  path: Assets/Resources/Levels/1/4.prefab
  artifactKey: Guid(a1788fa8bdb917f4482ebe581bc2ae79) Importer(2089858483,192608db42251d675da83286b1cce702)
Start importing Assets/Resources/Levels/1/4.prefab using Guid(a1788fa8bdb917f4482ebe581bc2ae79) Importer(2089858483,192608db42251d675da83286b1cce702) (ScriptedImporter) -> (artifact id: 'ac7e2b93e54d2a07e7117b869ef3361b') in 0.022985 seconds
Number of updated asset objects reloaded before import = 0Number of asset objects unloaded after import = 1084

========================================================================
Received Import Request.
  Time since last request: 3.811315 seconds.
  path: Assets/Resources/Levels/1/4.prefab
  artifactKey: Guid(a1788fa8bdb917f4482ebe581bc2ae79) Importer(2089858483,192608db42251d675da83286b1cce702)
Start importing Assets/Resources/Levels/1/4.prefab using Guid(a1788fa8bdb917f4482ebe581bc2ae79) Importer(2089858483,192608db42251d675da83286b1cce702) (ScriptedImporter) -> (artifact id: '22eaf43040f6d5e54909fd735d1d21a6') in 0.0280832 seconds
Number of updated asset objects reloaded before import = 0Number of asset objects unloaded after import = 1084

========================================================================
Received Import Request.
  Time since last request: 3.518378 seconds.
  path: Assets/Resources/Levels/1/4.prefab
  artifactKey: Guid(a1788fa8bdb917f4482ebe581bc2ae79) Importer(2089858483,192608db42251d675da83286b1cce702)
Start importing Assets/Resources/Levels/1/4.prefab using Guid(a1788fa8bdb917f4482ebe581bc2ae79) Importer(2089858483,192608db42251d675da83286b1cce702) (ScriptedImporter) -> (artifact id: '1dfd118722042ee8afc6502d7c7057c7') in 0.0262678 seconds
Number of updated asset objects reloaded before import = 0Number of asset objects unloaded after import = 1084

========================================================================
Received Import Request.
  Time since last request: 4.414456 seconds.
  path: Assets/Resources/Levels/1/4.prefab
  artifactKey: Guid(a1788fa8bdb917f4482ebe581bc2ae79) Importer(2089858483,192608db42251d675da83286b1cce702)
Start importing Assets/Resources/Levels/1/4.prefab using Guid(a1788fa8bdb917f4482ebe581bc2ae79) Importer(2089858483,192608db42251d675da83286b1cce702) (ScriptedImporter) -> (artifact id: 'b7bbf6267267ed51d9890ea78df26fc6') in 0.0254778 seconds
Number of updated asset objects reloaded before import = 0Number of asset objects unloaded after import = 1089

========================================================================
Received Import Request.
  Time since last request: 2.345604 seconds.
  path: Assets/Resources/Levels/1/4.prefab
  artifactKey: Guid(a1788fa8bdb917f4482ebe581bc2ae79) Importer(2089858483,192608db42251d675da83286b1cce702)
Start importing Assets/Resources/Levels/1/4.prefab using Guid(a1788fa8bdb917f4482ebe581bc2ae79) Importer(2089858483,192608db42251d675da83286b1cce702) (ScriptedImporter) -> (artifact id: 'aa24afb5f09f159cf02c0df265d50307') in 0.0229806 seconds
Number of updated asset objects reloaded before import = 0Number of asset objects unloaded after import = 1089

========================================================================
Received Import Request.
  Time since last request: 1.981978 seconds.
  path: Assets/Resources/Levels/1/4.prefab
  artifactKey: Guid(a1788fa8bdb917f4482ebe581bc2ae79) Importer(2089858483,192608db42251d675da83286b1cce702)
Start importing Assets/Resources/Levels/1/4.prefab using Guid(a1788fa8bdb917f4482ebe581bc2ae79) Importer(2089858483,192608db42251d675da83286b1cce702) (ScriptedImporter) -> (artifact id: 'b074330b38e2b9f0238f6c4d756cb1c2') in 0.0224137 seconds
Number of updated asset objects reloaded before import = 0Number of asset objects unloaded after import = 1094

========================================================================
Received Import Request.
  Time since last request: 2.594603 seconds.
  path: Assets/Resources/Levels/1/4.prefab
  artifactKey: Guid(a1788fa8bdb917f4482ebe581bc2ae79) Importer(2089858483,192608db42251d675da83286b1cce702)
Start importing Assets/Resources/Levels/1/4.prefab using Guid(a1788fa8bdb917f4482ebe581bc2ae79) Importer(2089858483,192608db42251d675da83286b1cce702) (ScriptedImporter) -> (artifact id: '9a0334056b3f642dadb8f02f4b190845') in 0.0388495 seconds
Number of updated asset objects reloaded before import = 0Number of asset objects unloaded after import = 1099

========================================================================
Received Import Request.
  Time since last request: 1.925858 seconds.
  path: Assets/Resources/Levels/1/4.prefab
  artifactKey: Guid(a1788fa8bdb917f4482ebe581bc2ae79) Importer(2089858483,192608db42251d675da83286b1cce702)
Start importing Assets/Resources/Levels/1/4.prefab using Guid(a1788fa8bdb917f4482ebe581bc2ae79) Importer(2089858483,192608db42251d675da83286b1cce702) (ScriptedImporter) -> (artifact id: '64be184e9be3599d9336bc533a12445f') in 0.0238825 seconds
Number of updated asset objects reloaded before import = 0Number of asset objects unloaded after import = 1104

========================================================================
Received Import Request.
  Time since last request: 1.817582 seconds.
  path: Assets/Resources/Levels/1/4.prefab
  artifactKey: Guid(a1788fa8bdb917f4482ebe581bc2ae79) Importer(2089858483,192608db42251d675da83286b1cce702)
Start importing Assets/Resources/Levels/1/4.prefab using Guid(a1788fa8bdb917f4482ebe581bc2ae79) Importer(2089858483,192608db42251d675da83286b1cce702) (ScriptedImporter) -> (artifact id: '6510a39ed71b7debd94288aa01b922ff') in 0.0265727 seconds
Number of updated asset objects reloaded before import = 0Number of asset objects unloaded after import = 1109

========================================================================
Received Import Request.
  Time since last request: 2.360870 seconds.
  path: Assets/Resources/Levels/1/4.prefab
  artifactKey: Guid(a1788fa8bdb917f4482ebe581bc2ae79) Importer(2089858483,192608db42251d675da83286b1cce702)
Start importing Assets/Resources/Levels/1/4.prefab using Guid(a1788fa8bdb917f4482ebe581bc2ae79) Importer(2089858483,192608db42251d675da83286b1cce702) (ScriptedImporter) -> (artifact id: 'd85dae71018726aac28c78166f30631b') in 0.0268487 seconds
Number of updated asset objects reloaded before import = 0Number of asset objects unloaded after import = 1114

========================================================================
Received Import Request.
  Time since last request: 5.784629 seconds.
  path: Assets/Resources/Levels/1/4.prefab
  artifactKey: Guid(a1788fa8bdb917f4482ebe581bc2ae79) Importer(2089858483,192608db42251d675da83286b1cce702)
Start importing Assets/Resources/Levels/1/4.prefab using Guid(a1788fa8bdb917f4482ebe581bc2ae79) Importer(2089858483,192608db42251d675da83286b1cce702) (ScriptedImporter) -> (artifact id: 'fa40bdc31490b75aab89f176191b2b1c') in 0.0243005 seconds
Number of updated asset objects reloaded before import = 0Number of asset objects unloaded after import = 1114

========================================================================
Received Import Request.
  Time since last request: 2.951576 seconds.
  path: Assets/Resources/Levels/1/4.prefab
  artifactKey: Guid(a1788fa8bdb917f4482ebe581bc2ae79) Importer(2089858483,192608db42251d675da83286b1cce702)
Start importing Assets/Resources/Levels/1/4.prefab using Guid(a1788fa8bdb917f4482ebe581bc2ae79) Importer(2089858483,192608db42251d675da83286b1cce702) (ScriptedImporter) -> (artifact id: '279297952467d9349923cf654a05b478') in 0.0246431 seconds
Number of updated asset objects reloaded before import = 0Number of asset objects unloaded after import = 1114

========================================================================
Received Import Request.
  Time since last request: 3.796027 seconds.
  path: Assets/Resources/Levels/1/4.prefab
  artifactKey: Guid(a1788fa8bdb917f4482ebe581bc2ae79) Importer(2089858483,192608db42251d675da83286b1cce702)
Start importing Assets/Resources/Levels/1/4.prefab using Guid(a1788fa8bdb917f4482ebe581bc2ae79) Importer(2089858483,192608db42251d675da83286b1cce702) (ScriptedImporter) -> (artifact id: '926d4b60720625698945ca9c87705619') in 0.0220758 seconds
Number of updated asset objects reloaded before import = 0Number of asset objects unloaded after import = 1114

========================================================================
Received Import Request.
  Time since last request: 1.746110 seconds.
  path: Assets/Resources/Levels/1/4.prefab
  artifactKey: Guid(a1788fa8bdb917f4482ebe581bc2ae79) Importer(2089858483,192608db42251d675da83286b1cce702)
Start importing Assets/Resources/Levels/1/4.prefab using Guid(a1788fa8bdb917f4482ebe581bc2ae79) Importer(2089858483,192608db42251d675da83286b1cce702) (ScriptedImporter) -> (artifact id: '5bb7816a9bac63e95fc3b0f415ad6759') in 0.0329568 seconds
Number of updated asset objects reloaded before import = 0Number of asset objects unloaded after import = 1114

========================================================================
Received Import Request.
  Time since last request: 3.420370 seconds.
  path: Assets/Resources/Levels/1/4.prefab
  artifactKey: Guid(a1788fa8bdb917f4482ebe581bc2ae79) Importer(2089858483,192608db42251d675da83286b1cce702)
Start importing Assets/Resources/Levels/1/4.prefab using Guid(a1788fa8bdb917f4482ebe581bc2ae79) Importer(2089858483,192608db42251d675da83286b1cce702) (ScriptedImporter) -> (artifact id: '4092c7c67287fcd1983676b07fd4fb91') in 0.0243126 seconds
Number of updated asset objects reloaded before import = 0Number of asset objects unloaded after import = 1192

========================================================================
Received Import Request.
  Time since last request: 3.401379 seconds.
  path: Assets/Resources/Levels/1/4.prefab
  artifactKey: Guid(a1788fa8bdb917f4482ebe581bc2ae79) Importer(2089858483,192608db42251d675da83286b1cce702)
Start importing Assets/Resources/Levels/1/4.prefab using Guid(a1788fa8bdb917f4482ebe581bc2ae79) Importer(2089858483,192608db42251d675da83286b1cce702) (ScriptedImporter) -> (artifact id: '42cf811be59e5eb70934803620e3d892') in 0.0287698 seconds
Number of updated asset objects reloaded before import = 0Number of asset objects unloaded after import = 1286

========================================================================
Received Import Request.
  Time since last request: 2.353683 seconds.
  path: Assets/Resources/Levels/1/4.prefab
  artifactKey: Guid(a1788fa8bdb917f4482ebe581bc2ae79) Importer(2089858483,192608db42251d675da83286b1cce702)
Start importing Assets/Resources/Levels/1/4.prefab using Guid(a1788fa8bdb917f4482ebe581bc2ae79) Importer(2089858483,192608db42251d675da83286b1cce702) (ScriptedImporter) -> (artifact id: 'f9632bf929da30d7caaa9c035ecf5df8') in 0.0244353 seconds
Number of updated asset objects reloaded before import = 0Number of asset objects unloaded after import = 1286

========================================================================
Received Import Request.
  Time since last request: 1.776454 seconds.
  path: Assets/Resources/Levels/1/4.prefab
  artifactKey: Guid(a1788fa8bdb917f4482ebe581bc2ae79) Importer(2089858483,192608db42251d675da83286b1cce702)
Start importing Assets/Resources/Levels/1/4.prefab using Guid(a1788fa8bdb917f4482ebe581bc2ae79) Importer(2089858483,192608db42251d675da83286b1cce702) (ScriptedImporter) -> (artifact id: 'fd33c119b26de47eebaf21cbda4fbb70') in 0.0338303 seconds
Number of updated asset objects reloaded before import = 0Number of asset objects unloaded after import = 1286

========================================================================
Received Import Request.
  Time since last request: 2.971570 seconds.
  path: Assets/Resources/Levels/1/4.prefab
  artifactKey: Guid(a1788fa8bdb917f4482ebe581bc2ae79) Importer(2089858483,192608db42251d675da83286b1cce702)
Start importing Assets/Resources/Levels/1/4.prefab using Guid(a1788fa8bdb917f4482ebe581bc2ae79) Importer(2089858483,192608db42251d675da83286b1cce702) (ScriptedImporter) -> (artifact id: '6dd9c5c287c620c5d9b4de290e1b8db5') in 0.0364149 seconds
Number of updated asset objects reloaded before import = 0Number of asset objects unloaded after import = 1292

========================================================================
Received Import Request.
  Time since last request: 1.807197 seconds.
  path: Assets/Resources/Levels/1/4.prefab
  artifactKey: Guid(a1788fa8bdb917f4482ebe581bc2ae79) Importer(2089858483,192608db42251d675da83286b1cce702)
Start importing Assets/Resources/Levels/1/4.prefab using Guid(a1788fa8bdb917f4482ebe581bc2ae79) Importer(2089858483,192608db42251d675da83286b1cce702) (ScriptedImporter) -> (artifact id: '5480eebfdcecbe0d1363e8e8f5205023') in 0.0276121 seconds
Number of updated asset objects reloaded before import = 0Number of asset objects unloaded after import = 1298

========================================================================
Received Import Request.
  Time since last request: 2.363237 seconds.
  path: Assets/Resources/Levels/1/4.prefab
  artifactKey: Guid(a1788fa8bdb917f4482ebe581bc2ae79) Importer(2089858483,192608db42251d675da83286b1cce702)
Start importing Assets/Resources/Levels/1/4.prefab using Guid(a1788fa8bdb917f4482ebe581bc2ae79) Importer(2089858483,192608db42251d675da83286b1cce702) (ScriptedImporter) -> (artifact id: 'd1225682335a41a6d5f98f9d2cf1a663') in 0.0270539 seconds
Number of updated asset objects reloaded before import = 0Number of asset objects unloaded after import = 1376

========================================================================
Received Import Request.
  Time since last request: 6.059840 seconds.
  path: Assets/Resources/Levels/1/4.prefab
  artifactKey: Guid(a1788fa8bdb917f4482ebe581bc2ae79) Importer(2089858483,192608db42251d675da83286b1cce702)
Start importing Assets/Resources/Levels/1/4.prefab using Guid(a1788fa8bdb917f4482ebe581bc2ae79) Importer(2089858483,192608db42251d675da83286b1cce702) (ScriptedImporter) -> (artifact id: '8555fb5677159ab1ce9c7d31f67bfdf0') in 0.0327857 seconds
Number of updated asset objects reloaded before import = 0Number of asset objects unloaded after import = 1470

========================================================================
Received Import Request.
  Time since last request: 2.344946 seconds.
  path: Assets/Resources/Levels/1/4.prefab
  artifactKey: Guid(a1788fa8bdb917f4482ebe581bc2ae79) Importer(2089858483,192608db42251d675da83286b1cce702)
Start importing Assets/Resources/Levels/1/4.prefab using Guid(a1788fa8bdb917f4482ebe581bc2ae79) Importer(2089858483,192608db42251d675da83286b1cce702) (ScriptedImporter) -> (artifact id: '04a4ee7202ac4d7bd12880a210b63321') in 0.0272098 seconds
Number of updated asset objects reloaded before import = 0Number of asset objects unloaded after import = 1470

========================================================================
Received Import Request.
  Time since last request: 4.590812 seconds.
  path: Assets/Resources/Levels/1/3.prefab
  artifactKey: Guid(f3cf4ce04b8389a4fb9a08212d7e6756) Importer(815301076,1909f56bfc062723c751e8b465ee728b)
Start importing Assets/Resources/Levels/1/3.prefab using Guid(f3cf4ce04b8389a4fb9a08212d7e6756) Importer(815301076,1909f56bfc062723c751e8b465ee728b) (PreviewImporter) -> (artifact id: '487bb736d17cd5152a2acbb8391e6c4f') in 0.0787857 seconds
Number of updated asset objects reloaded before import = 0Number of asset objects unloaded after import = 1519

========================================================================
Received Import Request.
  Time since last request: 0.288344 seconds.
  path: Assets/Resources/Levels/1/4.prefab
  artifactKey: Guid(a1788fa8bdb917f4482ebe581bc2ae79) Importer(815301076,1909f56bfc062723c751e8b465ee728b)
Start importing Assets/Resources/Levels/1/4.prefab using Guid(a1788fa8bdb917f4482ebe581bc2ae79) Importer(815301076,1909f56bfc062723c751e8b465ee728b) (PreviewImporter) -> (artifact id: '293994035a3c171c6be126747edd3eaf') in 0.0780518 seconds
Number of updated asset objects reloaded before import = 0Number of asset objects unloaded after import = 1781

========================================================================
Received Import Request.
  Time since last request: 3.396529 seconds.
  path: Assets/Resources/Levels/1/4.prefab
  artifactKey: Guid(a1788fa8bdb917f4482ebe581bc2ae79) Importer(2089858483,192608db42251d675da83286b1cce702)
Start importing Assets/Resources/Levels/1/4.prefab using Guid(a1788fa8bdb917f4482ebe581bc2ae79) Importer(2089858483,192608db42251d675da83286b1cce702) (ScriptedImporter) -> (artifact id: '738220c3bddabdf37e50d2295bfbd004') in 0.0314927 seconds
Number of updated asset objects reloaded before import = 0Number of asset objects unloaded after import = 1476

========================================================================
Received Import Request.
  Time since last request: 1.602746 seconds.
  path: Assets/Resources/Levels/1/4.prefab
  artifactKey: Guid(a1788fa8bdb917f4482ebe581bc2ae79) Importer(2089858483,192608db42251d675da83286b1cce702)
Start importing Assets/Resources/Levels/1/4.prefab using Guid(a1788fa8bdb917f4482ebe581bc2ae79) Importer(2089858483,192608db42251d675da83286b1cce702) (ScriptedImporter) -> (artifact id: '1b85daaae9374fcf17b0eb24efdc8a50') in 0.0326477 seconds
Number of updated asset objects reloaded before import = 0Number of asset objects unloaded after import = 1482

========================================================================
Received Import Request.
  Time since last request: 1.942781 seconds.
  path: Assets/Resources/Levels/1/4.prefab
  artifactKey: Guid(a1788fa8bdb917f4482ebe581bc2ae79) Importer(2089858483,192608db42251d675da83286b1cce702)
Start importing Assets/Resources/Levels/1/4.prefab using Guid(a1788fa8bdb917f4482ebe581bc2ae79) Importer(2089858483,192608db42251d675da83286b1cce702) (ScriptedImporter) -> (artifact id: '4f7918472033f3a0bf253e25bca36f8d') in 0.0387115 seconds
Number of updated asset objects reloaded before import = 0Number of asset objects unloaded after import = 1488

========================================================================
Received Import Request.
  Time since last request: 3.791954 seconds.
  path: Assets/Resources/Levels/1/4.prefab
  artifactKey: Guid(a1788fa8bdb917f4482ebe581bc2ae79) Importer(2089858483,192608db42251d675da83286b1cce702)
Start importing Assets/Resources/Levels/1/4.prefab using Guid(a1788fa8bdb917f4482ebe581bc2ae79) Importer(2089858483,192608db42251d675da83286b1cce702) (ScriptedImporter) -> (artifact id: '61138a982b38d94fa1af42d330068d0a') in 0.0305313 seconds
Number of updated asset objects reloaded before import = 0Number of asset objects unloaded after import = 1494

========================================================================
Received Import Request.
  Time since last request: 1.986262 seconds.
  path: Assets/Resources/Levels/1/4.prefab
  artifactKey: Guid(a1788fa8bdb917f4482ebe581bc2ae79) Importer(2089858483,192608db42251d675da83286b1cce702)
Start importing Assets/Resources/Levels/1/4.prefab using Guid(a1788fa8bdb917f4482ebe581bc2ae79) Importer(2089858483,192608db42251d675da83286b1cce702) (ScriptedImporter) -> (artifact id: '3a343cc4cd9d92e1b7f0a1900b743458') in 0.0361863 seconds
Number of updated asset objects reloaded before import = 0Number of asset objects unloaded after import = 1572

========================================================================
Received Import Request.
  Time since last request: 5.399225 seconds.
  path: Assets/Resources/Levels/1/4.prefab
  artifactKey: Guid(a1788fa8bdb917f4482ebe581bc2ae79) Importer(2089858483,192608db42251d675da83286b1cce702)
Start importing Assets/Resources/Levels/1/4.prefab using Guid(a1788fa8bdb917f4482ebe581bc2ae79) Importer(2089858483,192608db42251d675da83286b1cce702) (ScriptedImporter) -> (artifact id: '0d63657493a1c5aacbfd56c42d1867e7') in 0.0384186 seconds
Number of updated asset objects reloaded before import = 0Number of asset objects unloaded after import = 1577

========================================================================
Received Import Request.
  Time since last request: 3.585149 seconds.
  path: Assets/Resources/Levels/1/4.prefab
  artifactKey: Guid(a1788fa8bdb917f4482ebe581bc2ae79) Importer(2089858483,192608db42251d675da83286b1cce702)
Start importing Assets/Resources/Levels/1/4.prefab using Guid(a1788fa8bdb917f4482ebe581bc2ae79) Importer(2089858483,192608db42251d675da83286b1cce702) (ScriptedImporter) -> (artifact id: 'abc613755e994fff18ab3887cac9900e') in 0.0385877 seconds
Number of updated asset objects reloaded before import = 0Number of asset objects unloaded after import = 1582

========================================================================
Received Import Request.
  Time since last request: 3.209816 seconds.
  path: Assets/Resources/Levels/1/4.prefab
  artifactKey: Guid(a1788fa8bdb917f4482ebe581bc2ae79) Importer(2089858483,192608db42251d675da83286b1cce702)
Start importing Assets/Resources/Levels/1/4.prefab using Guid(a1788fa8bdb917f4482ebe581bc2ae79) Importer(2089858483,192608db42251d675da83286b1cce702) (ScriptedImporter) -> (artifact id: '2c9b34483a7444a58ef3934595369f25') in 0.0480536 seconds
Number of updated asset objects reloaded before import = 0Number of asset objects unloaded after import = 1587

========================================================================
Received Import Request.
  Time since last request: 4.441456 seconds.
  path: Assets/Resources/Levels/1/4.prefab
  artifactKey: Guid(a1788fa8bdb917f4482ebe581bc2ae79) Importer(2089858483,192608db42251d675da83286b1cce702)
Start importing Assets/Resources/Levels/1/4.prefab using Guid(a1788fa8bdb917f4482ebe581bc2ae79) Importer(2089858483,192608db42251d675da83286b1cce702) (ScriptedImporter) -> (artifact id: 'c140fadf342cecaf72f05b13327b56c7') in 0.0341237 seconds
Number of updated asset objects reloaded before import = 0Number of asset objects unloaded after import = 1592

========================================================================
Received Import Request.
  Time since last request: 4.884294 seconds.
  path: Assets/Resources/Levels/1/4.prefab
  artifactKey: Guid(a1788fa8bdb917f4482ebe581bc2ae79) Importer(2089858483,192608db42251d675da83286b1cce702)
Start importing Assets/Resources/Levels/1/4.prefab using Guid(a1788fa8bdb917f4482ebe581bc2ae79) Importer(2089858483,192608db42251d675da83286b1cce702) (ScriptedImporter) -> (artifact id: 'ee42c7440655ab3ca4ea29fa9b728908') in 0.0616986 seconds
Number of updated asset objects reloaded before import = 0Number of asset objects unloaded after import = 1592

========================================================================
Received Import Request.
  Time since last request: 6.123897 seconds.
  path: Assets/Resources/Levels/1/4.prefab
  artifactKey: Guid(a1788fa8bdb917f4482ebe581bc2ae79) Importer(2089858483,192608db42251d675da83286b1cce702)
Start importing Assets/Resources/Levels/1/4.prefab using Guid(a1788fa8bdb917f4482ebe581bc2ae79) Importer(2089858483,192608db42251d675da83286b1cce702) (ScriptedImporter) -> (artifact id: '549e125d93e0201a577775415b278389') in 0.0397631 seconds
Number of updated asset objects reloaded before import = 0Number of asset objects unloaded after import = 1592

========================================================================
Received Import Request.
  Time since last request: 2.160220 seconds.
  path: Assets/Resources/Levels/1/4.prefab
  artifactKey: Guid(a1788fa8bdb917f4482ebe581bc2ae79) Importer(2089858483,192608db42251d675da83286b1cce702)
Start importing Assets/Resources/Levels/1/4.prefab using Guid(a1788fa8bdb917f4482ebe581bc2ae79) Importer(2089858483,192608db42251d675da83286b1cce702) (ScriptedImporter) -> (artifact id: 'dd69c0525cf5f0274ba172493d48017e') in 0.0300613 seconds
Number of updated asset objects reloaded before import = 0Number of asset objects unloaded after import = 1592

========================================================================
Received Import Request.
  Time since last request: 5.085921 seconds.
  path: Assets/Resources/Levels/1/4.prefab
  artifactKey: Guid(a1788fa8bdb917f4482ebe581bc2ae79) Importer(2089858483,192608db42251d675da83286b1cce702)
Start importing Assets/Resources/Levels/1/4.prefab using Guid(a1788fa8bdb917f4482ebe581bc2ae79) Importer(2089858483,192608db42251d675da83286b1cce702) (ScriptedImporter) -> (artifact id: 'f05de1ed006cecd3dec468b513c52f9b') in 0.0324425 seconds
Number of updated asset objects reloaded before import = 0Number of asset objects unloaded after import = 1577

========================================================================
Received Import Request.
  Time since last request: 5.999159 seconds.
  path: Assets/Resources/Levels/1/4.prefab
  artifactKey: Guid(a1788fa8bdb917f4482ebe581bc2ae79) Importer(2089858483,192608db42251d675da83286b1cce702)
Start importing Assets/Resources/Levels/1/4.prefab using Guid(a1788fa8bdb917f4482ebe581bc2ae79) Importer(2089858483,192608db42251d675da83286b1cce702) (ScriptedImporter) -> (artifact id: 'aa66aa76a0501e8295f89e7925d58fe7') in 0.0351573 seconds
Number of updated asset objects reloaded before import = 0Number of asset objects unloaded after import = 1577

========================================================================
Received Import Request.
  Time since last request: 2.378938 seconds.
  path: Assets/Resources/Levels/1/4.prefab
  artifactKey: Guid(a1788fa8bdb917f4482ebe581bc2ae79) Importer(2089858483,192608db42251d675da83286b1cce702)
Start importing Assets/Resources/Levels/1/4.prefab using Guid(a1788fa8bdb917f4482ebe581bc2ae79) Importer(2089858483,192608db42251d675da83286b1cce702) (ScriptedImporter) -> (artifact id: 'dc8c3150714f89091c63d806f376d3ef') in 0.0452112 seconds
Number of updated asset objects reloaded before import = 0Number of asset objects unloaded after import = 1577

========================================================================
Received Import Request.
  Time since last request: 2.135057 seconds.
  path: Assets/Resources/Levels/1/4.prefab
  artifactKey: Guid(a1788fa8bdb917f4482ebe581bc2ae79) Importer(2089858483,192608db42251d675da83286b1cce702)
Start importing Assets/Resources/Levels/1/4.prefab using Guid(a1788fa8bdb917f4482ebe581bc2ae79) Importer(2089858483,192608db42251d675da83286b1cce702) (ScriptedImporter) -> (artifact id: 'b1f740b13420220d2421e2ce10f34924') in 0.0302104 seconds
Number of updated asset objects reloaded before import = 0Number of asset objects unloaded after import = 1577

========================================================================
Received Import Request.
  Time since last request: 14.244491 seconds.
  path: Assets/Resources/Levels/1/4.prefab
  artifactKey: Guid(a1788fa8bdb917f4482ebe581bc2ae79) Importer(2089858483,192608db42251d675da83286b1cce702)
Start importing Assets/Resources/Levels/1/4.prefab using Guid(a1788fa8bdb917f4482ebe581bc2ae79) Importer(2089858483,192608db42251d675da83286b1cce702) (ScriptedImporter) -> (artifact id: 'c9f5f33457ec16747a13a511301f61b3') in 0.0334215 seconds
Number of updated asset objects reloaded before import = 0Number of asset objects unloaded after import = 1583

========================================================================
Received Import Request.
  Time since last request: 6.895819 seconds.
  path: Assets/Resources/Levels/1/4.prefab
  artifactKey: Guid(a1788fa8bdb917f4482ebe581bc2ae79) Importer(815301076,1909f56bfc062723c751e8b465ee728b)
Start importing Assets/Resources/Levels/1/4.prefab using Guid(a1788fa8bdb917f4482ebe581bc2ae79) Importer(815301076,1909f56bfc062723c751e8b465ee728b) (PreviewImporter) -> (artifact id: '907a5c9d59c9a6538d95e3d64597e8ae') in 0.0771673 seconds
Number of updated asset objects reloaded before import = 0Number of asset objects unloaded after import = 1901

========================================================================
Received Import Request.
  Time since last request: 1.402528 seconds.
  path: Assets/Resources/Levels/1/5.prefab
  artifactKey: Guid(15b1499904d2ba14f8578e7d05132837) Importer(815301076,1909f56bfc062723c751e8b465ee728b)
Start importing Assets/Resources/Levels/1/5.prefab using Guid(15b1499904d2ba14f8578e7d05132837) Importer(815301076,1909f56bfc062723c751e8b465ee728b) (PreviewImporter) -> (artifact id: '3b312e5b77f2ce60e1573577347c8707') in 0.0181158 seconds
Number of updated asset objects reloaded before import = 0Number of asset objects unloaded after import = 79

========================================================================
Received Import Request.
  Time since last request: 7.195024 seconds.
  path: Assets/Resources/Levels/1/5.prefab
  artifactKey: Guid(15b1499904d2ba14f8578e7d05132837) Importer(2089858483,192608db42251d675da83286b1cce702)
Start importing Assets/Resources/Levels/1/5.prefab using Guid(15b1499904d2ba14f8578e7d05132837) Importer(2089858483,192608db42251d675da83286b1cce702) (ScriptedImporter) -> (artifact id: '9d4ff5bda05c76e09f713ab26f4d9e87') in 0.0103459 seconds
Number of updated asset objects reloaded before import = 0Number of asset objects unloaded after import = 144

========================================================================
Received Import Request.
  Time since last request: 2.181287 seconds.
  path: Assets/Resources/Levels/1/5.prefab
  artifactKey: Guid(15b1499904d2ba14f8578e7d05132837) Importer(2089858483,192608db42251d675da83286b1cce702)
Start importing Assets/Resources/Levels/1/5.prefab using Guid(15b1499904d2ba14f8578e7d05132837) Importer(2089858483,192608db42251d675da83286b1cce702) (ScriptedImporter) -> (artifact id: '0a3dd63c2c823e7517f5994f92115bb6') in 0.0088289 seconds
Number of updated asset objects reloaded before import = 0Number of asset objects unloaded after import = 149

========================================================================
Received Import Request.
  Time since last request: 2.815882 seconds.
  path: Assets/Resources/Levels/1/5.prefab
  artifactKey: Guid(15b1499904d2ba14f8578e7d05132837) Importer(2089858483,192608db42251d675da83286b1cce702)
Start importing Assets/Resources/Levels/1/5.prefab using Guid(15b1499904d2ba14f8578e7d05132837) Importer(2089858483,192608db42251d675da83286b1cce702) (ScriptedImporter) -> (artifact id: 'ff666d1c3d2a666342175a61ad7afb4c') in 0.0083411 seconds
Number of updated asset objects reloaded before import = 0Number of asset objects unloaded after import = 155

========================================================================
Received Import Request.
  Time since last request: 2.197397 seconds.
  path: Assets/Resources/Levels/1/5.prefab
  artifactKey: Guid(15b1499904d2ba14f8578e7d05132837) Importer(2089858483,192608db42251d675da83286b1cce702)
Start importing Assets/Resources/Levels/1/5.prefab using Guid(15b1499904d2ba14f8578e7d05132837) Importer(2089858483,192608db42251d675da83286b1cce702) (ScriptedImporter) -> (artifact id: '24f8b09e05208ee974ec660bf177ed8d') in 0.0089461 seconds
Number of updated asset objects reloaded before import = 0Number of asset objects unloaded after import = 161

========================================================================
Received Import Request.
  Time since last request: 2.241796 seconds.
  path: Assets/Resources/Levels/1/5.prefab
  artifactKey: Guid(15b1499904d2ba14f8578e7d05132837) Importer(2089858483,192608db42251d675da83286b1cce702)
Start importing Assets/Resources/Levels/1/5.prefab using Guid(15b1499904d2ba14f8578e7d05132837) Importer(2089858483,192608db42251d675da83286b1cce702) (ScriptedImporter) -> (artifact id: 'd22b08b68f72104f0d2bf73775ecc048') in 0.0087128 seconds
Number of updated asset objects reloaded before import = 0Number of asset objects unloaded after import = 167

========================================================================
Received Import Request.
  Time since last request: 7.643390 seconds.
  path: Assets/Resources/Levels/1/5.prefab
  artifactKey: Guid(15b1499904d2ba14f8578e7d05132837) Importer(2089858483,192608db42251d675da83286b1cce702)
Start importing Assets/Resources/Levels/1/5.prefab using Guid(15b1499904d2ba14f8578e7d05132837) Importer(2089858483,192608db42251d675da83286b1cce702) (ScriptedImporter) -> (artifact id: 'bbfbe13f15a62a85ed9e42d2ed7a18fe') in 0.0096961 seconds
Number of updated asset objects reloaded before import = 0Number of asset objects unloaded after import = 172

========================================================================
Received Import Request.
  Time since last request: 2.027916 seconds.
  path: Assets/Resources/Levels/1/5.prefab
  artifactKey: Guid(15b1499904d2ba14f8578e7d05132837) Importer(2089858483,192608db42251d675da83286b1cce702)
Start importing Assets/Resources/Levels/1/5.prefab using Guid(15b1499904d2ba14f8578e7d05132837) Importer(2089858483,192608db42251d675da83286b1cce702) (ScriptedImporter) -> (artifact id: 'cef938148815b743aa7c26364f7af5cf') in 0.0101111 seconds
Number of updated asset objects reloaded before import = 0Number of asset objects unloaded after import = 177

========================================================================
Received Import Request.
  Time since last request: 4.438043 seconds.
  path: Assets/Resources/Levels/1/5.prefab
  artifactKey: Guid(15b1499904d2ba14f8578e7d05132837) Importer(2089858483,192608db42251d675da83286b1cce702)
Start importing Assets/Resources/Levels/1/5.prefab using Guid(15b1499904d2ba14f8578e7d05132837) Importer(2089858483,192608db42251d675da83286b1cce702) (ScriptedImporter) -> (artifact id: 'f666819634ad4c652a17550df890ef93') in 0.0099758 seconds
Number of updated asset objects reloaded before import = 0Number of asset objects unloaded after import = 255

========================================================================
Received Import Request.
  Time since last request: 4.013847 seconds.
  path: Assets/Resources/Levels/1/5.prefab
  artifactKey: Guid(15b1499904d2ba14f8578e7d05132837) Importer(2089858483,192608db42251d675da83286b1cce702)
Start importing Assets/Resources/Levels/1/5.prefab using Guid(15b1499904d2ba14f8578e7d05132837) Importer(2089858483,192608db42251d675da83286b1cce702) (ScriptedImporter) -> (artifact id: 'fb75a82e57c466d73d7950a74efdcd0f') in 0.0138038 seconds
Number of updated asset objects reloaded before import = 0Number of asset objects unloaded after import = 333

========================================================================
Received Import Request.
  Time since last request: 1.768882 seconds.
  path: Assets/Resources/Levels/1/5.prefab
  artifactKey: Guid(15b1499904d2ba14f8578e7d05132837) Importer(2089858483,192608db42251d675da83286b1cce702)
Start importing Assets/Resources/Levels/1/5.prefab using Guid(15b1499904d2ba14f8578e7d05132837) Importer(2089858483,192608db42251d675da83286b1cce702) (ScriptedImporter) -> (artifact id: '88109ddb2a258763037a1fa23ef5364b') in 0.0132945 seconds
Number of updated asset objects reloaded before import = 0Number of asset objects unloaded after import = 339

========================================================================
Received Import Request.
  Time since last request: 10.320850 seconds.
  path: Assets/Resources/Levels/1/5.prefab
  artifactKey: Guid(15b1499904d2ba14f8578e7d05132837) Importer(2089858483,192608db42251d675da83286b1cce702)
Start importing Assets/Resources/Levels/1/5.prefab using Guid(15b1499904d2ba14f8578e7d05132837) Importer(2089858483,192608db42251d675da83286b1cce702) (ScriptedImporter) -> (artifact id: 'f600316fab5e26570840ab6a7b2419af') in 0.0135641 seconds
Number of updated asset objects reloaded before import = 0Number of asset objects unloaded after import = 344

========================================================================
Received Import Request.
  Time since last request: 4.847529 seconds.
  path: Assets/Resources/Levels/1/5.prefab
  artifactKey: Guid(15b1499904d2ba14f8578e7d05132837) Importer(2089858483,192608db42251d675da83286b1cce702)
Start importing Assets/Resources/Levels/1/5.prefab using Guid(15b1499904d2ba14f8578e7d05132837) Importer(2089858483,192608db42251d675da83286b1cce702) (ScriptedImporter) -> (artifact id: 'e4cbac1e6d4ff696c0ef7ed70b48b1d3') in 0.0135636 seconds
Number of updated asset objects reloaded before import = 0Number of asset objects unloaded after import = 422

========================================================================
Received Import Request.
  Time since last request: 3.617012 seconds.
  path: Assets/Resources/Levels/1/5.prefab
  artifactKey: Guid(15b1499904d2ba14f8578e7d05132837) Importer(2089858483,192608db42251d675da83286b1cce702)
Start importing Assets/Resources/Levels/1/5.prefab using Guid(15b1499904d2ba14f8578e7d05132837) Importer(2089858483,192608db42251d675da83286b1cce702) (ScriptedImporter) -> (artifact id: '808a6804497985f94a6320a6b7b8ef22') in 0.0137176 seconds
Number of updated asset objects reloaded before import = 0Number of asset objects unloaded after import = 427

========================================================================
Received Import Request.
  Time since last request: 3.211152 seconds.
  path: Assets/Resources/Levels/1/5.prefab
  artifactKey: Guid(15b1499904d2ba14f8578e7d05132837) Importer(2089858483,192608db42251d675da83286b1cce702)
Start importing Assets/Resources/Levels/1/5.prefab using Guid(15b1499904d2ba14f8578e7d05132837) Importer(2089858483,192608db42251d675da83286b1cce702) (ScriptedImporter) -> (artifact id: '69e77c5fdbbe9ba27dd21e1de5113397') in 0.0156891 seconds
Number of updated asset objects reloaded before import = 0Number of asset objects unloaded after import = 433

========================================================================
Received Import Request.
  Time since last request: 2.374571 seconds.
  path: Assets/Resources/Levels/1/5.prefab
  artifactKey: Guid(15b1499904d2ba14f8578e7d05132837) Importer(2089858483,192608db42251d675da83286b1cce702)
Start importing Assets/Resources/Levels/1/5.prefab using Guid(15b1499904d2ba14f8578e7d05132837) Importer(2089858483,192608db42251d675da83286b1cce702) (ScriptedImporter) -> (artifact id: '3512b12c0703cfd0d516e3b14b4adb13') in 0.0138891 seconds
Number of updated asset objects reloaded before import = 0Number of asset objects unloaded after import = 439

========================================================================
Received Import Request.
  Time since last request: 2.042608 seconds.
  path: Assets/Resources/Levels/1/5.prefab
  artifactKey: Guid(15b1499904d2ba14f8578e7d05132837) Importer(2089858483,192608db42251d675da83286b1cce702)
Start importing Assets/Resources/Levels/1/5.prefab using Guid(15b1499904d2ba14f8578e7d05132837) Importer(2089858483,192608db42251d675da83286b1cce702) (ScriptedImporter) -> (artifact id: '7287407d930a99c7afd89cf43a178164') in 0.0141794 seconds
Number of updated asset objects reloaded before import = 0Number of asset objects unloaded after import = 445

========================================================================
Received Import Request.
  Time since last request: 4.993876 seconds.
  path: Assets/Resources/Levels/1/5.prefab
  artifactKey: Guid(15b1499904d2ba14f8578e7d05132837) Importer(2089858483,192608db42251d675da83286b1cce702)
Start importing Assets/Resources/Levels/1/5.prefab using Guid(15b1499904d2ba14f8578e7d05132837) Importer(2089858483,192608db42251d675da83286b1cce702) (ScriptedImporter) -> (artifact id: '2291428fc0b7b518c8717f8efb4c04c5') in 0.0142805 seconds
Number of updated asset objects reloaded before import = 0Number of asset objects unloaded after import = 523

========================================================================
Received Import Request.
  Time since last request: 3.546212 seconds.
  path: Assets/Resources/Levels/1/5.prefab
  artifactKey: Guid(15b1499904d2ba14f8578e7d05132837) Importer(2089858483,192608db42251d675da83286b1cce702)
Start importing Assets/Resources/Levels/1/5.prefab using Guid(15b1499904d2ba14f8578e7d05132837) Importer(2089858483,192608db42251d675da83286b1cce702) (ScriptedImporter) -> (artifact id: '128a062521c059319177db4fa10d64e6') in 0.0186432 seconds
Number of updated asset objects reloaded before import = 0Number of asset objects unloaded after import = 523

========================================================================
Received Import Request.
  Time since last request: 11.386270 seconds.
  path: Assets/Resources/Levels/1/5.prefab
  artifactKey: Guid(15b1499904d2ba14f8578e7d05132837) Importer(2089858483,192608db42251d675da83286b1cce702)
Start importing Assets/Resources/Levels/1/5.prefab using Guid(15b1499904d2ba14f8578e7d05132837) Importer(2089858483,192608db42251d675da83286b1cce702) (ScriptedImporter) -> (artifact id: '9615afb9145f5beb44f649459b555d22') in 0.0174326 seconds
Number of updated asset objects reloaded before import = 0Number of asset objects unloaded after import = 617

========================================================================
Received Import Request.
  Time since last request: 10.164831 seconds.
  path: Assets/Resources/Levels/1/5.prefab
  artifactKey: Guid(15b1499904d2ba14f8578e7d05132837) Importer(2089858483,192608db42251d675da83286b1cce702)
Start importing Assets/Resources/Levels/1/5.prefab using Guid(15b1499904d2ba14f8578e7d05132837) Importer(2089858483,192608db42251d675da83286b1cce702) (ScriptedImporter) -> (artifact id: '012e9387d20097d2628d3354e1807062') in 0.0159587 seconds
Number of updated asset objects reloaded before import = 0Number of asset objects unloaded after import = 627

========================================================================
Received Import Request.
  Time since last request: 1.408431 seconds.
  path: Assets/Resources/Levels/1/5.prefab
  artifactKey: Guid(15b1499904d2ba14f8578e7d05132837) Importer(2089858483,192608db42251d675da83286b1cce702)
Start importing Assets/Resources/Levels/1/5.prefab using Guid(15b1499904d2ba14f8578e7d05132837) Importer(2089858483,192608db42251d675da83286b1cce702) (ScriptedImporter) -> (artifact id: '7e639b164e5c52719e7c478a779bb6e8') in 0.0180152 seconds
Number of updated asset objects reloaded before import = 0Number of asset objects unloaded after import = 633

========================================================================
Received Import Request.
  Time since last request: 3.826683 seconds.
  path: Assets/Resources/Levels/1/5.prefab
  artifactKey: Guid(15b1499904d2ba14f8578e7d05132837) Importer(2089858483,192608db42251d675da83286b1cce702)
Start importing Assets/Resources/Levels/1/5.prefab using Guid(15b1499904d2ba14f8578e7d05132837) Importer(2089858483,192608db42251d675da83286b1cce702) (ScriptedImporter) -> (artifact id: '5d739496796135bca2e17639779397ef') in 0.0188737 seconds
Number of updated asset objects reloaded before import = 0Number of asset objects unloaded after import = 638

========================================================================
Received Import Request.
  Time since last request: 3.576097 seconds.
  path: Assets/Resources/Levels/1/5.prefab
  artifactKey: Guid(15b1499904d2ba14f8578e7d05132837) Importer(2089858483,192608db42251d675da83286b1cce702)
Start importing Assets/Resources/Levels/1/5.prefab using Guid(15b1499904d2ba14f8578e7d05132837) Importer(2089858483,192608db42251d675da83286b1cce702) (ScriptedImporter) -> (artifact id: '329136e412a9e5924f9a2cac45aeea01') in 0.0159092 seconds
Number of updated asset objects reloaded before import = 0Number of asset objects unloaded after import = 638

========================================================================
Received Import Request.
  Time since last request: 2.759691 seconds.
  path: Assets/Resources/Levels/1/5.prefab
  artifactKey: Guid(15b1499904d2ba14f8578e7d05132837) Importer(2089858483,192608db42251d675da83286b1cce702)
Start importing Assets/Resources/Levels/1/5.prefab using Guid(15b1499904d2ba14f8578e7d05132837) Importer(2089858483,192608db42251d675da83286b1cce702) (ScriptedImporter) -> (artifact id: '652bc2f3f77ff00639030fbc49bd8d52') in 0.0192348 seconds
Number of updated asset objects reloaded before import = 0Number of asset objects unloaded after import = 638

========================================================================
Received Import Request.
  Time since last request: 5.797719 seconds.
  path: Assets/Resources/Levels/1/5.prefab
  artifactKey: Guid(15b1499904d2ba14f8578e7d05132837) Importer(2089858483,192608db42251d675da83286b1cce702)
Start importing Assets/Resources/Levels/1/5.prefab using Guid(15b1499904d2ba14f8578e7d05132837) Importer(2089858483,192608db42251d675da83286b1cce702) (ScriptedImporter) -> (artifact id: 'e1088b4bef7772228f6be1164cd0453b') in 0.0224538 seconds
Number of updated asset objects reloaded before import = 0Number of asset objects unloaded after import = 643

========================================================================
Received Import Request.
  Time since last request: 2.757927 seconds.
  path: Assets/Resources/Levels/1/5.prefab
  artifactKey: Guid(15b1499904d2ba14f8578e7d05132837) Importer(2089858483,192608db42251d675da83286b1cce702)
Start importing Assets/Resources/Levels/1/5.prefab using Guid(15b1499904d2ba14f8578e7d05132837) Importer(2089858483,192608db42251d675da83286b1cce702) (ScriptedImporter) -> (artifact id: 'a06a356a4076a78c72fae963a600b9cb') in 0.0295669 seconds
Number of updated asset objects reloaded before import = 0Number of asset objects unloaded after import = 643

========================================================================
Received Import Request.
  Time since last request: 6.452810 seconds.
  path: Assets/Resources/Levels/1/5.prefab
  artifactKey: Guid(15b1499904d2ba14f8578e7d05132837) Importer(2089858483,192608db42251d675da83286b1cce702)
Start importing Assets/Resources/Levels/1/5.prefab using Guid(15b1499904d2ba14f8578e7d05132837) Importer(2089858483,192608db42251d675da83286b1cce702) (ScriptedImporter) -> (artifact id: '0054217d3ca196161f38fb0b7c372e78') in 0.0193955 seconds
Number of updated asset objects reloaded before import = 0Number of asset objects unloaded after import = 643

========================================================================
Received Import Request.
  Time since last request: 9.228975 seconds.
  path: Assets/Resources/Levels/1/5.prefab
  artifactKey: Guid(15b1499904d2ba14f8578e7d05132837) Importer(2089858483,192608db42251d675da83286b1cce702)
Start importing Assets/Resources/Levels/1/5.prefab using Guid(15b1499904d2ba14f8578e7d05132837) Importer(2089858483,192608db42251d675da83286b1cce702) (ScriptedImporter) -> (artifact id: '0f4321e1bfe465aa56dc0477ae3172e6') in 0.0162879 seconds
Number of updated asset objects reloaded before import = 0Number of asset objects unloaded after import = 643

========================================================================
Received Import Request.
  Time since last request: 1.744356 seconds.
  path: Assets/Resources/Levels/1/5.prefab
  artifactKey: Guid(15b1499904d2ba14f8578e7d05132837) Importer(2089858483,192608db42251d675da83286b1cce702)
Start importing Assets/Resources/Levels/1/5.prefab using Guid(15b1499904d2ba14f8578e7d05132837) Importer(2089858483,192608db42251d675da83286b1cce702) (ScriptedImporter) -> (artifact id: '12114706536397176cd5343b049c3b01') in 0.0181693 seconds
Number of updated asset objects reloaded before import = 0Number of asset objects unloaded after import = 643

========================================================================
Received Import Request.
  Time since last request: 2.993147 seconds.
  path: Assets/Resources/Levels/1/5.prefab
  artifactKey: Guid(15b1499904d2ba14f8578e7d05132837) Importer(2089858483,192608db42251d675da83286b1cce702)
Start importing Assets/Resources/Levels/1/5.prefab using Guid(15b1499904d2ba14f8578e7d05132837) Importer(2089858483,192608db42251d675da83286b1cce702) (ScriptedImporter) -> (artifact id: '5a372cf48084bf833acb628ddfb68863') in 0.0186734 seconds
Number of updated asset objects reloaded before import = 0Number of asset objects unloaded after import = 643

========================================================================
Received Import Request.
  Time since last request: 2.610539 seconds.
  path: Assets/Resources/Levels/1/5.prefab
  artifactKey: Guid(15b1499904d2ba14f8578e7d05132837) Importer(2089858483,192608db42251d675da83286b1cce702)
Start importing Assets/Resources/Levels/1/5.prefab using Guid(15b1499904d2ba14f8578e7d05132837) Importer(2089858483,192608db42251d675da83286b1cce702) (ScriptedImporter) -> (artifact id: '6fbb4585a1d8870c5a827cb14fa56a26') in 0.0163318 seconds
Number of updated asset objects reloaded before import = 0Number of asset objects unloaded after import = 643

========================================================================
Received Import Request.
  Time since last request: 1.565085 seconds.
  path: Assets/Resources/Levels/1/5.prefab
  artifactKey: Guid(15b1499904d2ba14f8578e7d05132837) Importer(2089858483,192608db42251d675da83286b1cce702)
Start importing Assets/Resources/Levels/1/5.prefab using Guid(15b1499904d2ba14f8578e7d05132837) Importer(2089858483,192608db42251d675da83286b1cce702) (ScriptedImporter) -> (artifact id: 'f3d25c83f655f6d16d1df2ad32a392d2') in 0.0202434 seconds
Number of updated asset objects reloaded before import = 0Number of asset objects unloaded after import = 643

========================================================================
Received Import Request.
  Time since last request: 5.487846 seconds.
  path: Assets/Resources/Levels/1/5.prefab
  artifactKey: Guid(15b1499904d2ba14f8578e7d05132837) Importer(2089858483,192608db42251d675da83286b1cce702)
Start importing Assets/Resources/Levels/1/5.prefab using Guid(15b1499904d2ba14f8578e7d05132837) Importer(2089858483,192608db42251d675da83286b1cce702) (ScriptedImporter) -> (artifact id: '6e49ebdd21f09d9bfbf26b3fb58abf8b') in 0.0182486 seconds
Number of updated asset objects reloaded before import = 0Number of asset objects unloaded after import = 721

========================================================================
Received Import Request.
  Time since last request: 3.667685 seconds.
  path: Assets/Resources/Levels/1/5.prefab
  artifactKey: Guid(15b1499904d2ba14f8578e7d05132837) Importer(2089858483,192608db42251d675da83286b1cce702)
Start importing Assets/Resources/Levels/1/5.prefab using Guid(15b1499904d2ba14f8578e7d05132837) Importer(2089858483,192608db42251d675da83286b1cce702) (ScriptedImporter) -> (artifact id: 'e532b1bf59bf85304f548e6879d1235d') in 0.0221713 seconds
Number of updated asset objects reloaded before import = 0Number of asset objects unloaded after import = 815

========================================================================
Received Import Request.
  Time since last request: 10.897316 seconds.
  path: Assets/Resources/Levels/1/5.prefab
  artifactKey: Guid(15b1499904d2ba14f8578e7d05132837) Importer(2089858483,192608db42251d675da83286b1cce702)
Start importing Assets/Resources/Levels/1/5.prefab using Guid(15b1499904d2ba14f8578e7d05132837) Importer(2089858483,192608db42251d675da83286b1cce702) (ScriptedImporter) -> (artifact id: '4f97582dc4dc2f32652703b116b37f90') in 0.0225825 seconds
Number of updated asset objects reloaded before import = 0Number of asset objects unloaded after import = 835

========================================================================
Received Import Request.
  Time since last request: 9.964600 seconds.
  path: Assets/Resources/Levels/1/5.prefab
  artifactKey: Guid(15b1499904d2ba14f8578e7d05132837) Importer(2089858483,192608db42251d675da83286b1cce702)
Start importing Assets/Resources/Levels/1/5.prefab using Guid(15b1499904d2ba14f8578e7d05132837) Importer(2089858483,192608db42251d675da83286b1cce702) (ScriptedImporter) -> (artifact id: '38e436f8f9bc87a45e17bc51bb1a267f') in 0.0234036 seconds
Number of updated asset objects reloaded before import = 0Number of asset objects unloaded after import = 835

========================================================================
Received Import Request.
  Time since last request: 0.822148 seconds.
  path: Assets/Resources/Levels/1/5.prefab
  artifactKey: Guid(15b1499904d2ba14f8578e7d05132837) Importer(2089858483,192608db42251d675da83286b1cce702)
Start importing Assets/Resources/Levels/1/5.prefab using Guid(15b1499904d2ba14f8578e7d05132837) Importer(2089858483,192608db42251d675da83286b1cce702) (ScriptedImporter) -> (artifact id: 'f0efc80eea53ccf5eed02fd6a989a622') in 0.0251745 seconds
Number of updated asset objects reloaded before import = 0Number of asset objects unloaded after import = 835

========================================================================
Received Import Request.
  Time since last request: 4.520880 seconds.
  path: Assets/Resources/Levels/1/5.prefab
  artifactKey: Guid(15b1499904d2ba14f8578e7d05132837) Importer(2089858483,192608db42251d675da83286b1cce702)
Start importing Assets/Resources/Levels/1/5.prefab using Guid(15b1499904d2ba14f8578e7d05132837) Importer(2089858483,192608db42251d675da83286b1cce702) (ScriptedImporter) -> (artifact id: '8d537eb697d580623f4f1cfb60a49210') in 0.0229484 seconds
Number of updated asset objects reloaded before import = 0Number of asset objects unloaded after import = 835

========================================================================
Received Import Request.
  Time since last request: 3.046090 seconds.
  path: Assets/Resources/Levels/1/5.prefab
  artifactKey: Guid(15b1499904d2ba14f8578e7d05132837) Importer(2089858483,192608db42251d675da83286b1cce702)
Start importing Assets/Resources/Levels/1/5.prefab using Guid(15b1499904d2ba14f8578e7d05132837) Importer(2089858483,192608db42251d675da83286b1cce702) (ScriptedImporter) -> (artifact id: 'c4522791872333c7b06a872e6afb9906') in 0.0190805 seconds
Number of updated asset objects reloaded before import = 0Number of asset objects unloaded after import = 835

========================================================================
Received Import Request.
  Time since last request: 10.029590 seconds.
  path: Assets/Resources/Levels/1/5.prefab
  artifactKey: Guid(15b1499904d2ba14f8578e7d05132837) Importer(2089858483,192608db42251d675da83286b1cce702)
Start importing Assets/Resources/Levels/1/5.prefab using Guid(15b1499904d2ba14f8578e7d05132837) Importer(2089858483,192608db42251d675da83286b1cce702) (ScriptedImporter) -> (artifact id: '9f6c96bfd60847aa593363db6e37d422') in 0.0220184 seconds
Number of updated asset objects reloaded before import = 0Number of asset objects unloaded after import = 875

========================================================================
Received Import Request.
  Time since last request: 3.183900 seconds.
  path: Assets/Resources/Levels/1/5.prefab
  artifactKey: Guid(15b1499904d2ba14f8578e7d05132837) Importer(2089858483,192608db42251d675da83286b1cce702)
Start importing Assets/Resources/Levels/1/5.prefab using Guid(15b1499904d2ba14f8578e7d05132837) Importer(2089858483,192608db42251d675da83286b1cce702) (ScriptedImporter) -> (artifact id: 'b9bebac99773f3db8fbe8a5fbe9b05c7') in 0.0195763 seconds
Number of updated asset objects reloaded before import = 0Number of asset objects unloaded after import = 875

========================================================================
Received Import Request.
  Time since last request: 2.758407 seconds.
  path: Assets/Resources/Levels/1/5.prefab
  artifactKey: Guid(15b1499904d2ba14f8578e7d05132837) Importer(2089858483,192608db42251d675da83286b1cce702)
Start importing Assets/Resources/Levels/1/5.prefab using Guid(15b1499904d2ba14f8578e7d05132837) Importer(2089858483,192608db42251d675da83286b1cce702) (ScriptedImporter) -> (artifact id: 'ec9200e1107a6a6f17d6f7f162602c63') in 0.0241289 seconds
Number of updated asset objects reloaded before import = 0Number of asset objects unloaded after import = 875

========================================================================
Received Import Request.
  Time since last request: 3.231667 seconds.
  path: Assets/Resources/Levels/1/5.prefab
  artifactKey: Guid(15b1499904d2ba14f8578e7d05132837) Importer(2089858483,192608db42251d675da83286b1cce702)
Start importing Assets/Resources/Levels/1/5.prefab using Guid(15b1499904d2ba14f8578e7d05132837) Importer(2089858483,192608db42251d675da83286b1cce702) (ScriptedImporter) -> (artifact id: 'e25301860c34a96a896b6332e46a4fb0') in 0.0366858 seconds
Number of updated asset objects reloaded before import = 0Number of asset objects unloaded after import = 881

========================================================================
Received Import Request.
  Time since last request: 4.017899 seconds.
  path: Assets/Resources/Levels/1/5.prefab
  artifactKey: Guid(15b1499904d2ba14f8578e7d05132837) Importer(2089858483,192608db42251d675da83286b1cce702)
Start importing Assets/Resources/Levels/1/5.prefab using Guid(15b1499904d2ba14f8578e7d05132837) Importer(2089858483,192608db42251d675da83286b1cce702) (ScriptedImporter) -> (artifact id: 'dd66db1955f1e63b919841fba0a3ec43') in 0.0226089 seconds
Number of updated asset objects reloaded before import = 0Number of asset objects unloaded after import = 959

========================================================================
Received Import Request.
  Time since last request: 1.826595 seconds.
  path: Assets/Resources/Levels/1/5.prefab
  artifactKey: Guid(15b1499904d2ba14f8578e7d05132837) Importer(2089858483,192608db42251d675da83286b1cce702)
Start importing Assets/Resources/Levels/1/5.prefab using Guid(15b1499904d2ba14f8578e7d05132837) Importer(2089858483,192608db42251d675da83286b1cce702) (ScriptedImporter) -> (artifact id: '413b974dcdb1ee892cc8a6a0cd5179ed') in 0.0267202 seconds
Number of updated asset objects reloaded before import = 0Number of asset objects unloaded after import = 1053

========================================================================
Received Import Request.
  Time since last request: 2.163146 seconds.
  path: Assets/Resources/Levels/1/5.prefab
  artifactKey: Guid(15b1499904d2ba14f8578e7d05132837) Importer(2089858483,192608db42251d675da83286b1cce702)
Start importing Assets/Resources/Levels/1/5.prefab using Guid(15b1499904d2ba14f8578e7d05132837) Importer(2089858483,192608db42251d675da83286b1cce702) (ScriptedImporter) -> (artifact id: 'ac6ee11131055ff4c5304c84478031bd') in 0.0254276 seconds
Number of updated asset objects reloaded before import = 0Number of asset objects unloaded after import = 1131

========================================================================
Received Import Request.
  Time since last request: 2.183904 seconds.
  path: Assets/Resources/Levels/1/5.prefab
  artifactKey: Guid(15b1499904d2ba14f8578e7d05132837) Importer(2089858483,192608db42251d675da83286b1cce702)
Start importing Assets/Resources/Levels/1/5.prefab using Guid(15b1499904d2ba14f8578e7d05132837) Importer(2089858483,192608db42251d675da83286b1cce702) (ScriptedImporter) -> (artifact id: '157f73a5d17e295310ea209ce6e12483') in 0.0347737 seconds
Number of updated asset objects reloaded before import = 0Number of asset objects unloaded after import = 1209

========================================================================
Received Import Request.
  Time since last request: 3.590179 seconds.
  path: Assets/Resources/Levels/1/5.prefab
  artifactKey: Guid(15b1499904d2ba14f8578e7d05132837) Importer(2089858483,192608db42251d675da83286b1cce702)
Start importing Assets/Resources/Levels/1/5.prefab using Guid(15b1499904d2ba14f8578e7d05132837) Importer(2089858483,192608db42251d675da83286b1cce702) (ScriptedImporter) -> (artifact id: '9fd9dcf568ca0ef3c5cb086cedf8dabe') in 0.0280523 seconds
Number of updated asset objects reloaded before import = 0Number of asset objects unloaded after import = 1215

========================================================================
Received Import Request.
  Time since last request: 2.255040 seconds.
  path: Assets/Resources/Levels/1/5.prefab
  artifactKey: Guid(15b1499904d2ba14f8578e7d05132837) Importer(2089858483,192608db42251d675da83286b1cce702)
Start importing Assets/Resources/Levels/1/5.prefab using Guid(15b1499904d2ba14f8578e7d05132837) Importer(2089858483,192608db42251d675da83286b1cce702) (ScriptedImporter) -> (artifact id: '547c6d871374dc4e4da5cc6dc55cddef') in 0.0333511 seconds
Number of updated asset objects reloaded before import = 0Number of asset objects unloaded after import = 1220

========================================================================
Received Import Request.
  Time since last request: 3.151946 seconds.
  path: Assets/Resources/Levels/1/5.prefab
  artifactKey: Guid(15b1499904d2ba14f8578e7d05132837) Importer(2089858483,192608db42251d675da83286b1cce702)
Start importing Assets/Resources/Levels/1/5.prefab using Guid(15b1499904d2ba14f8578e7d05132837) Importer(2089858483,192608db42251d675da83286b1cce702) (ScriptedImporter) -> (artifact id: '09c5d39876a53ea0f63632c42773cd7d') in 0.0273369 seconds
Number of updated asset objects reloaded before import = 0Number of asset objects unloaded after import = 1226

========================================================================
Received Import Request.
  Time since last request: 2.975855 seconds.
  path: Assets/Resources/Levels/1/5.prefab
  artifactKey: Guid(15b1499904d2ba14f8578e7d05132837) Importer(2089858483,192608db42251d675da83286b1cce702)
Start importing Assets/Resources/Levels/1/5.prefab using Guid(15b1499904d2ba14f8578e7d05132837) Importer(2089858483,192608db42251d675da83286b1cce702) (ScriptedImporter) -> (artifact id: '2fc96a1deea8bf3f8ccfd56252f19dfc') in 0.0398585 seconds
Number of updated asset objects reloaded before import = 0Number of asset objects unloaded after import = 1320

========================================================================
Received Import Request.
  Time since last request: 3.149963 seconds.
  path: Assets/Resources/Levels/1/5.prefab
  artifactKey: Guid(15b1499904d2ba14f8578e7d05132837) Importer(2089858483,192608db42251d675da83286b1cce702)
Start importing Assets/Resources/Levels/1/5.prefab using Guid(15b1499904d2ba14f8578e7d05132837) Importer(2089858483,192608db42251d675da83286b1cce702) (ScriptedImporter) -> (artifact id: '372933ef86d57d5b12d4aa12000d3ab6') in 0.0346961 seconds
Number of updated asset objects reloaded before import = 0Number of asset objects unloaded after import = 1326

========================================================================
Received Import Request.
  Time since last request: 3.988621 seconds.
  path: Assets/Resources/Levels/1/5.prefab
  artifactKey: Guid(15b1499904d2ba14f8578e7d05132837) Importer(2089858483,192608db42251d675da83286b1cce702)
Start importing Assets/Resources/Levels/1/5.prefab using Guid(15b1499904d2ba14f8578e7d05132837) Importer(2089858483,192608db42251d675da83286b1cce702) (ScriptedImporter) -> (artifact id: 'dac6b664a862642535699cf12b7370a2') in 0.0319218 seconds
Number of updated asset objects reloaded before import = 0Number of asset objects unloaded after import = 1326

========================================================================
Received Import Request.
  Time since last request: 3.962600 seconds.
  path: Assets/Resources/Levels/1/5.prefab
  artifactKey: Guid(15b1499904d2ba14f8578e7d05132837) Importer(2089858483,192608db42251d675da83286b1cce702)
Start importing Assets/Resources/Levels/1/5.prefab using Guid(15b1499904d2ba14f8578e7d05132837) Importer(2089858483,192608db42251d675da83286b1cce702) (ScriptedImporter) -> (artifact id: '31aefb6894a676bfd29f38945b5f47bc') in 0.0251063 seconds
Number of updated asset objects reloaded before import = 0Number of asset objects unloaded after import = 1326

========================================================================
Received Import Request.
  Time since last request: 3.238743 seconds.
  path: Assets/Resources/Levels/1/5.prefab
  artifactKey: Guid(15b1499904d2ba14f8578e7d05132837) Importer(2089858483,192608db42251d675da83286b1cce702)
Start importing Assets/Resources/Levels/1/5.prefab using Guid(15b1499904d2ba14f8578e7d05132837) Importer(2089858483,192608db42251d675da83286b1cce702) (ScriptedImporter) -> (artifact id: '0f6687a69d9c411089a53ca7a41a6a0f') in 0.0358192 seconds
Number of updated asset objects reloaded before import = 0Number of asset objects unloaded after import = 1326

========================================================================
Received Import Request.
  Time since last request: 4.952915 seconds.
  path: Assets/Resources/Levels/1/5.prefab
  artifactKey: Guid(15b1499904d2ba14f8578e7d05132837) Importer(2089858483,192608db42251d675da83286b1cce702)
Start importing Assets/Resources/Levels/1/5.prefab using Guid(15b1499904d2ba14f8578e7d05132837) Importer(2089858483,192608db42251d675da83286b1cce702) (ScriptedImporter) -> (artifact id: '5ba4bbacbea08aab451255ad43c06b7b') in 0.0281586 seconds
Number of updated asset objects reloaded before import = 0Number of asset objects unloaded after import = 1326

========================================================================
Received Import Request.
  Time since last request: 4.152965 seconds.
  path: Assets/Resources/Levels/1/5.prefab
  artifactKey: Guid(15b1499904d2ba14f8578e7d05132837) Importer(2089858483,192608db42251d675da83286b1cce702)
Start importing Assets/Resources/Levels/1/5.prefab using Guid(15b1499904d2ba14f8578e7d05132837) Importer(2089858483,192608db42251d675da83286b1cce702) (ScriptedImporter) -> (artifact id: 'cfcaf49772f6284784e4fb9af2f98763') in 0.0281728 seconds
Number of updated asset objects reloaded before import = 0Number of asset objects unloaded after import = 1326

========================================================================
Received Import Request.
  Time since last request: 4.410257 seconds.
  path: Assets/Resources/Levels/1/5.prefab
  artifactKey: Guid(15b1499904d2ba14f8578e7d05132837) Importer(2089858483,192608db42251d675da83286b1cce702)
Start importing Assets/Resources/Levels/1/5.prefab using Guid(15b1499904d2ba14f8578e7d05132837) Importer(2089858483,192608db42251d675da83286b1cce702) (ScriptedImporter) -> (artifact id: 'aee3bd40074be5cf28db6affac6e40f8') in 0.0258948 seconds
Number of updated asset objects reloaded before import = 0Number of asset objects unloaded after import = 1332

========================================================================
Received Import Request.
  Time since last request: 9.835014 seconds.
  path: Assets/Resources/Levels/2/1.prefab
  artifactKey: Guid(3e9b9d19383048f4184033225f993f46) Importer(815301076,1909f56bfc062723c751e8b465ee728b)
Start importing Assets/Resources/Levels/2/1.prefab using Guid(3e9b9d19383048f4184033225f993f46) Importer(815301076,1909f56bfc062723c751e8b465ee728b) (PreviewImporter) -> (artifact id: '577cefdf7978d4eb951b71a23fcb8232') in 0.0161998 seconds
Number of updated asset objects reloaded before import = 0Number of asset objects unloaded after import = 124

========================================================================
Received Import Request.
  Time since last request: 12.552626 seconds.
  path: Assets/Resources/Levels/2/1.prefab
  artifactKey: Guid(3e9b9d19383048f4184033225f993f46) Importer(2089858483,192608db42251d675da83286b1cce702)
Start importing Assets/Resources/Levels/2/1.prefab using Guid(3e9b9d19383048f4184033225f993f46) Importer(2089858483,192608db42251d675da83286b1cce702) (ScriptedImporter) -> (artifact id: '6b6b37b2b85dd3185073074867a1437c') in 0.0085327 seconds
Number of updated asset objects reloaded before import = 0Number of asset objects unloaded after import = 96

========================================================================
Received Import Request.
  Time since last request: 2.225223 seconds.
  path: Assets/Resources/Levels/2/1.prefab
  artifactKey: Guid(3e9b9d19383048f4184033225f993f46) Importer(2089858483,192608db42251d675da83286b1cce702)
Start importing Assets/Resources/Levels/2/1.prefab using Guid(3e9b9d19383048f4184033225f993f46) Importer(2089858483,192608db42251d675da83286b1cce702) (ScriptedImporter) -> (artifact id: 'cd6ffc21fd10b30ac9d36db68087f570') in 0.0077482 seconds
Number of updated asset objects reloaded before import = 0Number of asset objects unloaded after import = 101

========================================================================
Received Import Request.
  Time since last request: 2.292240 seconds.
  path: Assets/Resources/Levels/2/1.prefab
  artifactKey: Guid(3e9b9d19383048f4184033225f993f46) Importer(2089858483,192608db42251d675da83286b1cce702)
Start importing Assets/Resources/Levels/2/1.prefab using Guid(3e9b9d19383048f4184033225f993f46) Importer(2089858483,192608db42251d675da83286b1cce702) (ScriptedImporter) -> (artifact id: '65dd25690d3a4ab80458e8f1e34800e6') in 0.0081671 seconds
Number of updated asset objects reloaded before import = 0Number of asset objects unloaded after import = 106

========================================================================
Received Import Request.
  Time since last request: 3.053962 seconds.
  path: Assets/Resources/Levels/2/1.prefab
  artifactKey: Guid(3e9b9d19383048f4184033225f993f46) Importer(2089858483,192608db42251d675da83286b1cce702)
Start importing Assets/Resources/Levels/2/1.prefab using Guid(3e9b9d19383048f4184033225f993f46) Importer(2089858483,192608db42251d675da83286b1cce702) (ScriptedImporter) -> (artifact id: '2614199824ba50b090dfb3c5534f8b50') in 0.0080831 seconds
Number of updated asset objects reloaded before import = 0Number of asset objects unloaded after import = 112

========================================================================
Received Import Request.
  Time since last request: 3.612379 seconds.
  path: Assets/Resources/Levels/2/1.prefab
  artifactKey: Guid(3e9b9d19383048f4184033225f993f46) Importer(2089858483,192608db42251d675da83286b1cce702)
Start importing Assets/Resources/Levels/2/1.prefab using Guid(3e9b9d19383048f4184033225f993f46) Importer(2089858483,192608db42251d675da83286b1cce702) (ScriptedImporter) -> (artifact id: '97877bb0da639a2a0dfc15316b98b61a') in 0.0138613 seconds
Number of updated asset objects reloaded before import = 0Number of asset objects unloaded after import = 117

========================================================================
Received Import Request.
  Time since last request: 1.751240 seconds.
  path: Assets/Resources/Levels/2/1.prefab
  artifactKey: Guid(3e9b9d19383048f4184033225f993f46) Importer(2089858483,192608db42251d675da83286b1cce702)
Start importing Assets/Resources/Levels/2/1.prefab using Guid(3e9b9d19383048f4184033225f993f46) Importer(2089858483,192608db42251d675da83286b1cce702) (ScriptedImporter) -> (artifact id: '661088e6e43b708c525f98fdfbad1926') in 0.0139824 seconds
Number of updated asset objects reloaded before import = 0Number of asset objects unloaded after import = 117

========================================================================
Received Import Request.
  Time since last request: 1.969092 seconds.
  path: Assets/Resources/Levels/2/1.prefab
  artifactKey: Guid(3e9b9d19383048f4184033225f993f46) Importer(2089858483,192608db42251d675da83286b1cce702)
Start importing Assets/Resources/Levels/2/1.prefab using Guid(3e9b9d19383048f4184033225f993f46) Importer(2089858483,192608db42251d675da83286b1cce702) (ScriptedImporter) -> (artifact id: 'acb3202c9ec996c4c3568d3443506e76') in 0.0122774 seconds
Number of updated asset objects reloaded before import = 0Number of asset objects unloaded after import = 117

========================================================================
Received Import Request.
  Time since last request: 2.584182 seconds.
  path: Assets/Resources/Levels/2/1.prefab
  artifactKey: Guid(3e9b9d19383048f4184033225f993f46) Importer(2089858483,192608db42251d675da83286b1cce702)
Start importing Assets/Resources/Levels/2/1.prefab using Guid(3e9b9d19383048f4184033225f993f46) Importer(2089858483,192608db42251d675da83286b1cce702) (ScriptedImporter) -> (artifact id: 'a32979adc480a0deb4dcd7fa75462bbb') in 0.008241 seconds
Number of updated asset objects reloaded before import = 0Number of asset objects unloaded after import = 117

========================================================================
Received Import Request.
  Time since last request: 4.394056 seconds.
  path: Assets/Resources/Levels/2/1.prefab
  artifactKey: Guid(3e9b9d19383048f4184033225f993f46) Importer(2089858483,192608db42251d675da83286b1cce702)
Start importing Assets/Resources/Levels/2/1.prefab using Guid(3e9b9d19383048f4184033225f993f46) Importer(2089858483,192608db42251d675da83286b1cce702) (ScriptedImporter) -> (artifact id: '4186c97b7eb05a5165d75f4470bc79d7') in 0.0096509 seconds
Number of updated asset objects reloaded before import = 0Number of asset objects unloaded after import = 211

========================================================================
Received Import Request.
  Time since last request: 1.778906 seconds.
  path: Assets/Resources/Levels/2/1.prefab
  artifactKey: Guid(3e9b9d19383048f4184033225f993f46) Importer(2089858483,192608db42251d675da83286b1cce702)
Start importing Assets/Resources/Levels/2/1.prefab using Guid(3e9b9d19383048f4184033225f993f46) Importer(2089858483,192608db42251d675da83286b1cce702) (ScriptedImporter) -> (artifact id: '196efb03809859ed83af1c65fc28e30b') in 0.01132 seconds
Number of updated asset objects reloaded before import = 0Number of asset objects unloaded after import = 289

========================================================================
Received Import Request.
  Time since last request: 2.392746 seconds.
  path: Assets/Resources/Levels/2/1.prefab
  artifactKey: Guid(3e9b9d19383048f4184033225f993f46) Importer(2089858483,192608db42251d675da83286b1cce702)
Start importing Assets/Resources/Levels/2/1.prefab using Guid(3e9b9d19383048f4184033225f993f46) Importer(2089858483,192608db42251d675da83286b1cce702) (ScriptedImporter) -> (artifact id: 'c7680b0a4f3dec009407ff81420b5fd1') in 0.0121177 seconds
Number of updated asset objects reloaded before import = 0Number of asset objects unloaded after import = 289

========================================================================
Received Import Request.
  Time since last request: 1.961951 seconds.
  path: Assets/Resources/Levels/2/1.prefab
  artifactKey: Guid(3e9b9d19383048f4184033225f993f46) Importer(2089858483,192608db42251d675da83286b1cce702)
Start importing Assets/Resources/Levels/2/1.prefab using Guid(3e9b9d19383048f4184033225f993f46) Importer(2089858483,192608db42251d675da83286b1cce702) (ScriptedImporter) -> (artifact id: '3753de55336fd64bee66b9fb780e9439') in 0.0127473 seconds
Number of updated asset objects reloaded before import = 0Number of asset objects unloaded after import = 289

========================================================================
Received Import Request.
  Time since last request: 3.606141 seconds.
  path: Assets/Resources/Levels/2/1.prefab
  artifactKey: Guid(3e9b9d19383048f4184033225f993f46) Importer(2089858483,192608db42251d675da83286b1cce702)
Start importing Assets/Resources/Levels/2/1.prefab using Guid(3e9b9d19383048f4184033225f993f46) Importer(2089858483,192608db42251d675da83286b1cce702) (ScriptedImporter) -> (artifact id: 'e0451392899c7c55f322c34db246c0a3') in 0.0132624 seconds
Number of updated asset objects reloaded before import = 0Number of asset objects unloaded after import = 294

========================================================================
Received Import Request.
  Time since last request: 3.055483 seconds.
  path: Assets/Resources/Levels/2/1.prefab
  artifactKey: Guid(3e9b9d19383048f4184033225f993f46) Importer(2089858483,192608db42251d675da83286b1cce702)
Start importing Assets/Resources/Levels/2/1.prefab using Guid(3e9b9d19383048f4184033225f993f46) Importer(2089858483,192608db42251d675da83286b1cce702) (ScriptedImporter) -> (artifact id: '62f408d5b067656066aedff8e29733a0') in 0.014175 seconds
Number of updated asset objects reloaded before import = 0Number of asset objects unloaded after import = 388

========================================================================
Received Import Request.
  Time since last request: 10.175220 seconds.
  path: Assets/Resources/Levels/2/1.prefab
  artifactKey: Guid(3e9b9d19383048f4184033225f993f46) Importer(2089858483,192608db42251d675da83286b1cce702)
Start importing Assets/Resources/Levels/2/1.prefab using Guid(3e9b9d19383048f4184033225f993f46) Importer(2089858483,192608db42251d675da83286b1cce702) (ScriptedImporter) -> (artifact id: 'e4cc2c80b1f3a4ca30163de79cbd7937') in 0.0122848 seconds
Number of updated asset objects reloaded before import = 0Number of asset objects unloaded after import = 398

========================================================================
Received Import Request.
  Time since last request: 10.027041 seconds.
  path: Assets/Resources/Levels/2/1.prefab
  artifactKey: Guid(3e9b9d19383048f4184033225f993f46) Importer(2089858483,192608db42251d675da83286b1cce702)
Start importing Assets/Resources/Levels/2/1.prefab using Guid(3e9b9d19383048f4184033225f993f46) Importer(2089858483,192608db42251d675da83286b1cce702) (ScriptedImporter) -> (artifact id: '00000000000000000000000000000000') in 0.0135426 seconds
Import Error Code:(4)
Message: Build asset version error: assets/resources/levels/2/1.prefab in SourceAssetDB has modification time of '2026-09-26T01:37:30.6404106Z' while content on disk has modification time of '2026-09-26T01:37:31.0647306Z'
  ERROR: Build asset version error: assets/resources/levels/2/1.prefab in SourceAssetDB has modification time of '2026-09-26T01:37:30.6404106Z' while content on disk has modification time of '2026-09-26T01:37:31.0647306Z'
Number of updated asset objects reloaded before import = 0Number of asset objects unloaded after import = 2

========================================================================
Received Import Request.
  Time since last request: 10.064923 seconds.
  path: Assets/Resources/Levels/2/1.prefab
  artifactKey: Guid(3e9b9d19383048f4184033225f993f46) Importer(2089858483,192608db42251d675da83286b1cce702)
Start importing Assets/Resources/Levels/2/1.prefab using Guid(3e9b9d19383048f4184033225f993f46) Importer(2089858483,192608db42251d675da83286b1cce702) (ScriptedImporter) -> (artifact id: 'ee4bd155f6e4819e23255ef0200065ed') in 0.0141943 seconds
Number of updated asset objects reloaded before import = 0Number of asset objects unloaded after import = 404

========================================================================
Received Import Request.
  Time since last request: 5.762644 seconds.
  path: Assets/Resources/Levels/2/1.prefab
  artifactKey: Guid(3e9b9d19383048f4184033225f993f46) Importer(2089858483,192608db42251d675da83286b1cce702)
Start importing Assets/Resources/Levels/2/1.prefab using Guid(3e9b9d19383048f4184033225f993f46) Importer(2089858483,192608db42251d675da83286b1cce702) (ScriptedImporter) -> (artifact id: '7f9728ddd5460e3776448a7b65e3e5bd') in 0.0150577 seconds
Number of updated asset objects reloaded before import = 0Number of asset objects unloaded after import = 409

========================================================================
Received Import Request.
  Time since last request: 3.360947 seconds.
  path: Assets/Resources/Levels/2/1.prefab
  artifactKey: Guid(3e9b9d19383048f4184033225f993f46) Importer(2089858483,192608db42251d675da83286b1cce702)
Start importing Assets/Resources/Levels/2/1.prefab using Guid(3e9b9d19383048f4184033225f993f46) Importer(2089858483,192608db42251d675da83286b1cce702) (ScriptedImporter) -> (artifact id: '22265adfbe320c0ac4437e5485dc687b') in 0.0129214 seconds
Number of updated asset objects reloaded before import = 0Number of asset objects unloaded after import = 409

========================================================================
Received Import Request.
  Time since last request: 2.183369 seconds.
  path: Assets/Resources/Levels/2/1.prefab
  artifactKey: Guid(3e9b9d19383048f4184033225f993f46) Importer(2089858483,192608db42251d675da83286b1cce702)
Start importing Assets/Resources/Levels/2/1.prefab using Guid(3e9b9d19383048f4184033225f993f46) Importer(2089858483,192608db42251d675da83286b1cce702) (ScriptedImporter) -> (artifact id: 'b5d1463a4379e22b044f72482576785b') in 0.0131275 seconds
Number of updated asset objects reloaded before import = 0Number of asset objects unloaded after import = 414

========================================================================
Received Import Request.
  Time since last request: 3.302198 seconds.
  path: Assets/Resources/Levels/2/1.prefab
  artifactKey: Guid(3e9b9d19383048f4184033225f993f46) Importer(2089858483,192608db42251d675da83286b1cce702)
Start importing Assets/Resources/Levels/2/1.prefab using Guid(3e9b9d19383048f4184033225f993f46) Importer(2089858483,192608db42251d675da83286b1cce702) (ScriptedImporter) -> (artifact id: '2ed5de3b822535919757ce1683a561de') in 0.0148092 seconds
Number of updated asset objects reloaded before import = 0Number of asset objects unloaded after import = 508

========================================================================
Received Import Request.
  Time since last request: 1.760899 seconds.
  path: Assets/Resources/Levels/2/1.prefab
  artifactKey: Guid(3e9b9d19383048f4184033225f993f46) Importer(2089858483,192608db42251d675da83286b1cce702)
Start importing Assets/Resources/Levels/2/1.prefab using Guid(3e9b9d19383048f4184033225f993f46) Importer(2089858483,192608db42251d675da83286b1cce702) (ScriptedImporter) -> (artifact id: '8b3c0319956301d7a1d935ca04d609e4') in 0.0168746 seconds
Number of updated asset objects reloaded before import = 0Number of asset objects unloaded after import = 508

========================================================================
Received Import Request.
  Time since last request: 2.362264 seconds.
  path: Assets/Resources/Levels/2/1.prefab
  artifactKey: Guid(3e9b9d19383048f4184033225f993f46) Importer(2089858483,192608db42251d675da83286b1cce702)
Start importing Assets/Resources/Levels/2/1.prefab using Guid(3e9b9d19383048f4184033225f993f46) Importer(2089858483,192608db42251d675da83286b1cce702) (ScriptedImporter) -> (artifact id: '58b97408475aec499d8e13e4a0813111') in 0.014911 seconds
Number of updated asset objects reloaded before import = 0Number of asset objects unloaded after import = 508

========================================================================
Received Import Request.
  Time since last request: 1.704057 seconds.
  path: Assets/Resources/Levels/2/1.prefab
  artifactKey: Guid(3e9b9d19383048f4184033225f993f46) Importer(2089858483,192608db42251d675da83286b1cce702)
Start importing Assets/Resources/Levels/2/1.prefab using Guid(3e9b9d19383048f4184033225f993f46) Importer(2089858483,192608db42251d675da83286b1cce702) (ScriptedImporter) -> (artifact id: '2cba59b772e6268ba6cb4fd3f4ce19f3') in 0.0140713 seconds
Number of updated asset objects reloaded before import = 0Number of asset objects unloaded after import = 514

========================================================================
Received Import Request.
  Time since last request: 4.994313 seconds.
  path: Assets/Resources/Levels/2/1.prefab
  artifactKey: Guid(3e9b9d19383048f4184033225f993f46) Importer(2089858483,192608db42251d675da83286b1cce702)
Start importing Assets/Resources/Levels/2/1.prefab using Guid(3e9b9d19383048f4184033225f993f46) Importer(2089858483,192608db42251d675da83286b1cce702) (ScriptedImporter) -> (artifact id: '49e822bf2c2cb54d6c5b65bac89d22b9') in 0.0174944 seconds
Number of updated asset objects reloaded before import = 0Number of asset objects unloaded after import = 520

========================================================================
Received Import Request.
  Time since last request: 3.210027 seconds.
  path: Assets/Resources/Levels/2/1.prefab
  artifactKey: Guid(3e9b9d19383048f4184033225f993f46) Importer(2089858483,192608db42251d675da83286b1cce702)
Start importing Assets/Resources/Levels/2/1.prefab using Guid(3e9b9d19383048f4184033225f993f46) Importer(2089858483,192608db42251d675da83286b1cce702) (ScriptedImporter) -> (artifact id: '3a119337fb9d41f003c69cf50c926e1e') in 0.0176157 seconds
Number of updated asset objects reloaded before import = 0Number of asset objects unloaded after import = 525

========================================================================
Received Import Request.
  Time since last request: 1.820646 seconds.
  path: Assets/Resources/Levels/2/1.prefab
  artifactKey: Guid(3e9b9d19383048f4184033225f993f46) Importer(2089858483,192608db42251d675da83286b1cce702)
Start importing Assets/Resources/Levels/2/1.prefab using Guid(3e9b9d19383048f4184033225f993f46) Importer(2089858483,192608db42251d675da83286b1cce702) (ScriptedImporter) -> (artifact id: 'f78f5930cf0aba098480901a96718a48') in 0.0148013 seconds
Number of updated asset objects reloaded before import = 0Number of asset objects unloaded after import = 530

========================================================================
Received Import Request.
  Time since last request: 2.440403 seconds.
  path: Assets/Resources/Levels/2/1.prefab
  artifactKey: Guid(3e9b9d19383048f4184033225f993f46) Importer(2089858483,192608db42251d675da83286b1cce702)
Start importing Assets/Resources/Levels/2/1.prefab using Guid(3e9b9d19383048f4184033225f993f46) Importer(2089858483,192608db42251d675da83286b1cce702) (ScriptedImporter) -> (artifact id: 'c58dec99b5b5acc3126190fd3c58d6ca') in 0.0148851 seconds
Number of updated asset objects reloaded before import = 0Number of asset objects unloaded after import = 535

========================================================================
Received Import Request.
  Time since last request: 2.790371 seconds.
  path: Assets/Resources/Levels/2/1.prefab
  artifactKey: Guid(3e9b9d19383048f4184033225f993f46) Importer(2089858483,192608db42251d675da83286b1cce702)
Start importing Assets/Resources/Levels/2/1.prefab using Guid(3e9b9d19383048f4184033225f993f46) Importer(2089858483,192608db42251d675da83286b1cce702) (ScriptedImporter) -> (artifact id: '1702855f2f0d4977ffe66c5acdd140f5') in 0.0174983 seconds
Number of updated asset objects reloaded before import = 0Number of asset objects unloaded after import = 540

========================================================================
Received Import Request.
  Time since last request: 5.482453 seconds.
  path: Assets/Resources/Levels/2/1.prefab
  artifactKey: Guid(3e9b9d19383048f4184033225f993f46) Importer(2089858483,192608db42251d675da83286b1cce702)
Start importing Assets/Resources/Levels/2/1.prefab using Guid(3e9b9d19383048f4184033225f993f46) Importer(2089858483,192608db42251d675da83286b1cce702) (ScriptedImporter) -> (artifact id: '3e537dd216afeec8452d65c262de0a06') in 0.0149038 seconds
Number of updated asset objects reloaded before import = 0Number of asset objects unloaded after import = 540

========================================================================
Received Import Request.
  Time since last request: 10.108177 seconds.
  path: Assets/Resources/Levels/2/1.prefab
  artifactKey: Guid(3e9b9d19383048f4184033225f993f46) Importer(2089858483,192608db42251d675da83286b1cce702)
Start importing Assets/Resources/Levels/2/1.prefab using Guid(3e9b9d19383048f4184033225f993f46) Importer(2089858483,192608db42251d675da83286b1cce702) (ScriptedImporter) -> (artifact id: 'f9d847809da4378f66323fda7384a26a') in 0.0156016 seconds
Number of updated asset objects reloaded before import = 0Number of asset objects unloaded after import = 545

========================================================================
Received Import Request.
  Time since last request: 10.300545 seconds.
  path: Assets/Resources/Levels/2/1.prefab
  artifactKey: Guid(3e9b9d19383048f4184033225f993f46) Importer(2089858483,192608db42251d675da83286b1cce702)
Start importing Assets/Resources/Levels/2/1.prefab using Guid(3e9b9d19383048f4184033225f993f46) Importer(2089858483,192608db42251d675da83286b1cce702) (ScriptedImporter) -> (artifact id: '001f9c6d9834888a1f6cc1325d792f97') in 0.0165027 seconds
Number of updated asset objects reloaded before import = 0Number of asset objects unloaded after import = 629

========================================================================
Received Import Request.
  Time since last request: 10.005336 seconds.
  path: Assets/Resources/Levels/2/1.prefab
  artifactKey: Guid(3e9b9d19383048f4184033225f993f46) Importer(2089858483,192608db42251d675da83286b1cce702)
Start importing Assets/Resources/Levels/2/1.prefab using Guid(3e9b9d19383048f4184033225f993f46) Importer(2089858483,192608db42251d675da83286b1cce702) (ScriptedImporter) -> (artifact id: 'd9120dc995207bd8c8c79a6654f861ee') in 0.0216946 seconds
Number of updated asset objects reloaded before import = 0Number of asset objects unloaded after import = 729

========================================================================
Received Import Request.
  Time since last request: 6.516811 seconds.
  path: Assets/Resources/Levels/2/1.prefab
  artifactKey: Guid(3e9b9d19383048f4184033225f993f46) Importer(2089858483,192608db42251d675da83286b1cce702)
Start importing Assets/Resources/Levels/2/1.prefab using Guid(3e9b9d19383048f4184033225f993f46) Importer(2089858483,192608db42251d675da83286b1cce702) (ScriptedImporter) -> (artifact id: '08116a10b01f19ee65789e1b2a9688a4') in 0.0189764 seconds
Number of updated asset objects reloaded before import = 0Number of asset objects unloaded after import = 734

========================================================================
Received Import Request.
  Time since last request: 2.967142 seconds.
  path: Assets/Resources/Levels/2/1.prefab
  artifactKey: Guid(3e9b9d19383048f4184033225f993f46) Importer(2089858483,192608db42251d675da83286b1cce702)
Start importing Assets/Resources/Levels/2/1.prefab using Guid(3e9b9d19383048f4184033225f993f46) Importer(2089858483,192608db42251d675da83286b1cce702) (ScriptedImporter) -> (artifact id: 'e008a6dc79c5d06bc7b145f4ac71c2fc') in 0.0174233 seconds
Number of updated asset objects reloaded before import = 0Number of asset objects unloaded after import = 734

========================================================================
Received Import Request.
  Time since last request: 1.766323 seconds.
  path: Assets/Resources/Levels/2/1.prefab
  artifactKey: Guid(3e9b9d19383048f4184033225f993f46) Importer(2089858483,192608db42251d675da83286b1cce702)
Start importing Assets/Resources/Levels/2/1.prefab using Guid(3e9b9d19383048f4184033225f993f46) Importer(2089858483,192608db42251d675da83286b1cce702) (ScriptedImporter) -> (artifact id: '7b61da458054adbfaf03ab4350138b0c') in 0.023072 seconds
Number of updated asset objects reloaded before import = 0Number of asset objects unloaded after import = 734

========================================================================
Received Import Request.
  Time since last request: 6.578798 seconds.
  path: Assets/Resources/Levels/2/1.prefab
  artifactKey: Guid(3e9b9d19383048f4184033225f993f46) Importer(2089858483,192608db42251d675da83286b1cce702)
Start importing Assets/Resources/Levels/2/1.prefab using Guid(3e9b9d19383048f4184033225f993f46) Importer(2089858483,192608db42251d675da83286b1cce702) (ScriptedImporter) -> (artifact id: 'be11b7fc74b8f412a32771652ca6781d') in 0.0173359 seconds
Number of updated asset objects reloaded before import = 0Number of asset objects unloaded after import = 734

========================================================================
Received Import Request.
  Time since last request: 2.578034 seconds.
  path: Assets/Resources/Levels/2/1.prefab
  artifactKey: Guid(3e9b9d19383048f4184033225f993f46) Importer(2089858483,192608db42251d675da83286b1cce702)
Start importing Assets/Resources/Levels/2/1.prefab using Guid(3e9b9d19383048f4184033225f993f46) Importer(2089858483,192608db42251d675da83286b1cce702) (ScriptedImporter) -> (artifact id: 'b59a6ef84fd3787afc21f6f4910c35a9') in 0.0194657 seconds
Number of updated asset objects reloaded before import = 0Number of asset objects unloaded after import = 740

========================================================================
Received Import Request.
  Time since last request: 2.236268 seconds.
  path: Assets/Resources/Levels/2/1.prefab
  artifactKey: Guid(3e9b9d19383048f4184033225f993f46) Importer(2089858483,192608db42251d675da83286b1cce702)
Start importing Assets/Resources/Levels/2/1.prefab using Guid(3e9b9d19383048f4184033225f993f46) Importer(2089858483,192608db42251d675da83286b1cce702) (ScriptedImporter) -> (artifact id: '19a653291e503437307dad962c9ac4af') in 0.0199317 seconds
Number of updated asset objects reloaded before import = 0Number of asset objects unloaded after import = 745

========================================================================
Received Import Request.
  Time since last request: 2.864826 seconds.
  path: Assets/Resources/Levels/2/1.prefab
  artifactKey: Guid(3e9b9d19383048f4184033225f993f46) Importer(2089858483,192608db42251d675da83286b1cce702)
Start importing Assets/Resources/Levels/2/1.prefab using Guid(3e9b9d19383048f4184033225f993f46) Importer(2089858483,192608db42251d675da83286b1cce702) (ScriptedImporter) -> (artifact id: '6b5e4aabbe820518d12ae56f3e23c30f') in 0.0177732 seconds
Number of updated asset objects reloaded before import = 0Number of asset objects unloaded after import = 750

========================================================================
Received Import Request.
  Time since last request: 2.357240 seconds.
  path: Assets/Resources/Levels/2/1.prefab
  artifactKey: Guid(3e9b9d19383048f4184033225f993f46) Importer(2089858483,192608db42251d675da83286b1cce702)
Start importing Assets/Resources/Levels/2/1.prefab using Guid(3e9b9d19383048f4184033225f993f46) Importer(2089858483,192608db42251d675da83286b1cce702) (ScriptedImporter) -> (artifact id: 'd9072d8d5f451f67071589c49ff5e3b1') in 0.0205062 seconds
Number of updated asset objects reloaded before import = 0Number of asset objects unloaded after import = 755

========================================================================
Received Import Request.
  Time since last request: 2.967801 seconds.
  path: Assets/Resources/Levels/2/1.prefab
  artifactKey: Guid(3e9b9d19383048f4184033225f993f46) Importer(2089858483,192608db42251d675da83286b1cce702)
Start importing Assets/Resources/Levels/2/1.prefab using Guid(3e9b9d19383048f4184033225f993f46) Importer(2089858483,192608db42251d675da83286b1cce702) (ScriptedImporter) -> (artifact id: 'a9dc58133fdfe2a1924b174b657c90e6') in 0.0178051 seconds
Number of updated asset objects reloaded before import = 0Number of asset objects unloaded after import = 755

========================================================================
Received Import Request.
  Time since last request: 2.955088 seconds.
  path: Assets/Resources/Levels/2/1.prefab
  artifactKey: Guid(3e9b9d19383048f4184033225f993f46) Importer(2089858483,192608db42251d675da83286b1cce702)
Start importing Assets/Resources/Levels/2/1.prefab using Guid(3e9b9d19383048f4184033225f993f46) Importer(2089858483,192608db42251d675da83286b1cce702) (ScriptedImporter) -> (artifact id: 'a287a9bfdf58c9a62e4526bd572ea48f') in 0.0310933 seconds
Number of updated asset objects reloaded before import = 0Number of asset objects unloaded after import = 755

========================================================================
Received Import Request.
  Time since last request: 7.738276 seconds.
  path: Assets/Resources/Levels/2/1.prefab
  artifactKey: Guid(3e9b9d19383048f4184033225f993f46) Importer(2089858483,192608db42251d675da83286b1cce702)
Start importing Assets/Resources/Levels/2/1.prefab using Guid(3e9b9d19383048f4184033225f993f46) Importer(2089858483,192608db42251d675da83286b1cce702) (ScriptedImporter) -> (artifact id: '35275bb77ed611ad282a7fdf60609391') in 0.0201703 seconds
Number of updated asset objects reloaded before import = 0Number of asset objects unloaded after import = 760

========================================================================
Received Import Request.
  Time since last request: 4.786604 seconds.
  path: Assets/Resources/Levels/2/1.prefab
  artifactKey: Guid(3e9b9d19383048f4184033225f993f46) Importer(2089858483,192608db42251d675da83286b1cce702)
Start importing Assets/Resources/Levels/2/1.prefab using Guid(3e9b9d19383048f4184033225f993f46) Importer(2089858483,192608db42251d675da83286b1cce702) (ScriptedImporter) -> (artifact id: '67d08500826294acbcc67cbda34bd43d') in 0.0181015 seconds
Number of updated asset objects reloaded before import = 0Number of asset objects unloaded after import = 765

========================================================================
Received Import Request.
  Time since last request: 2.357695 seconds.
  path: Assets/Resources/Levels/2/1.prefab
  artifactKey: Guid(3e9b9d19383048f4184033225f993f46) Importer(2089858483,192608db42251d675da83286b1cce702)
Start importing Assets/Resources/Levels/2/1.prefab using Guid(3e9b9d19383048f4184033225f993f46) Importer(2089858483,192608db42251d675da83286b1cce702) (ScriptedImporter) -> (artifact id: '3fd55de1aaf3b4c0818fcd8ac437e174') in 0.0253929 seconds
Number of updated asset objects reloaded before import = 0Number of asset objects unloaded after import = 765

========================================================================
Received Import Request.
  Time since last request: 2.542171 seconds.
  path: Assets/Resources/Levels/2/1.prefab
  artifactKey: Guid(3e9b9d19383048f4184033225f993f46) Importer(2089858483,192608db42251d675da83286b1cce702)
Start importing Assets/Resources/Levels/2/1.prefab using Guid(3e9b9d19383048f4184033225f993f46) Importer(2089858483,192608db42251d675da83286b1cce702) (ScriptedImporter) -> (artifact id: '743ab2a6944cf50589209efcbb6844d3') in 0.0199061 seconds
Number of updated asset objects reloaded before import = 0Number of asset objects unloaded after import = 765

========================================================================
Received Import Request.
  Time since last request: 10.272294 seconds.
  path: Assets/Resources/Levels/2/1.prefab
  artifactKey: Guid(3e9b9d19383048f4184033225f993f46) Importer(2089858483,192608db42251d675da83286b1cce702)
Start importing Assets/Resources/Levels/2/1.prefab using Guid(3e9b9d19383048f4184033225f993f46) Importer(2089858483,192608db42251d675da83286b1cce702) (ScriptedImporter) -> (artifact id: '5b59482d45be1aeb215a761f8232bdc7') in 0.0198371 seconds
Number of updated asset objects reloaded before import = 0Number of asset objects unloaded after import = 843

========================================================================
Received Import Request.
  Time since last request: 5.021852 seconds.
  path: Assets/Resources/Levels/2/1.prefab
  artifactKey: Guid(3e9b9d19383048f4184033225f993f46) Importer(2089858483,192608db42251d675da83286b1cce702)
Start importing Assets/Resources/Levels/2/1.prefab using Guid(3e9b9d19383048f4184033225f993f46) Importer(2089858483,192608db42251d675da83286b1cce702) (ScriptedImporter) -> (artifact id: '047e1aceb15d59ca59d3c9a3d6e2fb0b') in 0.0225164 seconds
Number of updated asset objects reloaded before import = 0Number of asset objects unloaded after import = 849

========================================================================
Received Import Request.
  Time since last request: 3.373947 seconds.
  path: Assets/Resources/Levels/2/1.prefab
  artifactKey: Guid(3e9b9d19383048f4184033225f993f46) Importer(2089858483,192608db42251d675da83286b1cce702)
Start importing Assets/Resources/Levels/2/1.prefab using Guid(3e9b9d19383048f4184033225f993f46) Importer(2089858483,192608db42251d675da83286b1cce702) (ScriptedImporter) -> (artifact id: '2fd12167f9a1e3b2ba36db9f81503ebe') in 0.0200657 seconds
Number of updated asset objects reloaded before import = 0Number of asset objects unloaded after import = 855

========================================================================
Received Import Request.
  Time since last request: 4.062334 seconds.
  path: Assets/Resources/Levels/2/1.prefab
  artifactKey: Guid(3e9b9d19383048f4184033225f993f46) Importer(2089858483,192608db42251d675da83286b1cce702)
Start importing Assets/Resources/Levels/2/1.prefab using Guid(3e9b9d19383048f4184033225f993f46) Importer(2089858483,192608db42251d675da83286b1cce702) (ScriptedImporter) -> (artifact id: '7cd33e80cd2554be23a1bbba778be198') in 0.0230172 seconds
Number of updated asset objects reloaded before import = 0Number of asset objects unloaded after import = 933

========================================================================
Received Import Request.
  Time since last request: 1.960984 seconds.
  path: Assets/Resources/Levels/2/1.prefab
  artifactKey: Guid(3e9b9d19383048f4184033225f993f46) Importer(2089858483,192608db42251d675da83286b1cce702)
Start importing Assets/Resources/Levels/2/1.prefab using Guid(3e9b9d19383048f4184033225f993f46) Importer(2089858483,192608db42251d675da83286b1cce702) (ScriptedImporter) -> (artifact id: '9cf38008cd7092221602c69a180dc428') in 0.0208118 seconds
Number of updated asset objects reloaded before import = 0Number of asset objects unloaded after import = 939

========================================================================
Received Import Request.
  Time since last request: 3.598796 seconds.
  path: Assets/Resources/Levels/2/1.prefab
  artifactKey: Guid(3e9b9d19383048f4184033225f993f46) Importer(2089858483,192608db42251d675da83286b1cce702)
Start importing Assets/Resources/Levels/2/1.prefab using Guid(3e9b9d19383048f4184033225f993f46) Importer(2089858483,192608db42251d675da83286b1cce702) (ScriptedImporter) -> (artifact id: '09a4d31c580f68255093fa1443be0980') in 0.0206563 seconds
Number of updated asset objects reloaded before import = 0Number of asset objects unloaded after import = 944

========================================================================
Received Import Request.
  Time since last request: 6.032337 seconds.
  path: Assets/Resources/Levels/2/1.prefab
  artifactKey: Guid(3e9b9d19383048f4184033225f993f46) Importer(2089858483,192608db42251d675da83286b1cce702)
Start importing Assets/Resources/Levels/2/1.prefab using Guid(3e9b9d19383048f4184033225f993f46) Importer(2089858483,192608db42251d675da83286b1cce702) (ScriptedImporter) -> (artifact id: '8657c47751d05e92d1bec3a2f3251d2e') in 0.0271633 seconds
Number of updated asset objects reloaded before import = 0Number of asset objects unloaded after import = 1022

========================================================================
Received Import Request.
  Time since last request: 1.991777 seconds.
  path: Assets/Resources/Levels/2/1.prefab
  artifactKey: Guid(3e9b9d19383048f4184033225f993f46) Importer(2089858483,192608db42251d675da83286b1cce702)
Start importing Assets/Resources/Levels/2/1.prefab using Guid(3e9b9d19383048f4184033225f993f46) Importer(2089858483,192608db42251d675da83286b1cce702) (ScriptedImporter) -> (artifact id: 'df9e7c9a0e013c00fcd01b47dd92f1e9') in 0.0227901 seconds
Number of updated asset objects reloaded before import = 0Number of asset objects unloaded after import = 1027

========================================================================
Received Import Request.
  Time since last request: 10.276003 seconds.
  path: Assets/Resources/Levels/2/1.prefab
  artifactKey: Guid(3e9b9d19383048f4184033225f993f46) Importer(2089858483,192608db42251d675da83286b1cce702)
Start importing Assets/Resources/Levels/2/1.prefab using Guid(3e9b9d19383048f4184033225f993f46) Importer(2089858483,192608db42251d675da83286b1cce702) (ScriptedImporter) -> (artifact id: 'caf33ab1f6482f87ae3e1717f66b69cc') in 0.0273842 seconds
Number of updated asset objects reloaded before import = 0Number of asset objects unloaded after import = 1032

========================================================================
Received Import Request.
  Time since last request: 4.998080 seconds.
  path: Assets/Resources/Levels/2/1.prefab
  artifactKey: Guid(3e9b9d19383048f4184033225f993f46) Importer(2089858483,192608db42251d675da83286b1cce702)
Start importing Assets/Resources/Levels/2/1.prefab using Guid(3e9b9d19383048f4184033225f993f46) Importer(2089858483,192608db42251d675da83286b1cce702) (ScriptedImporter) -> (artifact id: '09b81b2cfffae149e17428ee8d6461a8') in 0.0218135 seconds
Number of updated asset objects reloaded before import = 0Number of asset objects unloaded after import = 1037

========================================================================
Received Import Request.
  Time since last request: 2.161072 seconds.
  path: Assets/Resources/Levels/2/1.prefab
  artifactKey: Guid(3e9b9d19383048f4184033225f993f46) Importer(2089858483,192608db42251d675da83286b1cce702)
Start importing Assets/Resources/Levels/2/1.prefab using Guid(3e9b9d19383048f4184033225f993f46) Importer(2089858483,192608db42251d675da83286b1cce702) (ScriptedImporter) -> (artifact id: '8cdf54f4a57305f07b043b14883e4686') in 0.0227119 seconds
Number of updated asset objects reloaded before import = 0Number of asset objects unloaded after import = 1037

========================================================================
Received Import Request.
  Time since last request: 1.978390 seconds.
  path: Assets/Resources/Levels/2/1.prefab
  artifactKey: Guid(3e9b9d19383048f4184033225f993f46) Importer(2089858483,192608db42251d675da83286b1cce702)
Start importing Assets/Resources/Levels/2/1.prefab using Guid(3e9b9d19383048f4184033225f993f46) Importer(2089858483,192608db42251d675da83286b1cce702) (ScriptedImporter) -> (artifact id: '3f2a999cc31a1317c3e615ade17c72ab') in 0.0337773 seconds
Number of updated asset objects reloaded before import = 0Number of asset objects unloaded after import = 1037

========================================================================
Received Import Request.
  Time since last request: 12.877314 seconds.
  path: Assets/Resources/Levels/2/1.prefab
  artifactKey: Guid(3e9b9d19383048f4184033225f993f46) Importer(2089858483,192608db42251d675da83286b1cce702)
Start importing Assets/Resources/Levels/2/1.prefab using Guid(3e9b9d19383048f4184033225f993f46) Importer(2089858483,192608db42251d675da83286b1cce702) (ScriptedImporter) -> (artifact id: 'e390ecf9b9eac0afbc4e7d6722db74b5') in 0.0286432 seconds
Number of updated asset objects reloaded before import = 0Number of asset objects unloaded after import = 1131

========================================================================
Received Import Request.
  Time since last request: 2.125530 seconds.
  path: Assets/Resources/Levels/2/1.prefab
  artifactKey: Guid(3e9b9d19383048f4184033225f993f46) Importer(2089858483,192608db42251d675da83286b1cce702)
Start importing Assets/Resources/Levels/2/1.prefab using Guid(3e9b9d19383048f4184033225f993f46) Importer(2089858483,192608db42251d675da83286b1cce702) (ScriptedImporter) -> (artifact id: '174766e59138d0b1fdecb185214ed308') in 0.0272205 seconds
Number of updated asset objects reloaded before import = 0Number of asset objects unloaded after import = 1225

========================================================================
Received Import Request.
  Time since last request: 3.117910 seconds.
  path: Assets/Resources/Levels/2/1.prefab
  artifactKey: Guid(3e9b9d19383048f4184033225f993f46) Importer(2089858483,192608db42251d675da83286b1cce702)
Start importing Assets/Resources/Levels/2/1.prefab using Guid(3e9b9d19383048f4184033225f993f46) Importer(2089858483,192608db42251d675da83286b1cce702) (ScriptedImporter) -> (artifact id: '4f8c6d219e2bf7afa07c60ac7404508d') in 0.0245297 seconds
Number of updated asset objects reloaded before import = 0Number of asset objects unloaded after import = 1225

========================================================================
Received Import Request.
  Time since last request: 1.943080 seconds.
  path: Assets/Resources/Levels/2/1.prefab
  artifactKey: Guid(3e9b9d19383048f4184033225f993f46) Importer(2089858483,192608db42251d675da83286b1cce702)
Start importing Assets/Resources/Levels/2/1.prefab using Guid(3e9b9d19383048f4184033225f993f46) Importer(2089858483,192608db42251d675da83286b1cce702) (ScriptedImporter) -> (artifact id: '311c9c4638296063a6ecf9b672fe8b03') in 0.0272301 seconds
Number of updated asset objects reloaded before import = 0Number of asset objects unloaded after import = 1225

========================================================================
Received Import Request.
  Time since last request: 2.349072 seconds.
  path: Assets/Resources/Levels/2/1.prefab
  artifactKey: Guid(3e9b9d19383048f4184033225f993f46) Importer(2089858483,192608db42251d675da83286b1cce702)
Start importing Assets/Resources/Levels/2/1.prefab using Guid(3e9b9d19383048f4184033225f993f46) Importer(2089858483,192608db42251d675da83286b1cce702) (ScriptedImporter) -> (artifact id: 'fc5bf23c1637a7b0f434daa3e4cb1d82') in 0.0327684 seconds
Number of updated asset objects reloaded before import = 0Number of asset objects unloaded after import = 1231

========================================================================
Received Import Request.
  Time since last request: 2.181974 seconds.
  path: Assets/Resources/Levels/2/1.prefab
  artifactKey: Guid(3e9b9d19383048f4184033225f993f46) Importer(2089858483,192608db42251d675da83286b1cce702)
Start importing Assets/Resources/Levels/2/1.prefab using Guid(3e9b9d19383048f4184033225f993f46) Importer(2089858483,192608db42251d675da83286b1cce702) (ScriptedImporter) -> (artifact id: 'a04df65bf327ed78ee8bdd5459a027b1') in 0.0329966 seconds
Number of updated asset objects reloaded before import = 0Number of asset objects unloaded after import = 1309

========================================================================
Received Import Request.
  Time since last request: 9.957923 seconds.
  path: Assets/Resources/Levels/2/1.prefab
  artifactKey: Guid(3e9b9d19383048f4184033225f993f46) Importer(2089858483,192608db42251d675da83286b1cce702)
Start importing Assets/Resources/Levels/2/1.prefab using Guid(3e9b9d19383048f4184033225f993f46) Importer(2089858483,192608db42251d675da83286b1cce702) (ScriptedImporter) -> (artifact id: '96b992da38243c0381591978b396bf2e') in 0.0290672 seconds
Number of updated asset objects reloaded before import = 0Number of asset objects unloaded after import = 1321

========================================================================
Received Import Request.
  Time since last request: 1.371495 seconds.
  path: Assets/Resources/Levels/2/1.prefab
  artifactKey: Guid(3e9b9d19383048f4184033225f993f46) Importer(2089858483,192608db42251d675da83286b1cce702)
Start importing Assets/Resources/Levels/2/1.prefab using Guid(3e9b9d19383048f4184033225f993f46) Importer(2089858483,192608db42251d675da83286b1cce702) (ScriptedImporter) -> (artifact id: 'b99d2d279545a45924c9ff7b26b181bf') in 0.0320869 seconds
Number of updated asset objects reloaded before import = 0Number of asset objects unloaded after import = 1326

========================================================================
Received Import Request.
  Time since last request: 3.467530 seconds.
  path: Assets/Resources/Levels/2/1.prefab
  artifactKey: Guid(3e9b9d19383048f4184033225f993f46) Importer(2089858483,192608db42251d675da83286b1cce702)
Start importing Assets/Resources/Levels/2/1.prefab using Guid(3e9b9d19383048f4184033225f993f46) Importer(2089858483,192608db42251d675da83286b1cce702) (ScriptedImporter) -> (artifact id: '06b935f5917ff9d321c10f88638e8fa9') in 0.0447232 seconds
Number of updated asset objects reloaded before import = 0Number of asset objects unloaded after import = 1326

========================================================================
Received Import Request.
  Time since last request: 4.343098 seconds.
  path: Assets/Resources/Levels/2/1.prefab
  artifactKey: Guid(3e9b9d19383048f4184033225f993f46) Importer(2089858483,192608db42251d675da83286b1cce702)
Start importing Assets/Resources/Levels/2/1.prefab using Guid(3e9b9d19383048f4184033225f993f46) Importer(2089858483,192608db42251d675da83286b1cce702) (ScriptedImporter) -> (artifact id: '123b974bbe8bb661a70a7bb5b3221ec0') in 0.0271277 seconds
Number of updated asset objects reloaded before import = 0Number of asset objects unloaded after import = 1331

========================================================================
Received Import Request.
  Time since last request: 2.954735 seconds.
  path: Assets/Resources/Levels/2/1.prefab
  artifactKey: Guid(3e9b9d19383048f4184033225f993f46) Importer(2089858483,192608db42251d675da83286b1cce702)
Start importing Assets/Resources/Levels/2/1.prefab using Guid(3e9b9d19383048f4184033225f993f46) Importer(2089858483,192608db42251d675da83286b1cce702) (ScriptedImporter) -> (artifact id: 'fa1fedb450477bdaf8cdc590f39cf8de') in 0.0288116 seconds
Number of updated asset objects reloaded before import = 0Number of asset objects unloaded after import = 1331

========================================================================
Received Import Request.
  Time since last request: 2.546992 seconds.
  path: Assets/Resources/Levels/2/1.prefab
  artifactKey: Guid(3e9b9d19383048f4184033225f993f46) Importer(2089858483,192608db42251d675da83286b1cce702)
Start importing Assets/Resources/Levels/2/1.prefab using Guid(3e9b9d19383048f4184033225f993f46) Importer(2089858483,192608db42251d675da83286b1cce702) (ScriptedImporter) -> (artifact id: 'c576625effdadefa010f228622d59b3e') in 0.033127 seconds
Number of updated asset objects reloaded before import = 0Number of asset objects unloaded after import = 1331

========================================================================
Received Import Request.
  Time since last request: 1.781615 seconds.
  path: Assets/Resources/Levels/2/1.prefab
  artifactKey: Guid(3e9b9d19383048f4184033225f993f46) Importer(2089858483,192608db42251d675da83286b1cce702)
Start importing Assets/Resources/Levels/2/1.prefab using Guid(3e9b9d19383048f4184033225f993f46) Importer(2089858483,192608db42251d675da83286b1cce702) (ScriptedImporter) -> (artifact id: 'fdf31b56a9af076982ccf52e423b2197') in 0.0279016 seconds
Number of updated asset objects reloaded before import = 0Number of asset objects unloaded after import = 1425

========================================================================
Received Import Request.
  Time since last request: 2.169696 seconds.
  path: Assets/Resources/Levels/2/1.prefab
  artifactKey: Guid(3e9b9d19383048f4184033225f993f46) Importer(2089858483,192608db42251d675da83286b1cce702)
Start importing Assets/Resources/Levels/2/1.prefab using Guid(3e9b9d19383048f4184033225f993f46) Importer(2089858483,192608db42251d675da83286b1cce702) (ScriptedImporter) -> (artifact id: 'e7451bdd5a5ac97f79fc5ce2ff6ae2bb') in 0.03108 seconds
Number of updated asset objects reloaded before import = 0Number of asset objects unloaded after import = 1431

========================================================================
Received Import Request.
  Time since last request: 2.545379 seconds.
  path: Assets/Resources/Levels/2/1.prefab
  artifactKey: Guid(3e9b9d19383048f4184033225f993f46) Importer(2089858483,192608db42251d675da83286b1cce702)
Start importing Assets/Resources/Levels/2/1.prefab using Guid(3e9b9d19383048f4184033225f993f46) Importer(2089858483,192608db42251d675da83286b1cce702) (ScriptedImporter) -> (artifact id: '2b8806e9b9ca2977b726fdea2825e138') in 0.0293998 seconds
Number of updated asset objects reloaded before import = 0Number of asset objects unloaded after import = 1437

========================================================================
Received Import Request.
  Time since last request: 2.994312 seconds.
  path: Assets/Resources/Levels/2/1.prefab
  artifactKey: Guid(3e9b9d19383048f4184033225f993f46) Importer(2089858483,192608db42251d675da83286b1cce702)
Start importing Assets/Resources/Levels/2/1.prefab using Guid(3e9b9d19383048f4184033225f993f46) Importer(2089858483,192608db42251d675da83286b1cce702) (ScriptedImporter) -> (artifact id: '13e3eb93cf82d1ca0ad7ab9a14c38756') in 0.0320756 seconds
Number of updated asset objects reloaded before import = 0Number of asset objects unloaded after import = 1515

========================================================================
Received Import Request.
  Time since last request: 4.828514 seconds.
  path: Assets/Resources/Levels/2/1.prefab
  artifactKey: Guid(3e9b9d19383048f4184033225f993f46) Importer(2089858483,192608db42251d675da83286b1cce702)
Start importing Assets/Resources/Levels/2/1.prefab using Guid(3e9b9d19383048f4184033225f993f46) Importer(2089858483,192608db42251d675da83286b1cce702) (ScriptedImporter) -> (artifact id: 'c363879c68dd7b6cde960c3aabb99f3b') in 0.0319057 seconds
Number of updated asset objects reloaded before import = 0Number of asset objects unloaded after import = 1520

========================================================================
Received Import Request.
  Time since last request: 2.518537 seconds.
  path: Assets/Resources/Levels/2/2.prefab
  artifactKey: Guid(212c0b1fc4a71984789c3a8f1ec0b5ed) Importer(815301076,1909f56bfc062723c751e8b465ee728b)
Start importing Assets/Resources/Levels/2/2.prefab using Guid(212c0b1fc4a71984789c3a8f1ec0b5ed) Importer(815301076,1909f56bfc062723c751e8b465ee728b) (PreviewImporter) -> (artifact id: 'cd77f3fe0bd8512f07e82ad922c4d215') in 0.0154129 seconds
Number of updated asset objects reloaded before import = 0Number of asset objects unloaded after import = 116

========================================================================
Received Import Request.
  Time since last request: 30.260449 seconds.
  path: Assets/Resources/Levels/2/2.prefab
  artifactKey: Guid(212c0b1fc4a71984789c3a8f1ec0b5ed) Importer(2089858483,192608db42251d675da83286b1cce702)
Start importing Assets/Resources/Levels/2/2.prefab using Guid(212c0b1fc4a71984789c3a8f1ec0b5ed) Importer(2089858483,192608db42251d675da83286b1cce702) (ScriptedImporter) -> (artifact id: '3c82719c890b234d67872d115dbaaca5') in 0.0072415 seconds
Number of updated asset objects reloaded before import = 0Number of asset objects unloaded after import = 89

========================================================================
Received Import Request.
  Time since last request: 2.779357 seconds.
  path: Assets/Resources/Levels/2/2.prefab
  artifactKey: Guid(212c0b1fc4a71984789c3a8f1ec0b5ed) Importer(2089858483,192608db42251d675da83286b1cce702)
Start importing Assets/Resources/Levels/2/2.prefab using Guid(212c0b1fc4a71984789c3a8f1ec0b5ed) Importer(2089858483,192608db42251d675da83286b1cce702) (ScriptedImporter) -> (artifact id: '960f694a7f95e153cc45219c4fa7528f') in 0.0106911 seconds
Number of updated asset objects reloaded before import = 0Number of asset objects unloaded after import = 94

========================================================================
Received Import Request.
  Time since last request: 3.577342 seconds.
  path: Assets/Resources/Levels/2/2.prefab
  artifactKey: Guid(212c0b1fc4a71984789c3a8f1ec0b5ed) Importer(2089858483,192608db42251d675da83286b1cce702)
Start importing Assets/Resources/Levels/2/2.prefab using Guid(212c0b1fc4a71984789c3a8f1ec0b5ed) Importer(2089858483,192608db42251d675da83286b1cce702) (ScriptedImporter) -> (artifact id: '4b1bc42523e51b2fd4df4e2a8f8e8986') in 0.0113483 seconds
Number of updated asset objects reloaded before import = 0Number of asset objects unloaded after import = 94

========================================================================
Received Import Request.
  Time since last request: 2.787410 seconds.
  path: Assets/Resources/Levels/2/2.prefab
  artifactKey: Guid(212c0b1fc4a71984789c3a8f1ec0b5ed) Importer(2089858483,192608db42251d675da83286b1cce702)
Start importing Assets/Resources/Levels/2/2.prefab using Guid(212c0b1fc4a71984789c3a8f1ec0b5ed) Importer(2089858483,192608db42251d675da83286b1cce702) (ScriptedImporter) -> (artifact id: '6153ce518ba0a7c7a361d3ccecbae43b') in 0.012116 seconds
Number of updated asset objects reloaded before import = 0Number of asset objects unloaded after import = 94

========================================================================
Received Import Request.
  Time since last request: 10.014050 seconds.
  path: Assets/Resources/Levels/2/2.prefab
  artifactKey: Guid(212c0b1fc4a71984789c3a8f1ec0b5ed) Importer(2089858483,192608db42251d675da83286b1cce702)
Start importing Assets/Resources/Levels/2/2.prefab using Guid(212c0b1fc4a71984789c3a8f1ec0b5ed) Importer(2089858483,192608db42251d675da83286b1cce702) (ScriptedImporter) -> (artifact id: '5cefe55c3fba8fdc04515215a6b5bae6') in 0.0122827 seconds
Number of updated asset objects reloaded before import = 0Number of asset objects unloaded after import = 104

========================================================================
Received Import Request.
  Time since last request: 1.563014 seconds.
  path: Assets/Resources/Levels/2/2.prefab
  artifactKey: Guid(212c0b1fc4a71984789c3a8f1ec0b5ed) Importer(2089858483,192608db42251d675da83286b1cce702)
Start importing Assets/Resources/Levels/2/2.prefab using Guid(212c0b1fc4a71984789c3a8f1ec0b5ed) Importer(2089858483,192608db42251d675da83286b1cce702) (ScriptedImporter) -> (artifact id: 'c27120b96d67642a8f1840aac69b3903') in 0.0075602 seconds
Number of updated asset objects reloaded before import = 0Number of asset objects unloaded after import = 109

========================================================================
Received Import Request.
  Time since last request: 4.629187 seconds.
  path: Assets/Resources/Levels/2/2.prefab
  artifactKey: Guid(212c0b1fc4a71984789c3a8f1ec0b5ed) Importer(2089858483,192608db42251d675da83286b1cce702)
Start importing Assets/Resources/Levels/2/2.prefab using Guid(212c0b1fc4a71984789c3a8f1ec0b5ed) Importer(2089858483,192608db42251d675da83286b1cce702) (ScriptedImporter) -> (artifact id: '369cf8b91f0dd8664c7ba839ac628a96') in 0.0076394 seconds
Number of updated asset objects reloaded before import = 0Number of asset objects unloaded after import = 114

========================================================================
Received Import Request.
  Time since last request: 1.996103 seconds.
  path: Assets/Resources/Levels/2/2.prefab
  artifactKey: Guid(212c0b1fc4a71984789c3a8f1ec0b5ed) Importer(2089858483,192608db42251d675da83286b1cce702)
Start importing Assets/Resources/Levels/2/2.prefab using Guid(212c0b1fc4a71984789c3a8f1ec0b5ed) Importer(2089858483,192608db42251d675da83286b1cce702) (ScriptedImporter) -> (artifact id: '6874976680c9d5fb074b6633a27f4027') in 0.0081883 seconds
Number of updated asset objects reloaded before import = 0Number of asset objects unloaded after import = 120

========================================================================
Received Import Request.
  Time since last request: 1.596338 seconds.
  path: Assets/Resources/Levels/2/2.prefab
  artifactKey: Guid(212c0b1fc4a71984789c3a8f1ec0b5ed) Importer(2089858483,192608db42251d675da83286b1cce702)
Start importing Assets/Resources/Levels/2/2.prefab using Guid(212c0b1fc4a71984789c3a8f1ec0b5ed) Importer(2089858483,192608db42251d675da83286b1cce702) (ScriptedImporter) -> (artifact id: 'f352639c9b5ca61aa9cc2518517e802b') in 0.0084238 seconds
Number of updated asset objects reloaded before import = 0Number of asset objects unloaded after import = 126

========================================================================
Received Import Request.
  Time since last request: 2.402213 seconds.
  path: Assets/Resources/Levels/2/2.prefab
  artifactKey: Guid(212c0b1fc4a71984789c3a8f1ec0b5ed) Importer(2089858483,192608db42251d675da83286b1cce702)
Start importing Assets/Resources/Levels/2/2.prefab using Guid(212c0b1fc4a71984789c3a8f1ec0b5ed) Importer(2089858483,192608db42251d675da83286b1cce702) (ScriptedImporter) -> (artifact id: 'd913393ab86ef6f59ee5809abc8b667e') in 0.0094585 seconds
Number of updated asset objects reloaded before import = 0Number of asset objects unloaded after import = 204

========================================================================
Received Import Request.
  Time since last request: 1.812417 seconds.
  path: Assets/Resources/Levels/2/2.prefab
  artifactKey: Guid(212c0b1fc4a71984789c3a8f1ec0b5ed) Importer(2089858483,192608db42251d675da83286b1cce702)
Start importing Assets/Resources/Levels/2/2.prefab using Guid(212c0b1fc4a71984789c3a8f1ec0b5ed) Importer(2089858483,192608db42251d675da83286b1cce702) (ScriptedImporter) -> (artifact id: 'd29a382960c5484881bf0000d55ef5fa') in 0.0108845 seconds
Number of updated asset objects reloaded before import = 0Number of asset objects unloaded after import = 298

========================================================================
Received Import Request.
  Time since last request: 4.822118 seconds.
  path: Assets/Resources/Levels/2/2.prefab
  artifactKey: Guid(212c0b1fc4a71984789c3a8f1ec0b5ed) Importer(2089858483,192608db42251d675da83286b1cce702)
Start importing Assets/Resources/Levels/2/2.prefab using Guid(212c0b1fc4a71984789c3a8f1ec0b5ed) Importer(2089858483,192608db42251d675da83286b1cce702) (ScriptedImporter) -> (artifact id: '6bc3921e8b2826ef3f386f22eaf5949e') in 0.0161793 seconds
Number of updated asset objects reloaded before import = 0Number of asset objects unloaded after import = 392

========================================================================
Received Import Request.
  Time since last request: 2.603784 seconds.
  path: Assets/Resources/Levels/2/2.prefab
  artifactKey: Guid(212c0b1fc4a71984789c3a8f1ec0b5ed) Importer(2089858483,192608db42251d675da83286b1cce702)
Start importing Assets/Resources/Levels/2/2.prefab using Guid(212c0b1fc4a71984789c3a8f1ec0b5ed) Importer(2089858483,192608db42251d675da83286b1cce702) (ScriptedImporter) -> (artifact id: '8e3fa7c7586e76127dee666c573a8e1a') in 0.0122763 seconds
Number of updated asset objects reloaded before import = 0Number of asset objects unloaded after import = 392

========================================================================
Received Import Request.
  Time since last request: 1.952090 seconds.
  path: Assets/Resources/Levels/2/2.prefab
  artifactKey: Guid(212c0b1fc4a71984789c3a8f1ec0b5ed) Importer(2089858483,192608db42251d675da83286b1cce702)
Start importing Assets/Resources/Levels/2/2.prefab using Guid(212c0b1fc4a71984789c3a8f1ec0b5ed) Importer(2089858483,192608db42251d675da83286b1cce702) (ScriptedImporter) -> (artifact id: 'fc51fbcd91fff93bbdac25de2afdd523') in 0.0119509 seconds
Number of updated asset objects reloaded before import = 0Number of asset objects unloaded after import = 392

========================================================================
Received Import Request.
  Time since last request: 3.637809 seconds.
  path: Assets/Resources/Levels/2/2.prefab
  artifactKey: Guid(212c0b1fc4a71984789c3a8f1ec0b5ed) Importer(2089858483,192608db42251d675da83286b1cce702)
Start importing Assets/Resources/Levels/2/2.prefab using Guid(212c0b1fc4a71984789c3a8f1ec0b5ed) Importer(2089858483,192608db42251d675da83286b1cce702) (ScriptedImporter) -> (artifact id: 'f2faa159a73bf5c8271acff891af4255') in 0.013231 seconds
Number of updated asset objects reloaded before import = 0Number of asset objects unloaded after import = 398

========================================================================
Received Import Request.
  Time since last request: 1.577740 seconds.
  path: Assets/Resources/Levels/2/2.prefab
  artifactKey: Guid(212c0b1fc4a71984789c3a8f1ec0b5ed) Importer(2089858483,192608db42251d675da83286b1cce702)
Start importing Assets/Resources/Levels/2/2.prefab using Guid(212c0b1fc4a71984789c3a8f1ec0b5ed) Importer(2089858483,192608db42251d675da83286b1cce702) (ScriptedImporter) -> (artifact id: '7ba61de1193ac1d79f323aab32502870') in 0.012212 seconds
Number of updated asset objects reloaded before import = 0Number of asset objects unloaded after import = 404

========================================================================
Received Import Request.
  Time since last request: 2.648351 seconds.
  path: Assets/Resources/Levels/2/2.prefab
  artifactKey: Guid(212c0b1fc4a71984789c3a8f1ec0b5ed) Importer(2089858483,192608db42251d675da83286b1cce702)
Start importing Assets/Resources/Levels/2/2.prefab using Guid(212c0b1fc4a71984789c3a8f1ec0b5ed) Importer(2089858483,192608db42251d675da83286b1cce702) (ScriptedImporter) -> (artifact id: '7a59728b1c2b0096187bbdd0a1d64f2a') in 0.0184413 seconds
Number of updated asset objects reloaded before import = 0Number of asset objects unloaded after import = 498

========================================================================
Received Import Request.
  Time since last request: 4.604479 seconds.
  path: Assets/Resources/Levels/2/2.prefab
  artifactKey: Guid(212c0b1fc4a71984789c3a8f1ec0b5ed) Importer(2089858483,192608db42251d675da83286b1cce702)
Start importing Assets/Resources/Levels/2/2.prefab using Guid(212c0b1fc4a71984789c3a8f1ec0b5ed) Importer(2089858483,192608db42251d675da83286b1cce702) (ScriptedImporter) -> (artifact id: '504470a027f01ec6283dace9a86d593e') in 0.0155721 seconds
Number of updated asset objects reloaded before import = 0Number of asset objects unloaded after import = 503

========================================================================
Received Import Request.
  Time since last request: 6.683583 seconds.
  path: Assets/Resources/Levels/2/2.prefab
  artifactKey: Guid(212c0b1fc4a71984789c3a8f1ec0b5ed) Importer(2089858483,192608db42251d675da83286b1cce702)
Start importing Assets/Resources/Levels/2/2.prefab using Guid(212c0b1fc4a71984789c3a8f1ec0b5ed) Importer(2089858483,192608db42251d675da83286b1cce702) (ScriptedImporter) -> (artifact id: 'eb8ae718757754297482568fa4ea3eae') in 0.014951 seconds
Number of updated asset objects reloaded before import = 0Number of asset objects unloaded after import = 496

========================================================================
Received Import Request.
  Time since last request: 5.832270 seconds.
  path: Assets/Resources/Levels/2/2.prefab
  artifactKey: Guid(212c0b1fc4a71984789c3a8f1ec0b5ed) Importer(2089858483,192608db42251d675da83286b1cce702)
Start importing Assets/Resources/Levels/2/2.prefab using Guid(212c0b1fc4a71984789c3a8f1ec0b5ed) Importer(2089858483,192608db42251d675da83286b1cce702) (ScriptedImporter) -> (artifact id: '0e6244fda1c5c08c7916dff4ad5b6870') in 0.0139019 seconds
Number of updated asset objects reloaded before import = 0Number of asset objects unloaded after import = 502

========================================================================
Received Import Request.
  Time since last request: 2.436962 seconds.
  path: Assets/Resources/Levels/2/2.prefab
  artifactKey: Guid(212c0b1fc4a71984789c3a8f1ec0b5ed) Importer(2089858483,192608db42251d675da83286b1cce702)
Start importing Assets/Resources/Levels/2/2.prefab using Guid(212c0b1fc4a71984789c3a8f1ec0b5ed) Importer(2089858483,192608db42251d675da83286b1cce702) (ScriptedImporter) -> (artifact id: 'aacae6bde117d1de8c41e0c3d0264c99') in 0.0176176 seconds
Number of updated asset objects reloaded before import = 0Number of asset objects unloaded after import = 507

========================================================================
Received Import Request.
  Time since last request: 1.636958 seconds.
  path: Assets/Resources/Levels/2/2.prefab
  artifactKey: Guid(212c0b1fc4a71984789c3a8f1ec0b5ed) Importer(2089858483,192608db42251d675da83286b1cce702)
Start importing Assets/Resources/Levels/2/2.prefab using Guid(212c0b1fc4a71984789c3a8f1ec0b5ed) Importer(2089858483,192608db42251d675da83286b1cce702) (ScriptedImporter) -> (artifact id: '3832f3dade96584eb55dd2cc45eb5dad') in 0.015244 seconds
Number of updated asset objects reloaded before import = 0Number of asset objects unloaded after import = 512

========================================================================
Received Import Request.
  Time since last request: 5.192311 seconds.
  path: Assets/Resources/Levels/2/2.prefab
  artifactKey: Guid(212c0b1fc4a71984789c3a8f1ec0b5ed) Importer(2089858483,192608db42251d675da83286b1cce702)
Start importing Assets/Resources/Levels/2/2.prefab using Guid(212c0b1fc4a71984789c3a8f1ec0b5ed) Importer(2089858483,192608db42251d675da83286b1cce702) (ScriptedImporter) -> (artifact id: '464559b22db80a2df36c03138f8a0397') in 0.0136383 seconds
Number of updated asset objects reloaded before import = 0Number of asset objects unloaded after import = 512

========================================================================
Received Import Request.
  Time since last request: 1.567485 seconds.
  path: Assets/Resources/Levels/2/2.prefab
  artifactKey: Guid(212c0b1fc4a71984789c3a8f1ec0b5ed) Importer(2089858483,192608db42251d675da83286b1cce702)
Start importing Assets/Resources/Levels/2/2.prefab using Guid(212c0b1fc4a71984789c3a8f1ec0b5ed) Importer(2089858483,192608db42251d675da83286b1cce702) (ScriptedImporter) -> (artifact id: '9ccd4a924882589d5d085834dd9f7b34') in 0.0139921 seconds
Number of updated asset objects reloaded before import = 0Number of asset objects unloaded after import = 512

========================================================================
Received Import Request.
  Time since last request: 4.413011 seconds.
  path: Assets/Resources/Levels/2/2.prefab
  artifactKey: Guid(212c0b1fc4a71984789c3a8f1ec0b5ed) Importer(2089858483,192608db42251d675da83286b1cce702)
Start importing Assets/Resources/Levels/2/2.prefab using Guid(212c0b1fc4a71984789c3a8f1ec0b5ed) Importer(2089858483,192608db42251d675da83286b1cce702) (ScriptedImporter) -> (artifact id: 'e865f6e333562a6a86568c252fb19ae7') in 0.0170711 seconds
Number of updated asset objects reloaded before import = 0Number of asset objects unloaded after import = 512

========================================================================
Received Import Request.
  Time since last request: 3.397612 seconds.
  path: Assets/Resources/Levels/2/2.prefab
  artifactKey: Guid(212c0b1fc4a71984789c3a8f1ec0b5ed) Importer(2089858483,192608db42251d675da83286b1cce702)
Start importing Assets/Resources/Levels/2/2.prefab using Guid(212c0b1fc4a71984789c3a8f1ec0b5ed) Importer(2089858483,192608db42251d675da83286b1cce702) (ScriptedImporter) -> (artifact id: '06cb219461cc260c38346a01862458d8') in 0.0138846 seconds
Number of updated asset objects reloaded before import = 0Number of asset objects unloaded after import = 517

========================================================================
Received Import Request.
  Time since last request: 2.320244 seconds.
  path: Assets/Resources/Levels/2/2.prefab
  artifactKey: Guid(212c0b1fc4a71984789c3a8f1ec0b5ed) Importer(2089858483,192608db42251d675da83286b1cce702)
Start importing Assets/Resources/Levels/2/2.prefab using Guid(212c0b1fc4a71984789c3a8f1ec0b5ed) Importer(2089858483,192608db42251d675da83286b1cce702) (ScriptedImporter) -> (artifact id: 'c33703b9dd859dca72d86287696d59e6') in 0.0136537 seconds
Number of updated asset objects reloaded before import = 0Number of asset objects unloaded after import = 522

========================================================================
Received Import Request.
  Time since last request: 10.144313 seconds.
  path: Assets/Resources/Levels/2/2.prefab
  artifactKey: Guid(212c0b1fc4a71984789c3a8f1ec0b5ed) Importer(2089858483,192608db42251d675da83286b1cce702)
Start importing Assets/Resources/Levels/2/2.prefab using Guid(212c0b1fc4a71984789c3a8f1ec0b5ed) Importer(2089858483,192608db42251d675da83286b1cce702) (ScriptedImporter) -> (artifact id: 'ac136f2ac107eccc9f49f4360c7d756b') in 0.0209624 seconds
Number of updated asset objects reloaded before import = 0Number of asset objects unloaded after import = 621

========================================================================
Received Import Request.
  Time since last request: 3.536134 seconds.
  path: Assets/Resources/Levels/2/2.prefab
  artifactKey: Guid(212c0b1fc4a71984789c3a8f1ec0b5ed) Importer(2089858483,192608db42251d675da83286b1cce702)
Start importing Assets/Resources/Levels/2/2.prefab using Guid(212c0b1fc4a71984789c3a8f1ec0b5ed) Importer(2089858483,192608db42251d675da83286b1cce702) (ScriptedImporter) -> (artifact id: '3a66a6affcc582a3c85550d0e31c8f5e') in 0.0152888 seconds
Number of updated asset objects reloaded before import = 0Number of asset objects unloaded after import = 627

========================================================================
Received Import Request.
  Time since last request: 10.193864 seconds.
  path: Assets/Resources/Levels/2/2.prefab
  artifactKey: Guid(212c0b1fc4a71984789c3a8f1ec0b5ed) Importer(2089858483,192608db42251d675da83286b1cce702)
Start importing Assets/Resources/Levels/2/2.prefab using Guid(212c0b1fc4a71984789c3a8f1ec0b5ed) Importer(2089858483,192608db42251d675da83286b1cce702) (ScriptedImporter) -> (artifact id: 'f87411f67bcf588ed5c50354febde787') in 0.0170631 seconds
Number of updated asset objects reloaded before import = 0Number of asset objects unloaded after import = 716

========================================================================
Received Import Request.
  Time since last request: 2.813220 seconds.
  path: Assets/Resources/Levels/2/2.prefab
  artifactKey: Guid(212c0b1fc4a71984789c3a8f1ec0b5ed) Importer(2089858483,192608db42251d675da83286b1cce702)
Start importing Assets/Resources/Levels/2/2.prefab using Guid(212c0b1fc4a71984789c3a8f1ec0b5ed) Importer(2089858483,192608db42251d675da83286b1cce702) (ScriptedImporter) -> (artifact id: '186f23be587b30197fdd2282d5106146') in 0.0167807 seconds
Number of updated asset objects reloaded before import = 0Number of asset objects unloaded after import = 716

========================================================================
Received Import Request.
  Time since last request: 2.730474 seconds.
  path: Assets/Resources/Levels/2/2.prefab
  artifactKey: Guid(212c0b1fc4a71984789c3a8f1ec0b5ed) Importer(2089858483,192608db42251d675da83286b1cce702)
Start importing Assets/Resources/Levels/2/2.prefab using Guid(212c0b1fc4a71984789c3a8f1ec0b5ed) Importer(2089858483,192608db42251d675da83286b1cce702) (ScriptedImporter) -> (artifact id: 'efa701a9f1545ab8d1393d8b8254aae3') in 0.0195812 seconds
Number of updated asset objects reloaded before import = 0Number of asset objects unloaded after import = 716

========================================================================
Received Import Request.
  Time since last request: 4.417130 seconds.
  path: Assets/Resources/Levels/2/2.prefab
  artifactKey: Guid(212c0b1fc4a71984789c3a8f1ec0b5ed) Importer(2089858483,192608db42251d675da83286b1cce702)
Start importing Assets/Resources/Levels/2/2.prefab using Guid(212c0b1fc4a71984789c3a8f1ec0b5ed) Importer(2089858483,192608db42251d675da83286b1cce702) (ScriptedImporter) -> (artifact id: 'e6909dab2a308eeb6c2dcc6482c8e055') in 0.0197235 seconds
Number of updated asset objects reloaded before import = 0Number of asset objects unloaded after import = 721

========================================================================
Received Import Request.
  Time since last request: 4.611948 seconds.
  path: Assets/Resources/Levels/2/2.prefab
  artifactKey: Guid(212c0b1fc4a71984789c3a8f1ec0b5ed) Importer(2089858483,192608db42251d675da83286b1cce702)
Start importing Assets/Resources/Levels/2/2.prefab using Guid(212c0b1fc4a71984789c3a8f1ec0b5ed) Importer(2089858483,192608db42251d675da83286b1cce702) (ScriptedImporter) -> (artifact id: '2608022c57467dba11be3a40c7cfee8d') in 0.0181375 seconds
Number of updated asset objects reloaded before import = 0Number of asset objects unloaded after import = 815

========================================================================
Received Import Request.
  Time since last request: 3.786565 seconds.
  path: Assets/Resources/Levels/2/2.prefab
  artifactKey: Guid(212c0b1fc4a71984789c3a8f1ec0b5ed) Importer(2089858483,192608db42251d675da83286b1cce702)
Start importing Assets/Resources/Levels/2/2.prefab using Guid(212c0b1fc4a71984789c3a8f1ec0b5ed) Importer(2089858483,192608db42251d675da83286b1cce702) (ScriptedImporter) -> (artifact id: '83c0a2e609965ab6a0bf3e450d4dfad2') in 0.0244503 seconds
Number of updated asset objects reloaded before import = 0Number of asset objects unloaded after import = 815

========================================================================
Received Import Request.
  Time since last request: 6.790408 seconds.
  path: Assets/Resources/Levels/2/2.prefab
  artifactKey: Guid(212c0b1fc4a71984789c3a8f1ec0b5ed) Importer(2089858483,192608db42251d675da83286b1cce702)
Start importing Assets/Resources/Levels/2/2.prefab using Guid(212c0b1fc4a71984789c3a8f1ec0b5ed) Importer(2089858483,192608db42251d675da83286b1cce702) (ScriptedImporter) -> (artifact id: 'be54eb1cabed1265691dbff932f1f2da') in 0.01872 seconds
Number of updated asset objects reloaded before import = 0Number of asset objects unloaded after import = 815

========================================================================
Received Import Request.
  Time since last request: 10.059593 seconds.
  path: Assets/Resources/Levels/2/2.prefab
  artifactKey: Guid(212c0b1fc4a71984789c3a8f1ec0b5ed) Importer(2089858483,192608db42251d675da83286b1cce702)
Start importing Assets/Resources/Levels/2/2.prefab using Guid(212c0b1fc4a71984789c3a8f1ec0b5ed) Importer(2089858483,192608db42251d675da83286b1cce702) (ScriptedImporter) -> (artifact id: '72ef6f4bc1596e96b6d2da3fe25943ee') in 0.0217262 seconds
Number of updated asset objects reloaded before import = 0Number of asset objects unloaded after import = 815

========================================================================
Received Import Request.
  Time since last request: 6.548258 seconds.
  path: Assets/Resources/Levels/2/2.prefab
  artifactKey: Guid(212c0b1fc4a71984789c3a8f1ec0b5ed) Importer(2089858483,192608db42251d675da83286b1cce702)
Start importing Assets/Resources/Levels/2/2.prefab using Guid(212c0b1fc4a71984789c3a8f1ec0b5ed) Importer(2089858483,192608db42251d675da83286b1cce702) (ScriptedImporter) -> (artifact id: '2e0f3af2d277ed69a20f1fd6f96bcfa8') in 0.0241803 seconds
Number of updated asset objects reloaded before import = 0Number of asset objects unloaded after import = 815

========================================================================
Received Import Request.
  Time since last request: 2.352841 seconds.
  path: Assets/Resources/Levels/2/2.prefab
  artifactKey: Guid(212c0b1fc4a71984789c3a8f1ec0b5ed) Importer(2089858483,192608db42251d675da83286b1cce702)
Start importing Assets/Resources/Levels/2/2.prefab using Guid(212c0b1fc4a71984789c3a8f1ec0b5ed) Importer(2089858483,192608db42251d675da83286b1cce702) (ScriptedImporter) -> (artifact id: '0e561d3737d57c691ef203be55cdb3b1') in 0.0206558 seconds
Number of updated asset objects reloaded before import = 0Number of asset objects unloaded after import = 815

========================================================================
Received Import Request.
  Time since last request: 3.169671 seconds.
  path: Assets/Resources/Levels/2/2.prefab
  artifactKey: Guid(212c0b1fc4a71984789c3a8f1ec0b5ed) Importer(2089858483,192608db42251d675da83286b1cce702)
Start importing Assets/Resources/Levels/2/2.prefab using Guid(212c0b1fc4a71984789c3a8f1ec0b5ed) Importer(2089858483,192608db42251d675da83286b1cce702) (ScriptedImporter) -> (artifact id: '4acd429470e5a7504464b9ea1f85325a') in 0.0229752 seconds
Number of updated asset objects reloaded before import = 0Number of asset objects unloaded after import = 815

========================================================================
Received Import Request.
  Time since last request: 11.287214 seconds.
  path: Assets/Resources/Levels/2/2.prefab
  artifactKey: Guid(212c0b1fc4a71984789c3a8f1ec0b5ed) Importer(2089858483,192608db42251d675da83286b1cce702)
Start importing Assets/Resources/Levels/2/2.prefab using Guid(212c0b1fc4a71984789c3a8f1ec0b5ed) Importer(2089858483,192608db42251d675da83286b1cce702) (ScriptedImporter) -> (artifact id: '0b4317d80521c53ebd5586057aaffcaa') in 0.0375733 seconds
Number of updated asset objects reloaded before import = 0Number of asset objects unloaded after import = 821

========================================================================
Received Import Request.
  Time since last request: 11.776085 seconds.
  path: Assets/Resources/Levels/2/2.prefab
  artifactKey: Guid(212c0b1fc4a71984789c3a8f1ec0b5ed) Importer(2089858483,192608db42251d675da83286b1cce702)
Start importing Assets/Resources/Levels/2/2.prefab using Guid(212c0b1fc4a71984789c3a8f1ec0b5ed) Importer(2089858483,192608db42251d675da83286b1cce702) (ScriptedImporter) -> (artifact id: 'ab9c37840570cb1a41ed6c912ddfa5c5') in 0.0224444 seconds
Number of updated asset objects reloaded before import = 0Number of asset objects unloaded after import = 899

========================================================================
Received Import Request.
  Time since last request: 2.169166 seconds.
  path: Assets/Resources/Levels/2/2.prefab
  artifactKey: Guid(212c0b1fc4a71984789c3a8f1ec0b5ed) Importer(2089858483,192608db42251d675da83286b1cce702)
Start importing Assets/Resources/Levels/2/2.prefab using Guid(212c0b1fc4a71984789c3a8f1ec0b5ed) Importer(2089858483,192608db42251d675da83286b1cce702) (ScriptedImporter) -> (artifact id: '14f45fe7d82f65d819168dc961bf818d') in 0.0203751 seconds
Number of updated asset objects reloaded before import = 0Number of asset objects unloaded after import = 993

========================================================================
Received Import Request.
  Time since last request: 3.898289 seconds.
  path: Assets/Resources/Levels/2/2.prefab
  artifactKey: Guid(212c0b1fc4a71984789c3a8f1ec0b5ed) Importer(2089858483,192608db42251d675da83286b1cce702)
Start importing Assets/Resources/Levels/2/2.prefab using Guid(212c0b1fc4a71984789c3a8f1ec0b5ed) Importer(2089858483,192608db42251d675da83286b1cce702) (ScriptedImporter) -> (artifact id: '8ecf7e77ba1846e543ac137fef35c2f9') in 0.0267596 seconds
Number of updated asset objects reloaded before import = 0Number of asset objects unloaded after import = 998

========================================================================
Received Import Request.
  Time since last request: 4.168872 seconds.
  path: Assets/Resources/Levels/2/2.prefab
  artifactKey: Guid(212c0b1fc4a71984789c3a8f1ec0b5ed) Importer(2089858483,192608db42251d675da83286b1cce702)
Start importing Assets/Resources/Levels/2/2.prefab using Guid(212c0b1fc4a71984789c3a8f1ec0b5ed) Importer(2089858483,192608db42251d675da83286b1cce702) (ScriptedImporter) -> (artifact id: 'e78c7c3065cf476d86d706a9eb0fe09e') in 0.0205727 seconds
Number of updated asset objects reloaded before import = 0Number of asset objects unloaded after import = 1004

========================================================================
Received Import Request.
  Time since last request: 1.974296 seconds.
  path: Assets/Resources/Levels/2/2.prefab
  artifactKey: Guid(212c0b1fc4a71984789c3a8f1ec0b5ed) Importer(2089858483,192608db42251d675da83286b1cce702)
Start importing Assets/Resources/Levels/2/2.prefab using Guid(212c0b1fc4a71984789c3a8f1ec0b5ed) Importer(2089858483,192608db42251d675da83286b1cce702) (ScriptedImporter) -> (artifact id: '80d3589a6deb821fb2fe328130f25efb') in 0.0227492 seconds
Number of updated asset objects reloaded before import = 0Number of asset objects unloaded after import = 1009

========================================================================
Received Import Request.
  Time since last request: 1.567230 seconds.
  path: Assets/Resources/Levels/2/2.prefab
  artifactKey: Guid(212c0b1fc4a71984789c3a8f1ec0b5ed) Importer(2089858483,192608db42251d675da83286b1cce702)
Start importing Assets/Resources/Levels/2/2.prefab using Guid(212c0b1fc4a71984789c3a8f1ec0b5ed) Importer(2089858483,192608db42251d675da83286b1cce702) (ScriptedImporter) -> (artifact id: 'ec81e7aee6b75b04a7f9fe694c615d14') in 0.0215818 seconds
Number of updated asset objects reloaded before import = 0Number of asset objects unloaded after import = 1014

========================================================================
Received Import Request.
  Time since last request: 3.294197 seconds.
  path: Assets/Resources/Levels/2/2.prefab
  artifactKey: Guid(212c0b1fc4a71984789c3a8f1ec0b5ed) Importer(2089858483,192608db42251d675da83286b1cce702)
Start importing Assets/Resources/Levels/2/2.prefab using Guid(212c0b1fc4a71984789c3a8f1ec0b5ed) Importer(2089858483,192608db42251d675da83286b1cce702) (ScriptedImporter) -> (artifact id: 'b3f11752e93fc2eeb53287aad68a8d35') in 0.024452 seconds
Number of updated asset objects reloaded before import = 0Number of asset objects unloaded after import = 1092

========================================================================
Received Import Request.
  Time since last request: 2.169729 seconds.
  path: Assets/Resources/Levels/2/2.prefab
  artifactKey: Guid(212c0b1fc4a71984789c3a8f1ec0b5ed) Importer(2089858483,192608db42251d675da83286b1cce702)
Start importing Assets/Resources/Levels/2/2.prefab using Guid(212c0b1fc4a71984789c3a8f1ec0b5ed) Importer(2089858483,192608db42251d675da83286b1cce702) (ScriptedImporter) -> (artifact id: '4ff5c08137fa3785e0db6cc71580e953') in 0.0258028 seconds
Number of updated asset objects reloaded before import = 0Number of asset objects unloaded after import = 1097

========================================================================
Received Import Request.
  Time since last request: 2.359245 seconds.
  path: Assets/Resources/Levels/2/2.prefab
  artifactKey: Guid(212c0b1fc4a71984789c3a8f1ec0b5ed) Importer(2089858483,192608db42251d675da83286b1cce702)
Start importing Assets/Resources/Levels/2/2.prefab using Guid(212c0b1fc4a71984789c3a8f1ec0b5ed) Importer(2089858483,192608db42251d675da83286b1cce702) (ScriptedImporter) -> (artifact id: 'fe881c38a63493db9966cef5dfb84389') in 0.0221094 seconds
Number of updated asset objects reloaded before import = 0Number of asset objects unloaded after import = 1097

========================================================================
Received Import Request.
  Time since last request: 2.029075 seconds.
  path: Assets/Resources/Levels/2/2.prefab
  artifactKey: Guid(212c0b1fc4a71984789c3a8f1ec0b5ed) Importer(2089858483,192608db42251d675da83286b1cce702)
Start importing Assets/Resources/Levels/2/2.prefab using Guid(212c0b1fc4a71984789c3a8f1ec0b5ed) Importer(2089858483,192608db42251d675da83286b1cce702) (ScriptedImporter) -> (artifact id: '08bdf877ce52b2a997a7dc36f9ad3d33') in 0.0240943 seconds
Number of updated asset objects reloaded before import = 0Number of asset objects unloaded after import = 1097

========================================================================
Received Import Request.
  Time since last request: 3.376853 seconds.
  path: Assets/Resources/Levels/2/2.prefab
  artifactKey: Guid(212c0b1fc4a71984789c3a8f1ec0b5ed) Importer(2089858483,192608db42251d675da83286b1cce702)
Start importing Assets/Resources/Levels/2/2.prefab using Guid(212c0b1fc4a71984789c3a8f1ec0b5ed) Importer(2089858483,192608db42251d675da83286b1cce702) (ScriptedImporter) -> (artifact id: '2bd450a0f8a9e1b653e959ea72bb586c') in 0.0237777 seconds
Number of updated asset objects reloaded before import = 0Number of asset objects unloaded after import = 1191

========================================================================
Received Import Request.
  Time since last request: 2.023313 seconds.
  path: Assets/Resources/Levels/2/2.prefab
  artifactKey: Guid(212c0b1fc4a71984789c3a8f1ec0b5ed) Importer(2089858483,192608db42251d675da83286b1cce702)
Start importing Assets/Resources/Levels/2/2.prefab using Guid(212c0b1fc4a71984789c3a8f1ec0b5ed) Importer(2089858483,192608db42251d675da83286b1cce702) (ScriptedImporter) -> (artifact id: '482e71b6cfd74d982b6b3094e0e0b78b') in 0.0264971 seconds
Number of updated asset objects reloaded before import = 0Number of asset objects unloaded after import = 1197

========================================================================
Received Import Request.
  Time since last request: 1.857142 seconds.
  path: Assets/Resources/Levels/2/2.prefab
  artifactKey: Guid(212c0b1fc4a71984789c3a8f1ec0b5ed) Importer(2089858483,192608db42251d675da83286b1cce702)
Start importing Assets/Resources/Levels/2/2.prefab using Guid(212c0b1fc4a71984789c3a8f1ec0b5ed) Importer(2089858483,192608db42251d675da83286b1cce702) (ScriptedImporter) -> (artifact id: '92399e327e92d6cb4dc4236d20b94dbb') in 0.0233851 seconds
Number of updated asset objects reloaded before import = 0Number of asset objects unloaded after import = 1202

========================================================================
Received Import Request.
  Time since last request: 3.915313 seconds.
  path: Assets/Resources/Levels/2/2.prefab
  artifactKey: Guid(212c0b1fc4a71984789c3a8f1ec0b5ed) Importer(2089858483,192608db42251d675da83286b1cce702)
Start importing Assets/Resources/Levels/2/2.prefab using Guid(212c0b1fc4a71984789c3a8f1ec0b5ed) Importer(2089858483,192608db42251d675da83286b1cce702) (ScriptedImporter) -> (artifact id: 'fdc533dcb4150098e3f184c39894f95b') in 0.0317816 seconds
Number of updated asset objects reloaded before import = 0Number of asset objects unloaded after import = 1202

========================================================================
Received Import Request.
  Time since last request: 2.746674 seconds.
  path: Assets/Resources/Levels/2/2.prefab
  artifactKey: Guid(212c0b1fc4a71984789c3a8f1ec0b5ed) Importer(2089858483,192608db42251d675da83286b1cce702)
Start importing Assets/Resources/Levels/2/2.prefab using Guid(212c0b1fc4a71984789c3a8f1ec0b5ed) Importer(2089858483,192608db42251d675da83286b1cce702) (ScriptedImporter) -> (artifact id: '8240f961dafbc8759e8502057f19e2f0') in 0.0354657 seconds
Number of updated asset objects reloaded before import = 0Number of asset objects unloaded after import = 1202

========================================================================
Received Import Request.
  Time since last request: 7.050382 seconds.
  path: Assets/Resources/Levels/2/2.prefab
  artifactKey: Guid(212c0b1fc4a71984789c3a8f1ec0b5ed) Importer(2089858483,192608db42251d675da83286b1cce702)
Start importing Assets/Resources/Levels/2/2.prefab using Guid(212c0b1fc4a71984789c3a8f1ec0b5ed) Importer(2089858483,192608db42251d675da83286b1cce702) (ScriptedImporter) -> (artifact id: 'a0e45e1ea073503b7e4d9a9c50aef7e6') in 0.0236394 seconds
Number of updated asset objects reloaded before import = 0Number of asset objects unloaded after import = 1202

========================================================================
Received Import Request.
  Time since last request: 3.592578 seconds.
  path: Assets/Resources/Levels/2/2.prefab
  artifactKey: Guid(212c0b1fc4a71984789c3a8f1ec0b5ed) Importer(2089858483,192608db42251d675da83286b1cce702)
Start importing Assets/Resources/Levels/2/2.prefab using Guid(212c0b1fc4a71984789c3a8f1ec0b5ed) Importer(2089858483,192608db42251d675da83286b1cce702) (ScriptedImporter) -> (artifact id: 'aaf03574eb05698daff4ec64d0b048ff') in 0.0272197 seconds
Number of updated asset objects reloaded before import = 0Number of asset objects unloaded after import = 1296

========================================================================
Received Import Request.
  Time since last request: 2.421260 seconds.
  path: Assets/Resources/Levels/2/2.prefab
  artifactKey: Guid(212c0b1fc4a71984789c3a8f1ec0b5ed) Importer(2089858483,192608db42251d675da83286b1cce702)
Start importing Assets/Resources/Levels/2/2.prefab using Guid(212c0b1fc4a71984789c3a8f1ec0b5ed) Importer(2089858483,192608db42251d675da83286b1cce702) (ScriptedImporter) -> (artifact id: '3d9bb6659ecb5b8ef98c80e3e24cedc9') in 0.030836 seconds
Number of updated asset objects reloaded before import = 0Number of asset objects unloaded after import = 1301

========================================================================
Received Import Request.
  Time since last request: 2.941953 seconds.
  path: Assets/Resources/Levels/2/2.prefab
  artifactKey: Guid(212c0b1fc4a71984789c3a8f1ec0b5ed) Importer(2089858483,192608db42251d675da83286b1cce702)
Start importing Assets/Resources/Levels/2/2.prefab using Guid(212c0b1fc4a71984789c3a8f1ec0b5ed) Importer(2089858483,192608db42251d675da83286b1cce702) (ScriptedImporter) -> (artifact id: '0fdad556a7395c9ff880dbe33cbd24e4') in 0.0256407 seconds
Number of updated asset objects reloaded before import = 0Number of asset objects unloaded after import = 1301

========================================================================
Received Import Request.
  Time since last request: 1.938738 seconds.
  path: Assets/Resources/Levels/2/2.prefab
  artifactKey: Guid(212c0b1fc4a71984789c3a8f1ec0b5ed) Importer(2089858483,192608db42251d675da83286b1cce702)
Start importing Assets/Resources/Levels/2/2.prefab using Guid(212c0b1fc4a71984789c3a8f1ec0b5ed) Importer(2089858483,192608db42251d675da83286b1cce702) (ScriptedImporter) -> (artifact id: '29b3cc04b5710e8bbc0273063f72d568') in 0.0297622 seconds
Number of updated asset objects reloaded before import = 0Number of asset objects unloaded after import = 1301

========================================================================
Received Prepare
Begin MonoManager ReloadAssembly
- Loaded All Assemblies, in  0.809 seconds
Refreshing native plugins compatible for Editor in 0.96 ms, found 3 plugins.
Native extension for WindowsStandalone target not found
Native extension for OSXStandalone target not found
Native extension for WebGL target not found
[Package Manager] Failed to launch server process. Reason: Unity was launched with the -noUpm command-line argument
[Package Manager] Unable to send message (not connected to server process).
[Package Manager] Cannot connect to Unity Package Manager local server
[MODES] ModeService[none].Initialize
[MODES] ModeService[none].LoadModes
Mono: successfully reloaded assembly
- Finished resetting the current domain, in  0.732 seconds
Domain Reload Profiling: 1539ms
	BeginReloadAssembly (265ms)
		ExecutionOrderSort (0ms)
		DisableScriptedObjects (18ms)
		BackupInstance (0ms)
		ReleaseScriptingObjects (0ms)
		CreateAndSetChildDomain (92ms)
	RebuildCommonClasses (34ms)
	RebuildNativeTypeToScriptingClass (10ms)
	initialDomainReloadingComplete (29ms)
	LoadAllAssembliesAndSetupDomain (468ms)
		LoadAssemblies (390ms)
		RebuildTransferFunctionScriptingTraits (0ms)
		AnalyzeDomain (168ms)
			TypeCache.Refresh (8ms)
				TypeCache.ScanAssembly (0ms)
			BuildScriptInfoCaches (147ms)
			ResolveRequiredComponents (9ms)
	FinalizeReload (733ms)
		ReleaseScriptCaches (0ms)
		RebuildScriptCaches (0ms)
		SetupLoadedEditorAssemblies (585ms)
			LogAssemblyErrors (0ms)
			InitializePlatformSupportModulesInManaged (6ms)
			SetLoadedEditorAssemblies (5ms)
			BeforeProcessingInitializeOnLoad (130ms)
			ProcessInitializeOnLoadAttributes (340ms)
			ProcessInitializeOnLoadMethodAttributes (94ms)
			AfterProcessingInitializeOnLoad (10ms)
			EditorAssembliesLoaded (0ms)
		ExecutionOrderSort2 (0ms)
		AwakeInstancesAfterBackupRestoration (22ms)
Refreshing native plugins compatible for Editor in 1.60 ms, found 3 plugins.
Preloading 0 native plugins for Editor in 0.00 ms.
Unloading 14 Unused Serialized files (Serialized files now loaded: 0)
Unloading 6517 unused Assets / (4.7 MB). Loaded Objects now: 7396.
Memory consumption went from 232.8 MB to 228.2 MB.
Total: 11.000100 ms (FindLiveObjects: 0.937900 ms CreateObjectMapping: 0.894500 ms MarkObjects: 5.483600 ms  DeleteObjects: 3.683300 ms)

Prepare: number of updated asset objects reloaded= 0
========================================================================
Received Import Request.
  Time since last request: 158.841257 seconds.
  path: Assets/Resources/Levels/2/2.prefab
  artifactKey: Guid(212c0b1fc4a71984789c3a8f1ec0b5ed) Importer(815301076,1909f56bfc062723c751e8b465ee728b)
Start importing Assets/Resources/Levels/2/2.prefab using Guid(212c0b1fc4a71984789c3a8f1ec0b5ed) Importer(815301076,1909f56bfc062723c751e8b465ee728b) (PreviewImporter) -> (artifact id: 'eb5b81745ce0f1f209e2cf9653b2f3ce') in 0.4704638 seconds
Number of updated asset objects reloaded before import = 0Number of asset objects unloaded after import = 1605

========================================================================
Received Import Request.
  Time since last request: 1466.085305 seconds.
  path: Assets/Resources/Levels/1/5.prefab
  artifactKey: Guid(15b1499904d2ba14f8578e7d05132837) Importer(815301076,1909f56bfc062723c751e8b465ee728b)
Start importing Assets/Resources/Levels/1/5.prefab using Guid(15b1499904d2ba14f8578e7d05132837) Importer(815301076,1909f56bfc062723c751e8b465ee728b) (PreviewImporter) -> (artifact id: '4b417b5e618e5ece860e434db6d93b4f') in 0.0712626 seconds
Number of updated asset objects reloaded before import = 0Number of asset objects unloaded after import = 1640

========================================================================
Received Import Request.
  Time since last request: 125.163415 seconds.
  path: Assets/Prefabs/Rock Pile.prefab
  artifactKey: Guid(e9c9a65b35d9ed1419b52a4a997fd35d) Importer(815301076,1909f56bfc062723c751e8b465ee728b)
Start importing Assets/Prefabs/Rock Pile.prefab using Guid(e9c9a65b35d9ed1419b52a4a997fd35d) Importer(815301076,1909f56bfc062723c751e8b465ee728b) (PreviewImporter) -> (artifact id: '13aa5ee709660d66491c70c84b6f311c') in 0.0039436 seconds
Number of updated asset objects reloaded before import = 0Number of asset objects unloaded after import = 77

========================================================================
Received Import Request.
  Time since last request: 11.103610 seconds.
  path: Assets/Prefabs/Rock Pile 2.prefab
  artifactKey: Guid(757ede776b7222844832117193cd273b) Importer(815301076,1909f56bfc062723c751e8b465ee728b)
Start importing Assets/Prefabs/Rock Pile 2.prefab using Guid(757ede776b7222844832117193cd273b) Importer(815301076,1909f56bfc062723c751e8b465ee728b) (PreviewImporter) -> (artifact id: '0ae3e16f4ebc71189fb33f41ed698522') in 0.0037216 seconds
Number of updated asset objects reloaded before import = 0Number of asset objects unloaded after import = 89

========================================================================
Received Import Request.
  Time since last request: 3.732609 seconds.
  path: Assets/Resources/Levels/1/1.prefab
  artifactKey: Guid(29b59527bc0894d468c24301aa46de27) Importer(815301076,1909f56bfc062723c751e8b465ee728b)
Start importing Assets/Resources/Levels/1/1.prefab using Guid(29b59527bc0894d468c24301aa46de27) Importer(815301076,1909f56bfc062723c751e8b465ee728b) (PreviewImporter) -> (artifact id: '342254efb932e8f26b92cf10dda49b75') in 0.0656551 seconds
Number of updated asset objects reloaded before import = 0Number of asset objects unloaded after import = 1502

========================================================================
Received Import Request.
  Time since last request: 11.827616 seconds.
  path: Assets/Resources/Levels/1/3.prefab
  artifactKey: Guid(f3cf4ce04b8389a4fb9a08212d7e6756) Importer(815301076,1909f56bfc062723c751e8b465ee728b)
Start importing Assets/Resources/Levels/1/3.prefab using Guid(f3cf4ce04b8389a4fb9a08212d7e6756) Importer(815301076,1909f56bfc062723c751e8b465ee728b) (PreviewImporter) -> (artifact id: '7bff4274228e7f9e0c031bee1ae41f45') in 0.0651544 seconds
Number of updated asset objects reloaded before import = 0Number of asset objects unloaded after import = 1443

========================================================================
Received Prepare
Refreshing native plugins compatible for Editor in 1.37 ms, found 3 plugins.
Preloading 0 native plugins for Editor in 0.00 ms.
Unloading 14 Unused Serialized files (Serialized files now loaded: 0)
Unloading 6510 unused Assets / (5.1 MB). Loaded Objects now: 7544.
Memory consumption went from 238.8 MB to 233.8 MB.
Total: 16.586500 ms (FindLiveObjects: 1.517200 ms CreateObjectMapping: 1.659800 ms MarkObjects: 9.652500 ms  DeleteObjects: 3.756000 ms)

Prepare: number of updated asset objects reloaded= 0
========================================================================
Received Prepare
Begin MonoManager ReloadAssembly
- Loaded All Assemblies, in  0.815 seconds
Refreshing native plugins compatible for Editor in 1.00 ms, found 3 plugins.
Native extension for WindowsStandalone target not found
Native extension for OSXStandalone target not found
Native extension for WebGL target not found
[Package Manager] Failed to launch server process. Reason: Unity was launched with the -noUpm command-line argument
[Package Manager] Unable to send message (not connected to server process).
[Package Manager] Cannot connect to Unity Package Manager local server
[MODES] ModeService[none].Initialize
[MODES] ModeService[none].LoadModes
Mono: successfully reloaded assembly
- Finished resetting the current domain, in  0.668 seconds
Domain Reload Profiling: 1482ms
	BeginReloadAssembly (235ms)
		ExecutionOrderSort (0ms)
		DisableScriptedObjects (19ms)
		BackupInstance (0ms)
		ReleaseScriptingObjects (0ms)
		CreateAndSetChildDomain (69ms)
	RebuildCommonClasses (31ms)
	RebuildNativeTypeToScriptingClass (14ms)
	initialDomainReloadingComplete (31ms)
	LoadAllAssembliesAndSetupDomain (502ms)
		LoadAssemblies (416ms)
		RebuildTransferFunctionScriptingTraits (0ms)
		AnalyzeDomain (170ms)
			TypeCache.Refresh (10ms)
				TypeCache.ScanAssembly (1ms)
			BuildScriptInfoCaches (143ms)
			ResolveRequiredComponents (11ms)
	FinalizeReload (669ms)
		ReleaseScriptCaches (0ms)
		RebuildScriptCaches (0ms)
		SetupLoadedEditorAssemblies (530ms)
			LogAssemblyErrors (0ms)
			InitializePlatformSupportModulesInManaged (4ms)
			SetLoadedEditorAssemblies (6ms)
			BeforeProcessingInitializeOnLoad (123ms)
			ProcessInitializeOnLoadAttributes (316ms)
			ProcessInitializeOnLoadMethodAttributes (72ms)
			AfterProcessingInitializeOnLoad (8ms)
			EditorAssembliesLoaded (0ms)
		ExecutionOrderSort2 (0ms)
		AwakeInstancesAfterBackupRestoration (17ms)
Refreshing native plugins compatible for Editor in 1.14 ms, found 3 plugins.
Preloading 0 native plugins for Editor in 0.00 ms.
Unloading 14 Unused Serialized files (Serialized files now loaded: 0)
Unloading 6514 unused Assets / (4.7 MB). Loaded Objects now: 7422.
Memory consumption went from 232.8 MB to 228.1 MB.
Total: 9.350200 ms (FindLiveObjects: 0.818000 ms CreateObjectMapping: 0.848300 ms MarkObjects: 4.764900 ms  DeleteObjects: 2.918300 ms)

Prepare: number of updated asset objects reloaded= 0
========================================================================
Received Prepare
Refreshing native plugins compatible for Editor in 1.38 ms, found 3 plugins.
Preloading 0 native plugins for Editor in 0.00 ms.
Unloading 14 Unused Serialized files (Serialized files now loaded: 0)
Unloading 6507 unused Assets / (5.0 MB). Loaded Objects now: 7422.
Memory consumption went from 233.7 MB to 228.7 MB.
Total: 12.992300 ms (FindLiveObjects: 1.322600 ms CreateObjectMapping: 1.342500 ms MarkObjects: 6.258000 ms  DeleteObjects: 4.068500 ms)

Prepare: number of updated asset objects reloaded= 0
========================================================================
Received Prepare
Begin MonoManager ReloadAssembly
- Loaded All Assemblies, in  0.755 seconds
Refreshing native plugins compatible for Editor in 1.07 ms, found 3 plugins.
Native extension for WindowsStandalone target not found
Native extension for OSXStandalone target not found
Native extension for WebGL target not found
[Package Manager] Failed to launch server process. Reason: Unity was launched with the -noUpm command-line argument
[Package Manager] Unable to send message (not connected to server process).
[Package Manager] Cannot connect to Unity Package Manager local server
[MODES] ModeService[none].Initialize
[MODES] ModeService[none].LoadModes
Mono: successfully reloaded assembly
- Finished resetting the current domain, in  0.643 seconds
Domain Reload Profiling: 1395ms
	BeginReloadAssembly (210ms)
		ExecutionOrderSort (0ms)
		DisableScriptedObjects (5ms)
		BackupInstance (0ms)
		ReleaseScriptingObjects (0ms)
		CreateAndSetChildDomain (55ms)
	RebuildCommonClasses (31ms)
	RebuildNativeTypeToScriptingClass (10ms)
	initialDomainReloadingComplete (31ms)
	LoadAllAssembliesAndSetupDomain (470ms)
		LoadAssemblies (381ms)
		RebuildTransferFunctionScriptingTraits (0ms)
		AnalyzeDomain (175ms)
			TypeCache.Refresh (14ms)
				TypeCache.ScanAssembly (1ms)
			BuildScriptInfoCaches (148ms)
			ResolveRequiredComponents (10ms)
	FinalizeReload (643ms)
		ReleaseScriptCaches (0ms)
		RebuildScriptCaches (0ms)
		SetupLoadedEditorAssemblies (510ms)
			LogAssemblyErrors (0ms)
			InitializePlatformSupportModulesInManaged (5ms)
			SetLoadedEditorAssemblies (6ms)
			BeforeProcessingInitializeOnLoad (121ms)
			ProcessInitializeOnLoadAttributes (301ms)
			ProcessInitializeOnLoadMethodAttributes (70ms)
			AfterProcessingInitializeOnLoad (8ms)
			EditorAssembliesLoaded (0ms)
		ExecutionOrderSort2 (0ms)
		AwakeInstancesAfterBackupRestoration (17ms)
Refreshing native plugins compatible for Editor in 1.10 ms, found 3 plugins.
Preloading 0 native plugins for Editor in 0.00 ms.
Unloading 14 Unused Serialized files (Serialized files now loaded: 0)
Unloading 6514 unused Assets / (4.4 MB). Loaded Objects now: 7424.
Memory consumption went from 232.6 MB to 228.2 MB.
Total: 8.718500 ms (FindLiveObjects: 0.838000 ms CreateObjectMapping: 0.374200 ms MarkObjects: 4.775600 ms  DeleteObjects: 2.730100 ms)

Prepare: number of updated asset objects reloaded= 0
========================================================================
Received Prepare
Refreshing native plugins compatible for Editor in 1.46 ms, found 3 plugins.
Preloading 0 native plugins for Editor in 0.00 ms.
Unloading 14 Unused Serialized files (Serialized files now loaded: 0)
Unloading 6507 unused Assets / (4.4 MB). Loaded Objects now: 7424.
Memory consumption went from 233.7 MB to 229.2 MB.
Total: 10.248400 ms (FindLiveObjects: 1.009000 ms CreateObjectMapping: 0.537200 ms MarkObjects: 5.396800 ms  DeleteObjects: 3.304500 ms)

Prepare: number of updated asset objects reloaded= 0
========================================================================
Received Prepare
Begin MonoManager ReloadAssembly
- Loaded All Assemblies, in  0.849 seconds
Refreshing native plugins compatible for Editor in 1.09 ms, found 3 plugins.
Native extension for WindowsStandalone target not found
Native extension for OSXStandalone target not found
Native extension for WebGL target not found
[Package Manager] Failed to launch server process. Reason: Unity was launched with the -noUpm command-line argument
[Package Manager] Unable to send message (not connected to server process).
[Package Manager] Cannot connect to Unity Package Manager local server
[MODES] ModeService[none].Initialize
[MODES] ModeService[none].LoadModes
Mono: successfully reloaded assembly
- Finished resetting the current domain, in  0.668 seconds
Domain Reload Profiling: 1517ms
	BeginReloadAssembly (220ms)
		ExecutionOrderSort (0ms)
		DisableScriptedObjects (5ms)
		BackupInstance (0ms)
		ReleaseScriptingObjects (0ms)
		CreateAndSetChildDomain (59ms)
	RebuildCommonClasses (33ms)
	RebuildNativeTypeToScriptingClass (10ms)
	initialDomainReloadingComplete (32ms)
	LoadAllAssembliesAndSetupDomain (553ms)
		LoadAssemblies (413ms)
		RebuildTransferFunctionScriptingTraits (0ms)
		AnalyzeDomain (233ms)
			TypeCache.Refresh (18ms)
				TypeCache.ScanAssembly (2ms)
			BuildScriptInfoCaches (203ms)
			ResolveRequiredComponents (9ms)
	FinalizeReload (669ms)
		ReleaseScriptCaches (0ms)
		RebuildScriptCaches (0ms)
		SetupLoadedEditorAssemblies (526ms)
			LogAssemblyErrors (0ms)
			InitializePlatformSupportModulesInManaged (5ms)
			SetLoadedEditorAssemblies (5ms)
			BeforeProcessingInitializeOnLoad (122ms)
			ProcessInitializeOnLoadAttributes (307ms)
			ProcessInitializeOnLoadMethodAttributes (79ms)
			AfterProcessingInitializeOnLoad (8ms)
			EditorAssembliesLoaded (0ms)
		ExecutionOrderSort2 (0ms)
		AwakeInstancesAfterBackupRestoration (17ms)
Refreshing native plugins compatible for Editor in 1.16 ms, found 3 plugins.
Preloading 0 native plugins for Editor in 0.00 ms.
Unloading 14 Unused Serialized files (Serialized files now loaded: 0)
Unloading 6514 unused Assets / (4.6 MB). Loaded Objects now: 7426.
Memory consumption went from 232.7 MB to 228.1 MB.
Total: 9.074500 ms (FindLiveObjects: 0.960600 ms CreateObjectMapping: 0.388900 ms MarkObjects: 4.405800 ms  DeleteObjects: 3.318600 ms)

Prepare: number of updated asset objects reloaded= 0
========================================================================
Received Prepare
Refreshing native plugins compatible for Editor in 1.26 ms, found 3 plugins.
Preloading 0 native plugins for Editor in 0.00 ms.
Unloading 14 Unused Serialized files (Serialized files now loaded: 0)
Unloading 6507 unused Assets / (4.4 MB). Loaded Objects now: 7426.
Memory consumption went from 233.8 MB to 229.4 MB.
Total: 10.198900 ms (FindLiveObjects: 1.360400 ms CreateObjectMapping: 0.825800 ms MarkObjects: 5.286000 ms  DeleteObjects: 2.726000 ms)

Prepare: number of updated asset objects reloaded= 0
========================================================================
Received Prepare
Begin MonoManager ReloadAssembly
- Loaded All Assemblies, in  0.774 seconds
Refreshing native plugins compatible for Editor in 1.08 ms, found 3 plugins.
Native extension for WindowsStandalone target not found
Native extension for OSXStandalone target not found
Native extension for WebGL target not found
[Package Manager] Failed to launch server process. Reason: Unity was launched with the -noUpm command-line argument
[Package Manager] Unable to send message (not connected to server process).
[Package Manager] Cannot connect to Unity Package Manager local server
[MODES] ModeService[none].Initialize
[MODES] ModeService[none].LoadModes
Mono: successfully reloaded assembly
- Finished resetting the current domain, in  0.637 seconds
Domain Reload Profiling: 1409ms
	BeginReloadAssembly (212ms)
		ExecutionOrderSort (0ms)
		DisableScriptedObjects (5ms)
		BackupInstance (0ms)
		ReleaseScriptingObjects (0ms)
		CreateAndSetChildDomain (57ms)
	RebuildCommonClasses (40ms)
	RebuildNativeTypeToScriptingClass (11ms)
	initialDomainReloadingComplete (28ms)
	LoadAllAssembliesAndSetupDomain (480ms)
		LoadAssemblies (397ms)
		RebuildTransferFunctionScriptingTraits (0ms)
		AnalyzeDomain (171ms)
			TypeCache.Refresh (11ms)
				TypeCache.ScanAssembly (1ms)
			BuildScriptInfoCaches (148ms)
			ResolveRequiredComponents (9ms)
	FinalizeReload (637ms)
		ReleaseScriptCaches (0ms)
		RebuildScriptCaches (0ms)
		SetupLoadedEditorAssemblies (503ms)
			LogAssemblyErrors (0ms)
			InitializePlatformSupportModulesInManaged (4ms)
			SetLoadedEditorAssemblies (3ms)
			BeforeProcessingInitializeOnLoad (117ms)
			ProcessInitializeOnLoadAttributes (298ms)
			ProcessInitializeOnLoadMethodAttributes (72ms)
			AfterProcessingInitializeOnLoad (8ms)
			EditorAssembliesLoaded (0ms)
		ExecutionOrderSort2 (0ms)
		AwakeInstancesAfterBackupRestoration (16ms)
Refreshing native plugins compatible for Editor in 1.35 ms, found 3 plugins.
Preloading 0 native plugins for Editor in 0.00 ms.
Unloading 14 Unused Serialized files (Serialized files now loaded: 0)
Unloading 6514 unused Assets / (4.5 MB). Loaded Objects now: 7428.
Memory consumption went from 232.7 MB to 228.2 MB.
Total: 9.580500 ms (FindLiveObjects: 0.932500 ms CreateObjectMapping: 0.412700 ms MarkObjects: 5.285900 ms  DeleteObjects: 2.948500 ms)

Prepare: number of updated asset objects reloaded= 0
========================================================================
Received Prepare
Begin MonoManager ReloadAssembly
- Loaded All Assemblies, in  0.769 seconds
Refreshing native plugins compatible for Editor in 1.00 ms, found 3 plugins.
Native extension for WindowsStandalone target not found
Native extension for OSXStandalone target not found
Native extension for WebGL target not found
[Package Manager] Failed to launch server process. Reason: Unity was launched with the -noUpm command-line argument
[Package Manager] Unable to send message (not connected to server process).
[Package Manager] Cannot connect to Unity Package Manager local server
[MODES] ModeService[none].Initialize
[MODES] ModeService[none].LoadModes
Mono: successfully reloaded assembly
- Finished resetting the current domain, in  0.705 seconds
Domain Reload Profiling: 1471ms
	BeginReloadAssembly (208ms)
		ExecutionOrderSort (0ms)
		DisableScriptedObjects (6ms)
		BackupInstance (0ms)
		ReleaseScriptingObjects (0ms)
		CreateAndSetChildDomain (55ms)
	RebuildCommonClasses (39ms)
	RebuildNativeTypeToScriptingClass (11ms)
	initialDomainReloadingComplete (33ms)
	LoadAllAssembliesAndSetupDomain (475ms)
		LoadAssemblies (391ms)
		RebuildTransferFunctionScriptingTraits (0ms)
		AnalyzeDomain (168ms)
			TypeCache.Refresh (8ms)
				TypeCache.ScanAssembly (0ms)
			BuildScriptInfoCaches (146ms)
			ResolveRequiredComponents (9ms)
	FinalizeReload (706ms)
		ReleaseScriptCaches (0ms)
		RebuildScriptCaches (0ms)
		SetupLoadedEditorAssemblies (566ms)
			LogAssemblyErrors (0ms)
			InitializePlatformSupportModulesInManaged (4ms)
			SetLoadedEditorAssemblies (4ms)
			BeforeProcessingInitializeOnLoad (124ms)
			ProcessInitializeOnLoadAttributes (338ms)
			ProcessInitializeOnLoadMethodAttributes (84ms)
			AfterProcessingInitializeOnLoad (11ms)
			EditorAssembliesLoaded (0ms)
		ExecutionOrderSort2 (0ms)
		AwakeInstancesAfterBackupRestoration (21ms)
Refreshing native plugins compatible for Editor in 1.25 ms, found 3 plugins.
Preloading 0 native plugins for Editor in 0.00 ms.
Unloading 14 Unused Serialized files (Serialized files now loaded: 0)
Unloading 6514 unused Assets / (4.8 MB). Loaded Objects now: 7430.
Memory consumption went from 232.8 MB to 228.0 MB.
Total: 11.065000 ms (FindLiveObjects: 0.948100 ms CreateObjectMapping: 0.914400 ms MarkObjects: 5.440400 ms  DeleteObjects: 3.761400 ms)

Prepare: number of updated asset objects reloaded= 0
========================================================================
Received Prepare
Refreshing native plugins compatible for Editor in 1.20 ms, found 3 plugins.
Preloading 0 native plugins for Editor in 0.00 ms.
Unloading 14 Unused Serialized files (Serialized files now loaded: 0)
Unloading 6507 unused Assets / (4.6 MB). Loaded Objects now: 7430.
Memory consumption went from 233.9 MB to 229.3 MB.
Total: 10.459300 ms (FindLiveObjects: 0.880000 ms CreateObjectMapping: 0.371200 ms MarkObjects: 5.602600 ms  DeleteObjects: 3.604800 ms)

Prepare: number of updated asset objects reloaded= 0
========================================================================
Received Prepare
Begin MonoManager ReloadAssembly
- Loaded All Assemblies, in  0.747 seconds
Refreshing native plugins compatible for Editor in 1.00 ms, found 3 plugins.
Native extension for WindowsStandalone target not found
Native extension for OSXStandalone target not found
Native extension for WebGL target not found
[Package Manager] Failed to launch server process. Reason: Unity was launched with the -noUpm command-line argument
[Package Manager] Unable to send message (not connected to server process).
[Package Manager] Cannot connect to Unity Package Manager local server
[MODES] ModeService[none].Initialize
[MODES] ModeService[none].LoadModes
Mono: successfully reloaded assembly
- Finished resetting the current domain, in  0.657 seconds
Domain Reload Profiling: 1404ms
	BeginReloadAssembly (206ms)
		ExecutionOrderSort (0ms)
		DisableScriptedObjects (5ms)
		BackupInstance (0ms)
		ReleaseScriptingObjects (0ms)
		CreateAndSetChildDomain (51ms)
	RebuildCommonClasses (30ms)
	RebuildNativeTypeToScriptingClass (11ms)
	initialDomainReloadingComplete (31ms)
	LoadAllAssembliesAndSetupDomain (468ms)
		LoadAssemblies (375ms)
		RebuildTransferFunctionScriptingTraits (0ms)
		AnalyzeDomain (182ms)
			TypeCache.Refresh (15ms)
				TypeCache.ScanAssembly (1ms)
			BuildScriptInfoCaches (153ms)
			ResolveRequiredComponents (10ms)
	FinalizeReload (657ms)
		ReleaseScriptCaches (0ms)
		RebuildScriptCaches (0ms)
		SetupLoadedEditorAssemblies (503ms)
			LogAssemblyErrors (0ms)
			InitializePlatformSupportModulesInManaged (5ms)
			SetLoadedEditorAssemblies (6ms)
			BeforeProcessingInitializeOnLoad (121ms)
			ProcessInitializeOnLoadAttributes (292ms)
			ProcessInitializeOnLoadMethodAttributes (71ms)
			AfterProcessingInitializeOnLoad (8ms)
			EditorAssembliesLoaded (0ms)
		ExecutionOrderSort2 (0ms)
		AwakeInstancesAfterBackupRestoration (15ms)
Refreshing native plugins compatible for Editor in 1.58 ms, found 3 plugins.
Preloading 0 native plugins for Editor in 0.00 ms.
Unloading 14 Unused Serialized files (Serialized files now loaded: 0)
Unloading 6514 unused Assets / (4.2 MB). Loaded Objects now: 7432.
Memory consumption went from 232.8 MB to 228.6 MB.
Total: 8.863600 ms (FindLiveObjects: 0.925000 ms CreateObjectMapping: 0.488700 ms MarkObjects: 4.947000 ms  DeleteObjects: 2.502200 ms)

Prepare: number of updated asset objects reloaded= 0
========================================================================
Received Prepare
Refreshing native plugins compatible for Editor in 1.23 ms, found 3 plugins.
Preloading 0 native plugins for Editor in 0.00 ms.
Unloading 14 Unused Serialized files (Serialized files now loaded: 0)
Unloading 6507 unused Assets / (4.5 MB). Loaded Objects now: 7432.
Memory consumption went from 233.9 MB to 229.4 MB.
Total: 10.539500 ms (FindLiveObjects: 0.945600 ms CreateObjectMapping: 0.389000 ms MarkObjects: 6.555100 ms  DeleteObjects: 2.649000 ms)

Prepare: number of updated asset objects reloaded= 0
========================================================================
Received Prepare
Begin MonoManager ReloadAssembly
- Loaded All Assemblies, in  0.756 seconds
Refreshing native plugins compatible for Editor in 1.50 ms, found 3 plugins.
Native extension for WindowsStandalone target not found
Native extension for OSXStandalone target not found
Native extension for WebGL target not found
[Package Manager] Failed to launch server process. Reason: Unity was launched with the -noUpm command-line argument
[Package Manager] Unable to send message (not connected to server process).
[Package Manager] Cannot connect to Unity Package Manager local server
[MODES] ModeService[none].Initialize
[MODES] ModeService[none].LoadModes
Mono: successfully reloaded assembly
- Finished resetting the current domain, in  0.688 seconds
Domain Reload Profiling: 1442ms
	BeginReloadAssembly (208ms)
		ExecutionOrderSort (0ms)
		DisableScriptedObjects (5ms)
		BackupInstance (0ms)
		ReleaseScriptingObjects (0ms)
		CreateAndSetChildDomain (49ms)
	RebuildCommonClasses (33ms)
	RebuildNativeTypeToScriptingClass (11ms)
	initialDomainReloadingComplete (31ms)
	LoadAllAssembliesAndSetupDomain (472ms)
		LoadAssemblies (389ms)
		RebuildTransferFunctionScriptingTraits (0ms)
		AnalyzeDomain (170ms)
			TypeCache.Refresh (11ms)
				TypeCache.ScanAssembly (1ms)
			BuildScriptInfoCaches (145ms)
			ResolveRequiredComponents (10ms)
	FinalizeReload (688ms)
		ReleaseScriptCaches (0ms)
		RebuildScriptCaches (0ms)
		SetupLoadedEditorAssemblies (513ms)
			LogAssemblyErrors (0ms)
			InitializePlatformSupportModulesInManaged (4ms)
			SetLoadedEditorAssemblies (5ms)
			BeforeProcessingInitializeOnLoad (128ms)
			ProcessInitializeOnLoadAttributes (294ms)
			ProcessInitializeOnLoadMethodAttributes (73ms)
			AfterProcessingInitializeOnLoad (8ms)
			EditorAssembliesLoaded (0ms)
		ExecutionOrderSort2 (0ms)
		AwakeInstancesAfterBackupRestoration (16ms)
Refreshing native plugins compatible for Editor in 1.13 ms, found 3 plugins.
Preloading 0 native plugins for Editor in 0.00 ms.
Unloading 14 Unused Serialized files (Serialized files now loaded: 0)
Unloading 6514 unused Assets / (4.3 MB). Loaded Objects now: 7434.
Memory consumption went from 232.8 MB to 228.5 MB.
Total: 8.548500 ms (FindLiveObjects: 0.809300 ms CreateObjectMapping: 0.834700 ms MarkObjects: 4.189200 ms  DeleteObjects: 2.714400 ms)

Prepare: number of updated asset objects reloaded= 0
========================================================================
Received Prepare
Refreshing native plugins compatible for Editor in 7.71 ms, found 3 plugins.
Preloading 0 native plugins for Editor in 0.00 ms.
Unloading 14 Unused Serialized files (Serialized files now loaded: 0)
Unloading 6507 unused Assets / (4.3 MB). Loaded Objects now: 7434.
Memory consumption went from 233.9 MB to 229.5 MB.
Total: 20.884600 ms (FindLiveObjects: 2.092300 ms CreateObjectMapping: 0.854900 ms MarkObjects: 11.365700 ms  DeleteObjects: 6.570800 ms)

Prepare: number of updated asset objects reloaded= 0
========================================================================
Received Prepare
Begin MonoManager ReloadAssembly
- Loaded All Assemblies, in  0.780 seconds
Refreshing native plugins compatible for Editor in 1.16 ms, found 3 plugins.
Native extension for WindowsStandalone target not found
Native extension for OSXStandalone target not found
Native extension for WebGL target not found
[Package Manager] Failed to launch server process. Reason: Unity was launched with the -noUpm command-line argument
[Package Manager] Unable to send message (not connected to server process).
[Package Manager] Cannot connect to Unity Package Manager local server
[MODES] ModeService[none].Initialize
[MODES] ModeService[none].LoadModes
Mono: successfully reloaded assembly
- Finished resetting the current domain, in  0.668 seconds
Domain Reload Profiling: 1448ms
	BeginReloadAssembly (223ms)
		ExecutionOrderSort (0ms)
		DisableScriptedObjects (8ms)
		BackupInstance (0ms)
		ReleaseScriptingObjects (0ms)
		CreateAndSetChildDomain (52ms)
	RebuildCommonClasses (38ms)
	RebuildNativeTypeToScriptingClass (11ms)
	initialDomainReloadingComplete (33ms)
	LoadAllAssembliesAndSetupDomain (475ms)
		LoadAssemblies (407ms)
		RebuildTransferFunctionScriptingTraits (0ms)
		AnalyzeDomain (167ms)
			TypeCache.Refresh (14ms)
				TypeCache.ScanAssembly (1ms)
			BuildScriptInfoCaches (141ms)
			ResolveRequiredComponents (9ms)
	FinalizeReload (668ms)
		ReleaseScriptCaches (0ms)
		RebuildScriptCaches (0ms)
		SetupLoadedEditorAssemblies (512ms)
			LogAssemblyErrors (0ms)
			InitializePlatformSupportModulesInManaged (5ms)
			SetLoadedEditorAssemblies (7ms)
			BeforeProcessingInitializeOnLoad (120ms)
			ProcessInitializeOnLoadAttributes (300ms)
			ProcessInitializeOnLoadMethodAttributes (72ms)
			AfterProcessingInitializeOnLoad (8ms)
			EditorAssembliesLoaded (0ms)
		ExecutionOrderSort2 (0ms)
		AwakeInstancesAfterBackupRestoration (15ms)
Refreshing native plugins compatible for Editor in 1.16 ms, found 3 plugins.
Preloading 0 native plugins for Editor in 0.00 ms.
Unloading 14 Unused Serialized files (Serialized files now loaded: 0)
Unloading 6514 unused Assets / (4.3 MB). Loaded Objects now: 7436.
Memory consumption went from 232.9 MB to 228.6 MB.
Total: 9.165600 ms (FindLiveObjects: 0.843000 ms CreateObjectMapping: 0.837100 ms MarkObjects: 4.824700 ms  DeleteObjects: 2.660200 ms)

Prepare: number of updated asset objects reloaded= 0
========================================================================
Received Prepare
Begin MonoManager ReloadAssembly
- Loaded All Assemblies, in  0.745 seconds
Refreshing native plugins compatible for Editor in 1.00 ms, found 3 plugins.
Native extension for WindowsStandalone target not found
Native extension for OSXStandalone target not found
Native extension for WebGL target not found
[Package Manager] Failed to launch server process. Reason: Unity was launched with the -noUpm command-line argument
[Package Manager] Unable to send message (not connected to server process).
[Package Manager] Cannot connect to Unity Package Manager local server
[MODES] ModeService[none].Initialize
[MODES] ModeService[none].LoadModes
Mono: successfully reloaded assembly
- Finished resetting the current domain, in  0.720 seconds
Domain Reload Profiling: 1462ms
	BeginReloadAssembly (201ms)
		ExecutionOrderSort (0ms)
		DisableScriptedObjects (5ms)
		BackupInstance (0ms)
		ReleaseScriptingObjects (0ms)
		CreateAndSetChildDomain (51ms)
	RebuildCommonClasses (32ms)
	RebuildNativeTypeToScriptingClass (11ms)
	initialDomainReloadingComplete (32ms)
	LoadAllAssembliesAndSetupDomain (465ms)
		LoadAssemblies (383ms)
		RebuildTransferFunctionScriptingTraits (0ms)
		AnalyzeDomain (167ms)
			TypeCache.Refresh (10ms)
				TypeCache.ScanAssembly (0ms)
			BuildScriptInfoCaches (144ms)
			ResolveRequiredComponents (9ms)
	FinalizeReload (721ms)
		ReleaseScriptCaches (0ms)
		RebuildScriptCaches (0ms)
		SetupLoadedEditorAssemblies (574ms)
			LogAssemblyErrors (0ms)
			InitializePlatformSupportModulesInManaged (5ms)
			SetLoadedEditorAssemblies (4ms)
			BeforeProcessingInitializeOnLoad (126ms)
			ProcessInitializeOnLoadAttributes (338ms)
			ProcessInitializeOnLoadMethodAttributes (90ms)
			AfterProcessingInitializeOnLoad (10ms)
			EditorAssembliesLoaded (0ms)
		ExecutionOrderSort2 (0ms)
		AwakeInstancesAfterBackupRestoration (19ms)
Refreshing native plugins compatible for Editor in 1.35 ms, found 3 plugins.
Preloading 0 native plugins for Editor in 0.00 ms.
Unloading 14 Unused Serialized files (Serialized files now loaded: 0)
Unloading 6514 unused Assets / (5.0 MB). Loaded Objects now: 7438.
Memory consumption went from 232.9 MB to 227.9 MB.
Total: 11.112000 ms (FindLiveObjects: 0.916900 ms CreateObjectMapping: 0.971700 ms MarkObjects: 5.445700 ms  DeleteObjects: 3.777000 ms)

Prepare: number of updated asset objects reloaded= 0
========================================================================
Received Import Request.
  Time since last request: 366.151161 seconds.
  path: Assets/Scenes/Platforming.unity
  artifactKey: Guid(99c9720ab356a0642a771bea13969a05) Importer(815301076,1909f56bfc062723c751e8b465ee728b)
Start importing Assets/Scenes/Platforming.unity using Guid(99c9720ab356a0642a771bea13969a05) Importer(815301076,1909f56bfc062723c751e8b465ee728b) (PreviewImporter) -> (artifact id: '339006410e1bffbc1b524352f3c32dba') in 0.1622889 seconds
Number of updated asset objects reloaded before import = 0Number of asset objects unloaded after import = 0

========================================================================
Received Prepare
Begin MonoManager ReloadAssembly
- Loaded All Assemblies, in  0.789 seconds
Refreshing native plugins compatible for Editor in 1.03 ms, found 3 plugins.
Native extension for WindowsStandalone target not found
Native extension for OSXStandalone target not found
Native extension for WebGL target not found
[Package Manager] Failed to launch server process. Reason: Unity was launched with the -noUpm command-line argument
[Package Manager] Unable to send message (not connected to server process).
[Package Manager] Cannot connect to Unity Package Manager local server
[MODES] ModeService[none].Initialize
[MODES] ModeService[none].LoadModes
Mono: successfully reloaded assembly
- Finished resetting the current domain, in  0.720 seconds
Domain Reload Profiling: 1505ms
	BeginReloadAssembly (223ms)
		ExecutionOrderSort (0ms)
		DisableScriptedObjects (6ms)
		BackupInstance (0ms)
		ReleaseScriptingObjects (0ms)
		CreateAndSetChildDomain (62ms)
	RebuildCommonClasses (33ms)
	RebuildNativeTypeToScriptingClass (16ms)
	initialDomainReloadingComplete (33ms)
	LoadAllAssembliesAndSetupDomain (480ms)
		LoadAssemblies (416ms)
		RebuildTransferFunctionScriptingTraits (0ms)
		AnalyzeDomain (161ms)
			TypeCache.Refresh (8ms)
				TypeCache.ScanAssembly (0ms)
			BuildScriptInfoCaches (140ms)
			ResolveRequiredComponents (9ms)
	FinalizeReload (721ms)
		ReleaseScriptCaches (0ms)
		RebuildScriptCaches (0ms)
		SetupLoadedEditorAssemblies (580ms)
			LogAssemblyErrors (0ms)
			InitializePlatformSupportModulesInManaged (4ms)
			SetLoadedEditorAssemblies (5ms)
			BeforeProcessingInitializeOnLoad (130ms)
			ProcessInitializeOnLoadAttributes (340ms)
			ProcessInitializeOnLoadMethodAttributes (91ms)
			AfterProcessingInitializeOnLoad (10ms)
			EditorAssembliesLoaded (0ms)
		ExecutionOrderSort2 (0ms)
		AwakeInstancesAfterBackupRestoration (20ms)
Refreshing native plugins compatible for Editor in 1.35 ms, found 3 plugins.
Preloading 0 native plugins for Editor in 0.00 ms.
Unloading 14 Unused Serialized files (Serialized files now loaded: 0)
Unloading 6514 unused Assets / (4.7 MB). Loaded Objects now: 7440.
Memory consumption went from 232.9 MB to 228.2 MB.
Total: 11.541400 ms (FindLiveObjects: 0.861000 ms CreateObjectMapping: 1.038000 ms MarkObjects: 5.686300 ms  DeleteObjects: 3.955100 ms)

Prepare: number of updated asset objects reloaded= 0
========================================================================
Received Import Request.
  Time since last request: 38.071689 seconds.
  path: Assets/Resources/Levels/1/4.prefab
  artifactKey: Guid(a1788fa8bdb917f4482ebe581bc2ae79) Importer(815301076,1909f56bfc062723c751e8b465ee728b)
Start importing Assets/Resources/Levels/1/4.prefab using Guid(a1788fa8bdb917f4482ebe581bc2ae79) Importer(815301076,1909f56bfc062723c751e8b465ee728b) (PreviewImporter) -> (artifact id: '41f6b6c9c6c6e79a4ac5ee121bdedde2') in 0.4862514 seconds
Number of updated asset objects reloaded before import = 0Number of asset objects unloaded after import = 1801

========================================================================
Received Prepare
Begin MonoManager ReloadAssembly
- Loaded All Assemblies, in  0.808 seconds
Refreshing native plugins compatible for Editor in 1.06 ms, found 3 plugins.
Native extension for WindowsStandalone target not found
Native extension for OSXStandalone target not found
Native extension for WebGL target not found
[Package Manager] Failed to launch server process. Reason: Unity was launched with the -noUpm command-line argument
[Package Manager] Unable to send message (not connected to server process).
[Package Manager] Cannot connect to Unity Package Manager local server
[MODES] ModeService[none].Initialize
[MODES] ModeService[none].LoadModes
Mono: successfully reloaded assembly
- Finished resetting the current domain, in  0.739 seconds
Domain Reload Profiling: 1544ms
	BeginReloadAssembly (244ms)
		ExecutionOrderSort (0ms)
		DisableScriptedObjects (19ms)
		BackupInstance (0ms)
		ReleaseScriptingObjects (0ms)
		CreateAndSetChildDomain (75ms)
	RebuildCommonClasses (33ms)
	RebuildNativeTypeToScriptingClass (13ms)
	initialDomainReloadingComplete (30ms)
	LoadAllAssembliesAndSetupDomain (485ms)
		LoadAssemblies (393ms)
		RebuildTransferFunctionScriptingTraits (0ms)
		AnalyzeDomain (184ms)
			TypeCache.Refresh (7ms)
				TypeCache.ScanAssembly (0ms)
			BuildScriptInfoCaches (163ms)
			ResolveRequiredComponents (9ms)
	FinalizeReload (739ms)
		ReleaseScriptCaches (0ms)
		RebuildScriptCaches (0ms)
		SetupLoadedEditorAssemblies (585ms)
			LogAssemblyErrors (0ms)
			InitializePlatformSupportModulesInManaged (4ms)
			SetLoadedEditorAssemblies (5ms)
			BeforeProcessingInitializeOnLoad (126ms)
			ProcessInitializeOnLoadAttributes (349ms)
			ProcessInitializeOnLoadMethodAttributes (92ms)
			AfterProcessingInitializeOnLoad (9ms)
			EditorAssembliesLoaded (0ms)
		ExecutionOrderSort2 (0ms)
		AwakeInstancesAfterBackupRestoration (18ms)
Refreshing native plugins compatible for Editor in 1.32 ms, found 3 plugins.
Preloading 0 native plugins for Editor in 0.00 ms.
Unloading 14 Unused Serialized files (Serialized files now loaded: 0)
Unloading 6516 unused Assets / (4.6 MB). Loaded Objects now: 7466.
Memory consumption went from 233.2 MB to 228.6 MB.
Total: 11.278000 ms (FindLiveObjects: 1.189500 ms CreateObjectMapping: 1.143300 ms MarkObjects: 5.483100 ms  DeleteObjects: 3.460300 ms)

Prepare: number of updated asset objects reloaded= 0
========================================================================
Received Prepare
Begin MonoManager ReloadAssembly
- Loaded All Assemblies, in  0.778 seconds
Refreshing native plugins compatible for Editor in 1.21 ms, found 3 plugins.
Native extension for WindowsStandalone target not found
Native extension for OSXStandalone target not found
Native extension for WebGL target not found
[Package Manager] Failed to launch server process. Reason: Unity was launched with the -noUpm command-line argument
[Package Manager] Unable to send message (not connected to server process).
[Package Manager] Cannot connect to Unity Package Manager local server
[MODES] ModeService[none].Initialize
[MODES] ModeService[none].LoadModes
Mono: successfully reloaded assembly
- Finished resetting the current domain, in  0.718 seconds
Domain Reload Profiling: 1494ms
	BeginReloadAssembly (222ms)
		ExecutionOrderSort (0ms)
		DisableScriptedObjects (5ms)
		BackupInstance (0ms)
		ReleaseScriptingObjects (0ms)
		CreateAndSetChildDomain (59ms)
	RebuildCommonClasses (32ms)
	RebuildNativeTypeToScriptingClass (11ms)
	initialDomainReloadingComplete (30ms)
	LoadAllAssembliesAndSetupDomain (482ms)
		LoadAssemblies (405ms)
		RebuildTransferFunctionScriptingTraits (0ms)
		AnalyzeDomain (172ms)
			TypeCache.Refresh (7ms)
				TypeCache.ScanAssembly (0ms)
			BuildScriptInfoCaches (151ms)
			ResolveRequiredComponents (10ms)
	FinalizeReload (718ms)
		ReleaseScriptCaches (0ms)
		RebuildScriptCaches (0ms)
		SetupLoadedEditorAssemblies (576ms)
			LogAssemblyErrors (0ms)
			InitializePlatformSupportModulesInManaged (5ms)
			SetLoadedEditorAssemblies (4ms)
			BeforeProcessingInitializeOnLoad (128ms)
			ProcessInitializeOnLoadAttributes (338ms)
			ProcessInitializeOnLoadMethodAttributes (92ms)
			AfterProcessingInitializeOnLoad (10ms)
			EditorAssembliesLoaded (0ms)
		ExecutionOrderSort2 (0ms)
		AwakeInstancesAfterBackupRestoration (19ms)
Refreshing native plugins compatible for Editor in 1.29 ms, found 3 plugins.
Preloading 0 native plugins for Editor in 0.00 ms.
Unloading 14 Unused Serialized files (Serialized files now loaded: 0)
Unloading 6514 unused Assets / (4.6 MB). Loaded Objects now: 7468.
Memory consumption went from 233.0 MB to 228.4 MB.
Total: 11.011400 ms (FindLiveObjects: 0.941000 ms CreateObjectMapping: 1.004500 ms MarkObjects: 5.850900 ms  DeleteObjects: 3.214000 ms)

Prepare: number of updated asset objects reloaded= 0
========================================================================
Received Prepare
Begin MonoManager ReloadAssembly
- Loaded All Assemblies, in  0.778 seconds
Refreshing native plugins compatible for Editor in 1.04 ms, found 3 plugins.
Native extension for WindowsStandalone target not found
Native extension for OSXStandalone target not found
Native extension for WebGL target not found
[Package Manager] Failed to launch server process. Reason: Unity was launched with the -noUpm command-line argument
[Package Manager] Unable to send message (not connected to server process).
[Package Manager] Cannot connect to Unity Package Manager local server
[MODES] ModeService[none].Initialize
[MODES] ModeService[none].LoadModes
Mono: successfully reloaded assembly
- Finished resetting the current domain, in  0.715 seconds
Domain Reload Profiling: 1491ms
	BeginReloadAssembly (216ms)
		ExecutionOrderSort (0ms)
		DisableScriptedObjects (5ms)
		BackupInstance (0ms)
		ReleaseScriptingObjects (0ms)
		CreateAndSetChildDomain (56ms)
	RebuildCommonClasses (35ms)
	RebuildNativeTypeToScriptingClass (16ms)
	initialDomainReloadingComplete (30ms)
	LoadAllAssembliesAndSetupDomain (478ms)
		LoadAssemblies (407ms)
		RebuildTransferFunctionScriptingTraits (0ms)
		AnalyzeDomain (164ms)
			TypeCache.Refresh (8ms)
				TypeCache.ScanAssembly (0ms)
			BuildScriptInfoCaches (142ms)
			ResolveRequiredComponents (10ms)
	FinalizeReload (716ms)
		ReleaseScriptCaches (0ms)
		RebuildScriptCaches (0ms)
		SetupLoadedEditorAssemblies (574ms)
			LogAssemblyErrors (0ms)
			InitializePlatformSupportModulesInManaged (6ms)
			SetLoadedEditorAssemblies (4ms)
			BeforeProcessingInitializeOnLoad (131ms)
			ProcessInitializeOnLoadAttributes (330ms)
			ProcessInitializeOnLoadMethodAttributes (93ms)
			AfterProcessingInitializeOnLoad (10ms)
			EditorAssembliesLoaded (0ms)
		ExecutionOrderSort2 (0ms)
		AwakeInstancesAfterBackupRestoration (21ms)
Refreshing native plugins compatible for Editor in 1.10 ms, found 3 plugins.
Preloading 0 native plugins for Editor in 0.00 ms.
Unloading 14 Unused Serialized files (Serialized files now loaded: 0)
Unloading 6514 unused Assets / (4.2 MB). Loaded Objects now: 7470.
Memory consumption went from 233.1 MB to 228.9 MB.
Total: 8.011900 ms (FindLiveObjects: 0.826300 ms CreateObjectMapping: 0.374800 ms MarkObjects: 4.385100 ms  DeleteObjects: 2.424800 ms)

Prepare: number of updated asset objects reloaded= 0
========================================================================
Received Import Request.
  Time since last request: 348.334187 seconds.
  path: Assets/Scenes/Win.unity
  artifactKey: Guid(dfe299cddd64b414d84b11166f9a0f73) Importer(815301076,1909f56bfc062723c751e8b465ee728b)
Start importing Assets/Scenes/Win.unity using Guid(dfe299cddd64b414d84b11166f9a0f73) Importer(815301076,1909f56bfc062723c751e8b465ee728b) (PreviewImporter) -> (artifact id: 'a72a3aed426bb30ee6c35097034fc517') in 0.029769 seconds
Number of updated asset objects reloaded before import = 0Number of asset objects unloaded after import = 0

========================================================================
Received Prepare
Begin MonoManager ReloadAssembly
- Loaded All Assemblies, in  0.773 seconds
Refreshing native plugins compatible for Editor in 1.12 ms, found 3 plugins.
Native extension for WindowsStandalone target not found
Native extension for OSXStandalone target not found
Native extension for WebGL target not found
[Package Manager] Failed to launch server process. Reason: Unity was launched with the -noUpm command-line argument
[Package Manager] Unable to send message (not connected to server process).
[Package Manager] Cannot connect to Unity Package Manager local server
[MODES] ModeService[none].Initialize
[MODES] ModeService[none].LoadModes
Mono: successfully reloaded assembly
- Finished resetting the current domain, in  0.698 seconds
Domain Reload Profiling: 1469ms
	BeginReloadAssembly (226ms)
		ExecutionOrderSort (0ms)
		DisableScriptedObjects (5ms)
		BackupInstance (0ms)
		ReleaseScriptingObjects (0ms)
		CreateAndSetChildDomain (57ms)
	RebuildCommonClasses (34ms)
	RebuildNativeTypeToScriptingClass (11ms)
	initialDomainReloadingComplete (30ms)
	LoadAllAssembliesAndSetupDomain (470ms)
		LoadAssemblies (397ms)
		RebuildTransferFunctionScriptingTraits (0ms)
		AnalyzeDomain (177ms)
			TypeCache.Refresh (7ms)
				TypeCache.ScanAssembly (0ms)
			BuildScriptInfoCaches (156ms)
			ResolveRequiredComponents (10ms)
	FinalizeReload (698ms)
		ReleaseScriptCaches (0ms)
		RebuildScriptCaches (0ms)
		SetupLoadedEditorAssemblies (552ms)
			LogAssemblyErrors (0ms)
			InitializePlatformSupportModulesInManaged (5ms)
			SetLoadedEditorAssemblies (4ms)
			BeforeProcessingInitializeOnLoad (127ms)
			ProcessInitializeOnLoadAttributes (320ms)
			ProcessInitializeOnLoadMethodAttributes (86ms)
			AfterProcessingInitializeOnLoad (9ms)
			EditorAssembliesLoaded (1ms)
		ExecutionOrderSort2 (0ms)
		AwakeInstancesAfterBackupRestoration (21ms)
Refreshing native plugins compatible for Editor in 1.37 ms, found 3 plugins.
Preloading 0 native plugins for Editor in 0.00 ms.
Unloading 14 Unused Serialized files (Serialized files now loaded: 0)
Unloading 6514 unused Assets / (4.5 MB). Loaded Objects now: 7472.
Memory consumption went from 233.1 MB to 228.6 MB.
Total: 9.773700 ms (FindLiveObjects: 0.864400 ms CreateObjectMapping: 0.612200 ms MarkObjects: 5.324200 ms  DeleteObjects: 2.972200 ms)

Prepare: number of updated asset objects reloaded= 0
========================================================================
Received Prepare
Begin MonoManager ReloadAssembly
- Loaded All Assemblies, in  0.804 seconds
Refreshing native plugins compatible for Editor in 1.08 ms, found 3 plugins.
Native extension for WindowsStandalone target not found
Native extension for OSXStandalone target not found
Native extension for WebGL target not found
[Package Manager] Failed to launch server process. Reason: Unity was launched with the -noUpm command-line argument
[Package Manager] Unable to send message (not connected to server process).
[Package Manager] Cannot connect to Unity Package Manager local server
[MODES] ModeService[none].Initialize
[MODES] ModeService[none].LoadModes
Mono: successfully reloaded assembly
- Finished resetting the current domain, in  0.875 seconds
Domain Reload Profiling: 1677ms
	BeginReloadAssembly (227ms)
		ExecutionOrderSort (0ms)
		DisableScriptedObjects (6ms)
		BackupInstance (0ms)
		ReleaseScriptingObjects (0ms)
		CreateAndSetChildDomain (64ms)
	RebuildCommonClasses (31ms)
	RebuildNativeTypeToScriptingClass (11ms)
	initialDomainReloadingComplete (33ms)
	LoadAllAssembliesAndSetupDomain (500ms)
		LoadAssemblies (410ms)
		RebuildTransferFunctionScriptingTraits (0ms)
		AnalyzeDomain (184ms)
			TypeCache.Refresh (7ms)
				TypeCache.ScanAssembly (0ms)
			BuildScriptInfoCaches (162ms)
			ResolveRequiredComponents (10ms)
	FinalizeReload (875ms)
		ReleaseScriptCaches (0ms)
		RebuildScriptCaches (0ms)
		SetupLoadedEditorAssemblies (663ms)
			LogAssemblyErrors (0ms)
			InitializePlatformSupportModulesInManaged (6ms)
			SetLoadedEditorAssemblies (5ms)
			BeforeProcessingInitializeOnLoad (140ms)
			ProcessInitializeOnLoadAttributes (401ms)
			ProcessInitializeOnLoadMethodAttributes (100ms)
			AfterProcessingInitializeOnLoad (11ms)
			EditorAssembliesLoaded (0ms)
		ExecutionOrderSort2 (0ms)
		AwakeInstancesAfterBackupRestoration (22ms)
Refreshing native plugins compatible for Editor in 1.30 ms, found 3 plugins.
Preloading 0 native plugins for Editor in 0.00 ms.
Unloading 14 Unused Serialized files (Serialized files now loaded: 0)
Unloading 6514 unused Assets / (4.6 MB). Loaded Objects now: 7474.
Memory consumption went from 233.1 MB to 228.5 MB.
Total: 12.064100 ms (FindLiveObjects: 1.030400 ms CreateObjectMapping: 0.965800 ms MarkObjects: 6.578000 ms  DeleteObjects: 3.488300 ms)

Prepare: number of updated asset objects reloaded= 0
========================================================================
Received Import Request.
  Time since last request: 421.538955 seconds.
  path: Assets/Scenes/Win.unity
  artifactKey: Guid(dfe299cddd64b414d84b11166f9a0f73) Importer(815301076,1909f56bfc062723c751e8b465ee728b)
Start importing Assets/Scenes/Win.unity using Guid(dfe299cddd64b414d84b11166f9a0f73) Importer(815301076,1909f56bfc062723c751e8b465ee728b) (PreviewImporter) -> (artifact id: '6726bb171eecda0d94922352072941d4') in 0.0186225 seconds
Number of updated asset objects reloaded before import = 0Number of asset objects unloaded after import = 0

========================================================================
Received Prepare
Begin MonoManager ReloadAssembly
- Loaded All Assemblies, in  0.817 seconds
Refreshing native plugins compatible for Editor in 1.06 ms, found 3 plugins.
Native extension for WindowsStandalone target not found
Native extension for OSXStandalone target not found
Native extension for WebGL target not found
[Package Manager] Failed to launch server process. Reason: Unity was launched with the -noUpm command-line argument
[Package Manager] Unable to send message (not connected to server process).
[Package Manager] Cannot connect to Unity Package Manager local server
[MODES] ModeService[none].Initialize
[MODES] ModeService[none].LoadModes
Mono: successfully reloaded assembly
- Finished resetting the current domain, in  0.756 seconds
Domain Reload Profiling: 1570ms
	BeginReloadAssembly (240ms)
		ExecutionOrderSort (0ms)
		DisableScriptedObjects (5ms)
		BackupInstance (0ms)
		ReleaseScriptingObjects (0ms)
		CreateAndSetChildDomain (70ms)
	RebuildCommonClasses (33ms)
	RebuildNativeTypeToScriptingClass (11ms)
	initialDomainReloadingComplete (32ms)
	LoadAllAssembliesAndSetupDomain (496ms)
		LoadAssemblies (413ms)
		RebuildTransferFunctionScriptingTraits (0ms)
		AnalyzeDomain (179ms)
			TypeCache.Refresh (8ms)
				TypeCache.ScanAssembly (0ms)
			BuildScriptInfoCaches (158ms)
			ResolveRequiredComponents (9ms)
	FinalizeReload (757ms)
		ReleaseScriptCaches (0ms)
		RebuildScriptCaches (0ms)
		SetupLoadedEditorAssemblies (598ms)
			LogAssemblyErrors (0ms)
			InitializePlatformSupportModulesInManaged (4ms)
			SetLoadedEditorAssemblies (6ms)
			BeforeProcessingInitializeOnLoad (134ms)
			ProcessInitializeOnLoadAttributes (347ms)
			ProcessInitializeOnLoadMethodAttributes (97ms)
			AfterProcessingInitializeOnLoad (10ms)
			EditorAssembliesLoaded (0ms)
		ExecutionOrderSort2 (0ms)
		AwakeInstancesAfterBackupRestoration (20ms)
Refreshing native plugins compatible for Editor in 1.65 ms, found 3 plugins.
Preloading 0 native plugins for Editor in 0.00 ms.
Unloading 14 Unused Serialized files (Serialized files now loaded: 0)
Unloading 6514 unused Assets / (4.7 MB). Loaded Objects now: 7476.
Memory consumption went from 233.1 MB to 228.5 MB.
Total: 11.781800 ms (FindLiveObjects: 0.893500 ms CreateObjectMapping: 0.901300 ms MarkObjects: 5.709900 ms  DeleteObjects: 4.275900 ms)

Prepare: number of updated asset objects reloaded= 0
========================================================================
Received Prepare
Refreshing native plugins compatible for Editor in 1.48 ms, found 3 plugins.
Preloading 0 native plugins for Editor in 0.00 ms.
Unloading 14 Unused Serialized files (Serialized files now loaded: 0)
Unloading 6507 unused Assets / (4.5 MB). Loaded Objects now: 7476.
Memory consumption went from 234.2 MB to 229.7 MB.
Total: 14.012700 ms (FindLiveObjects: 1.049200 ms CreateObjectMapping: 1.218800 ms MarkObjects: 6.495000 ms  DeleteObjects: 5.248600 ms)

Prepare: number of updated asset objects reloaded= 0
========================================================================
Received Prepare
Begin MonoManager ReloadAssembly
- Loaded All Assemblies, in  0.811 seconds
Refreshing native plugins compatible for Editor in 1.06 ms, found 3 plugins.
Native extension for WindowsStandalone target not found
Native extension for OSXStandalone target not found
Native extension for WebGL target not found
[Package Manager] Failed to launch server process. Reason: Unity was launched with the -noUpm command-line argument
[Package Manager] Unable to send message (not connected to server process).
[Package Manager] Cannot connect to Unity Package Manager local server
[MODES] ModeService[none].Initialize
[MODES] ModeService[none].LoadModes
Mono: successfully reloaded assembly
- Finished resetting the current domain, in  0.712 seconds
Domain Reload Profiling: 1522ms
	BeginReloadAssembly (221ms)
		ExecutionOrderSort (0ms)
		DisableScriptedObjects (6ms)
		BackupInstance (0ms)
		ReleaseScriptingObjects (0ms)
		CreateAndSetChildDomain (60ms)
	RebuildCommonClasses (33ms)
	RebuildNativeTypeToScriptingClass (11ms)
	initialDomainReloadingComplete (32ms)
	LoadAllAssembliesAndSetupDomain (512ms)
		LoadAssemblies (413ms)
		RebuildTransferFunctionScriptingTraits (0ms)
		AnalyzeDomain (191ms)
			TypeCache.Refresh (18ms)
				TypeCache.ScanAssembly (2ms)
			BuildScriptInfoCaches (160ms)
			ResolveRequiredComponents (9ms)
	FinalizeReload (713ms)
		ReleaseScriptCaches (0ms)
		RebuildScriptCaches (0ms)
		SetupLoadedEditorAssemblies (555ms)
			LogAssemblyErrors (0ms)
			InitializePlatformSupportModulesInManaged (7ms)
			SetLoadedEditorAssemblies (4ms)
			BeforeProcessingInitializeOnLoad (127ms)
			ProcessInitializeOnLoadAttributes (333ms)
			ProcessInitializeOnLoadMethodAttributes (76ms)
			AfterProcessingInitializeOnLoad (8ms)
			EditorAssembliesLoaded (0ms)
		ExecutionOrderSort2 (0ms)
		AwakeInstancesAfterBackupRestoration (17ms)
Refreshing native plugins compatible for Editor in 1.16 ms, found 3 plugins.
Preloading 0 native plugins for Editor in 0.00 ms.
Unloading 14 Unused Serialized files (Serialized files now loaded: 0)
Unloading 6514 unused Assets / (3.8 MB). Loaded Objects now: 7478.
Memory consumption went from 233.1 MB to 229.4 MB.
Total: 8.838900 ms (FindLiveObjects: 0.871900 ms CreateObjectMapping: 0.369600 ms MarkObjects: 4.855100 ms  DeleteObjects: 2.741700 ms)

Prepare: number of updated asset objects reloaded= 0
========================================================================
Received Prepare
Begin MonoManager ReloadAssembly
- Loaded All Assemblies, in  0.819 seconds
Refreshing native plugins compatible for Editor in 1.11 ms, found 3 plugins.
Native extension for WindowsStandalone target not found
Native extension for OSXStandalone target not found
Native extension for WebGL target not found
[Package Manager] Failed to launch server process. Reason: Unity was launched with the -noUpm command-line argument
[Package Manager] Unable to send message (not connected to server process).
[Package Manager] Cannot connect to Unity Package Manager local server
[MODES] ModeService[none].Initialize
[MODES] ModeService[none].LoadModes
Mono: successfully reloaded assembly
- Finished resetting the current domain, in  0.748 seconds
Domain Reload Profiling: 1564ms
	BeginReloadAssembly (221ms)
		ExecutionOrderSort (0ms)
		DisableScriptedObjects (6ms)
		BackupInstance (0ms)
		ReleaseScriptingObjects (0ms)
		CreateAndSetChildDomain (56ms)
	RebuildCommonClasses (37ms)
	RebuildNativeTypeToScriptingClass (12ms)
	initialDomainReloadingComplete (36ms)
	LoadAllAssembliesAndSetupDomain (510ms)
		LoadAssemblies (414ms)
		RebuildTransferFunctionScriptingTraits (0ms)
		AnalyzeDomain (189ms)
			TypeCache.Refresh (11ms)
				TypeCache.ScanAssembly (0ms)
			BuildScriptInfoCaches (164ms)
			ResolveRequiredComponents (10ms)
	FinalizeReload (748ms)
		ReleaseScriptCaches (0ms)
		RebuildScriptCaches (0ms)
		SetupLoadedEditorAssemblies (592ms)
			LogAssemblyErrors (0ms)
			InitializePlatformSupportModulesInManaged (6ms)
			SetLoadedEditorAssemblies (4ms)
			BeforeProcessingInitializeOnLoad (133ms)
			ProcessInitializeOnLoadAttributes (351ms)
			ProcessInitializeOnLoadMethodAttributes (90ms)
			AfterProcessingInitializeOnLoad (9ms)
			EditorAssembliesLoaded (0ms)
		ExecutionOrderSort2 (0ms)
		AwakeInstancesAfterBackupRestoration (20ms)
Refreshing native plugins compatible for Editor in 1.57 ms, found 3 plugins.
Preloading 0 native plugins for Editor in 0.00 ms.
Unloading 14 Unused Serialized files (Serialized files now loaded: 0)
Unloading 6514 unused Assets / (4.7 MB). Loaded Objects now: 7480.
Memory consumption went from 233.2 MB to 228.5 MB.
Total: 16.163100 ms (FindLiveObjects: 1.955900 ms CreateObjectMapping: 3.148200 ms MarkObjects: 7.445300 ms  DeleteObjects: 3.612900 ms)

Prepare: number of updated asset objects reloaded= 0
========================================================================
Received Prepare
Begin MonoManager ReloadAssembly
- Loaded All Assemblies, in  0.816 seconds
Refreshing native plugins compatible for Editor in 1.11 ms, found 3 plugins.
Native extension for WindowsStandalone target not found
Native extension for OSXStandalone target not found
Native extension for WebGL target not found
[Package Manager] Failed to launch server process. Reason: Unity was launched with the -noUpm command-line argument
[Package Manager] Unable to send message (not connected to server process).
[Package Manager] Cannot connect to Unity Package Manager local server
[MODES] ModeService[none].Initialize
[MODES] ModeService[none].LoadModes
Mono: successfully reloaded assembly
- Finished resetting the current domain, in  0.774 seconds
Domain Reload Profiling: 1588ms
	BeginReloadAssembly (230ms)
		ExecutionOrderSort (0ms)
		DisableScriptedObjects (6ms)
		BackupInstance (0ms)
		ReleaseScriptingObjects (0ms)
		CreateAndSetChildDomain (68ms)
	RebuildCommonClasses (35ms)
	RebuildNativeTypeToScriptingClass (14ms)
	initialDomainReloadingComplete (34ms)
	LoadAllAssembliesAndSetupDomain (500ms)
		LoadAssemblies (410ms)
		RebuildTransferFunctionScriptingTraits (0ms)
		AnalyzeDomain (184ms)
			TypeCache.Refresh (10ms)
				TypeCache.ScanAssembly (0ms)
			BuildScriptInfoCaches (159ms)
			ResolveRequiredComponents (10ms)
	FinalizeReload (775ms)
		ReleaseScriptCaches (0ms)
		RebuildScriptCaches (0ms)
		SetupLoadedEditorAssemblies (621ms)
			LogAssemblyErrors (0ms)
			InitializePlatformSupportModulesInManaged (5ms)
			SetLoadedEditorAssemblies (4ms)
			BeforeProcessingInitializeOnLoad (139ms)
			ProcessInitializeOnLoadAttributes (367ms)
			ProcessInitializeOnLoadMethodAttributes (96ms)
			AfterProcessingInitializeOnLoad (10ms)
			EditorAssembliesLoaded (0ms)
		ExecutionOrderSort2 (0ms)
		AwakeInstancesAfterBackupRestoration (20ms)
Refreshing native plugins compatible for Editor in 1.43 ms, found 3 plugins.
Preloading 0 native plugins for Editor in 0.00 ms.
Unloading 14 Unused Serialized files (Serialized files now loaded: 0)
Unloading 6514 unused Assets / (4.6 MB). Loaded Objects now: 7482.
Memory consumption went from 233.2 MB to 228.7 MB.
Total: 11.428800 ms (FindLiveObjects: 0.999100 ms CreateObjectMapping: 0.980100 ms MarkObjects: 5.889300 ms  DeleteObjects: 3.559500 ms)

Prepare: number of updated asset objects reloaded= 0
========================================================================
Received Import Request.
  Time since last request: 312.258660 seconds.
  path: Assets/Resources/Levels/1/3.prefab
  artifactKey: Guid(f3cf4ce04b8389a4fb9a08212d7e6756) Importer(815301076,1909f56bfc062723c751e8b465ee728b)
Start importing Assets/Resources/Levels/1/3.prefab using Guid(f3cf4ce04b8389a4fb9a08212d7e6756) Importer(815301076,1909f56bfc062723c751e8b465ee728b) (PreviewImporter) -> (artifact id: '5f8b6b2bd728bad9e30514ff51ca9a4d') in 0.5122047 seconds
Number of updated asset objects reloaded before import = 0Number of asset objects unloaded after import = 1443

========================================================================
Received Prepare
Begin MonoManager ReloadAssembly
- Loaded All Assemblies, in  0.809 seconds
Refreshing native plugins compatible for Editor in 1.00 ms, found 3 plugins.
Native extension for WindowsStandalone target not found
Native extension for OSXStandalone target not found
Native extension for WebGL target not found
[Package Manager] Failed to launch server process. Reason: Unity was launched with the -noUpm command-line argument
[Package Manager] Unable to send message (not connected to server process).
[Package Manager] Cannot connect to Unity Package Manager local server
[MODES] ModeService[none].Initialize
[MODES] ModeService[none].LoadModes
Mono: successfully reloaded assembly
- Finished resetting the current domain, in  0.757 seconds
Domain Reload Profiling: 1564ms
	BeginReloadAssembly (252ms)
		ExecutionOrderSort (0ms)
		DisableScriptedObjects (18ms)
		BackupInstance (0ms)
		ReleaseScriptingObjects (0ms)
		CreateAndSetChildDomain (84ms)
	RebuildCommonClasses (32ms)
	RebuildNativeTypeToScriptingClass (11ms)
	initialDomainReloadingComplete (34ms)
	LoadAllAssembliesAndSetupDomain (477ms)
		LoadAssemblies (399ms)
		RebuildTransferFunctionScriptingTraits (0ms)
		AnalyzeDomain (169ms)
			TypeCache.Refresh (8ms)
				TypeCache.ScanAssembly (0ms)
			BuildScriptInfoCaches (148ms)
			ResolveRequiredComponents (9ms)
	FinalizeReload (757ms)
		ReleaseScriptCaches (0ms)
		RebuildScriptCaches (0ms)
		SetupLoadedEditorAssemblies (605ms)
			LogAssemblyErrors (0ms)
			InitializePlatformSupportModulesInManaged (5ms)
			SetLoadedEditorAssemblies (5ms)
			BeforeProcessingInitializeOnLoad (134ms)
			ProcessInitializeOnLoadAttributes (354ms)
			ProcessInitializeOnLoadMethodAttributes (96ms)
			AfterProcessingInitializeOnLoad (11ms)
			EditorAssembliesLoaded (0ms)
		ExecutionOrderSort2 (0ms)
		AwakeInstancesAfterBackupRestoration (20ms)
Refreshing native plugins compatible for Editor in 1.32 ms, found 3 plugins.
Preloading 0 native plugins for Editor in 0.00 ms.
Unloading 14 Unused Serialized files (Serialized files now loaded: 0)
Unloading 6514 unused Assets / (4.6 MB). Loaded Objects now: 7508.
Memory consumption went from 233.5 MB to 228.8 MB.
Total: 11.474000 ms (FindLiveObjects: 1.121800 ms CreateObjectMapping: 1.058900 ms MarkObjects: 5.489900 ms  DeleteObjects: 3.802300 ms)

Prepare: number of updated asset objects reloaded= 0
