Using pre-set license
Built from '6000.0/respin/6000.0.60f1-f02d6f9f9009' branch; Version is '6000.0.60f1 (61dfb374e36f) revision 6414259'; Using compiler version '193933523'; Build Type 'Release'
OS: 'Windows 10  (10.0.19045) 64bit Core' Language: 'en' Physical Memory: 32682 MB
BatchMode: 1, IsHumanControllingUs: 0, StartBugReporterOnCrash: 0, Is64bit: 1
Date: 2026-09-09T00:16:56Z

COMMAND LINE ARGUMENTS:
C:\Program Files\Unity\Hub\Editor\6000.0.60f1\Editor\Unity.exe
-adb2
-batchMode
-noUpm
-name
AssetImportWorker5
-projectPath
C:/Users/frank/Documents/Github/StarDance Platformer/Stardance Project
-logFile
Logs/AssetImportWorker5.log
-srvPort
58205
-job-worker-count
7
-background-job-worker-count
8
-gc-helper-count
1
-name
AssetImport
Successfully changed project path to: C:/Users/frank/Documents/Github/StarDance Platformer/Stardance Project
C:/Users/frank/Documents/Github/StarDance Platformer/Stardance Project
[UnityMemory] Configuration Parameters - Can be set up in boot.config
    "memorysetup-bucket-allocator-granularity=16"
    "memorysetup-bucket-allocator-bucket-count=8"
    "memorysetup-bucket-allocator-block-size=33554432"
    "memorysetup-bucket-allocator-block-count=8"
    "memorysetup-main-allocator-block-size=16777216"
    "memorysetup-thread-allocator-block-size=16777216"
    "memorysetup-gfx-main-allocator-block-size=16777216"
    "memorysetup-gfx-thread-allocator-block-size=16777216"
    "memorysetup-cache-allocator-block-size=4194304"
    "memorysetup-typetree-allocator-block-size=2097152"
    "memorysetup-profiler-bucket-allocator-granularity=16"
    "memorysetup-profiler-bucket-allocator-bucket-count=8"
    "memorysetup-profiler-bucket-allocator-block-size=33554432"
    "memorysetup-profiler-bucket-allocator-block-count=8"
    "memorysetup-profiler-allocator-block-size=16777216"
    "memorysetup-profiler-editor-allocator-block-size=1048576"
    "memorysetup-temp-allocator-size-main=16777216"
    "memorysetup-job-temp-allocator-block-size=2097152"
    "memorysetup-job-temp-allocator-block-size-background=1048576"
    "memorysetup-job-temp-allocator-reduction-small-platforms=262144"
    "memorysetup-allocator-temp-initial-block-size-main=262144"
    "memorysetup-allocator-temp-initial-block-size-worker=262144"
    "memorysetup-temp-allocator-size-background-worker=32768"
    "memorysetup-temp-allocator-size-job-worker=262144"
    "memorysetup-temp-allocator-size-preload-manager=33554432"
    "memorysetup-temp-allocator-size-nav-mesh-worker=65536"
    "memorysetup-temp-allocator-size-audio-worker=65536"
    "memorysetup-temp-allocator-size-cloud-worker=32768"
    "memorysetup-temp-allocator-size-gi-baking-worker=262144"
    "memorysetup-temp-allocator-size-gi-baking-worker=262144"
    "memorysetup-temp-allocator-size-gi-baking-worker=262144"
    "memorysetup-temp-allocator-size-gi-baking-worker=262144"
    "memorysetup-temp-allocator-size-gi-baking-worker=262144"
    "memorysetup-temp-allocator-size-gfx=262144"
Player connection [680]  Target information:

Player connection [680]  * "[IP] 10.0.0.136 [Port] 0 [Flags] 2 [Guid] 4208992224 [EditorId] 4208992224 [Version] 1048832 [Id] WindowsEditor(7,DESKTOP-G03H8AT) [Debug] 1 [PackageName] WindowsEditor [ProjectName] Editor" 

Player connection [680]  * "[IP] 26.71.94.48 [Port] 0 [Flags] 2 [Guid] 4208992224 [EditorId] 4208992224 [Version] 1048832 [Id] WindowsEditor(7,DESKTOP-G03H8AT) [Debug] 1 [PackageName] WindowsEditor [ProjectName] Editor" 

Player connection [680]  * "[IP] 10.147.18.62 [Port] 0 [Flags] 2 [Guid] 4208992224 [EditorId] 4208992224 [Version] 1048832 [Id] WindowsEditor(7,DESKTOP-G03H8AT) [Debug] 1 [PackageName] WindowsEditor [ProjectName] Editor" 

Player connection [680] Host joined multi-casting on [225.0.0.222:54997]...
Player connection [680] Host joined alternative multi-casting on [225.0.0.222:34997]...
JobSystem: Creating JobQueue using job-worker-count value 7
Input System module state changed to: Initialized.
[Physics::Module] Initialized fallback backend.
[Physics::Module] Id: 0xdecafbad
Library Redirect Path: Library/
[Physics::Module] Selected backend.
[Physics::Module] Name: PhysX
[Physics::Module] Id: 0xf2b8ea05
[Physics::Module] SDK Version: 4.1.2
[Physics::Module] Integration Version: 1.0.0
[Physics::Module] Threading Mode: Multi-Threaded
Refreshing native plugins compatible for Editor in 1.52 ms, found 3 plugins.
Preloading 0 native plugins for Editor in 0.00 ms.
Initialize engine version: 6000.0.60f1 (61dfb374e36f)
[Subsystems] Discovering subsystems at path C:/Program Files/Unity/Hub/Editor/6000.0.60f1/Editor/Data/Resources/UnitySubsystems
[Subsystems] Discovering subsystems at path C:/Users/frank/Documents/Github/StarDance Platformer/Stardance Project/Assets
GfxDevice: creating device client; kGfxThreadingModeNonThreaded
Direct3D:
    Version:  Direct3D 11.0 [level 11.1]
    Renderer: NVIDIA GeForce RTX 3060 (ID=0x2504)
    Vendor:   NVIDIA
    VRAM:     12115 MB
    Driver:   32.0.15.9579
Initialize mono
Mono path[0] = 'C:/Program Files/Unity/Hub/Editor/6000.0.60f1/Editor/Data/Managed'
Mono path[1] = 'C:/Program Files/Unity/Hub/Editor/6000.0.60f1/Editor/Data/MonoBleedingEdge/lib/mono/unityjit-win32'
Mono config path = 'C:/Program Files/Unity/Hub/Editor/6000.0.60f1/Editor/Data/MonoBleedingEdge/etc'
Using monoOptions --debugger-agent=transport=dt_socket,embedding=1,server=y,suspend=n,address=127.0.0.1:56332
Begin MonoManager ReloadAssembly
Registering precompiled unity dll's ...
Register platform support module: C:/Program Files/Unity/Hub/Editor/6000.0.60f1/Editor/Data/PlaybackEngines/WebGLSupport/UnityEditor.WebGL.Extensions.dll
Register platform support module: C:/Program Files/Unity/Hub/Editor/6000.0.60f1/Editor/Data/PlaybackEngines/MacStandaloneSupport/UnityEditor.OSXStandalone.Extensions.dll
Register platform support module: C:/Program Files/Unity/Hub/Editor/6000.0.60f1/Editor/Data/PlaybackEngines/WindowsStandaloneSupport/UnityEditor.WindowsStandalone.Extensions.dll
Registered in 0.004308 seconds.
- Loaded All Assemblies, in  0.328 seconds
Native extension for WindowsStandalone target not found
Native extension for OSXStandalone target not found
Native extension for WebGL target not found
Mono: successfully reloaded assembly
- Finished resetting the current domain, in  0.274 seconds
Domain Reload Profiling: 600ms
	BeginReloadAssembly (111ms)
		ExecutionOrderSort (0ms)
		DisableScriptedObjects (0ms)
		BackupInstance (0ms)
		ReleaseScriptingObjects (0ms)
		CreateAndSetChildDomain (1ms)
	RebuildCommonClasses (32ms)
	RebuildNativeTypeToScriptingClass (10ms)
	initialDomainReloadingComplete (45ms)
	LoadAllAssembliesAndSetupDomain (127ms)
		LoadAssemblies (109ms)
		RebuildTransferFunctionScriptingTraits (0ms)
		AnalyzeDomain (124ms)
			TypeCache.Refresh (123ms)
				TypeCache.ScanAssembly (111ms)
			BuildScriptInfoCaches (0ms)
			ResolveRequiredComponents (0ms)
	FinalizeReload (275ms)
		ReleaseScriptCaches (0ms)
		RebuildScriptCaches (0ms)
		SetupLoadedEditorAssemblies (239ms)
			LogAssemblyErrors (0ms)
			InitializePlatformSupportModulesInManaged (39ms)
			SetLoadedEditorAssemblies (3ms)
			BeforeProcessingInitializeOnLoad (47ms)
			ProcessInitializeOnLoadAttributes (102ms)
			ProcessInitializeOnLoadMethodAttributes (47ms)
			AfterProcessingInitializeOnLoad (0ms)
			EditorAssembliesLoaded (0ms)
		ExecutionOrderSort2 (0ms)
		AwakeInstancesAfterBackupRestoration (0ms)
========================================================================
Worker process is ready to serve import requests
Import Worker Mode flag is 0x00
Begin MonoManager ReloadAssembly
- Loaded All Assemblies, in  0.703 seconds
Refreshing native plugins compatible for Editor in 0.91 ms, found 3 plugins.
Native extension for WindowsStandalone target not found
Native extension for OSXStandalone target not found
Native extension for WebGL target not found
Package Manager log level set to [2]
[Package Manager] Failed to launch server process. Reason: Unity was launched with the -noUpm command-line argument
[Package Manager] Unable to send message (not connected to server process).
[Package Manager] Cannot connect to Unity Package Manager local server
<HackaTime> Initializing...
UnityEngine.Debug:ExtractStackTraceNoAlloc (byte*,int,string)
UnityEngine.StackTraceUtility:ExtractStackTrace ()
UnityEngine.DebugLogHandler:Internal_Log (UnityEngine.LogType,UnityEngine.LogOption,string,UnityEngine.Object)
UnityEngine.DebugLogHandler:LogFormat (UnityEngine.LogType,UnityEngine.Object,string,object[])
UnityEngine.Logger:Log (UnityEngine.LogType,object)
UnityEngine.Debug:Log (object)
WakaTime.Plugin:Initialize () (at ./Library/PackageCache/com.daniel-geo.unityhackatime@5ac210a9a287/Editor/Plugin.cs:76)
WakaTime.Plugin:.cctor () (at ./Library/PackageCache/com.daniel-geo.unityhackatime@5ac210a9a287/Editor/Plugin.cs:41)
System.Runtime.CompilerServices.RuntimeHelpers:RunClassConstructor (System.RuntimeTypeHandle)
UnityEditor.EditorAssemblies:ProcessInitializeOnLoadAttributes (System.Type[])

(Filename: ./Library/PackageCache/com.daniel-geo.unityhackatime@5ac210a9a287/Editor/Plugin.cs Line: 76)

<HackaTime> Sending heartbeat...
UnityEngine.Debug:ExtractStackTraceNoAlloc (byte*,int,string)
UnityEngine.StackTraceUtility:ExtractStackTrace ()
UnityEngine.DebugLogHandler:Internal_Log (UnityEngine.LogType,UnityEngine.LogOption,string,UnityEngine.Object)
UnityEngine.DebugLogHandler:LogFormat (UnityEngine.LogType,UnityEngine.Object,string,object[])
UnityEngine.Logger:Log (UnityEngine.LogType,object)
UnityEngine.Debug:Log (object)
WakaTime.Plugin/<SendHeartbeat>d__29:MoveNext () (at ./Library/PackageCache/com.daniel-geo.unityhackatime@5ac210a9a287/Editor/Plugin.cs:144)
System.Runtime.CompilerServices.AsyncVoidMethodBuilder:Start<WakaTime.Plugin/<SendHeartbeat>d__29> (WakaTime.Plugin/<SendHeartbeat>d__29&)
WakaTime.Plugin:SendHeartbeat (bool)
WakaTime.Plugin:Initialize () (at ./Library/PackageCache/com.daniel-geo.unityhackatime@5ac210a9a287/Editor/Plugin.cs:78)
WakaTime.Plugin:.cctor () (at ./Library/PackageCache/com.daniel-geo.unityhackatime@5ac210a9a287/Editor/Plugin.cs:41)
System.Runtime.CompilerServices.RuntimeHelpers:RunClassConstructor (System.RuntimeTypeHandle)
UnityEditor.EditorAssemblies:ProcessInitializeOnLoadAttributes (System.Type[])

(Filename: ./Library/PackageCache/com.daniel-geo.unityhackatime@5ac210a9a287/Editor/Plugin.cs Line: 144)

[MODES] ModeService[none].Initialize
[MODES] ModeService[none].LoadModes
[MODES] Loading mode Default (0) for mode-current-id-Stardance Project
Mono: successfully reloaded assembly
- Finished resetting the current domain, in  0.670 seconds
Domain Reload Profiling: 1368ms
	BeginReloadAssembly (159ms)
		ExecutionOrderSort (0ms)
		DisableScriptedObjects (6ms)
		BackupInstance (0ms)
		ReleaseScriptingObjects (0ms)
		CreateAndSetChildDomain (28ms)
	RebuildCommonClasses (30ms)
	RebuildNativeTypeToScriptingClass (10ms)
	initialDomainReloadingComplete (36ms)
	LoadAllAssembliesAndSetupDomain (463ms)
		LoadAssemblies (346ms)
		RebuildTransferFunctionScriptingTraits (0ms)
		AnalyzeDomain (208ms)
			TypeCache.Refresh (150ms)
				TypeCache.ScanAssembly (132ms)
			BuildScriptInfoCaches (46ms)
			ResolveRequiredComponents (9ms)
	FinalizeReload (670ms)
		ReleaseScriptCaches (0ms)
		RebuildScriptCaches (0ms)
		SetupLoadedEditorAssemblies (503ms)
			LogAssemblyErrors (0ms)
			InitializePlatformSupportModulesInManaged (4ms)
			SetLoadedEditorAssemblies (3ms)
			BeforeProcessingInitializeOnLoad (108ms)
			ProcessInitializeOnLoadAttributes (310ms)
			ProcessInitializeOnLoadMethodAttributes (72ms)
			AfterProcessingInitializeOnLoad (7ms)
			EditorAssembliesLoaded (0ms)
		ExecutionOrderSort2 (0ms)
		AwakeInstancesAfterBackupRestoration (9ms)
Launched and connected shader compiler UnityShaderCompiler.exe after 0.01 seconds
Refreshing native plugins compatible for Editor in 0.95 ms, found 3 plugins.
Preloading 0 native plugins for Editor in 0.00 ms.
Unloading 14 Unused Serialized files (Serialized files now loaded: 0)
<HackaTime> Got response
{"id":2717151864,"user_id":27195,"branch":"main","category":"coding","dependencies":[],"editor":"unity","entity":"Unsaved Scene","language":"unity","machine":null,"operating_system":null,"project":"Stardance Project","type":"file","user_agent":"unity-hackatime","line_additions":null,"line_deletions":null,"lineno":null,"lines":null,"cursorpos":null,"project_root_count":null,"time":1788913024.0,"is_write":false,"created_at":"2026-09-09T00:16:56.496Z","updated_at":"2026-09-09T00:16:56.496Z","fields_hash":"899738022e7b9180edc42f1e24f3882e","source_type":"direct_entry","ip_address":"2601:600:8280:6b00:d816:245f:723b:3f25","deleted_at":null,"ja4_id":22,"ai_model":null,"ai_session":null,"ai_subscription_plan":null,"ai_input_tokens":null,"ai_output_tokens":null,"ai_prompt_length":null,"ai_line_changes":null,"human_line_changes":null}
UnityEngine.Debug:ExtractStackTraceNoAlloc (byte*,int,string)
UnityEngine.StackTraceUtility:ExtractStackTrace ()
UnityEngine.DebugLogHandler:Internal_Log (UnityEngine.LogType,UnityEngine.LogOption,string,UnityEngine.Object)
UnityEngine.DebugLogHandler:LogFormat (UnityEngine.LogType,UnityEngine.Object,string,object[])
UnityEngine.Logger:Log (UnityEngine.LogType,object)
UnityEngine.Debug:Log (object)
WakaTime.Plugin/<SendHeartbeat>d__29:MoveNext () (at ./Library/PackageCache/com.daniel-geo.unityhackatime@5ac210a9a287/Editor/Plugin.cs:187)
System.Runtime.CompilerServices.AsyncMethodBuilderCore/MoveNextRunner:InvokeMoveNext (object)
System.Threading.ExecutionContext:RunInternal (System.Threading.ExecutionContext,System.Threading.ContextCallback,object,bool)
System.Threading.ExecutionContext:Run (System.Threading.ExecutionContext,System.Threading.ContextCallback,object,bool)
System.Runtime.CompilerServices.AsyncMethodBuilderCore/MoveNextRunner:Run ()
System.Threading.Tasks.AwaitTaskContinuation:InvokeAction (object)
System.Threading.Tasks.AwaitTaskContinuation:RunCallback (System.Threading.ContextCallback,object,System.Threading.Tasks.Task&)
System.Threading.Tasks.SynchronizationContextAwaitTaskContinuation:Run (System.Threading.Tasks.Task,bool)
System.Threading.Tasks.Task:FinishContinuations ()
System.Threading.Tasks.Task:FinishStageThree ()
System.Threading.Tasks.Task`1<bool>:TrySetResult (bool)
System.Threading.Tasks.TaskCompletionSource`1<bool>:TrySetResult (bool)
WakaTime.Plugin/<>c__DisplayClass29_0:<SendHeartbeat>b__0 (UnityEngine.AsyncOperation) (at ./Library/PackageCache/com.daniel-geo.unityhackatime@5ac210a9a287/Editor/Plugin.cs:176)
UnityEngine.AsyncOperation:InvokeCompletionEvent ()

(Filename: ./Library/PackageCache/com.daniel-geo.unityhackatime@5ac210a9a287/Editor/Plugin.cs Line: 187)

<HackaTime> Sent heartbeat!
UnityEngine.Debug:ExtractStackTraceNoAlloc (byte*,int,string)
UnityEngine.StackTraceUtility:ExtractStackTrace ()
UnityEngine.DebugLogHandler:Internal_Log (UnityEngine.LogType,UnityEngine.LogOption,string,UnityEngine.Object)
UnityEngine.DebugLogHandler:LogFormat (UnityEngine.LogType,UnityEngine.Object,string,object[])
UnityEngine.Logger:Log (UnityEngine.LogType,object)
UnityEngine.Debug:Log (object)
WakaTime.Plugin/<SendHeartbeat>d__29:MoveNext () (at ./Library/PackageCache/com.daniel-geo.unityhackatime@5ac210a9a287/Editor/Plugin.cs:203)
System.Runtime.CompilerServices.AsyncMethodBuilderCore/MoveNextRunner:InvokeMoveNext (object)
System.Threading.ExecutionContext:RunInternal (System.Threading.ExecutionContext,System.Threading.ContextCallback,object,bool)
System.Threading.ExecutionContext:Run (System.Threading.ExecutionContext,System.Threading.ContextCallback,object,bool)
System.Runtime.CompilerServices.AsyncMethodBuilderCore/MoveNextRunner:Run ()
System.Threading.Tasks.AwaitTaskContinuation:InvokeAction (object)
System.Threading.Tasks.AwaitTaskContinuation:RunCallback (System.Threading.ContextCallback,object,System.Threading.Tasks.Task&)
System.Threading.Tasks.SynchronizationContextAwaitTaskContinuation:Run (System.Threading.Tasks.Task,bool)
System.Threading.Tasks.Task:FinishContinuations ()
System.Threading.Tasks.Task:FinishStageThree ()
System.Threading.Tasks.Task`1<bool>:TrySetResult (bool)
System.Threading.Tasks.TaskCompletionSource`1<bool>:TrySetResult (bool)
WakaTime.Plugin/<>c__DisplayClass29_0:<SendHeartbeat>b__0 (UnityEngine.AsyncOperation) (at ./Library/PackageCache/com.daniel-geo.unityhackatime@5ac210a9a287/Editor/Plugin.cs:176)
UnityEngine.AsyncOperation:InvokeCompletionEvent ()

(Filename: ./Library/PackageCache/com.daniel-geo.unityhackatime@5ac210a9a287/Editor/Plugin.cs Line: 203)

Unloading 6477 unused Assets / (4.4 MB). Loaded Objects now: 7213.
Memory consumption went from 136.8 MB to 132.4 MB.
Total: 9.799700 ms (FindLiveObjects: 0.974900 ms CreateObjectMapping: 0.381500 ms MarkObjects: 5.586800 ms  DeleteObjects: 2.855800 ms)

========================================================================
Received Prepare
Begin MonoManager ReloadAssembly
- Loaded All Assemblies, in  0.763 seconds
Refreshing native plugins compatible for Editor in 1.05 ms, found 3 plugins.
Native extension for WindowsStandalone target not found
Native extension for OSXStandalone target not found
Native extension for WebGL target not found
[Package Manager] Failed to launch server process. Reason: Unity was launched with the -noUpm command-line argument
[Package Manager] Unable to send message (not connected to server process).
[Package Manager] Cannot connect to Unity Package Manager local server
<HackaTime> Initializing...
UnityEngine.Debug:ExtractStackTraceNoAlloc (byte*,int,string)
UnityEngine.StackTraceUtility:ExtractStackTrace ()
UnityEngine.DebugLogHandler:Internal_Log (UnityEngine.LogType,UnityEngine.LogOption,string,UnityEngine.Object)
UnityEngine.DebugLogHandler:LogFormat (UnityEngine.LogType,UnityEngine.Object,string,object[])
UnityEngine.Logger:Log (UnityEngine.LogType,object)
UnityEngine.Debug:Log (object)
WakaTime.Plugin:Initialize () (at ./Library/PackageCache/com.daniel-geo.unityhackatime@5ac210a9a287/Editor/Plugin.cs:76)
WakaTime.Plugin:.cctor () (at ./Library/PackageCache/com.daniel-geo.unityhackatime@5ac210a9a287/Editor/Plugin.cs:41)
System.Runtime.CompilerServices.RuntimeHelpers:RunClassConstructor (System.RuntimeTypeHandle)
UnityEditor.EditorAssemblies:ProcessInitializeOnLoadAttributes (System.Type[])

(Filename: ./Library/PackageCache/com.daniel-geo.unityhackatime@5ac210a9a287/Editor/Plugin.cs Line: 76)

<HackaTime> Sending heartbeat...
UnityEngine.Debug:ExtractStackTraceNoAlloc (byte*,int,string)
UnityEngine.StackTraceUtility:ExtractStackTrace ()
UnityEngine.DebugLogHandler:Internal_Log (UnityEngine.LogType,UnityEngine.LogOption,string,UnityEngine.Object)
UnityEngine.DebugLogHandler:LogFormat (UnityEngine.LogType,UnityEngine.Object,string,object[])
UnityEngine.Logger:Log (UnityEngine.LogType,object)
UnityEngine.Debug:Log (object)
WakaTime.Plugin/<SendHeartbeat>d__29:MoveNext () (at ./Library/PackageCache/com.daniel-geo.unityhackatime@5ac210a9a287/Editor/Plugin.cs:144)
System.Runtime.CompilerServices.AsyncVoidMethodBuilder:Start<WakaTime.Plugin/<SendHeartbeat>d__29> (WakaTime.Plugin/<SendHeartbeat>d__29&)
WakaTime.Plugin:SendHeartbeat (bool)
WakaTime.Plugin:Initialize () (at ./Library/PackageCache/com.daniel-geo.unityhackatime@5ac210a9a287/Editor/Plugin.cs:78)
WakaTime.Plugin:.cctor () (at ./Library/PackageCache/com.daniel-geo.unityhackatime@5ac210a9a287/Editor/Plugin.cs:41)
System.Runtime.CompilerServices.RuntimeHelpers:RunClassConstructor (System.RuntimeTypeHandle)
UnityEditor.EditorAssemblies:ProcessInitializeOnLoadAttributes (System.Type[])

(Filename: ./Library/PackageCache/com.daniel-geo.unityhackatime@5ac210a9a287/Editor/Plugin.cs Line: 144)

[MODES] ModeService[none].Initialize
[MODES] ModeService[none].LoadModes
Mono: successfully reloaded assembly
- Finished resetting the current domain, in  0.723 seconds
Domain Reload Profiling: 1483ms
	BeginReloadAssembly (216ms)
		ExecutionOrderSort (0ms)
		DisableScriptedObjects (7ms)
		BackupInstance (0ms)
		ReleaseScriptingObjects (0ms)
		CreateAndSetChildDomain (55ms)
	RebuildCommonClasses (31ms)
	RebuildNativeTypeToScriptingClass (11ms)
	initialDomainReloadingComplete (32ms)
	LoadAllAssembliesAndSetupDomain (470ms)
		LoadAssemblies (396ms)
		RebuildTransferFunctionScriptingTraits (0ms)
		AnalyzeDomain (165ms)
			TypeCache.Refresh (15ms)
				TypeCache.ScanAssembly (0ms)
			BuildScriptInfoCaches (137ms)
			ResolveRequiredComponents (9ms)
	FinalizeReload (723ms)
		ReleaseScriptCaches (0ms)
		RebuildScriptCaches (0ms)
		SetupLoadedEditorAssemblies (565ms)
			LogAssemblyErrors (0ms)
			InitializePlatformSupportModulesInManaged (4ms)
			SetLoadedEditorAssemblies (5ms)
			BeforeProcessingInitializeOnLoad (126ms)
			ProcessInitializeOnLoadAttributes (344ms)
			ProcessInitializeOnLoadMethodAttributes (78ms)
			AfterProcessingInitializeOnLoad (7ms)
			EditorAssembliesLoaded (0ms)
		ExecutionOrderSort2 (0ms)
		AwakeInstancesAfterBackupRestoration (19ms)
Refreshing native plugins compatible for Editor in 0.95 ms, found 3 plugins.
Preloading 0 native plugins for Editor in 0.00 ms.
Unloading 14 Unused Serialized files (Serialized files now loaded: 0)
<HackaTime> Got response
{"id":2717151864,"user_id":27195,"branch":"main","category":"coding","dependencies":[],"editor":"unity","entity":"Unsaved Scene","language":"unity","machine":null,"operating_system":null,"project":"Stardance Project","type":"file","user_agent":"unity-hackatime","line_additions":null,"line_deletions":null,"lineno":null,"lines":null,"cursorpos":null,"project_root_count":null,"time":1788913024.0,"is_write":false,"created_at":"2026-09-09T00:16:56.496Z","updated_at":"2026-09-09T00:16:56.496Z","fields_hash":"899738022e7b9180edc42f1e24f3882e","source_type":"direct_entry","ip_address":"2601:600:8280:6b00:d816:245f:723b:3f25","deleted_at":null,"ja4_id":22,"ai_model":null,"ai_session":null,"ai_subscription_plan":null,"ai_input_tokens":null,"ai_output_tokens":null,"ai_prompt_length":null,"ai_line_changes":null,"human_line_changes":null}
UnityEngine.Debug:ExtractStackTraceNoAlloc (byte*,int,string)
UnityEngine.StackTraceUtility:ExtractStackTrace ()
UnityEngine.DebugLogHandler:Internal_Log (UnityEngine.LogType,UnityEngine.LogOption,string,UnityEngine.Object)
UnityEngine.DebugLogHandler:LogFormat (UnityEngine.LogType,UnityEngine.Object,string,object[])
UnityEngine.Logger:Log (UnityEngine.LogType,object)
UnityEngine.Debug:Log (object)
WakaTime.Plugin/<SendHeartbeat>d__29:MoveNext () (at ./Library/PackageCache/com.daniel-geo.unityhackatime@5ac210a9a287/Editor/Plugin.cs:187)
System.Runtime.CompilerServices.AsyncMethodBuilderCore/MoveNextRunner:InvokeMoveNext (object)
System.Threading.ExecutionContext:RunInternal (System.Threading.ExecutionContext,System.Threading.ContextCallback,object,bool)
System.Threading.ExecutionContext:Run (System.Threading.ExecutionContext,System.Threading.ContextCallback,object,bool)
System.Runtime.CompilerServices.AsyncMethodBuilderCore/MoveNextRunner:Run ()
System.Threading.Tasks.AwaitTaskContinuation:InvokeAction (object)
System.Threading.Tasks.AwaitTaskContinuation:RunCallback (System.Threading.ContextCallback,object,System.Threading.Tasks.Task&)
System.Threading.Tasks.SynchronizationContextAwaitTaskContinuation:Run (System.Threading.Tasks.Task,bool)
System.Threading.Tasks.Task:FinishContinuations ()
System.Threading.Tasks.Task:FinishStageThree ()
System.Threading.Tasks.Task`1<bool>:TrySetResult (bool)
System.Threading.Tasks.TaskCompletionSource`1<bool>:TrySetResult (bool)
WakaTime.Plugin/<>c__DisplayClass29_0:<SendHeartbeat>b__0 (UnityEngine.AsyncOperation) (at ./Library/PackageCache/com.daniel-geo.unityhackatime@5ac210a9a287/Editor/Plugin.cs:176)
UnityEngine.AsyncOperation:InvokeCompletionEvent ()

(Filename: ./Library/PackageCache/com.daniel-geo.unityhackatime@5ac210a9a287/Editor/Plugin.cs Line: 187)

<HackaTime> Sent heartbeat!
UnityEngine.Debug:ExtractStackTraceNoAlloc (byte*,int,string)
UnityEngine.StackTraceUtility:ExtractStackTrace ()
UnityEngine.DebugLogHandler:Internal_Log (UnityEngine.LogType,UnityEngine.LogOption,string,UnityEngine.Object)
UnityEngine.DebugLogHandler:LogFormat (UnityEngine.LogType,UnityEngine.Object,string,object[])
UnityEngine.Logger:Log (UnityEngine.LogType,object)
UnityEngine.Debug:Log (object)
WakaTime.Plugin/<SendHeartbeat>d__29:MoveNext () (at ./Library/PackageCache/com.daniel-geo.unityhackatime@5ac210a9a287/Editor/Plugin.cs:203)
System.Runtime.CompilerServices.AsyncMethodBuilderCore/MoveNextRunner:InvokeMoveNext (object)
System.Threading.ExecutionContext:RunInternal (System.Threading.ExecutionContext,System.Threading.ContextCallback,object,bool)
System.Threading.ExecutionContext:Run (System.Threading.ExecutionContext,System.Threading.ContextCallback,object,bool)
System.Runtime.CompilerServices.AsyncMethodBuilderCore/MoveNextRunner:Run ()
System.Threading.Tasks.AwaitTaskContinuation:InvokeAction (object)
System.Threading.Tasks.AwaitTaskContinuation:RunCallback (System.Threading.ContextCallback,object,System.Threading.Tasks.Task&)
System.Threading.Tasks.SynchronizationContextAwaitTaskContinuation:Run (System.Threading.Tasks.Task,bool)
System.Threading.Tasks.Task:FinishContinuations ()
System.Threading.Tasks.Task:FinishStageThree ()
System.Threading.Tasks.Task`1<bool>:TrySetResult (bool)
System.Threading.Tasks.TaskCompletionSource`1<bool>:TrySetResult (bool)
WakaTime.Plugin/<>c__DisplayClass29_0:<SendHeartbeat>b__0 (UnityEngine.AsyncOperation) (at ./Library/PackageCache/com.daniel-geo.unityhackatime@5ac210a9a287/Editor/Plugin.cs:176)
UnityEngine.AsyncOperation:InvokeCompletionEvent ()

(Filename: ./Library/PackageCache/com.daniel-geo.unityhackatime@5ac210a9a287/Editor/Plugin.cs Line: 203)

Unloading 6475 unused Assets / (4.2 MB). Loaded Objects now: 7228.
Memory consumption went from 148.1 MB to 143.9 MB.
Total: 10.031000 ms (FindLiveObjects: 0.984400 ms CreateObjectMapping: 0.543600 ms MarkObjects: 5.459600 ms  DeleteObjects: 3.042800 ms)

Prepare: number of updated asset objects reloaded= 0
========================================================================
Received Import Request.
  Time since last request: 1470.845126 seconds.
  path: Assets/UI Toolkit/UnityThemes/UnityDefaultRuntimeTheme.tss
  artifactKey: Guid(8dc7780a3b7b5d040a421da4c6b5f93a) Importer(815301076,1909f56bfc062723c751e8b465ee728b)
Start importing Assets/UI Toolkit/UnityThemes/UnityDefaultRuntimeTheme.tss using Guid(8dc7780a3b7b5d040a421da4c6b5f93a) Importer(815301076,1909f56bfc062723c751e8b465ee728b) (PreviewImporter)The render pass PSX.FogPass does not have an implementation of the RecordRenderGraph method. Please implement this method, or consider turning on Compatibility Mode (RenderGraph disabled) in the menu Edit > Project Settings > Graphics > URP. Otherwise the render pass will have no effect. For more information, refer to https://docs.unity3d.com/Packages/com.unity.render-pipelines.universal@latest/index.html?subfolder=/manual/customizing-urp.html.
UnityEngine.Debug:ExtractStackTraceNoAlloc (byte*,int,string)
UnityEngine.StackTraceUtility:ExtractStackTrace ()
UnityEngine.DebugLogHandler:Internal_Log (UnityEngine.LogType,UnityEngine.LogOption,string,UnityEngine.Object)
UnityEngine.DebugLogHandler:LogFormat (UnityEngine.LogType,UnityEngine.Object,string,object[])
UnityEngine.Logger:Log (UnityEngine.LogType,object)
UnityEngine.Debug:LogWarning (object)
UnityEngine.Rendering.Universal.ScriptableRenderPass:RecordRenderGraph (UnityEngine.Rendering.RenderGraphModule.RenderGraph,UnityEngine.Rendering.ContextContainer) (at ./Library/PackageCache/com.unity.render-pipelines.universal@ba24149c0920/Runtime/Passes/ScriptableRenderPass.cs:724)
UnityEngine.Rendering.Universal.ScriptableRenderer:RecordCustomRenderGraphPassesInEventRange (UnityEngine.Rendering.RenderGraphModule.RenderGraph,UnityEngine.Rendering.Universal.RenderPassEvent,UnityEngine.Rendering.Universal.RenderPassEvent) (at ./Library/PackageCache/com.unity.render-pipelines.universal@ba24149c0920/Runtime/ScriptableRenderer.cs:1250)
UnityEngine.Rendering.Universal.ScriptableRenderer:RecordCustomRenderGraphPasses (UnityEngine.Rendering.RenderGraphModule.RenderGraph,UnityEngine.Rendering.Universal.RenderPassEvent,UnityEngine.Rendering.Universal.RenderPassEvent) (at ./Library/PackageCache/com.unity.render-pipelines.universal@ba24149c0920/Runtime/ScriptableRenderer.cs:1269)
UnityEngine.Rendering.Universal.ScriptableRenderer:RecordCustomRenderGraphPasses (UnityEngine.Rendering.RenderGraphModule.RenderGraph,UnityEngine.Rendering.Universal.RenderPassEvent) (at ./Library/PackageCache/com.unity.render-pipelines.universal@ba24149c0920/Runtime/ScriptableRenderer.cs:1274)
UnityEngine.Rendering.Universal.UniversalRenderer:OnAfterRendering (UnityEngine.Rendering.RenderGraphModule.RenderGraph) (at ./Library/PackageCache/com.unity.render-pipelines.universal@ba24149c0920/Runtime/UniversalRendererRenderGraph.cs:1436)
UnityEngine.Rendering.Universal.UniversalRenderer:OnRecordRenderGraph (UnityEngine.Rendering.RenderGraphModule.RenderGraph,UnityEngine.Rendering.ScriptableRenderContext) (at ./Library/PackageCache/com.unity.render-pipelines.universal@ba24149c0920/Runtime/UniversalRendererRenderGraph.cs:806)
UnityEngine.Rendering.Universal.ScriptableRenderer:RecordRenderGraph (UnityEngine.Rendering.RenderGraphModule.RenderGraph,UnityEngine.Rendering.ScriptableRenderContext) (at ./Library/PackageCache/com.unity.render-pipelines.universal@ba24149c0920/Runtime/ScriptableRenderer.cs:1203)
UnityEngine.Rendering.Universal.UniversalRenderPipeline:RecordRenderGraph (UnityEngine.Rendering.RenderGraphModule.RenderGraph,UnityEngine.Rendering.ScriptableRenderContext,UnityEngine.Rendering.Universal.ScriptableRenderer) (at ./Library/PackageCache/com.unity.render-pipelines.universal@ba24149c0920/Runtime/UniversalRenderPipelineRenderGraph.cs:10)
UnityEngine.Rendering.Universal.UniversalRenderPipeline:RecordAndExecuteRenderGraph (UnityEngine.Rendering.RenderGraphModule.RenderGraph,UnityEngine.Rendering.ScriptableRenderContext,UnityEngine.Rendering.Universal.ScriptableRenderer,UnityEngine.Rendering.CommandBuffer,UnityEngine.Camera,string) (at ./Library/PackageCache/com.unity.render-pipelines.universal@ba24149c0920/Runtime/UniversalRenderPipelineRenderGraph.cs:24)
UnityEngine.Rendering.Universal.UniversalRenderPipeline:RenderSingleCamera (UnityEngine.Rendering.ScriptableRenderContext,UnityEngine.Rendering.Universal.UniversalCameraData) (at ./Library/PackageCache/com.unity.render-pipelines.universal@ba24149c0920/Runtime/UniversalRenderPipeline.cs:855)
UnityEngine.Rendering.Universal.UniversalRenderPipeline:RenderSingleCameraInternal (UnityEngine.Rendering.ScriptableRenderContext,UnityEngine.Camera,UnityEngine.Rendering.Universal.UniversalAdditionalCameraData&,bool) (at ./Library/PackageCache/com.unity.render-pipelines.universal@ba24149c0920/Runtime/UniversalRenderPipeline.cs:688)
UnityEngine.Rendering.Universal.UniversalRenderPipeline:RenderSingleCameraInternal (UnityEngine.Rendering.ScriptableRenderContext,UnityEngine.Camera,bool) (at ./Library/PackageCache/com.unity.render-pipelines.universal@ba24149c0920/Runtime/UniversalRenderPipeline.cs:663)
UnityEngine.Rendering.Universal.UniversalRenderPipeline:Render (UnityEngine.Rendering.ScriptableRenderContext,System.Collections.Generic.List`1<UnityEngine.Camera>) (at ./Library/PackageCache/com.unity.render-pipelines.universal@ba24149c0920/Runtime/UniversalRenderPipeline.cs:480)
UnityEngine.Rendering.RenderPipeline:InternalRender (UnityEngine.Rendering.ScriptableRenderContext,System.Collections.Generic.List`1<UnityEngine.Camera>)
UnityEngine.Rendering.RenderPipelineManager:DoRenderLoop_Internal (UnityEngine.Rendering.RenderPipelineAsset,intptr,UnityEngine.Object,Unity.Collections.LowLevel.Unsafe.AtomicSafetyHandle)
UnityEngine.Camera:Render ()
UnityEditor.PreviewRenderUtility:Render (bool,bool)
UnityEditor.MaterialEditor:DoRenderPreview (UnityEditor.PreviewRenderUtility,bool)
UnityEditor.MaterialEditor:RenderStaticPreview (string,UnityEngine.Object[],int,int)
UnityEditor.AssetPreviewUpdater:CreatePreview (UnityEngine.Object,UnityEngine.Object[],string,int,int)
UnityEditor.AssetPreviewUpdater:CreatePreviewForAsset (UnityEngine.Object,UnityEngine.Object[],string)

(Filename: ./Library/PackageCache/com.unity.render-pipelines.universal@ba24149c0920/Runtime/Passes/ScriptableRenderPass.cs Line: 724)

The render pass PSX.PixelationPass does not have an implementation of the RecordRenderGraph method. Please implement this method, or consider turning on Compatibility Mode (RenderGraph disabled) in the menu Edit > Project Settings > Graphics > URP. Otherwise the render pass will have no effect. For more information, refer to https://docs.unity3d.com/Packages/com.unity.render-pipelines.universal@latest/index.html?subfolder=/manual/customizing-urp.html.
UnityEngine.Debug:ExtractStackTraceNoAlloc (byte*,int,string)
UnityEngine.StackTraceUtility:ExtractStackTrace ()
UnityEngine.DebugLogHandler:Internal_Log (UnityEngine.LogType,UnityEngine.LogOption,string,UnityEngine.Object)
UnityEngine.DebugLogHandler:LogFormat (UnityEngine.LogType,UnityEngine.Object,string,object[])
UnityEngine.Logger:Log (UnityEngine.LogType,object)
UnityEngine.Debug:LogWarning (object)
UnityEngine.Rendering.Universal.ScriptableRenderPass:RecordRenderGraph (UnityEngine.Rendering.RenderGraphModule.RenderGraph,UnityEngine.Rendering.ContextContainer) (at ./Library/PackageCache/com.unity.render-pipelines.universal@ba24149c0920/Runtime/Passes/ScriptableRenderPass.cs:724)
UnityEngine.Rendering.Universal.ScriptableRenderer:RecordCustomRenderGraphPassesInEventRange (UnityEngine.Rendering.RenderGraphModule.RenderGraph,UnityEngine.Rendering.Universal.RenderPassEvent,UnityEngine.Rendering.Universal.RenderPassEvent) (at ./Library/PackageCache/com.unity.render-pipelines.universal@ba24149c0920/Runtime/ScriptableRenderer.cs:1250)
UnityEngine.Rendering.Universal.ScriptableRenderer:RecordCustomRenderGraphPasses (UnityEngine.Rendering.RenderGraphModule.RenderGraph,UnityEngine.Rendering.Universal.RenderPassEvent,UnityEngine.Rendering.Universal.RenderPassEvent) (at ./Library/PackageCache/com.unity.render-pipelines.universal@ba24149c0920/Runtime/ScriptableRenderer.cs:1269)
UnityEngine.Rendering.Universal.ScriptableRenderer:RecordCustomRenderGraphPasses (UnityEngine.Rendering.RenderGraphModule.RenderGraph,UnityEngine.Rendering.Universal.RenderPassEvent) (at ./Library/PackageCache/com.unity.render-pipelines.universal@ba24149c0920/Runtime/ScriptableRenderer.cs:1274)
UnityEngine.Rendering.Universal.UniversalRenderer:OnAfterRendering (UnityEngine.Rendering.RenderGraphModule.RenderGraph) (at ./Library/PackageCache/com.unity.render-pipelines.universal@ba24149c0920/Runtime/UniversalRendererRenderGraph.cs:1436)
UnityEngine.Rendering.Universal.UniversalRenderer:OnRecordRenderGraph (UnityEngine.Rendering.RenderGraphModule.RenderGraph,UnityEngine.Rendering.ScriptableRenderContext) (at ./Library/PackageCache/com.unity.render-pipelines.universal@ba24149c0920/Runtime/UniversalRendererRenderGraph.cs:806)
UnityEngine.Rendering.Universal.ScriptableRenderer:RecordRenderGraph (UnityEngine.Rendering.RenderGraphModule.RenderGraph,UnityEngine.Rendering.ScriptableRenderContext) (at ./Library/PackageCache/com.unity.render-pipelines.universal@ba24149c0920/Runtime/ScriptableRenderer.cs:1203)
UnityEngine.Rendering.Universal.UniversalRenderPipeline:RecordRenderGraph (UnityEngine.Rendering.RenderGraphModule.RenderGraph,UnityEngine.Rendering.ScriptableRenderContext,UnityEngine.Rendering.Universal.ScriptableRenderer) (at ./Library/PackageCache/com.unity.render-pipelines.universal@ba24149c0920/Runtime/UniversalRenderPipelineRenderGraph.cs:10)
UnityEngine.Rendering.Universal.UniversalRenderPipeline:RecordAndExecuteRenderGraph (UnityEngine.Rendering.RenderGraphModule.RenderGraph,UnityEngine.Rendering.ScriptableRenderContext,UnityEngine.Rendering.Universal.ScriptableRenderer,UnityEngine.Rendering.CommandBuffer,UnityEngine.Camera,string) (at ./Library/PackageCache/com.unity.render-pipelines.universal@ba24149c0920/Runtime/UniversalRenderPipelineRenderGraph.cs:24)
UnityEngine.Rendering.Universal.UniversalRenderPipeline:RenderSingleCamera (UnityEngine.Rendering.ScriptableRenderContext,UnityEngine.Rendering.Universal.UniversalCameraData) (at ./Library/PackageCache/com.unity.render-pipelines.universal@ba24149c0920/Runtime/UniversalRenderPipeline.cs:855)
UnityEngine.Rendering.Universal.UniversalRenderPipeline:RenderSingleCameraInternal (UnityEngine.Rendering.ScriptableRenderContext,UnityEngine.Camera,UnityEngine.Rendering.Universal.UniversalAdditionalCameraData&,bool) (at ./Library/PackageCache/com.unity.render-pipelines.universal@ba24149c0920/Runtime/UniversalRenderPipeline.cs:688)
UnityEngine.Rendering.Universal.UniversalRenderPipeline:RenderSingleCameraInternal (UnityEngine.Rendering.ScriptableRenderContext,UnityEngine.Camera,bool) (at ./Library/PackageCache/com.unity.render-pipelines.universal@ba24149c0920/Runtime/UniversalRenderPipeline.cs:663)
UnityEngine.Rendering.Universal.UniversalRenderPipeline:Render (UnityEngine.Rendering.ScriptableRenderContext,System.Collections.Generic.List`1<UnityEngine.Camera>) (at ./Library/PackageCache/com.unity.render-pipelines.universal@ba24149c0920/Runtime/UniversalRenderPipeline.cs:480)
UnityEngine.Rendering.RenderPipeline:InternalRender (UnityEngine.Rendering.ScriptableRenderContext,System.Collections.Generic.List`1<UnityEngine.Camera>)
UnityEngine.Rendering.RenderPipelineManager:DoRenderLoop_Internal (UnityEngine.Rendering.RenderPipelineAsset,intptr,UnityEngine.Object,Unity.Collections.LowLevel.Unsafe.AtomicSafetyHandle)
UnityEngine.Camera:Render ()
UnityEditor.PreviewRenderUtility:Render (bool,bool)
UnityEditor.MaterialEditor:DoRenderPreview (UnityEditor.PreviewRenderUtility,bool)
UnityEditor.MaterialEditor:RenderStaticPreview (string,UnityEngine.Object[],int,int)
UnityEditor.AssetPreviewUpdater:CreatePreview (UnityEngine.Object,UnityEngine.Object[],string,int,int)
UnityEditor.AssetPreviewUpdater:CreatePreviewForAsset (UnityEngine.Object,UnityEngine.Object[],string)

(Filename: ./Library/PackageCache/com.unity.render-pipelines.universal@ba24149c0920/Runtime/Passes/ScriptableRenderPass.cs Line: 724)

The render pass PSX.DitheringPass does not have an implementation of the RecordRenderGraph method. Please implement this method, or consider turning on Compatibility Mode (RenderGraph disabled) in the menu Edit > Project Settings > Graphics > URP. Otherwise the render pass will have no effect. For more information, refer to https://docs.unity3d.com/Packages/com.unity.render-pipelines.universal@latest/index.html?subfolder=/manual/customizing-urp.html.
UnityEngine.Debug:ExtractStackTraceNoAlloc (byte*,int,string)
UnityEngine.StackTraceUtility:ExtractStackTrace ()
UnityEngine.DebugLogHandler:Internal_Log (UnityEngine.LogType,UnityEngine.LogOption,string,UnityEngine.Object)
UnityEngine.DebugLogHandler:LogFormat (UnityEngine.LogType,UnityEngine.Object,string,object[])
UnityEngine.Logger:Log (UnityEngine.LogType,object)
UnityEngine.Debug:LogWarning (object)
UnityEngine.Rendering.Universal.ScriptableRenderPass:RecordRenderGraph (UnityEngine.Rendering.RenderGraphModule.RenderGraph,UnityEngine.Rendering.ContextContainer) (at ./Library/PackageCache/com.unity.render-pipelines.universal@ba24149c0920/Runtime/Passes/ScriptableRenderPass.cs:724)
UnityEngine.Rendering.Universal.ScriptableRenderer:RecordCustomRenderGraphPassesInEventRange (UnityEngine.Rendering.RenderGraphModule.RenderGraph,UnityEngine.Rendering.Universal.RenderPassEvent,UnityEngine.Rendering.Universal.RenderPassEvent) (at ./Library/PackageCache/com.unity.render-pipelines.universal@ba24149c0920/Runtime/ScriptableRenderer.cs:1250)
UnityEngine.Rendering.Universal.ScriptableRenderer:RecordCustomRenderGraphPasses (UnityEngine.Rendering.RenderGraphModule.RenderGraph,UnityEngine.Rendering.Universal.RenderPassEvent,UnityEngine.Rendering.Universal.RenderPassEvent) (at ./Library/PackageCache/com.unity.render-pipelines.universal@ba24149c0920/Runtime/ScriptableRenderer.cs:1269)
UnityEngine.Rendering.Universal.ScriptableRenderer:RecordCustomRenderGraphPasses (UnityEngine.Rendering.RenderGraphModule.RenderGraph,UnityEngine.Rendering.Universal.RenderPassEvent) (at ./Library/PackageCache/com.unity.render-pipelines.universal@ba24149c0920/Runtime/ScriptableRenderer.cs:1274)
UnityEngine.Rendering.Universal.UniversalRenderer:OnAfterRendering (UnityEngine.Rendering.RenderGraphModule.RenderGraph) (at ./Library/PackageCache/com.unity.render-pipelines.universal@ba24149c0920/Runtime/UniversalRendererRenderGraph.cs:1436)
UnityEngine.Rendering.Universal.UniversalRenderer:OnRecordRenderGraph (UnityEngine.Rendering.RenderGraphModule.RenderGraph,UnityEngine.Rendering.ScriptableRenderContext) (at ./Library/PackageCache/com.unity.render-pipelines.universal@ba24149c0920/Runtime/UniversalRendererRenderGraph.cs:806)
UnityEngine.Rendering.Universal.ScriptableRenderer:RecordRenderGraph (UnityEngine.Rendering.RenderGraphModule.RenderGraph,UnityEngine.Rendering.ScriptableRenderContext) (at ./Library/PackageCache/com.unity.render-pipelines.universal@ba24149c0920/Runtime/ScriptableRenderer.cs:1203)
UnityEngine.Rendering.Universal.UniversalRenderPipeline:RecordRenderGraph (UnityEngine.Rendering.RenderGraphModule.RenderGraph,UnityEngine.Rendering.ScriptableRenderContext,UnityEngine.Rendering.Universal.ScriptableRenderer) (at ./Library/PackageCache/com.unity.render-pipelines.universal@ba24149c0920/Runtime/UniversalRenderPipelineRenderGraph.cs:10)
UnityEngine.Rendering.Universal.UniversalRenderPipeline:RecordAndExecuteRenderGraph (UnityEngine.Rendering.RenderGraphModule.RenderGraph,UnityEngine.Rendering.ScriptableRenderContext,UnityEngine.Rendering.Universal.ScriptableRenderer,UnityEngine.Rendering.CommandBuffer,UnityEngine.Camera,string) (at ./Library/PackageCache/com.unity.render-pipelines.universal@ba24149c0920/Runtime/UniversalRenderPipelineRenderGraph.cs:24)
UnityEngine.Rendering.Universal.UniversalRenderPipeline:RenderSingleCamera (UnityEngine.Rendering.ScriptableRenderContext,UnityEngine.Rendering.Universal.UniversalCameraData) (at ./Library/PackageCache/com.unity.render-pipelines.universal@ba24149c0920/Runtime/UniversalRenderPipeline.cs:855)
UnityEngine.Rendering.Universal.UniversalRenderPipeline:RenderSingleCameraInternal (UnityEngine.Rendering.ScriptableRenderContext,UnityEngine.Camera,UnityEngine.Rendering.Universal.UniversalAdditionalCameraData&,bool) (at ./Library/PackageCache/com.unity.render-pipelines.universal@ba24149c0920/Runtime/UniversalRenderPipeline.cs:688)
UnityEngine.Rendering.Universal.UniversalRenderPipeline:RenderSingleCameraInternal (UnityEngine.Rendering.ScriptableRenderContext,UnityEngine.Camera,bool) (at ./Library/PackageCache/com.unity.render-pipelines.universal@ba24149c0920/Runtime/UniversalRenderPipeline.cs:663)
UnityEngine.Rendering.Universal.UniversalRenderPipeline:Render (UnityEngine.Rendering.ScriptableRenderContext,System.Collections.Generic.List`1<UnityEngine.Camera>) (at ./Library/PackageCache/com.unity.render-pipelines.universal@ba24149c0920/Runtime/UniversalRenderPipeline.cs:480)
UnityEngine.Rendering.RenderPipeline:InternalRender (UnityEngine.Rendering.ScriptableRenderContext,System.Collections.Generic.List`1<UnityEngine.Camera>)
UnityEngine.Rendering.RenderPipelineManager:DoRenderLoop_Internal (UnityEngine.Rendering.RenderPipelineAsset,intptr,UnityEngine.Object,Unity.Collections.LowLevel.Unsafe.AtomicSafetyHandle)
UnityEngine.Camera:Render ()
UnityEditor.PreviewRenderUtility:Render (bool,bool)
UnityEditor.MaterialEditor:DoRenderPreview (UnityEditor.PreviewRenderUtility,bool)
UnityEditor.MaterialEditor:RenderStaticPreview (string,UnityEngine.Object[],int,int)
UnityEditor.AssetPreviewUpdater:CreatePreview (UnityEngine.Object,UnityEngine.Object[],string,int,int)
UnityEditor.AssetPreviewUpdater:CreatePreviewForAsset (UnityEngine.Object,UnityEngine.Object[],string)

(Filename: ./Library/PackageCache/com.unity.render-pipelines.universal@ba24149c0920/Runtime/Passes/ScriptableRenderPass.cs Line: 724)

The render pass PSX.CRTPass does not have an implementation of the RecordRenderGraph method. Please implement this method, or consider turning on Compatibility Mode (RenderGraph disabled) in the menu Edit > Project Settings > Graphics > URP. Otherwise the render pass will have no effect. For more information, refer to https://docs.unity3d.com/Packages/com.unity.render-pipelines.universal@latest/index.html?subfolder=/manual/customizing-urp.html.
UnityEngine.Debug:ExtractStackTraceNoAlloc (byte*,int,string)
UnityEngine.StackTraceUtility:ExtractStackTrace ()
UnityEngine.DebugLogHandler:Internal_Log (UnityEngine.LogType,UnityEngine.LogOption,string,UnityEngine.Object)
UnityEngine.DebugLogHandler:LogFormat (UnityEngine.LogType,UnityEngine.Object,string,object[])
UnityEngine.Logger:Log (UnityEngine.LogType,object)
UnityEngine.Debug:LogWarning (object)
UnityEngine.Rendering.Universal.ScriptableRenderPass:RecordRenderGraph (UnityEngine.Rendering.RenderGraphModule.RenderGraph,UnityEngine.Rendering.ContextContainer) (at ./Library/PackageCache/com.unity.render-pipelines.universal@ba24149c0920/Runtime/Passes/ScriptableRenderPass.cs:724)
UnityEngine.Rendering.Universal.ScriptableRenderer:RecordCustomRenderGraphPassesInEventRange (UnityEngine.Rendering.RenderGraphModule.RenderGraph,UnityEngine.Rendering.Universal.RenderPassEvent,UnityEngine.Rendering.Universal.RenderPassEvent) (at ./Library/PackageCache/com.unity.render-pipelines.universal@ba24149c0920/Runtime/ScriptableRenderer.cs:1250)
UnityEngine.Rendering.Universal.ScriptableRenderer:RecordCustomRenderGraphPasses (UnityEngine.Rendering.RenderGraphModule.RenderGraph,UnityEngine.Rendering.Universal.RenderPassEvent,UnityEngine.Rendering.Universal.RenderPassEvent) (at ./Library/PackageCache/com.unity.render-pipelines.universal@ba24149c0920/Runtime/ScriptableRenderer.cs:1269)
UnityEngine.Rendering.Universal.ScriptableRenderer:RecordCustomRenderGraphPasses (UnityEngine.Rendering.RenderGraphModule.RenderGraph,UnityEngine.Rendering.Universal.RenderPassEvent) (at ./Library/PackageCache/com.unity.render-pipelines.universal@ba24149c0920/Runtime/ScriptableRenderer.cs:1274)
UnityEngine.Rendering.Universal.UniversalRenderer:OnAfterRendering (UnityEngine.Rendering.RenderGraphModule.RenderGraph) (at ./Library/PackageCache/com.unity.render-pipelines.universal@ba24149c0920/Runtime/UniversalRendererRenderGraph.cs:1436)
UnityEngine.Rendering.Universal.UniversalRenderer:OnRecordRenderGraph (UnityEngine.Rendering.RenderGraphModule.RenderGraph,UnityEngine.Rendering.ScriptableRenderContext) (at ./Library/PackageCache/com.unity.render-pipelines.universal@ba24149c0920/Runtime/UniversalRendererRenderGraph.cs:806)
UnityEngine.Rendering.Universal.ScriptableRenderer:RecordRenderGraph (UnityEngine.Rendering.RenderGraphModule.RenderGraph,UnityEngine.Rendering.ScriptableRenderContext) (at ./Library/PackageCache/com.unity.render-pipelines.universal@ba24149c0920/Runtime/ScriptableRenderer.cs:1203)
UnityEngine.Rendering.Universal.UniversalRenderPipeline:RecordRenderGraph (UnityEngine.Rendering.RenderGraphModule.RenderGraph,UnityEngine.Rendering.ScriptableRenderContext,UnityEngine.Rendering.Universal.ScriptableRenderer) (at ./Library/PackageCache/com.unity.render-pipelines.universal@ba24149c0920/Runtime/UniversalRenderPipelineRenderGraph.cs:10)
UnityEngine.Rendering.Universal.UniversalRenderPipeline:RecordAndExecuteRenderGraph (UnityEngine.Rendering.RenderGraphModule.RenderGraph,UnityEngine.Rendering.ScriptableRenderContext,UnityEngine.Rendering.Universal.ScriptableRenderer,UnityEngine.Rendering.CommandBuffer,UnityEngine.Camera,string) (at ./Library/PackageCache/com.unity.render-pipelines.universal@ba24149c0920/Runtime/UniversalRenderPipelineRenderGraph.cs:24)
UnityEngine.Rendering.Universal.UniversalRenderPipeline:RenderSingleCamera (UnityEngine.Rendering.ScriptableRenderContext,UnityEngine.Rendering.Universal.UniversalCameraData) (at ./Library/PackageCache/com.unity.render-pipelines.universal@ba24149c0920/Runtime/UniversalRenderPipeline.cs:855)
UnityEngine.Rendering.Universal.UniversalRenderPipeline:RenderSingleCameraInternal (UnityEngine.Rendering.ScriptableRenderContext,UnityEngine.Camera,UnityEngine.Rendering.Universal.UniversalAdditionalCameraData&,bool) (at ./Library/PackageCache/com.unity.render-pipelines.universal@ba24149c0920/Runtime/UniversalRenderPipeline.cs:688)
UnityEngine.Rendering.Universal.UniversalRenderPipeline:RenderSingleCameraInternal (UnityEngine.Rendering.ScriptableRenderContext,UnityEngine.Camera,bool) (at ./Library/PackageCache/com.unity.render-pipelines.universal@ba24149c0920/Runtime/UniversalRenderPipeline.cs:663)
UnityEngine.Rendering.Universal.UniversalRenderPipeline:Render (UnityEngine.Rendering.ScriptableRenderContext,System.Collections.Generic.List`1<UnityEngine.Camera>) (at ./Library/PackageCache/com.unity.render-pipelines.universal@ba24149c0920/Runtime/UniversalRenderPipeline.cs:480)
UnityEngine.Rendering.RenderPipeline:InternalRender (UnityEngine.Rendering.ScriptableRenderContext,System.Collections.Generic.List`1<UnityEngine.Camera>)
UnityEngine.Rendering.RenderPipelineManager:DoRenderLoop_Internal (UnityEngine.Rendering.RenderPipelineAsset,intptr,UnityEngine.Object,Unity.Collections.LowLevel.Unsafe.AtomicSafetyHandle)
UnityEngine.Camera:Render ()
UnityEditor.PreviewRenderUtility:Render (bool,bool)
UnityEditor.MaterialEditor:DoRenderPreview (UnityEditor.PreviewRenderUtility,bool)
UnityEditor.MaterialEditor:RenderStaticPreview (string,UnityEngine.Object[],int,int)
UnityEditor.AssetPreviewUpdater:CreatePreview (UnityEngine.Object,UnityEngine.Object[],string,int,int)
UnityEditor.AssetPreviewUpdater:CreatePreviewForAsset (UnityEngine.Object,UnityEngine.Object[],string)

(Filename: ./Library/PackageCache/com.unity.render-pipelines.universal@ba24149c0920/Runtime/Passes/ScriptableRenderPass.cs Line: 724)

 -> (artifact id: 'c2759735c54a825d9766cdfb40d958e1') in 0.530544 seconds
Number of updated asset objects reloaded before import = 0Number of asset objects unloaded after import = 29

========================================================================
Received Import Request.
  Time since last request: 0.000051 seconds.
  path: Assets/AddressableAssetsData/AssetGroups/Schemas/Localization-Locales_ContentUpdateGroupSchema.asset
  artifactKey: Guid(134176671af2bf74c98f8e0a96762fa4) Importer(815301076,1909f56bfc062723c751e8b465ee728b)
Start importing Assets/AddressableAssetsData/AssetGroups/Schemas/Localization-Locales_ContentUpdateGroupSchema.asset using Guid(134176671af2bf74c98f8e0a96762fa4) Importer(815301076,1909f56bfc062723c751e8b465ee728b) (PreviewImporter) -> (artifact id: 'e81bdfbe5ba804a8f4f857fab1f36aad') in 0.001481 seconds
Number of updated asset objects reloaded before import = 0Number of asset objects unloaded after import = 1

========================================================================
Received Import Request.
  Time since last request: 0.000040 seconds.
  path: Assets/Materials/Psx_Unlit_Buddha.mat
  artifactKey: Guid(93cb96d729cc80c4bad869c1d04c3152) Importer(815301076,1909f56bfc062723c751e8b465ee728b)
Start importing Assets/Materials/Psx_Unlit_Buddha.mat using Guid(93cb96d729cc80c4bad869c1d04c3152) Importer(815301076,1909f56bfc062723c751e8b465ee728b) (PreviewImporter)The render pass PSX.FogPass does not have an implementation of the RecordRenderGraph method. Please implement this method, or consider turning on Compatibility Mode (RenderGraph disabled) in the menu Edit > Project Settings > Graphics > URP. Otherwise the render pass will have no effect. For more information, refer to https://docs.unity3d.com/Packages/com.unity.render-pipelines.universal@latest/index.html?subfolder=/manual/customizing-urp.html.
UnityEngine.Debug:ExtractStackTraceNoAlloc (byte*,int,string)
UnityEngine.StackTraceUtility:ExtractStackTrace ()
UnityEngine.DebugLogHandler:Internal_Log (UnityEngine.LogType,UnityEngine.LogOption,string,UnityEngine.Object)
UnityEngine.DebugLogHandler:LogFormat (UnityEngine.LogType,UnityEngine.Object,string,object[])
UnityEngine.Logger:Log (UnityEngine.LogType,object)
UnityEngine.Debug:LogWarning (object)
UnityEngine.Rendering.Universal.ScriptableRenderPass:RecordRenderGraph (UnityEngine.Rendering.RenderGraphModule.RenderGraph,UnityEngine.Rendering.ContextContainer) (at ./Library/PackageCache/com.unity.render-pipelines.universal@ba24149c0920/Runtime/Passes/ScriptableRenderPass.cs:724)
UnityEngine.Rendering.Universal.ScriptableRenderer:RecordCustomRenderGraphPassesInEventRange (UnityEngine.Rendering.RenderGraphModule.RenderGraph,UnityEngine.Rendering.Universal.RenderPassEvent,UnityEngine.Rendering.Universal.RenderPassEvent) (at ./Library/PackageCache/com.unity.render-pipelines.universal@ba24149c0920/Runtime/ScriptableRenderer.cs:1250)
UnityEngine.Rendering.Universal.ScriptableRenderer:RecordCustomRenderGraphPasses (UnityEngine.Rendering.RenderGraphModule.RenderGraph,UnityEngine.Rendering.Universal.RenderPassEvent,UnityEngine.Rendering.Universal.RenderPassEvent) (at ./Library/PackageCache/com.unity.render-pipelines.universal@ba24149c0920/Runtime/ScriptableRenderer.cs:1269)
UnityEngine.Rendering.Universal.ScriptableRenderer:RecordCustomRenderGraphPasses (UnityEngine.Rendering.RenderGraphModule.RenderGraph,UnityEngine.Rendering.Universal.RenderPassEvent) (at ./Library/PackageCache/com.unity.render-pipelines.universal@ba24149c0920/Runtime/ScriptableRenderer.cs:1274)
UnityEngine.Rendering.Universal.UniversalRenderer:OnAfterRendering (UnityEngine.Rendering.RenderGraphModule.RenderGraph) (at ./Library/PackageCache/com.unity.render-pipelines.universal@ba24149c0920/Runtime/UniversalRendererRenderGraph.cs:1436)
UnityEngine.Rendering.Universal.UniversalRenderer:OnRecordRenderGraph (UnityEngine.Rendering.RenderGraphModule.RenderGraph,UnityEngine.Rendering.ScriptableRenderContext) (at ./Library/PackageCache/com.unity.render-pipelines.universal@ba24149c0920/Runtime/UniversalRendererRenderGraph.cs:806)
UnityEngine.Rendering.Universal.ScriptableRenderer:RecordRenderGraph (UnityEngine.Rendering.RenderGraphModule.RenderGraph,UnityEngine.Rendering.ScriptableRenderContext) (at ./Library/PackageCache/com.unity.render-pipelines.universal@ba24149c0920/Runtime/ScriptableRenderer.cs:1203)
UnityEngine.Rendering.Universal.UniversalRenderPipeline:RecordRenderGraph (UnityEngine.Rendering.RenderGraphModule.RenderGraph,UnityEngine.Rendering.ScriptableRenderContext,UnityEngine.Rendering.Universal.ScriptableRenderer) (at ./Library/PackageCache/com.unity.render-pipelines.universal@ba24149c0920/Runtime/UniversalRenderPipelineRenderGraph.cs:10)
UnityEngine.Rendering.Universal.UniversalRenderPipeline:RecordAndExecuteRenderGraph (UnityEngine.Rendering.RenderGraphModule.RenderGraph,UnityEngine.Rendering.ScriptableRenderContext,UnityEngine.Rendering.Universal.ScriptableRenderer,UnityEngine.Rendering.CommandBuffer,UnityEngine.Camera,string) (at ./Library/PackageCache/com.unity.render-pipelines.universal@ba24149c0920/Runtime/UniversalRenderPipelineRenderGraph.cs:24)
UnityEngine.Rendering.Universal.UniversalRenderPipeline:RenderSingleCamera (UnityEngine.Rendering.ScriptableRenderContext,UnityEngine.Rendering.Universal.UniversalCameraData) (at ./Library/PackageCache/com.unity.render-pipelines.universal@ba24149c0920/Runtime/UniversalRenderPipeline.cs:855)
UnityEngine.Rendering.Universal.UniversalRenderPipeline:RenderSingleCameraInternal (UnityEngine.Rendering.ScriptableRenderContext,UnityEngine.Camera,UnityEngine.Rendering.Universal.UniversalAdditionalCameraData&,bool) (at ./Library/PackageCache/com.unity.render-pipelines.universal@ba24149c0920/Runtime/UniversalRenderPipeline.cs:688)
UnityEngine.Rendering.Universal.UniversalRenderPipeline:RenderSingleCameraInternal (UnityEngine.Rendering.ScriptableRenderContext,UnityEngine.Camera,bool) (at ./Library/PackageCache/com.unity.render-pipelines.universal@ba24149c0920/Runtime/UniversalRenderPipeline.cs:663)
UnityEngine.Rendering.Universal.UniversalRenderPipeline:Render (UnityEngine.Rendering.ScriptableRenderContext,System.Collections.Generic.List`1<UnityEngine.Camera>) (at ./Library/PackageCache/com.unity.render-pipelines.universal@ba24149c0920/Runtime/UniversalRenderPipeline.cs:480)
UnityEngine.Rendering.RenderPipeline:InternalRender (UnityEngine.Rendering.ScriptableRenderContext,System.Collections.Generic.List`1<UnityEngine.Camera>)
UnityEngine.Rendering.RenderPipelineManager:DoRenderLoop_Internal (UnityEngine.Rendering.RenderPipelineAsset,intptr,UnityEngine.Object,Unity.Collections.LowLevel.Unsafe.AtomicSafetyHandle)
UnityEngine.Camera:Render ()
UnityEditor.PreviewRenderUtility:Render (bool,bool)
UnityEditor.MaterialEditor:DoRenderPreview (UnityEditor.PreviewRenderUtility,bool)
UnityEditor.MaterialEditor:RenderStaticPreview (string,UnityEngine.Object[],int,int)
UnityEditor.AssetPreviewUpdater:CreatePreview (UnityEngine.Object,UnityEngine.Object[],string,int,int)
UnityEditor.AssetPreviewUpdater:CreatePreviewForAsset (UnityEngine.Object,UnityEngine.Object[],string)

(Filename: ./Library/PackageCache/com.unity.render-pipelines.universal@ba24149c0920/Runtime/Passes/ScriptableRenderPass.cs Line: 724)

The render pass PSX.PixelationPass does not have an implementation of the RecordRenderGraph method. Please implement this method, or consider turning on Compatibility Mode (RenderGraph disabled) in the menu Edit > Project Settings > Graphics > URP. Otherwise the render pass will have no effect. For more information, refer to https://docs.unity3d.com/Packages/com.unity.render-pipelines.universal@latest/index.html?subfolder=/manual/customizing-urp.html.
UnityEngine.Debug:ExtractStackTraceNoAlloc (byte*,int,string)
UnityEngine.StackTraceUtility:ExtractStackTrace ()
UnityEngine.DebugLogHandler:Internal_Log (UnityEngine.LogType,UnityEngine.LogOption,string,UnityEngine.Object)
UnityEngine.DebugLogHandler:LogFormat (UnityEngine.LogType,UnityEngine.Object,string,object[])
UnityEngine.Logger:Log (UnityEngine.LogType,object)
UnityEngine.Debug:LogWarning (object)
UnityEngine.Rendering.Universal.ScriptableRenderPass:RecordRenderGraph (UnityEngine.Rendering.RenderGraphModule.RenderGraph,UnityEngine.Rendering.ContextContainer) (at ./Library/PackageCache/com.unity.render-pipelines.universal@ba24149c0920/Runtime/Passes/ScriptableRenderPass.cs:724)
UnityEngine.Rendering.Universal.ScriptableRenderer:RecordCustomRenderGraphPassesInEventRange (UnityEngine.Rendering.RenderGraphModule.RenderGraph,UnityEngine.Rendering.Universal.RenderPassEvent,UnityEngine.Rendering.Universal.RenderPassEvent) (at ./Library/PackageCache/com.unity.render-pipelines.universal@ba24149c0920/Runtime/ScriptableRenderer.cs:1250)
UnityEngine.Rendering.Universal.ScriptableRenderer:RecordCustomRenderGraphPasses (UnityEngine.Rendering.RenderGraphModule.RenderGraph,UnityEngine.Rendering.Universal.RenderPassEvent,UnityEngine.Rendering.Universal.RenderPassEvent) (at ./Library/PackageCache/com.unity.render-pipelines.universal@ba24149c0920/Runtime/ScriptableRenderer.cs:1269)
UnityEngine.Rendering.Universal.ScriptableRenderer:RecordCustomRenderGraphPasses (UnityEngine.Rendering.RenderGraphModule.RenderGraph,UnityEngine.Rendering.Universal.RenderPassEvent) (at ./Library/PackageCache/com.unity.render-pipelines.universal@ba24149c0920/Runtime/ScriptableRenderer.cs:1274)
UnityEngine.Rendering.Universal.UniversalRenderer:OnAfterRendering (UnityEngine.Rendering.RenderGraphModule.RenderGraph) (at ./Library/PackageCache/com.unity.render-pipelines.universal@ba24149c0920/Runtime/UniversalRendererRenderGraph.cs:1436)
UnityEngine.Rendering.Universal.UniversalRenderer:OnRecordRenderGraph (UnityEngine.Rendering.RenderGraphModule.RenderGraph,UnityEngine.Rendering.ScriptableRenderContext) (at ./Library/PackageCache/com.unity.render-pipelines.universal@ba24149c0920/Runtime/UniversalRendererRenderGraph.cs:806)
UnityEngine.Rendering.Universal.ScriptableRenderer:RecordRenderGraph (UnityEngine.Rendering.RenderGraphModule.RenderGraph,UnityEngine.Rendering.ScriptableRenderContext) (at ./Library/PackageCache/com.unity.render-pipelines.universal@ba24149c0920/Runtime/ScriptableRenderer.cs:1203)
UnityEngine.Rendering.Universal.UniversalRenderPipeline:RecordRenderGraph (UnityEngine.Rendering.RenderGraphModule.RenderGraph,UnityEngine.Rendering.ScriptableRenderContext,UnityEngine.Rendering.Universal.ScriptableRenderer) (at ./Library/PackageCache/com.unity.render-pipelines.universal@ba24149c0920/Runtime/UniversalRenderPipelineRenderGraph.cs:10)
UnityEngine.Rendering.Universal.UniversalRenderPipeline:RecordAndExecuteRenderGraph (UnityEngine.Rendering.RenderGraphModule.RenderGraph,UnityEngine.Rendering.ScriptableRenderContext,UnityEngine.Rendering.Universal.ScriptableRenderer,UnityEngine.Rendering.CommandBuffer,UnityEngine.Camera,string) (at ./Library/PackageCache/com.unity.render-pipelines.universal@ba24149c0920/Runtime/UniversalRenderPipelineRenderGraph.cs:24)
UnityEngine.Rendering.Universal.UniversalRenderPipeline:RenderSingleCamera (UnityEngine.Rendering.ScriptableRenderContext,UnityEngine.Rendering.Universal.UniversalCameraData) (at ./Library/PackageCache/com.unity.render-pipelines.universal@ba24149c0920/Runtime/UniversalRenderPipeline.cs:855)
UnityEngine.Rendering.Universal.UniversalRenderPipeline:RenderSingleCameraInternal (UnityEngine.Rendering.ScriptableRenderContext,UnityEngine.Camera,UnityEngine.Rendering.Universal.UniversalAdditionalCameraData&,bool) (at ./Library/PackageCache/com.unity.render-pipelines.universal@ba24149c0920/Runtime/UniversalRenderPipeline.cs:688)
UnityEngine.Rendering.Universal.UniversalRenderPipeline:RenderSingleCameraInternal (UnityEngine.Rendering.ScriptableRenderContext,UnityEngine.Camera,bool) (at ./Library/PackageCache/com.unity.render-pipelines.universal@ba24149c0920/Runtime/UniversalRenderPipeline.cs:663)
UnityEngine.Rendering.Universal.UniversalRenderPipeline:Render (UnityEngine.Rendering.ScriptableRenderContext,System.Collections.Generic.List`1<UnityEngine.Camera>) (at ./Library/PackageCache/com.unity.render-pipelines.universal@ba24149c0920/Runtime/UniversalRenderPipeline.cs:480)
UnityEngine.Rendering.RenderPipeline:InternalRender (UnityEngine.Rendering.ScriptableRenderContext,System.Collections.Generic.List`1<UnityEngine.Camera>)
UnityEngine.Rendering.RenderPipelineManager:DoRenderLoop_Internal (UnityEngine.Rendering.RenderPipelineAsset,intptr,UnityEngine.Object,Unity.Collections.LowLevel.Unsafe.AtomicSafetyHandle)
UnityEngine.Camera:Render ()
UnityEditor.PreviewRenderUtility:Render (bool,bool)
UnityEditor.MaterialEditor:DoRenderPreview (UnityEditor.PreviewRenderUtility,bool)
UnityEditor.MaterialEditor:RenderStaticPreview (string,UnityEngine.Object[],int,int)
UnityEditor.AssetPreviewUpdater:CreatePreview (UnityEngine.Object,UnityEngine.Object[],string,int,int)
UnityEditor.AssetPreviewUpdater:CreatePreviewForAsset (UnityEngine.Object,UnityEngine.Object[],string)

(Filename: ./Library/PackageCache/com.unity.render-pipelines.universal@ba24149c0920/Runtime/Passes/ScriptableRenderPass.cs Line: 724)

The render pass PSX.DitheringPass does not have an implementation of the RecordRenderGraph method. Please implement this method, or consider turning on Compatibility Mode (RenderGraph disabled) in the menu Edit > Project Settings > Graphics > URP. Otherwise the render pass will have no effect. For more information, refer to https://docs.unity3d.com/Packages/com.unity.render-pipelines.universal@latest/index.html?subfolder=/manual/customizing-urp.html.
UnityEngine.Debug:ExtractStackTraceNoAlloc (byte*,int,string)
UnityEngine.StackTraceUtility:ExtractStackTrace ()
UnityEngine.DebugLogHandler:Internal_Log (UnityEngine.LogType,UnityEngine.LogOption,string,UnityEngine.Object)
UnityEngine.DebugLogHandler:LogFormat (UnityEngine.LogType,UnityEngine.Object,string,object[])
UnityEngine.Logger:Log (UnityEngine.LogType,object)
UnityEngine.Debug:LogWarning (object)
UnityEngine.Rendering.Universal.ScriptableRenderPass:RecordRenderGraph (UnityEngine.Rendering.RenderGraphModule.RenderGraph,UnityEngine.Rendering.ContextContainer) (at ./Library/PackageCache/com.unity.render-pipelines.universal@ba24149c0920/Runtime/Passes/ScriptableRenderPass.cs:724)
UnityEngine.Rendering.Universal.ScriptableRenderer:RecordCustomRenderGraphPassesInEventRange (UnityEngine.Rendering.RenderGraphModule.RenderGraph,UnityEngine.Rendering.Universal.RenderPassEvent,UnityEngine.Rendering.Universal.RenderPassEvent) (at ./Library/PackageCache/com.unity.render-pipelines.universal@ba24149c0920/Runtime/ScriptableRenderer.cs:1250)
UnityEngine.Rendering.Universal.ScriptableRenderer:RecordCustomRenderGraphPasses (UnityEngine.Rendering.RenderGraphModule.RenderGraph,UnityEngine.Rendering.Universal.RenderPassEvent,UnityEngine.Rendering.Universal.RenderPassEvent) (at ./Library/PackageCache/com.unity.render-pipelines.universal@ba24149c0920/Runtime/ScriptableRenderer.cs:1269)
UnityEngine.Rendering.Universal.ScriptableRenderer:RecordCustomRenderGraphPasses (UnityEngine.Rendering.RenderGraphModule.RenderGraph,UnityEngine.Rendering.Universal.RenderPassEvent) (at ./Library/PackageCache/com.unity.render-pipelines.universal@ba24149c0920/Runtime/ScriptableRenderer.cs:1274)
UnityEngine.Rendering.Universal.UniversalRenderer:OnAfterRendering (UnityEngine.Rendering.RenderGraphModule.RenderGraph) (at ./Library/PackageCache/com.unity.render-pipelines.universal@ba24149c0920/Runtime/UniversalRendererRenderGraph.cs:1436)
UnityEngine.Rendering.Universal.UniversalRenderer:OnRecordRenderGraph (UnityEngine.Rendering.RenderGraphModule.RenderGraph,UnityEngine.Rendering.ScriptableRenderContext) (at ./Library/PackageCache/com.unity.render-pipelines.universal@ba24149c0920/Runtime/UniversalRendererRenderGraph.cs:806)
UnityEngine.Rendering.Universal.ScriptableRenderer:RecordRenderGraph (UnityEngine.Rendering.RenderGraphModule.RenderGraph,UnityEngine.Rendering.ScriptableRenderContext) (at ./Library/PackageCache/com.unity.render-pipelines.universal@ba24149c0920/Runtime/ScriptableRenderer.cs:1203)
UnityEngine.Rendering.Universal.UniversalRenderPipeline:RecordRenderGraph (UnityEngine.Rendering.RenderGraphModule.RenderGraph,UnityEngine.Rendering.ScriptableRenderContext,UnityEngine.Rendering.Universal.ScriptableRenderer) (at ./Library/PackageCache/com.unity.render-pipelines.universal@ba24149c0920/Runtime/UniversalRenderPipelineRenderGraph.cs:10)
UnityEngine.Rendering.Universal.UniversalRenderPipeline:RecordAndExecuteRenderGraph (UnityEngine.Rendering.RenderGraphModule.RenderGraph,UnityEngine.Rendering.ScriptableRenderContext,UnityEngine.Rendering.Universal.ScriptableRenderer,UnityEngine.Rendering.CommandBuffer,UnityEngine.Camera,string) (at ./Library/PackageCache/com.unity.render-pipelines.universal@ba24149c0920/Runtime/UniversalRenderPipelineRenderGraph.cs:24)
UnityEngine.Rendering.Universal.UniversalRenderPipeline:RenderSingleCamera (UnityEngine.Rendering.ScriptableRenderContext,UnityEngine.Rendering.Universal.UniversalCameraData) (at ./Library/PackageCache/com.unity.render-pipelines.universal@ba24149c0920/Runtime/UniversalRenderPipeline.cs:855)
UnityEngine.Rendering.Universal.UniversalRenderPipeline:RenderSingleCameraInternal (UnityEngine.Rendering.ScriptableRenderContext,UnityEngine.Camera,UnityEngine.Rendering.Universal.UniversalAdditionalCameraData&,bool) (at ./Library/PackageCache/com.unity.render-pipelines.universal@ba24149c0920/Runtime/UniversalRenderPipeline.cs:688)
UnityEngine.Rendering.Universal.UniversalRenderPipeline:RenderSingleCameraInternal (UnityEngine.Rendering.ScriptableRenderContext,UnityEngine.Camera,bool) (at ./Library/PackageCache/com.unity.render-pipelines.universal@ba24149c0920/Runtime/UniversalRenderPipeline.cs:663)
UnityEngine.Rendering.Universal.UniversalRenderPipeline:Render (UnityEngine.Rendering.ScriptableRenderContext,System.Collections.Generic.List`1<UnityEngine.Camera>) (at ./Library/PackageCache/com.unity.render-pipelines.universal@ba24149c0920/Runtime/UniversalRenderPipeline.cs:480)
UnityEngine.Rendering.RenderPipeline:InternalRender (UnityEngine.Rendering.ScriptableRenderContext,System.Collections.Generic.List`1<UnityEngine.Camera>)
UnityEngine.Rendering.RenderPipelineManager:DoRenderLoop_Internal (UnityEngine.Rendering.RenderPipelineAsset,intptr,UnityEngine.Object,Unity.Collections.LowLevel.Unsafe.AtomicSafetyHandle)
UnityEngine.Camera:Render ()
UnityEditor.PreviewRenderUtility:Render (bool,bool)
UnityEditor.MaterialEditor:DoRenderPreview (UnityEditor.PreviewRenderUtility,bool)
UnityEditor.MaterialEditor:RenderStaticPreview (string,UnityEngine.Object[],int,int)
UnityEditor.AssetPreviewUpdater:CreatePreview (UnityEngine.Object,UnityEngine.Object[],string,int,int)
UnityEditor.AssetPreviewUpdater:CreatePreviewForAsset (UnityEngine.Object,UnityEngine.Object[],string)

(Filename: ./Library/PackageCache/com.unity.render-pipelines.universal@ba24149c0920/Runtime/Passes/ScriptableRenderPass.cs Line: 724)

The render pass PSX.CRTPass does not have an implementation of the RecordRenderGraph method. Please implement this method, or consider turning on Compatibility Mode (RenderGraph disabled) in the menu Edit > Project Settings > Graphics > URP. Otherwise the render pass will have no effect. For more information, refer to https://docs.unity3d.com/Packages/com.unity.render-pipelines.universal@latest/index.html?subfolder=/manual/customizing-urp.html.
UnityEngine.Debug:ExtractStackTraceNoAlloc (byte*,int,string)
UnityEngine.StackTraceUtility:ExtractStackTrace ()
UnityEngine.DebugLogHandler:Internal_Log (UnityEngine.LogType,UnityEngine.LogOption,string,UnityEngine.Object)
UnityEngine.DebugLogHandler:LogFormat (UnityEngine.LogType,UnityEngine.Object,string,object[])
UnityEngine.Logger:Log (UnityEngine.LogType,object)
UnityEngine.Debug:LogWarning (object)
UnityEngine.Rendering.Universal.ScriptableRenderPass:RecordRenderGraph (UnityEngine.Rendering.RenderGraphModule.RenderGraph,UnityEngine.Rendering.ContextContainer) (at ./Library/PackageCache/com.unity.render-pipelines.universal@ba24149c0920/Runtime/Passes/ScriptableRenderPass.cs:724)
UnityEngine.Rendering.Universal.ScriptableRenderer:RecordCustomRenderGraphPassesInEventRange (UnityEngine.Rendering.RenderGraphModule.RenderGraph,UnityEngine.Rendering.Universal.RenderPassEvent,UnityEngine.Rendering.Universal.RenderPassEvent) (at ./Library/PackageCache/com.unity.render-pipelines.universal@ba24149c0920/Runtime/ScriptableRenderer.cs:1250)
UnityEngine.Rendering.Universal.ScriptableRenderer:RecordCustomRenderGraphPasses (UnityEngine.Rendering.RenderGraphModule.RenderGraph,UnityEngine.Rendering.Universal.RenderPassEvent,UnityEngine.Rendering.Universal.RenderPassEvent) (at ./Library/PackageCache/com.unity.render-pipelines.universal@ba24149c0920/Runtime/ScriptableRenderer.cs:1269)
UnityEngine.Rendering.Universal.ScriptableRenderer:RecordCustomRenderGraphPasses (UnityEngine.Rendering.RenderGraphModule.RenderGraph,UnityEngine.Rendering.Universal.RenderPassEvent) (at ./Library/PackageCache/com.unity.render-pipelines.universal@ba24149c0920/Runtime/ScriptableRenderer.cs:1274)
UnityEngine.Rendering.Universal.UniversalRenderer:OnAfterRendering (UnityEngine.Rendering.RenderGraphModule.RenderGraph) (at ./Library/PackageCache/com.unity.render-pipelines.universal@ba24149c0920/Runtime/UniversalRendererRenderGraph.cs:1436)
UnityEngine.Rendering.Universal.UniversalRenderer:OnRecordRenderGraph (UnityEngine.Rendering.RenderGraphModule.RenderGraph,UnityEngine.Rendering.ScriptableRenderContext) (at ./Library/PackageCache/com.unity.render-pipelines.universal@ba24149c0920/Runtime/UniversalRendererRenderGraph.cs:806)
UnityEngine.Rendering.Universal.ScriptableRenderer:RecordRenderGraph (UnityEngine.Rendering.RenderGraphModule.RenderGraph,UnityEngine.Rendering.ScriptableRenderContext) (at ./Library/PackageCache/com.unity.render-pipelines.universal@ba24149c0920/Runtime/ScriptableRenderer.cs:1203)
UnityEngine.Rendering.Universal.UniversalRenderPipeline:RecordRenderGraph (UnityEngine.Rendering.RenderGraphModule.RenderGraph,UnityEngine.Rendering.ScriptableRenderContext,UnityEngine.Rendering.Universal.ScriptableRenderer) (at ./Library/PackageCache/com.unity.render-pipelines.universal@ba24149c0920/Runtime/UniversalRenderPipelineRenderGraph.cs:10)
UnityEngine.Rendering.Universal.UniversalRenderPipeline:RecordAndExecuteRenderGraph (UnityEngine.Rendering.RenderGraphModule.RenderGraph,UnityEngine.Rendering.ScriptableRenderContext,UnityEngine.Rendering.Universal.ScriptableRenderer,UnityEngine.Rendering.CommandBuffer,UnityEngine.Camera,string) (at ./Library/PackageCache/com.unity.render-pipelines.universal@ba24149c0920/Runtime/UniversalRenderPipelineRenderGraph.cs:24)
UnityEngine.Rendering.Universal.UniversalRenderPipeline:RenderSingleCamera (UnityEngine.Rendering.ScriptableRenderContext,UnityEngine.Rendering.Universal.UniversalCameraData) (at ./Library/PackageCache/com.unity.render-pipelines.universal@ba24149c0920/Runtime/UniversalRenderPipeline.cs:855)
UnityEngine.Rendering.Universal.UniversalRenderPipeline:RenderSingleCameraInternal (UnityEngine.Rendering.ScriptableRenderContext,UnityEngine.Camera,UnityEngine.Rendering.Universal.UniversalAdditionalCameraData&,bool) (at ./Library/PackageCache/com.unity.render-pipelines.universal@ba24149c0920/Runtime/UniversalRenderPipeline.cs:688)
UnityEngine.Rendering.Universal.UniversalRenderPipeline:RenderSingleCameraInternal (UnityEngine.Rendering.ScriptableRenderContext,UnityEngine.Camera,bool) (at ./Library/PackageCache/com.unity.render-pipelines.universal@ba24149c0920/Runtime/UniversalRenderPipeline.cs:663)
UnityEngine.Rendering.Universal.UniversalRenderPipeline:Render (UnityEngine.Rendering.ScriptableRenderContext,System.Collections.Generic.List`1<UnityEngine.Camera>) (at ./Library/PackageCache/com.unity.render-pipelines.universal@ba24149c0920/Runtime/UniversalRenderPipeline.cs:480)
UnityEngine.Rendering.RenderPipeline:InternalRender (UnityEngine.Rendering.ScriptableRenderContext,System.Collections.Generic.List`1<UnityEngine.Camera>)
UnityEngine.Rendering.RenderPipelineManager:DoRenderLoop_Internal (UnityEngine.Rendering.RenderPipelineAsset,intptr,UnityEngine.Object,Unity.Collections.LowLevel.Unsafe.AtomicSafetyHandle)
UnityEngine.Camera:Render ()
UnityEditor.PreviewRenderUtility:Render (bool,bool)
UnityEditor.MaterialEditor:DoRenderPreview (UnityEditor.PreviewRenderUtility,bool)
UnityEditor.MaterialEditor:RenderStaticPreview (string,UnityEngine.Object[],int,int)
UnityEditor.AssetPreviewUpdater:CreatePreview (UnityEngine.Object,UnityEngine.Object[],string,int,int)
UnityEditor.AssetPreviewUpdater:CreatePreviewForAsset (UnityEngine.Object,UnityEngine.Object[],string)

(Filename: ./Library/PackageCache/com.unity.render-pipelines.universal@ba24149c0920/Runtime/Passes/ScriptableRenderPass.cs Line: 724)

 -> (artifact id: 'f696be0ee66db4ce46b80a2b043ee4d1') in 0.0227247 seconds
Number of updated asset objects reloaded before import = 0Number of asset objects unloaded after import = 13

========================================================================
Received Import Request.
  Time since last request: 0.000025 seconds.
  path: Assets/AddressableAssetsData/AssetGroups/Schemas/Default Local Group_BundledAssetGroupSchema.asset
  artifactKey: Guid(120352979a6178f4988b7552305e6db7) Importer(815301076,1909f56bfc062723c751e8b465ee728b)
Start importing Assets/AddressableAssetsData/AssetGroups/Schemas/Default Local Group_BundledAssetGroupSchema.asset using Guid(120352979a6178f4988b7552305e6db7) Importer(815301076,1909f56bfc062723c751e8b465ee728b) (PreviewImporter) -> (artifact id: 'fbbc5436cbef04a7313ed0748293f14d') in 0.0014712 seconds
Number of updated asset objects reloaded before import = 0Number of asset objects unloaded after import = 1

========================================================================
Received Import Request.
  Time since last request: 0.000028 seconds.
  path: Assets/AddressableAssetsData/AssetGroups/Schemas/Localization-String-Tables-Portuguese (pt)_ContentUpdateGroupSchema.asset
  artifactKey: Guid(d90d9cd9bd6a8f146a64bcf0d1805a36) Importer(815301076,1909f56bfc062723c751e8b465ee728b)
Start importing Assets/AddressableAssetsData/AssetGroups/Schemas/Localization-String-Tables-Portuguese (pt)_ContentUpdateGroupSchema.asset using Guid(d90d9cd9bd6a8f146a64bcf0d1805a36) Importer(815301076,1909f56bfc062723c751e8b465ee728b) (PreviewImporter) -> (artifact id: 'b9ea7a0f2c0608715d95a4e686889dc4') in 0.001259 seconds
Number of updated asset objects reloaded before import = 0Number of asset objects unloaded after import = 1

========================================================================
Received Import Request.
  Time since last request: 0.000071 seconds.
  path: Assets/TextMesh Pro/Shaders/SDFFunctions.hlsl
  artifactKey: Guid(96de908384869cd409c75efa351d5edf) Importer(815301076,1909f56bfc062723c751e8b465ee728b)
Start importing Assets/TextMesh Pro/Shaders/SDFFunctions.hlsl using Guid(96de908384869cd409c75efa351d5edf) Importer(815301076,1909f56bfc062723c751e8b465ee728b) (PreviewImporter) -> (artifact id: '7402693cc01572ba6ee9ddb232a2a293') in 0.0016631 seconds
Number of updated asset objects reloaded before import = 0Number of asset objects unloaded after import = 1

========================================================================
Received Import Request.
  Time since last request: 0.000042 seconds.
  path: Assets/TextMesh Pro/Shaders/TMP_SDF-URP Unlit.shadergraph
  artifactKey: Guid(124c112a6e8f1a54e8b0870e881b56d8) Importer(815301076,1909f56bfc062723c751e8b465ee728b)
Start importing Assets/TextMesh Pro/Shaders/TMP_SDF-URP Unlit.shadergraph using Guid(124c112a6e8f1a54e8b0870e881b56d8) Importer(815301076,1909f56bfc062723c751e8b465ee728b) (PreviewImporter)The render pass PSX.FogPass does not have an implementation of the RecordRenderGraph method. Please implement this method, or consider turning on Compatibility Mode (RenderGraph disabled) in the menu Edit > Project Settings > Graphics > URP. Otherwise the render pass will have no effect. For more information, refer to https://docs.unity3d.com/Packages/com.unity.render-pipelines.universal@latest/index.html?subfolder=/manual/customizing-urp.html.
UnityEngine.Debug:ExtractStackTraceNoAlloc (byte*,int,string)
UnityEngine.StackTraceUtility:ExtractStackTrace ()
UnityEngine.DebugLogHandler:Internal_Log (UnityEngine.LogType,UnityEngine.LogOption,string,UnityEngine.Object)
UnityEngine.DebugLogHandler:LogFormat (UnityEngine.LogType,UnityEngine.Object,string,object[])
UnityEngine.Logger:Log (UnityEngine.LogType,object)
UnityEngine.Debug:LogWarning (object)
UnityEngine.Rendering.Universal.ScriptableRenderPass:RecordRenderGraph (UnityEngine.Rendering.RenderGraphModule.RenderGraph,UnityEngine.Rendering.ContextContainer) (at ./Library/PackageCache/com.unity.render-pipelines.universal@ba24149c0920/Runtime/Passes/ScriptableRenderPass.cs:724)
UnityEngine.Rendering.Universal.ScriptableRenderer:RecordCustomRenderGraphPassesInEventRange (UnityEngine.Rendering.RenderGraphModule.RenderGraph,UnityEngine.Rendering.Universal.RenderPassEvent,UnityEngine.Rendering.Universal.RenderPassEvent) (at ./Library/PackageCache/com.unity.render-pipelines.universal@ba24149c0920/Runtime/ScriptableRenderer.cs:1250)
UnityEngine.Rendering.Universal.ScriptableRenderer:RecordCustomRenderGraphPasses (UnityEngine.Rendering.RenderGraphModule.RenderGraph,UnityEngine.Rendering.Universal.RenderPassEvent,UnityEngine.Rendering.Universal.RenderPassEvent) (at ./Library/PackageCache/com.unity.render-pipelines.universal@ba24149c0920/Runtime/ScriptableRenderer.cs:1269)
UnityEngine.Rendering.Universal.ScriptableRenderer:RecordCustomRenderGraphPasses (UnityEngine.Rendering.RenderGraphModule.RenderGraph,UnityEngine.Rendering.Universal.RenderPassEvent) (at ./Library/PackageCache/com.unity.render-pipelines.universal@ba24149c0920/Runtime/ScriptableRenderer.cs:1274)
UnityEngine.Rendering.Universal.UniversalRenderer:OnAfterRendering (UnityEngine.Rendering.RenderGraphModule.RenderGraph) (at ./Library/PackageCache/com.unity.render-pipelines.universal@ba24149c0920/Runtime/UniversalRendererRenderGraph.cs:1436)
UnityEngine.Rendering.Universal.UniversalRenderer:OnRecordRenderGraph (UnityEngine.Rendering.RenderGraphModule.RenderGraph,UnityEngine.Rendering.ScriptableRenderContext) (at ./Library/PackageCache/com.unity.render-pipelines.universal@ba24149c0920/Runtime/UniversalRendererRenderGraph.cs:806)
UnityEngine.Rendering.Universal.ScriptableRenderer:RecordRenderGraph (UnityEngine.Rendering.RenderGraphModule.RenderGraph,UnityEngine.Rendering.ScriptableRenderContext) (at ./Library/PackageCache/com.unity.render-pipelines.universal@ba24149c0920/Runtime/ScriptableRenderer.cs:1203)
UnityEngine.Rendering.Universal.UniversalRenderPipeline:RecordRenderGraph (UnityEngine.Rendering.RenderGraphModule.RenderGraph,UnityEngine.Rendering.ScriptableRenderContext,UnityEngine.Rendering.Universal.ScriptableRenderer) (at ./Library/PackageCache/com.unity.render-pipelines.universal@ba24149c0920/Runtime/UniversalRenderPipelineRenderGraph.cs:10)
UnityEngine.Rendering.Universal.UniversalRenderPipeline:RecordAndExecuteRenderGraph (UnityEngine.Rendering.RenderGraphModule.RenderGraph,UnityEngine.Rendering.ScriptableRenderContext,UnityEngine.Rendering.Universal.ScriptableRenderer,UnityEngine.Rendering.CommandBuffer,UnityEngine.Camera,string) (at ./Library/PackageCache/com.unity.render-pipelines.universal@ba24149c0920/Runtime/UniversalRenderPipelineRenderGraph.cs:24)
UnityEngine.Rendering.Universal.UniversalRenderPipeline:RenderSingleCamera (UnityEngine.Rendering.ScriptableRenderContext,UnityEngine.Rendering.Universal.UniversalCameraData) (at ./Library/PackageCache/com.unity.render-pipelines.universal@ba24149c0920/Runtime/UniversalRenderPipeline.cs:855)
UnityEngine.Rendering.Universal.UniversalRenderPipeline:RenderSingleCameraInternal (UnityEngine.Rendering.ScriptableRenderContext,UnityEngine.Camera,UnityEngine.Rendering.Universal.UniversalAdditionalCameraData&,bool) (at ./Library/PackageCache/com.unity.render-pipelines.universal@ba24149c0920/Runtime/UniversalRenderPipeline.cs:688)
UnityEngine.Rendering.Universal.UniversalRenderPipeline:RenderSingleCameraInternal (UnityEngine.Rendering.ScriptableRenderContext,UnityEngine.Camera,bool) (at ./Library/PackageCache/com.unity.render-pipelines.universal@ba24149c0920/Runtime/UniversalRenderPipeline.cs:663)
UnityEngine.Rendering.Universal.UniversalRenderPipeline:Render (UnityEngine.Rendering.ScriptableRenderContext,System.Collections.Generic.List`1<UnityEngine.Camera>) (at ./Library/PackageCache/com.unity.render-pipelines.universal@ba24149c0920/Runtime/UniversalRenderPipeline.cs:480)
UnityEngine.Rendering.RenderPipeline:InternalRender (UnityEngine.Rendering.ScriptableRenderContext,System.Collections.Generic.List`1<UnityEngine.Camera>)
UnityEngine.Rendering.RenderPipelineManager:DoRenderLoop_Internal (UnityEngine.Rendering.RenderPipelineAsset,intptr,UnityEngine.Object,Unity.Collections.LowLevel.Unsafe.AtomicSafetyHandle)
UnityEngine.Camera:Render ()
UnityEditor.PreviewRenderUtility:Render (bool,bool)
UnityEditor.MaterialEditor:DoRenderPreview (UnityEditor.PreviewRenderUtility,bool)
UnityEditor.MaterialEditor:RenderStaticPreview (string,UnityEngine.Object[],int,int)
UnityEditor.AssetPreviewUpdater:CreatePreview (UnityEngine.Object,UnityEngine.Object[],string,int,int)
UnityEditor.AssetPreviewUpdater:CreatePreviewForAsset (UnityEngine.Object,UnityEngine.Object[],string)

(Filename: ./Library/PackageCache/com.unity.render-pipelines.universal@ba24149c0920/Runtime/Passes/ScriptableRenderPass.cs Line: 724)

The render pass PSX.PixelationPass does not have an implementation of the RecordRenderGraph method. Please implement this method, or consider turning on Compatibility Mode (RenderGraph disabled) in the menu Edit > Project Settings > Graphics > URP. Otherwise the render pass will have no effect. For more information, refer to https://docs.unity3d.com/Packages/com.unity.render-pipelines.universal@latest/index.html?subfolder=/manual/customizing-urp.html.
UnityEngine.Debug:ExtractStackTraceNoAlloc (byte*,int,string)
UnityEngine.StackTraceUtility:ExtractStackTrace ()
UnityEngine.DebugLogHandler:Internal_Log (UnityEngine.LogType,UnityEngine.LogOption,string,UnityEngine.Object)
UnityEngine.DebugLogHandler:LogFormat (UnityEngine.LogType,UnityEngine.Object,string,object[])
UnityEngine.Logger:Log (UnityEngine.LogType,object)
UnityEngine.Debug:LogWarning (object)
UnityEngine.Rendering.Universal.ScriptableRenderPass:RecordRenderGraph (UnityEngine.Rendering.RenderGraphModule.RenderGraph,UnityEngine.Rendering.ContextContainer) (at ./Library/PackageCache/com.unity.render-pipelines.universal@ba24149c0920/Runtime/Passes/ScriptableRenderPass.cs:724)
UnityEngine.Rendering.Universal.ScriptableRenderer:RecordCustomRenderGraphPassesInEventRange (UnityEngine.Rendering.RenderGraphModule.RenderGraph,UnityEngine.Rendering.Universal.RenderPassEvent,UnityEngine.Rendering.Universal.RenderPassEvent) (at ./Library/PackageCache/com.unity.render-pipelines.universal@ba24149c0920/Runtime/ScriptableRenderer.cs:1250)
UnityEngine.Rendering.Universal.ScriptableRenderer:RecordCustomRenderGraphPasses (UnityEngine.Rendering.RenderGraphModule.RenderGraph,UnityEngine.Rendering.Universal.RenderPassEvent,UnityEngine.Rendering.Universal.RenderPassEvent) (at ./Library/PackageCache/com.unity.render-pipelines.universal@ba24149c0920/Runtime/ScriptableRenderer.cs:1269)
UnityEngine.Rendering.Universal.ScriptableRenderer:RecordCustomRenderGraphPasses (UnityEngine.Rendering.RenderGraphModule.RenderGraph,UnityEngine.Rendering.Universal.RenderPassEvent) (at ./Library/PackageCache/com.unity.render-pipelines.universal@ba24149c0920/Runtime/ScriptableRenderer.cs:1274)
UnityEngine.Rendering.Universal.UniversalRenderer:OnAfterRendering (UnityEngine.Rendering.RenderGraphModule.RenderGraph) (at ./Library/PackageCache/com.unity.render-pipelines.universal@ba24149c0920/Runtime/UniversalRendererRenderGraph.cs:1436)
UnityEngine.Rendering.Universal.UniversalRenderer:OnRecordRenderGraph (UnityEngine.Rendering.RenderGraphModule.RenderGraph,UnityEngine.Rendering.ScriptableRenderContext) (at ./Library/PackageCache/com.unity.render-pipelines.universal@ba24149c0920/Runtime/UniversalRendererRenderGraph.cs:806)
UnityEngine.Rendering.Universal.ScriptableRenderer:RecordRenderGraph (UnityEngine.Rendering.RenderGraphModule.RenderGraph,UnityEngine.Rendering.ScriptableRenderContext) (at ./Library/PackageCache/com.unity.render-pipelines.universal@ba24149c0920/Runtime/ScriptableRenderer.cs:1203)
UnityEngine.Rendering.Universal.UniversalRenderPipeline:RecordRenderGraph (UnityEngine.Rendering.RenderGraphModule.RenderGraph,UnityEngine.Rendering.ScriptableRenderContext,UnityEngine.Rendering.Universal.ScriptableRenderer) (at ./Library/PackageCache/com.unity.render-pipelines.universal@ba24149c0920/Runtime/UniversalRenderPipelineRenderGraph.cs:10)
UnityEngine.Rendering.Universal.UniversalRenderPipeline:RecordAndExecuteRenderGraph (UnityEngine.Rendering.RenderGraphModule.RenderGraph,UnityEngine.Rendering.ScriptableRenderContext,UnityEngine.Rendering.Universal.ScriptableRenderer,UnityEngine.Rendering.CommandBuffer,UnityEngine.Camera,string) (at ./Library/PackageCache/com.unity.render-pipelines.universal@ba24149c0920/Runtime/UniversalRenderPipelineRenderGraph.cs:24)
UnityEngine.Rendering.Universal.UniversalRenderPipeline:RenderSingleCamera (UnityEngine.Rendering.ScriptableRenderContext,UnityEngine.Rendering.Universal.UniversalCameraData) (at ./Library/PackageCache/com.unity.render-pipelines.universal@ba24149c0920/Runtime/UniversalRenderPipeline.cs:855)
UnityEngine.Rendering.Universal.UniversalRenderPipeline:RenderSingleCameraInternal (UnityEngine.Rendering.ScriptableRenderContext,UnityEngine.Camera,UnityEngine.Rendering.Universal.UniversalAdditionalCameraData&,bool) (at ./Library/PackageCache/com.unity.render-pipelines.universal@ba24149c0920/Runtime/UniversalRenderPipeline.cs:688)
UnityEngine.Rendering.Universal.UniversalRenderPipeline:RenderSingleCameraInternal (UnityEngine.Rendering.ScriptableRenderContext,UnityEngine.Camera,bool) (at ./Library/PackageCache/com.unity.render-pipelines.universal@ba24149c0920/Runtime/UniversalRenderPipeline.cs:663)
UnityEngine.Rendering.Universal.UniversalRenderPipeline:Render (UnityEngine.Rendering.ScriptableRenderContext,System.Collections.Generic.List`1<UnityEngine.Camera>) (at ./Library/PackageCache/com.unity.render-pipelines.universal@ba24149c0920/Runtime/UniversalRenderPipeline.cs:480)
UnityEngine.Rendering.RenderPipeline:InternalRender (UnityEngine.Rendering.ScriptableRenderContext,System.Collections.Generic.List`1<UnityEngine.Camera>)
UnityEngine.Rendering.RenderPipelineManager:DoRenderLoop_Internal (UnityEngine.Rendering.RenderPipelineAsset,intptr,UnityEngine.Object,Unity.Collections.LowLevel.Unsafe.AtomicSafetyHandle)
UnityEngine.Camera:Render ()
UnityEditor.PreviewRenderUtility:Render (bool,bool)
UnityEditor.MaterialEditor:DoRenderPreview (UnityEditor.PreviewRenderUtility,bool)
UnityEditor.MaterialEditor:RenderStaticPreview (string,UnityEngine.Object[],int,int)
UnityEditor.AssetPreviewUpdater:CreatePreview (UnityEngine.Object,UnityEngine.Object[],string,int,int)
UnityEditor.AssetPreviewUpdater:CreatePreviewForAsset (UnityEngine.Object,UnityEngine.Object[],string)

(Filename: ./Library/PackageCache/com.unity.render-pipelines.universal@ba24149c0920/Runtime/Passes/ScriptableRenderPass.cs Line: 724)

The render pass PSX.DitheringPass does not have an implementation of the RecordRenderGraph method. Please implement this method, or consider turning on Compatibility Mode (RenderGraph disabled) in the menu Edit > Project Settings > Graphics > URP. Otherwise the render pass will have no effect. For more information, refer to https://docs.unity3d.com/Packages/com.unity.render-pipelines.universal@latest/index.html?subfolder=/manual/customizing-urp.html.
UnityEngine.Debug:ExtractStackTraceNoAlloc (byte*,int,string)
UnityEngine.StackTraceUtility:ExtractStackTrace ()
UnityEngine.DebugLogHandler:Internal_Log (UnityEngine.LogType,UnityEngine.LogOption,string,UnityEngine.Object)
UnityEngine.DebugLogHandler:LogFormat (UnityEngine.LogType,UnityEngine.Object,string,object[])
UnityEngine.Logger:Log (UnityEngine.LogType,object)
UnityEngine.Debug:LogWarning (object)
UnityEngine.Rendering.Universal.ScriptableRenderPass:RecordRenderGraph (UnityEngine.Rendering.RenderGraphModule.RenderGraph,UnityEngine.Rendering.ContextContainer) (at ./Library/PackageCache/com.unity.render-pipelines.universal@ba24149c0920/Runtime/Passes/ScriptableRenderPass.cs:724)
UnityEngine.Rendering.Universal.ScriptableRenderer:RecordCustomRenderGraphPassesInEventRange (UnityEngine.Rendering.RenderGraphModule.RenderGraph,UnityEngine.Rendering.Universal.RenderPassEvent,UnityEngine.Rendering.Universal.RenderPassEvent) (at ./Library/PackageCache/com.unity.render-pipelines.universal@ba24149c0920/Runtime/ScriptableRenderer.cs:1250)
UnityEngine.Rendering.Universal.ScriptableRenderer:RecordCustomRenderGraphPasses (UnityEngine.Rendering.RenderGraphModule.RenderGraph,UnityEngine.Rendering.Universal.RenderPassEvent,UnityEngine.Rendering.Universal.RenderPassEvent) (at ./Library/PackageCache/com.unity.render-pipelines.universal@ba24149c0920/Runtime/ScriptableRenderer.cs:1269)
UnityEngine.Rendering.Universal.ScriptableRenderer:RecordCustomRenderGraphPasses (UnityEngine.Rendering.RenderGraphModule.RenderGraph,UnityEngine.Rendering.Universal.RenderPassEvent) (at ./Library/PackageCache/com.unity.render-pipelines.universal@ba24149c0920/Runtime/ScriptableRenderer.cs:1274)
UnityEngine.Rendering.Universal.UniversalRenderer:OnAfterRendering (UnityEngine.Rendering.RenderGraphModule.RenderGraph) (at ./Library/PackageCache/com.unity.render-pipelines.universal@ba24149c0920/Runtime/UniversalRendererRenderGraph.cs:1436)
UnityEngine.Rendering.Universal.UniversalRenderer:OnRecordRenderGraph (UnityEngine.Rendering.RenderGraphModule.RenderGraph,UnityEngine.Rendering.ScriptableRenderContext) (at ./Library/PackageCache/com.unity.render-pipelines.universal@ba24149c0920/Runtime/UniversalRendererRenderGraph.cs:806)
UnityEngine.Rendering.Universal.ScriptableRenderer:RecordRenderGraph (UnityEngine.Rendering.RenderGraphModule.RenderGraph,UnityEngine.Rendering.ScriptableRenderContext) (at ./Library/PackageCache/com.unity.render-pipelines.universal@ba24149c0920/Runtime/ScriptableRenderer.cs:1203)
UnityEngine.Rendering.Universal.UniversalRenderPipeline:RecordRenderGraph (UnityEngine.Rendering.RenderGraphModule.RenderGraph,UnityEngine.Rendering.ScriptableRenderContext,UnityEngine.Rendering.Universal.ScriptableRenderer) (at ./Library/PackageCache/com.unity.render-pipelines.universal@ba24149c0920/Runtime/UniversalRenderPipelineRenderGraph.cs:10)
UnityEngine.Rendering.Universal.UniversalRenderPipeline:RecordAndExecuteRenderGraph (UnityEngine.Rendering.RenderGraphModule.RenderGraph,UnityEngine.Rendering.ScriptableRenderContext,UnityEngine.Rendering.Universal.ScriptableRenderer,UnityEngine.Rendering.CommandBuffer,UnityEngine.Camera,string) (at ./Library/PackageCache/com.unity.render-pipelines.universal@ba24149c0920/Runtime/UniversalRenderPipelineRenderGraph.cs:24)
UnityEngine.Rendering.Universal.UniversalRenderPipeline:RenderSingleCamera (UnityEngine.Rendering.ScriptableRenderContext,UnityEngine.Rendering.Universal.UniversalCameraData) (at ./Library/PackageCache/com.unity.render-pipelines.universal@ba24149c0920/Runtime/UniversalRenderPipeline.cs:855)
UnityEngine.Rendering.Universal.UniversalRenderPipeline:RenderSingleCameraInternal (UnityEngine.Rendering.ScriptableRenderContext,UnityEngine.Camera,UnityEngine.Rendering.Universal.UniversalAdditionalCameraData&,bool) (at ./Library/PackageCache/com.unity.render-pipelines.universal@ba24149c0920/Runtime/UniversalRenderPipeline.cs:688)
UnityEngine.Rendering.Universal.UniversalRenderPipeline:RenderSingleCameraInternal (UnityEngine.Rendering.ScriptableRenderContext,UnityEngine.Camera,bool) (at ./Library/PackageCache/com.unity.render-pipelines.universal@ba24149c0920/Runtime/UniversalRenderPipeline.cs:663)
UnityEngine.Rendering.Universal.UniversalRenderPipeline:Render (UnityEngine.Rendering.ScriptableRenderContext,System.Collections.Generic.List`1<UnityEngine.Camera>) (at ./Library/PackageCache/com.unity.render-pipelines.universal@ba24149c0920/Runtime/UniversalRenderPipeline.cs:480)
UnityEngine.Rendering.RenderPipeline:InternalRender (UnityEngine.Rendering.ScriptableRenderContext,System.Collections.Generic.List`1<UnityEngine.Camera>)
UnityEngine.Rendering.RenderPipelineManager:DoRenderLoop_Internal (UnityEngine.Rendering.RenderPipelineAsset,intptr,UnityEngine.Object,Unity.Collections.LowLevel.Unsafe.AtomicSafetyHandle)
UnityEngine.Camera:Render ()
UnityEditor.PreviewRenderUtility:Render (bool,bool)
UnityEditor.MaterialEditor:DoRenderPreview (UnityEditor.PreviewRenderUtility,bool)
UnityEditor.MaterialEditor:RenderStaticPreview (string,UnityEngine.Object[],int,int)
UnityEditor.AssetPreviewUpdater:CreatePreview (UnityEngine.Object,UnityEngine.Object[],string,int,int)
UnityEditor.AssetPreviewUpdater:CreatePreviewForAsset (UnityEngine.Object,UnityEngine.Object[],string)

(Filename: ./Library/PackageCache/com.unity.render-pipelines.universal@ba24149c0920/Runtime/Passes/ScriptableRenderPass.cs Line: 724)

The render pass PSX.CRTPass does not have an implementation of the RecordRenderGraph method. Please implement this method, or consider turning on Compatibility Mode (RenderGraph disabled) in the menu Edit > Project Settings > Graphics > URP. Otherwise the render pass will have no effect. For more information, refer to https://docs.unity3d.com/Packages/com.unity.render-pipelines.universal@latest/index.html?subfolder=/manual/customizing-urp.html.
UnityEngine.Debug:ExtractStackTraceNoAlloc (byte*,int,string)
UnityEngine.StackTraceUtility:ExtractStackTrace ()
UnityEngine.DebugLogHandler:Internal_Log (UnityEngine.LogType,UnityEngine.LogOption,string,UnityEngine.Object)
UnityEngine.DebugLogHandler:LogFormat (UnityEngine.LogType,UnityEngine.Object,string,object[])
UnityEngine.Logger:Log (UnityEngine.LogType,object)
UnityEngine.Debug:LogWarning (object)
UnityEngine.Rendering.Universal.ScriptableRenderPass:RecordRenderGraph (UnityEngine.Rendering.RenderGraphModule.RenderGraph,UnityEngine.Rendering.ContextContainer) (at ./Library/PackageCache/com.unity.render-pipelines.universal@ba24149c0920/Runtime/Passes/ScriptableRenderPass.cs:724)
UnityEngine.Rendering.Universal.ScriptableRenderer:RecordCustomRenderGraphPassesInEventRange (UnityEngine.Rendering.RenderGraphModule.RenderGraph,UnityEngine.Rendering.Universal.RenderPassEvent,UnityEngine.Rendering.Universal.RenderPassEvent) (at ./Library/PackageCache/com.unity.render-pipelines.universal@ba24149c0920/Runtime/ScriptableRenderer.cs:1250)
UnityEngine.Rendering.Universal.ScriptableRenderer:RecordCustomRenderGraphPasses (UnityEngine.Rendering.RenderGraphModule.RenderGraph,UnityEngine.Rendering.Universal.RenderPassEvent,UnityEngine.Rendering.Universal.RenderPassEvent) (at ./Library/PackageCache/com.unity.render-pipelines.universal@ba24149c0920/Runtime/ScriptableRenderer.cs:1269)
UnityEngine.Rendering.Universal.ScriptableRenderer:RecordCustomRenderGraphPasses (UnityEngine.Rendering.RenderGraphModule.RenderGraph,UnityEngine.Rendering.Universal.RenderPassEvent) (at ./Library/PackageCache/com.unity.render-pipelines.universal@ba24149c0920/Runtime/ScriptableRenderer.cs:1274)
UnityEngine.Rendering.Universal.UniversalRenderer:OnAfterRendering (UnityEngine.Rendering.RenderGraphModule.RenderGraph) (at ./Library/PackageCache/com.unity.render-pipelines.universal@ba24149c0920/Runtime/UniversalRendererRenderGraph.cs:1436)
UnityEngine.Rendering.Universal.UniversalRenderer:OnRecordRenderGraph (UnityEngine.Rendering.RenderGraphModule.RenderGraph,UnityEngine.Rendering.ScriptableRenderContext) (at ./Library/PackageCache/com.unity.render-pipelines.universal@ba24149c0920/Runtime/UniversalRendererRenderGraph.cs:806)
UnityEngine.Rendering.Universal.ScriptableRenderer:RecordRenderGraph (UnityEngine.Rendering.RenderGraphModule.RenderGraph,UnityEngine.Rendering.ScriptableRenderContext) (at ./Library/PackageCache/com.unity.render-pipelines.universal@ba24149c0920/Runtime/ScriptableRenderer.cs:1203)
UnityEngine.Rendering.Universal.UniversalRenderPipeline:RecordRenderGraph (UnityEngine.Rendering.RenderGraphModule.RenderGraph,UnityEngine.Rendering.ScriptableRenderContext,UnityEngine.Rendering.Universal.ScriptableRenderer) (at ./Library/PackageCache/com.unity.render-pipelines.universal@ba24149c0920/Runtime/UniversalRenderPipelineRenderGraph.cs:10)
UnityEngine.Rendering.Universal.UniversalRenderPipeline:RecordAndExecuteRenderGraph (UnityEngine.Rendering.RenderGraphModule.RenderGraph,UnityEngine.Rendering.ScriptableRenderContext,UnityEngine.Rendering.Universal.ScriptableRenderer,UnityEngine.Rendering.CommandBuffer,UnityEngine.Camera,string) (at ./Library/PackageCache/com.unity.render-pipelines.universal@ba24149c0920/Runtime/UniversalRenderPipelineRenderGraph.cs:24)
UnityEngine.Rendering.Universal.UniversalRenderPipeline:RenderSingleCamera (UnityEngine.Rendering.ScriptableRenderContext,UnityEngine.Rendering.Universal.UniversalCameraData) (at ./Library/PackageCache/com.unity.render-pipelines.universal@ba24149c0920/Runtime/UniversalRenderPipeline.cs:855)
UnityEngine.Rendering.Universal.UniversalRenderPipeline:RenderSingleCameraInternal (UnityEngine.Rendering.ScriptableRenderContext,UnityEngine.Camera,UnityEngine.Rendering.Universal.UniversalAdditionalCameraData&,bool) (at ./Library/PackageCache/com.unity.render-pipelines.universal@ba24149c0920/Runtime/UniversalRenderPipeline.cs:688)
UnityEngine.Rendering.Universal.UniversalRenderPipeline:RenderSingleCameraInternal (UnityEngine.Rendering.ScriptableRenderContext,UnityEngine.Camera,bool) (at ./Library/PackageCache/com.unity.render-pipelines.universal@ba24149c0920/Runtime/UniversalRenderPipeline.cs:663)
UnityEngine.Rendering.Universal.UniversalRenderPipeline:Render (UnityEngine.Rendering.ScriptableRenderContext,System.Collections.Generic.List`1<UnityEngine.Camera>) (at ./Library/PackageCache/com.unity.render-pipelines.universal@ba24149c0920/Runtime/UniversalRenderPipeline.cs:480)
UnityEngine.Rendering.RenderPipeline:InternalRender (UnityEngine.Rendering.ScriptableRenderContext,System.Collections.Generic.List`1<UnityEngine.Camera>)
UnityEngine.Rendering.RenderPipelineManager:DoRenderLoop_Internal (UnityEngine.Rendering.RenderPipelineAsset,intptr,UnityEngine.Object,Unity.Collections.LowLevel.Unsafe.AtomicSafetyHandle)
UnityEngine.Camera:Render ()
UnityEditor.PreviewRenderUtility:Render (bool,bool)
UnityEditor.MaterialEditor:DoRenderPreview (UnityEditor.PreviewRenderUtility,bool)
UnityEditor.MaterialEditor:RenderStaticPreview (string,UnityEngine.Object[],int,int)
UnityEditor.AssetPreviewUpdater:CreatePreview (UnityEngine.Object,UnityEngine.Object[],string,int,int)
UnityEditor.AssetPreviewUpdater:CreatePreviewForAsset (UnityEngine.Object,UnityEngine.Object[],string)

(Filename: ./Library/PackageCache/com.unity.render-pipelines.universal@ba24149c0920/Runtime/Passes/ScriptableRenderPass.cs Line: 724)

 -> (artifact id: '05d0c32d0f21f6140d64217ed471d306') in 0.2620538 seconds
Number of updated asset objects reloaded before import = 0Number of asset objects unloaded after import = 3

========================================================================
Received Import Request.
  Time since last request: 0.000039 seconds.
  path: Assets/Materials/Psx_PBR_Buddha.mat
  artifactKey: Guid(8fe36b030a05e1c4daa299c17c0d17d8) Importer(815301076,1909f56bfc062723c751e8b465ee728b)
Start importing Assets/Materials/Psx_PBR_Buddha.mat using Guid(8fe36b030a05e1c4daa299c17c0d17d8) Importer(815301076,1909f56bfc062723c751e8b465ee728b) (PreviewImporter)The render pass PSX.FogPass does not have an implementation of the RecordRenderGraph method. Please implement this method, or consider turning on Compatibility Mode (RenderGraph disabled) in the menu Edit > Project Settings > Graphics > URP. Otherwise the render pass will have no effect. For more information, refer to https://docs.unity3d.com/Packages/com.unity.render-pipelines.universal@latest/index.html?subfolder=/manual/customizing-urp.html.
UnityEngine.Debug:ExtractStackTraceNoAlloc (byte*,int,string)
UnityEngine.StackTraceUtility:ExtractStackTrace ()
UnityEngine.DebugLogHandler:Internal_Log (UnityEngine.LogType,UnityEngine.LogOption,string,UnityEngine.Object)
UnityEngine.DebugLogHandler:LogFormat (UnityEngine.LogType,UnityEngine.Object,string,object[])
UnityEngine.Logger:Log (UnityEngine.LogType,object)
UnityEngine.Debug:LogWarning (object)
UnityEngine.Rendering.Universal.ScriptableRenderPass:RecordRenderGraph (UnityEngine.Rendering.RenderGraphModule.RenderGraph,UnityEngine.Rendering.ContextContainer) (at ./Library/PackageCache/com.unity.render-pipelines.universal@ba24149c0920/Runtime/Passes/ScriptableRenderPass.cs:724)
UnityEngine.Rendering.Universal.ScriptableRenderer:RecordCustomRenderGraphPassesInEventRange (UnityEngine.Rendering.RenderGraphModule.RenderGraph,UnityEngine.Rendering.Universal.RenderPassEvent,UnityEngine.Rendering.Universal.RenderPassEvent) (at ./Library/PackageCache/com.unity.render-pipelines.universal@ba24149c0920/Runtime/ScriptableRenderer.cs:1250)
UnityEngine.Rendering.Universal.ScriptableRenderer:RecordCustomRenderGraphPasses (UnityEngine.Rendering.RenderGraphModule.RenderGraph,UnityEngine.Rendering.Universal.RenderPassEvent,UnityEngine.Rendering.Universal.RenderPassEvent) (at ./Library/PackageCache/com.unity.render-pipelines.universal@ba24149c0920/Runtime/ScriptableRenderer.cs:1269)
UnityEngine.Rendering.Universal.ScriptableRenderer:RecordCustomRenderGraphPasses (UnityEngine.Rendering.RenderGraphModule.RenderGraph,UnityEngine.Rendering.Universal.RenderPassEvent) (at ./Library/PackageCache/com.unity.render-pipelines.universal@ba24149c0920/Runtime/ScriptableRenderer.cs:1274)
UnityEngine.Rendering.Universal.UniversalRenderer:OnAfterRendering (UnityEngine.Rendering.RenderGraphModule.RenderGraph) (at ./Library/PackageCache/com.unity.render-pipelines.universal@ba24149c0920/Runtime/UniversalRendererRenderGraph.cs:1436)
UnityEngine.Rendering.Universal.UniversalRenderer:OnRecordRenderGraph (UnityEngine.Rendering.RenderGraphModule.RenderGraph,UnityEngine.Rendering.ScriptableRenderContext) (at ./Library/PackageCache/com.unity.render-pipelines.universal@ba24149c0920/Runtime/UniversalRendererRenderGraph.cs:806)
UnityEngine.Rendering.Universal.ScriptableRenderer:RecordRenderGraph (UnityEngine.Rendering.RenderGraphModule.RenderGraph,UnityEngine.Rendering.ScriptableRenderContext) (at ./Library/PackageCache/com.unity.render-pipelines.universal@ba24149c0920/Runtime/ScriptableRenderer.cs:1203)
UnityEngine.Rendering.Universal.UniversalRenderPipeline:RecordRenderGraph (UnityEngine.Rendering.RenderGraphModule.RenderGraph,UnityEngine.Rendering.ScriptableRenderContext,UnityEngine.Rendering.Universal.ScriptableRenderer) (at ./Library/PackageCache/com.unity.render-pipelines.universal@ba24149c0920/Runtime/UniversalRenderPipelineRenderGraph.cs:10)
UnityEngine.Rendering.Universal.UniversalRenderPipeline:RecordAndExecuteRenderGraph (UnityEngine.Rendering.RenderGraphModule.RenderGraph,UnityEngine.Rendering.ScriptableRenderContext,UnityEngine.Rendering.Universal.ScriptableRenderer,UnityEngine.Rendering.CommandBuffer,UnityEngine.Camera,string) (at ./Library/PackageCache/com.unity.render-pipelines.universal@ba24149c0920/Runtime/UniversalRenderPipelineRenderGraph.cs:24)
UnityEngine.Rendering.Universal.UniversalRenderPipeline:RenderSingleCamera (UnityEngine.Rendering.ScriptableRenderContext,UnityEngine.Rendering.Universal.UniversalCameraData) (at ./Library/PackageCache/com.unity.render-pipelines.universal@ba24149c0920/Runtime/UniversalRenderPipeline.cs:855)
UnityEngine.Rendering.Universal.UniversalRenderPipeline:RenderSingleCameraInternal (UnityEngine.Rendering.ScriptableRenderContext,UnityEngine.Camera,UnityEngine.Rendering.Universal.UniversalAdditionalCameraData&,bool) (at ./Library/PackageCache/com.unity.render-pipelines.universal@ba24149c0920/Runtime/UniversalRenderPipeline.cs:688)
UnityEngine.Rendering.Universal.UniversalRenderPipeline:RenderSingleCameraInternal (UnityEngine.Rendering.ScriptableRenderContext,UnityEngine.Camera,bool) (at ./Library/PackageCache/com.unity.render-pipelines.universal@ba24149c0920/Runtime/UniversalRenderPipeline.cs:663)
UnityEngine.Rendering.Universal.UniversalRenderPipeline:Render (UnityEngine.Rendering.ScriptableRenderContext,System.Collections.Generic.List`1<UnityEngine.Camera>) (at ./Library/PackageCache/com.unity.render-pipelines.universal@ba24149c0920/Runtime/UniversalRenderPipeline.cs:480)
UnityEngine.Rendering.RenderPipeline:InternalRender (UnityEngine.Rendering.ScriptableRenderContext,System.Collections.Generic.List`1<UnityEngine.Camera>)
UnityEngine.Rendering.RenderPipelineManager:DoRenderLoop_Internal (UnityEngine.Rendering.RenderPipelineAsset,intptr,UnityEngine.Object,Unity.Collections.LowLevel.Unsafe.AtomicSafetyHandle)
UnityEngine.Camera:Render ()
UnityEditor.PreviewRenderUtility:Render (bool,bool)
UnityEditor.MaterialEditor:DoRenderPreview (UnityEditor.PreviewRenderUtility,bool)
UnityEditor.MaterialEditor:RenderStaticPreview (string,UnityEngine.Object[],int,int)
UnityEditor.AssetPreviewUpdater:CreatePreview (UnityEngine.Object,UnityEngine.Object[],string,int,int)
UnityEditor.AssetPreviewUpdater:CreatePreviewForAsset (UnityEngine.Object,UnityEngine.Object[],string)

(Filename: ./Library/PackageCache/com.unity.render-pipelines.universal@ba24149c0920/Runtime/Passes/ScriptableRenderPass.cs Line: 724)

The render pass PSX.PixelationPass does not have an implementation of the RecordRenderGraph method. Please implement this method, or consider turning on Compatibility Mode (RenderGraph disabled) in the menu Edit > Project Settings > Graphics > URP. Otherwise the render pass will have no effect. For more information, refer to https://docs.unity3d.com/Packages/com.unity.render-pipelines.universal@latest/index.html?subfolder=/manual/customizing-urp.html.
UnityEngine.Debug:ExtractStackTraceNoAlloc (byte*,int,string)
UnityEngine.StackTraceUtility:ExtractStackTrace ()
UnityEngine.DebugLogHandler:Internal_Log (UnityEngine.LogType,UnityEngine.LogOption,string,UnityEngine.Object)
UnityEngine.DebugLogHandler:LogFormat (UnityEngine.LogType,UnityEngine.Object,string,object[])
UnityEngine.Logger:Log (UnityEngine.LogType,object)
UnityEngine.Debug:LogWarning (object)
UnityEngine.Rendering.Universal.ScriptableRenderPass:RecordRenderGraph (UnityEngine.Rendering.RenderGraphModule.RenderGraph,UnityEngine.Rendering.ContextContainer) (at ./Library/PackageCache/com.unity.render-pipelines.universal@ba24149c0920/Runtime/Passes/ScriptableRenderPass.cs:724)
UnityEngine.Rendering.Universal.ScriptableRenderer:RecordCustomRenderGraphPassesInEventRange (UnityEngine.Rendering.RenderGraphModule.RenderGraph,UnityEngine.Rendering.Universal.RenderPassEvent,UnityEngine.Rendering.Universal.RenderPassEvent) (at ./Library/PackageCache/com.unity.render-pipelines.universal@ba24149c0920/Runtime/ScriptableRenderer.cs:1250)
UnityEngine.Rendering.Universal.ScriptableRenderer:RecordCustomRenderGraphPasses (UnityEngine.Rendering.RenderGraphModule.RenderGraph,UnityEngine.Rendering.Universal.RenderPassEvent,UnityEngine.Rendering.Universal.RenderPassEvent) (at ./Library/PackageCache/com.unity.render-pipelines.universal@ba24149c0920/Runtime/ScriptableRenderer.cs:1269)
UnityEngine.Rendering.Universal.ScriptableRenderer:RecordCustomRenderGraphPasses (UnityEngine.Rendering.RenderGraphModule.RenderGraph,UnityEngine.Rendering.Universal.RenderPassEvent) (at ./Library/PackageCache/com.unity.render-pipelines.universal@ba24149c0920/Runtime/ScriptableRenderer.cs:1274)
UnityEngine.Rendering.Universal.UniversalRenderer:OnAfterRendering (UnityEngine.Rendering.RenderGraphModule.RenderGraph) (at ./Library/PackageCache/com.unity.render-pipelines.universal@ba24149c0920/Runtime/UniversalRendererRenderGraph.cs:1436)
UnityEngine.Rendering.Universal.UniversalRenderer:OnRecordRenderGraph (UnityEngine.Rendering.RenderGraphModule.RenderGraph,UnityEngine.Rendering.ScriptableRenderContext) (at ./Library/PackageCache/com.unity.render-pipelines.universal@ba24149c0920/Runtime/UniversalRendererRenderGraph.cs:806)
UnityEngine.Rendering.Universal.ScriptableRenderer:RecordRenderGraph (UnityEngine.Rendering.RenderGraphModule.RenderGraph,UnityEngine.Rendering.ScriptableRenderContext) (at ./Library/PackageCache/com.unity.render-pipelines.universal@ba24149c0920/Runtime/ScriptableRenderer.cs:1203)
UnityEngine.Rendering.Universal.UniversalRenderPipeline:RecordRenderGraph (UnityEngine.Rendering.RenderGraphModule.RenderGraph,UnityEngine.Rendering.ScriptableRenderContext,UnityEngine.Rendering.Universal.ScriptableRenderer) (at ./Library/PackageCache/com.unity.render-pipelines.universal@ba24149c0920/Runtime/UniversalRenderPipelineRenderGraph.cs:10)
UnityEngine.Rendering.Universal.UniversalRenderPipeline:RecordAndExecuteRenderGraph (UnityEngine.Rendering.RenderGraphModule.RenderGraph,UnityEngine.Rendering.ScriptableRenderContext,UnityEngine.Rendering.Universal.ScriptableRenderer,UnityEngine.Rendering.CommandBuffer,UnityEngine.Camera,string) (at ./Library/PackageCache/com.unity.render-pipelines.universal@ba24149c0920/Runtime/UniversalRenderPipelineRenderGraph.cs:24)
UnityEngine.Rendering.Universal.UniversalRenderPipeline:RenderSingleCamera (UnityEngine.Rendering.ScriptableRenderContext,UnityEngine.Rendering.Universal.UniversalCameraData) (at ./Library/PackageCache/com.unity.render-pipelines.universal@ba24149c0920/Runtime/UniversalRenderPipeline.cs:855)
UnityEngine.Rendering.Universal.UniversalRenderPipeline:RenderSingleCameraInternal (UnityEngine.Rendering.ScriptableRenderContext,UnityEngine.Camera,UnityEngine.Rendering.Universal.UniversalAdditionalCameraData&,bool) (at ./Library/PackageCache/com.unity.render-pipelines.universal@ba24149c0920/Runtime/UniversalRenderPipeline.cs:688)
UnityEngine.Rendering.Universal.UniversalRenderPipeline:RenderSingleCameraInternal (UnityEngine.Rendering.ScriptableRenderContext,UnityEngine.Camera,bool) (at ./Library/PackageCache/com.unity.render-pipelines.universal@ba24149c0920/Runtime/UniversalRenderPipeline.cs:663)
UnityEngine.Rendering.Universal.UniversalRenderPipeline:Render (UnityEngine.Rendering.ScriptableRenderContext,System.Collections.Generic.List`1<UnityEngine.Camera>) (at ./Library/PackageCache/com.unity.render-pipelines.universal@ba24149c0920/Runtime/UniversalRenderPipeline.cs:480)
UnityEngine.Rendering.RenderPipeline:InternalRender (UnityEngine.Rendering.ScriptableRenderContext,System.Collections.Generic.List`1<UnityEngine.Camera>)
UnityEngine.Rendering.RenderPipelineManager:DoRenderLoop_Internal (UnityEngine.Rendering.RenderPipelineAsset,intptr,UnityEngine.Object,Unity.Collections.LowLevel.Unsafe.AtomicSafetyHandle)
UnityEngine.Camera:Render ()
UnityEditor.PreviewRenderUtility:Render (bool,bool)
UnityEditor.MaterialEditor:DoRenderPreview (UnityEditor.PreviewRenderUtility,bool)
UnityEditor.MaterialEditor:RenderStaticPreview (string,UnityEngine.Object[],int,int)
UnityEditor.AssetPreviewUpdater:CreatePreview (UnityEngine.Object,UnityEngine.Object[],string,int,int)
UnityEditor.AssetPreviewUpdater:CreatePreviewForAsset (UnityEngine.Object,UnityEngine.Object[],string)

(Filename: ./Library/PackageCache/com.unity.render-pipelines.universal@ba24149c0920/Runtime/Passes/ScriptableRenderPass.cs Line: 724)

The render pass PSX.DitheringPass does not have an implementation of the RecordRenderGraph method. Please implement this method, or consider turning on Compatibility Mode (RenderGraph disabled) in the menu Edit > Project Settings > Graphics > URP. Otherwise the render pass will have no effect. For more information, refer to https://docs.unity3d.com/Packages/com.unity.render-pipelines.universal@latest/index.html?subfolder=/manual/customizing-urp.html.
UnityEngine.Debug:ExtractStackTraceNoAlloc (byte*,int,string)
UnityEngine.StackTraceUtility:ExtractStackTrace ()
UnityEngine.DebugLogHandler:Internal_Log (UnityEngine.LogType,UnityEngine.LogOption,string,UnityEngine.Object)
UnityEngine.DebugLogHandler:LogFormat (UnityEngine.LogType,UnityEngine.Object,string,object[])
UnityEngine.Logger:Log (UnityEngine.LogType,object)
UnityEngine.Debug:LogWarning (object)
UnityEngine.Rendering.Universal.ScriptableRenderPass:RecordRenderGraph (UnityEngine.Rendering.RenderGraphModule.RenderGraph,UnityEngine.Rendering.ContextContainer) (at ./Library/PackageCache/com.unity.render-pipelines.universal@ba24149c0920/Runtime/Passes/ScriptableRenderPass.cs:724)
UnityEngine.Rendering.Universal.ScriptableRenderer:RecordCustomRenderGraphPassesInEventRange (UnityEngine.Rendering.RenderGraphModule.RenderGraph,UnityEngine.Rendering.Universal.RenderPassEvent,UnityEngine.Rendering.Universal.RenderPassEvent) (at ./Library/PackageCache/com.unity.render-pipelines.universal@ba24149c0920/Runtime/ScriptableRenderer.cs:1250)
UnityEngine.Rendering.Universal.ScriptableRenderer:RecordCustomRenderGraphPasses (UnityEngine.Rendering.RenderGraphModule.RenderGraph,UnityEngine.Rendering.Universal.RenderPassEvent,UnityEngine.Rendering.Universal.RenderPassEvent) (at ./Library/PackageCache/com.unity.render-pipelines.universal@ba24149c0920/Runtime/ScriptableRenderer.cs:1269)
UnityEngine.Rendering.Universal.ScriptableRenderer:RecordCustomRenderGraphPasses (UnityEngine.Rendering.RenderGraphModule.RenderGraph,UnityEngine.Rendering.Universal.RenderPassEvent) (at ./Library/PackageCache/com.unity.render-pipelines.universal@ba24149c0920/Runtime/ScriptableRenderer.cs:1274)
UnityEngine.Rendering.Universal.UniversalRenderer:OnAfterRendering (UnityEngine.Rendering.RenderGraphModule.RenderGraph) (at ./Library/PackageCache/com.unity.render-pipelines.universal@ba24149c0920/Runtime/UniversalRendererRenderGraph.cs:1436)
UnityEngine.Rendering.Universal.UniversalRenderer:OnRecordRenderGraph (UnityEngine.Rendering.RenderGraphModule.RenderGraph,UnityEngine.Rendering.ScriptableRenderContext) (at ./Library/PackageCache/com.unity.render-pipelines.universal@ba24149c0920/Runtime/UniversalRendererRenderGraph.cs:806)
UnityEngine.Rendering.Universal.ScriptableRenderer:RecordRenderGraph (UnityEngine.Rendering.RenderGraphModule.RenderGraph,UnityEngine.Rendering.ScriptableRenderContext) (at ./Library/PackageCache/com.unity.render-pipelines.universal@ba24149c0920/Runtime/ScriptableRenderer.cs:1203)
UnityEngine.Rendering.Universal.UniversalRenderPipeline:RecordRenderGraph (UnityEngine.Rendering.RenderGraphModule.RenderGraph,UnityEngine.Rendering.ScriptableRenderContext,UnityEngine.Rendering.Universal.ScriptableRenderer) (at ./Library/PackageCache/com.unity.render-pipelines.universal@ba24149c0920/Runtime/UniversalRenderPipelineRenderGraph.cs:10)
UnityEngine.Rendering.Universal.UniversalRenderPipeline:RecordAndExecuteRenderGraph (UnityEngine.Rendering.RenderGraphModule.RenderGraph,UnityEngine.Rendering.ScriptableRenderContext,UnityEngine.Rendering.Universal.ScriptableRenderer,UnityEngine.Rendering.CommandBuffer,UnityEngine.Camera,string) (at ./Library/PackageCache/com.unity.render-pipelines.universal@ba24149c0920/Runtime/UniversalRenderPipelineRenderGraph.cs:24)
UnityEngine.Rendering.Universal.UniversalRenderPipeline:RenderSingleCamera (UnityEngine.Rendering.ScriptableRenderContext,UnityEngine.Rendering.Universal.UniversalCameraData) (at ./Library/PackageCache/com.unity.render-pipelines.universal@ba24149c0920/Runtime/UniversalRenderPipeline.cs:855)
UnityEngine.Rendering.Universal.UniversalRenderPipeline:RenderSingleCameraInternal (UnityEngine.Rendering.ScriptableRenderContext,UnityEngine.Camera,UnityEngine.Rendering.Universal.UniversalAdditionalCameraData&,bool) (at ./Library/PackageCache/com.unity.render-pipelines.universal@ba24149c0920/Runtime/UniversalRenderPipeline.cs:688)
UnityEngine.Rendering.Universal.UniversalRenderPipeline:RenderSingleCameraInternal (UnityEngine.Rendering.ScriptableRenderContext,UnityEngine.Camera,bool) (at ./Library/PackageCache/com.unity.render-pipelines.universal@ba24149c0920/Runtime/UniversalRenderPipeline.cs:663)
UnityEngine.Rendering.Universal.UniversalRenderPipeline:Render (UnityEngine.Rendering.ScriptableRenderContext,System.Collections.Generic.List`1<UnityEngine.Camera>) (at ./Library/PackageCache/com.unity.render-pipelines.universal@ba24149c0920/Runtime/UniversalRenderPipeline.cs:480)
UnityEngine.Rendering.RenderPipeline:InternalRender (UnityEngine.Rendering.ScriptableRenderContext,System.Collections.Generic.List`1<UnityEngine.Camera>)
UnityEngine.Rendering.RenderPipelineManager:DoRenderLoop_Internal (UnityEngine.Rendering.RenderPipelineAsset,intptr,UnityEngine.Object,Unity.Collections.LowLevel.Unsafe.AtomicSafetyHandle)
UnityEngine.Camera:Render ()
UnityEditor.PreviewRenderUtility:Render (bool,bool)
UnityEditor.MaterialEditor:DoRenderPreview (UnityEditor.PreviewRenderUtility,bool)
UnityEditor.MaterialEditor:RenderStaticPreview (string,UnityEngine.Object[],int,int)
UnityEditor.AssetPreviewUpdater:CreatePreview (UnityEngine.Object,UnityEngine.Object[],string,int,int)
UnityEditor.AssetPreviewUpdater:CreatePreviewForAsset (UnityEngine.Object,UnityEngine.Object[],string)

(Filename: ./Library/PackageCache/com.unity.render-pipelines.universal@ba24149c0920/Runtime/Passes/ScriptableRenderPass.cs Line: 724)

The render pass PSX.CRTPass does not have an implementation of the RecordRenderGraph method. Please implement this method, or consider turning on Compatibility Mode (RenderGraph disabled) in the menu Edit > Project Settings > Graphics > URP. Otherwise the render pass will have no effect. For more information, refer to https://docs.unity3d.com/Packages/com.unity.render-pipelines.universal@latest/index.html?subfolder=/manual/customizing-urp.html.
UnityEngine.Debug:ExtractStackTraceNoAlloc (byte*,int,string)
UnityEngine.StackTraceUtility:ExtractStackTrace ()
UnityEngine.DebugLogHandler:Internal_Log (UnityEngine.LogType,UnityEngine.LogOption,string,UnityEngine.Object)
UnityEngine.DebugLogHandler:LogFormat (UnityEngine.LogType,UnityEngine.Object,string,object[])
UnityEngine.Logger:Log (UnityEngine.LogType,object)
UnityEngine.Debug:LogWarning (object)
UnityEngine.Rendering.Universal.ScriptableRenderPass:RecordRenderGraph (UnityEngine.Rendering.RenderGraphModule.RenderGraph,UnityEngine.Rendering.ContextContainer) (at ./Library/PackageCache/com.unity.render-pipelines.universal@ba24149c0920/Runtime/Passes/ScriptableRenderPass.cs:724)
UnityEngine.Rendering.Universal.ScriptableRenderer:RecordCustomRenderGraphPassesInEventRange (UnityEngine.Rendering.RenderGraphModule.RenderGraph,UnityEngine.Rendering.Universal.RenderPassEvent,UnityEngine.Rendering.Universal.RenderPassEvent) (at ./Library/PackageCache/com.unity.render-pipelines.universal@ba24149c0920/Runtime/ScriptableRenderer.cs:1250)
UnityEngine.Rendering.Universal.ScriptableRenderer:RecordCustomRenderGraphPasses (UnityEngine.Rendering.RenderGraphModule.RenderGraph,UnityEngine.Rendering.Universal.RenderPassEvent,UnityEngine.Rendering.Universal.RenderPassEvent) (at ./Library/PackageCache/com.unity.render-pipelines.universal@ba24149c0920/Runtime/ScriptableRenderer.cs:1269)
UnityEngine.Rendering.Universal.ScriptableRenderer:RecordCustomRenderGraphPasses (UnityEngine.Rendering.RenderGraphModule.RenderGraph,UnityEngine.Rendering.Universal.RenderPassEvent) (at ./Library/PackageCache/com.unity.render-pipelines.universal@ba24149c0920/Runtime/ScriptableRenderer.cs:1274)
UnityEngine.Rendering.Universal.UniversalRenderer:OnAfterRendering (UnityEngine.Rendering.RenderGraphModule.RenderGraph) (at ./Library/PackageCache/com.unity.render-pipelines.universal@ba24149c0920/Runtime/UniversalRendererRenderGraph.cs:1436)
UnityEngine.Rendering.Universal.UniversalRenderer:OnRecordRenderGraph (UnityEngine.Rendering.RenderGraphModule.RenderGraph,UnityEngine.Rendering.ScriptableRenderContext) (at ./Library/PackageCache/com.unity.render-pipelines.universal@ba24149c0920/Runtime/UniversalRendererRenderGraph.cs:806)
UnityEngine.Rendering.Universal.ScriptableRenderer:RecordRenderGraph (UnityEngine.Rendering.RenderGraphModule.RenderGraph,UnityEngine.Rendering.ScriptableRenderContext) (at ./Library/PackageCache/com.unity.render-pipelines.universal@ba24149c0920/Runtime/ScriptableRenderer.cs:1203)
UnityEngine.Rendering.Universal.UniversalRenderPipeline:RecordRenderGraph (UnityEngine.Rendering.RenderGraphModule.RenderGraph,UnityEngine.Rendering.ScriptableRenderContext,UnityEngine.Rendering.Universal.ScriptableRenderer) (at ./Library/PackageCache/com.unity.render-pipelines.universal@ba24149c0920/Runtime/UniversalRenderPipelineRenderGraph.cs:10)
UnityEngine.Rendering.Universal.UniversalRenderPipeline:RecordAndExecuteRenderGraph (UnityEngine.Rendering.RenderGraphModule.RenderGraph,UnityEngine.Rendering.ScriptableRenderContext,UnityEngine.Rendering.Universal.ScriptableRenderer,UnityEngine.Rendering.CommandBuffer,UnityEngine.Camera,string) (at ./Library/PackageCache/com.unity.render-pipelines.universal@ba24149c0920/Runtime/UniversalRenderPipelineRenderGraph.cs:24)
UnityEngine.Rendering.Universal.UniversalRenderPipeline:RenderSingleCamera (UnityEngine.Rendering.ScriptableRenderContext,UnityEngine.Rendering.Universal.UniversalCameraData) (at ./Library/PackageCache/com.unity.render-pipelines.universal@ba24149c0920/Runtime/UniversalRenderPipeline.cs:855)
UnityEngine.Rendering.Universal.UniversalRenderPipeline:RenderSingleCameraInternal (UnityEngine.Rendering.ScriptableRenderContext,UnityEngine.Camera,UnityEngine.Rendering.Universal.UniversalAdditionalCameraData&,bool) (at ./Library/PackageCache/com.unity.render-pipelines.universal@ba24149c0920/Runtime/UniversalRenderPipeline.cs:688)
UnityEngine.Rendering.Universal.UniversalRenderPipeline:RenderSingleCameraInternal (UnityEngine.Rendering.ScriptableRenderContext,UnityEngine.Camera,bool) (at ./Library/PackageCache/com.unity.render-pipelines.universal@ba24149c0920/Runtime/UniversalRenderPipeline.cs:663)
UnityEngine.Rendering.Universal.UniversalRenderPipeline:Render (UnityEngine.Rendering.ScriptableRenderContext,System.Collections.Generic.List`1<UnityEngine.Camera>) (at ./Library/PackageCache/com.unity.render-pipelines.universal@ba24149c0920/Runtime/UniversalRenderPipeline.cs:480)
UnityEngine.Rendering.RenderPipeline:InternalRender (UnityEngine.Rendering.ScriptableRenderContext,System.Collections.Generic.List`1<UnityEngine.Camera>)
UnityEngine.Rendering.RenderPipelineManager:DoRenderLoop_Internal (UnityEngine.Rendering.RenderPipelineAsset,intptr,UnityEngine.Object,Unity.Collections.LowLevel.Unsafe.AtomicSafetyHandle)
UnityEngine.Camera:Render ()
UnityEditor.PreviewRenderUtility:Render (bool,bool)
UnityEditor.MaterialEditor:DoRenderPreview (UnityEditor.PreviewRenderUtility,bool)
UnityEditor.MaterialEditor:RenderStaticPreview (string,UnityEngine.Object[],int,int)
UnityEditor.AssetPreviewUpdater:CreatePreview (UnityEngine.Object,UnityEngine.Object[],string,int,int)
UnityEditor.AssetPreviewUpdater:CreatePreviewForAsset (UnityEngine.Object,UnityEngine.Object[],string)

(Filename: ./Library/PackageCache/com.unity.render-pipelines.universal@ba24149c0920/Runtime/Passes/ScriptableRenderPass.cs Line: 724)

 -> (artifact id: 'c6a966767e5ca8a281e1598e225c805b') in 0.4485401 seconds
Number of updated asset objects reloaded before import = 0Number of asset objects unloaded after import = 13

========================================================================
Received Import Request.
  Time since last request: 0.000038 seconds.
  path: Assets/AddressableAssetsData/AssetGroups/Schemas/Localization-String-Tables-Spanish (es)_ContentUpdateGroupSchema.asset
  artifactKey: Guid(81ac5ca37f4dd7b40a123d174ba025b5) Importer(815301076,1909f56bfc062723c751e8b465ee728b)
Start importing Assets/AddressableAssetsData/AssetGroups/Schemas/Localization-String-Tables-Spanish (es)_ContentUpdateGroupSchema.asset using Guid(81ac5ca37f4dd7b40a123d174ba025b5) Importer(815301076,1909f56bfc062723c751e8b465ee728b) (PreviewImporter) -> (artifact id: 'b612537f606171e03d62cdda2e697028') in 0.0013367 seconds
Number of updated asset objects reloaded before import = 0Number of asset objects unloaded after import = 1

========================================================================
Received Import Request.
  Time since last request: 0.000030 seconds.
  path: Assets/Materials/SmokeRun.mat
  artifactKey: Guid(f30478f47e4262540b101ae2f3b21868) Importer(815301076,1909f56bfc062723c751e8b465ee728b)
Start importing Assets/Materials/SmokeRun.mat using Guid(f30478f47e4262540b101ae2f3b21868) Importer(815301076,1909f56bfc062723c751e8b465ee728b) (PreviewImporter)The render pass PSX.FogPass does not have an implementation of the RecordRenderGraph method. Please implement this method, or consider turning on Compatibility Mode (RenderGraph disabled) in the menu Edit > Project Settings > Graphics > URP. Otherwise the render pass will have no effect. For more information, refer to https://docs.unity3d.com/Packages/com.unity.render-pipelines.universal@latest/index.html?subfolder=/manual/customizing-urp.html.
UnityEngine.Debug:ExtractStackTraceNoAlloc (byte*,int,string)
UnityEngine.StackTraceUtility:ExtractStackTrace ()
UnityEngine.DebugLogHandler:Internal_Log (UnityEngine.LogType,UnityEngine.LogOption,string,UnityEngine.Object)
UnityEngine.DebugLogHandler:LogFormat (UnityEngine.LogType,UnityEngine.Object,string,object[])
UnityEngine.Logger:Log (UnityEngine.LogType,object)
UnityEngine.Debug:LogWarning (object)
UnityEngine.Rendering.Universal.ScriptableRenderPass:RecordRenderGraph (UnityEngine.Rendering.RenderGraphModule.RenderGraph,UnityEngine.Rendering.ContextContainer) (at ./Library/PackageCache/com.unity.render-pipelines.universal@ba24149c0920/Runtime/Passes/ScriptableRenderPass.cs:724)
UnityEngine.Rendering.Universal.ScriptableRenderer:RecordCustomRenderGraphPassesInEventRange (UnityEngine.Rendering.RenderGraphModule.RenderGraph,UnityEngine.Rendering.Universal.RenderPassEvent,UnityEngine.Rendering.Universal.RenderPassEvent) (at ./Library/PackageCache/com.unity.render-pipelines.universal@ba24149c0920/Runtime/ScriptableRenderer.cs:1250)
UnityEngine.Rendering.Universal.ScriptableRenderer:RecordCustomRenderGraphPasses (UnityEngine.Rendering.RenderGraphModule.RenderGraph,UnityEngine.Rendering.Universal.RenderPassEvent,UnityEngine.Rendering.Universal.RenderPassEvent) (at ./Library/PackageCache/com.unity.render-pipelines.universal@ba24149c0920/Runtime/ScriptableRenderer.cs:1269)
UnityEngine.Rendering.Universal.ScriptableRenderer:RecordCustomRenderGraphPasses (UnityEngine.Rendering.RenderGraphModule.RenderGraph,UnityEngine.Rendering.Universal.RenderPassEvent) (at ./Library/PackageCache/com.unity.render-pipelines.universal@ba24149c0920/Runtime/ScriptableRenderer.cs:1274)
UnityEngine.Rendering.Universal.UniversalRenderer:OnAfterRendering (UnityEngine.Rendering.RenderGraphModule.RenderGraph) (at ./Library/PackageCache/com.unity.render-pipelines.universal@ba24149c0920/Runtime/UniversalRendererRenderGraph.cs:1436)
UnityEngine.Rendering.Universal.UniversalRenderer:OnRecordRenderGraph (UnityEngine.Rendering.RenderGraphModule.RenderGraph,UnityEngine.Rendering.ScriptableRenderContext) (at ./Library/PackageCache/com.unity.render-pipelines.universal@ba24149c0920/Runtime/UniversalRendererRenderGraph.cs:806)
UnityEngine.Rendering.Universal.ScriptableRenderer:RecordRenderGraph (UnityEngine.Rendering.RenderGraphModule.RenderGraph,UnityEngine.Rendering.ScriptableRenderContext) (at ./Library/PackageCache/com.unity.render-pipelines.universal@ba24149c0920/Runtime/ScriptableRenderer.cs:1203)
UnityEngine.Rendering.Universal.UniversalRenderPipeline:RecordRenderGraph (UnityEngine.Rendering.RenderGraphModule.RenderGraph,UnityEngine.Rendering.ScriptableRenderContext,UnityEngine.Rendering.Universal.ScriptableRenderer) (at ./Library/PackageCache/com.unity.render-pipelines.universal@ba24149c0920/Runtime/UniversalRenderPipelineRenderGraph.cs:10)
UnityEngine.Rendering.Universal.UniversalRenderPipeline:RecordAndExecuteRenderGraph (UnityEngine.Rendering.RenderGraphModule.RenderGraph,UnityEngine.Rendering.ScriptableRenderContext,UnityEngine.Rendering.Universal.ScriptableRenderer,UnityEngine.Rendering.CommandBuffer,UnityEngine.Camera,string) (at ./Library/PackageCache/com.unity.render-pipelines.universal@ba24149c0920/Runtime/UniversalRenderPipelineRenderGraph.cs:24)
UnityEngine.Rendering.Universal.UniversalRenderPipeline:RenderSingleCamera (UnityEngine.Rendering.ScriptableRenderContext,UnityEngine.Rendering.Universal.UniversalCameraData) (at ./Library/PackageCache/com.unity.render-pipelines.universal@ba24149c0920/Runtime/UniversalRenderPipeline.cs:855)
UnityEngine.Rendering.Universal.UniversalRenderPipeline:RenderSingleCameraInternal (UnityEngine.Rendering.ScriptableRenderContext,UnityEngine.Camera,UnityEngine.Rendering.Universal.UniversalAdditionalCameraData&,bool) (at ./Library/PackageCache/com.unity.render-pipelines.universal@ba24149c0920/Runtime/UniversalRenderPipeline.cs:688)
UnityEngine.Rendering.Universal.UniversalRenderPipeline:RenderSingleCameraInternal (UnityEngine.Rendering.ScriptableRenderContext,UnityEngine.Camera,bool) (at ./Library/PackageCache/com.unity.render-pipelines.universal@ba24149c0920/Runtime/UniversalRenderPipeline.cs:663)
UnityEngine.Rendering.Universal.UniversalRenderPipeline:Render (UnityEngine.Rendering.ScriptableRenderContext,System.Collections.Generic.List`1<UnityEngine.Camera>) (at ./Library/PackageCache/com.unity.render-pipelines.universal@ba24149c0920/Runtime/UniversalRenderPipeline.cs:480)
UnityEngine.Rendering.RenderPipeline:InternalRender (UnityEngine.Rendering.ScriptableRenderContext,System.Collections.Generic.List`1<UnityEngine.Camera>)
UnityEngine.Rendering.RenderPipelineManager:DoRenderLoop_Internal (UnityEngine.Rendering.RenderPipelineAsset,intptr,UnityEngine.Object,Unity.Collections.LowLevel.Unsafe.AtomicSafetyHandle)
UnityEngine.Camera:Render ()
UnityEditor.PreviewRenderUtility:Render (bool,bool)
UnityEditor.MaterialEditor:DoRenderPreview (UnityEditor.PreviewRenderUtility,bool)
UnityEditor.MaterialEditor:RenderStaticPreview (string,UnityEngine.Object[],int,int)
UnityEditor.AssetPreviewUpdater:CreatePreview (UnityEngine.Object,UnityEngine.Object[],string,int,int)
UnityEditor.AssetPreviewUpdater:CreatePreviewForAsset (UnityEngine.Object,UnityEngine.Object[],string)

(Filename: ./Library/PackageCache/com.unity.render-pipelines.universal@ba24149c0920/Runtime/Passes/ScriptableRenderPass.cs Line: 724)

The render pass PSX.PixelationPass does not have an implementation of the RecordRenderGraph method. Please implement this method, or consider turning on Compatibility Mode (RenderGraph disabled) in the menu Edit > Project Settings > Graphics > URP. Otherwise the render pass will have no effect. For more information, refer to https://docs.unity3d.com/Packages/com.unity.render-pipelines.universal@latest/index.html?subfolder=/manual/customizing-urp.html.
UnityEngine.Debug:ExtractStackTraceNoAlloc (byte*,int,string)
UnityEngine.StackTraceUtility:ExtractStackTrace ()
UnityEngine.DebugLogHandler:Internal_Log (UnityEngine.LogType,UnityEngine.LogOption,string,UnityEngine.Object)
UnityEngine.DebugLogHandler:LogFormat (UnityEngine.LogType,UnityEngine.Object,string,object[])
UnityEngine.Logger:Log (UnityEngine.LogType,object)
UnityEngine.Debug:LogWarning (object)
UnityEngine.Rendering.Universal.ScriptableRenderPass:RecordRenderGraph (UnityEngine.Rendering.RenderGraphModule.RenderGraph,UnityEngine.Rendering.ContextContainer) (at ./Library/PackageCache/com.unity.render-pipelines.universal@ba24149c0920/Runtime/Passes/ScriptableRenderPass.cs:724)
UnityEngine.Rendering.Universal.ScriptableRenderer:RecordCustomRenderGraphPassesInEventRange (UnityEngine.Rendering.RenderGraphModule.RenderGraph,UnityEngine.Rendering.Universal.RenderPassEvent,UnityEngine.Rendering.Universal.RenderPassEvent) (at ./Library/PackageCache/com.unity.render-pipelines.universal@ba24149c0920/Runtime/ScriptableRenderer.cs:1250)
UnityEngine.Rendering.Universal.ScriptableRenderer:RecordCustomRenderGraphPasses (UnityEngine.Rendering.RenderGraphModule.RenderGraph,UnityEngine.Rendering.Universal.RenderPassEvent,UnityEngine.Rendering.Universal.RenderPassEvent) (at ./Library/PackageCache/com.unity.render-pipelines.universal@ba24149c0920/Runtime/ScriptableRenderer.cs:1269)
UnityEngine.Rendering.Universal.ScriptableRenderer:RecordCustomRenderGraphPasses (UnityEngine.Rendering.RenderGraphModule.RenderGraph,UnityEngine.Rendering.Universal.RenderPassEvent) (at ./Library/PackageCache/com.unity.render-pipelines.universal@ba24149c0920/Runtime/ScriptableRenderer.cs:1274)
UnityEngine.Rendering.Universal.UniversalRenderer:OnAfterRendering (UnityEngine.Rendering.RenderGraphModule.RenderGraph) (at ./Library/PackageCache/com.unity.render-pipelines.universal@ba24149c0920/Runtime/UniversalRendererRenderGraph.cs:1436)
UnityEngine.Rendering.Universal.UniversalRenderer:OnRecordRenderGraph (UnityEngine.Rendering.RenderGraphModule.RenderGraph,UnityEngine.Rendering.ScriptableRenderContext) (at ./Library/PackageCache/com.unity.render-pipelines.universal@ba24149c0920/Runtime/UniversalRendererRenderGraph.cs:806)
UnityEngine.Rendering.Universal.ScriptableRenderer:RecordRenderGraph (UnityEngine.Rendering.RenderGraphModule.RenderGraph,UnityEngine.Rendering.ScriptableRenderContext) (at ./Library/PackageCache/com.unity.render-pipelines.universal@ba24149c0920/Runtime/ScriptableRenderer.cs:1203)
UnityEngine.Rendering.Universal.UniversalRenderPipeline:RecordRenderGraph (UnityEngine.Rendering.RenderGraphModule.RenderGraph,UnityEngine.Rendering.ScriptableRenderContext,UnityEngine.Rendering.Universal.ScriptableRenderer) (at ./Library/PackageCache/com.unity.render-pipelines.universal@ba24149c0920/Runtime/UniversalRenderPipelineRenderGraph.cs:10)
UnityEngine.Rendering.Universal.UniversalRenderPipeline:RecordAndExecuteRenderGraph (UnityEngine.Rendering.RenderGraphModule.RenderGraph,UnityEngine.Rendering.ScriptableRenderContext,UnityEngine.Rendering.Universal.ScriptableRenderer,UnityEngine.Rendering.CommandBuffer,UnityEngine.Camera,string) (at ./Library/PackageCache/com.unity.render-pipelines.universal@ba24149c0920/Runtime/UniversalRenderPipelineRenderGraph.cs:24)
UnityEngine.Rendering.Universal.UniversalRenderPipeline:RenderSingleCamera (UnityEngine.Rendering.ScriptableRenderContext,UnityEngine.Rendering.Universal.UniversalCameraData) (at ./Library/PackageCache/com.unity.render-pipelines.universal@ba24149c0920/Runtime/UniversalRenderPipeline.cs:855)
UnityEngine.Rendering.Universal.UniversalRenderPipeline:RenderSingleCameraInternal (UnityEngine.Rendering.ScriptableRenderContext,UnityEngine.Camera,UnityEngine.Rendering.Universal.UniversalAdditionalCameraData&,bool) (at ./Library/PackageCache/com.unity.render-pipelines.universal@ba24149c0920/Runtime/UniversalRenderPipeline.cs:688)
UnityEngine.Rendering.Universal.UniversalRenderPipeline:RenderSingleCameraInternal (UnityEngine.Rendering.ScriptableRenderContext,UnityEngine.Camera,bool) (at ./Library/PackageCache/com.unity.render-pipelines.universal@ba24149c0920/Runtime/UniversalRenderPipeline.cs:663)
UnityEngine.Rendering.Universal.UniversalRenderPipeline:Render (UnityEngine.Rendering.ScriptableRenderContext,System.Collections.Generic.List`1<UnityEngine.Camera>) (at ./Library/PackageCache/com.unity.render-pipelines.universal@ba24149c0920/Runtime/UniversalRenderPipeline.cs:480)
UnityEngine.Rendering.RenderPipeline:InternalRender (UnityEngine.Rendering.ScriptableRenderContext,System.Collections.Generic.List`1<UnityEngine.Camera>)
UnityEngine.Rendering.RenderPipelineManager:DoRenderLoop_Internal (UnityEngine.Rendering.RenderPipelineAsset,intptr,UnityEngine.Object,Unity.Collections.LowLevel.Unsafe.AtomicSafetyHandle)
UnityEngine.Camera:Render ()
UnityEditor.PreviewRenderUtility:Render (bool,bool)
UnityEditor.MaterialEditor:DoRenderPreview (UnityEditor.PreviewRenderUtility,bool)
UnityEditor.MaterialEditor:RenderStaticPreview (string,UnityEngine.Object[],int,int)
UnityEditor.AssetPreviewUpdater:CreatePreview (UnityEngine.Object,UnityEngine.Object[],string,int,int)
UnityEditor.AssetPreviewUpdater:CreatePreviewForAsset (UnityEngine.Object,UnityEngine.Object[],string)

(Filename: ./Library/PackageCache/com.unity.render-pipelines.universal@ba24149c0920/Runtime/Passes/ScriptableRenderPass.cs Line: 724)

The render pass PSX.DitheringPass does not have an implementation of the RecordRenderGraph method. Please implement this method, or consider turning on Compatibility Mode (RenderGraph disabled) in the menu Edit > Project Settings > Graphics > URP. Otherwise the render pass will have no effect. For more information, refer to https://docs.unity3d.com/Packages/com.unity.render-pipelines.universal@latest/index.html?subfolder=/manual/customizing-urp.html.
UnityEngine.Debug:ExtractStackTraceNoAlloc (byte*,int,string)
UnityEngine.StackTraceUtility:ExtractStackTrace ()
UnityEngine.DebugLogHandler:Internal_Log (UnityEngine.LogType,UnityEngine.LogOption,string,UnityEngine.Object)
UnityEngine.DebugLogHandler:LogFormat (UnityEngine.LogType,UnityEngine.Object,string,object[])
UnityEngine.Logger:Log (UnityEngine.LogType,object)
UnityEngine.Debug:LogWarning (object)
UnityEngine.Rendering.Universal.ScriptableRenderPass:RecordRenderGraph (UnityEngine.Rendering.RenderGraphModule.RenderGraph,UnityEngine.Rendering.ContextContainer) (at ./Library/PackageCache/com.unity.render-pipelines.universal@ba24149c0920/Runtime/Passes/ScriptableRenderPass.cs:724)
UnityEngine.Rendering.Universal.ScriptableRenderer:RecordCustomRenderGraphPassesInEventRange (UnityEngine.Rendering.RenderGraphModule.RenderGraph,UnityEngine.Rendering.Universal.RenderPassEvent,UnityEngine.Rendering.Universal.RenderPassEvent) (at ./Library/PackageCache/com.unity.render-pipelines.universal@ba24149c0920/Runtime/ScriptableRenderer.cs:1250)
UnityEngine.Rendering.Universal.ScriptableRenderer:RecordCustomRenderGraphPasses (UnityEngine.Rendering.RenderGraphModule.RenderGraph,UnityEngine.Rendering.Universal.RenderPassEvent,UnityEngine.Rendering.Universal.RenderPassEvent) (at ./Library/PackageCache/com.unity.render-pipelines.universal@ba24149c0920/Runtime/ScriptableRenderer.cs:1269)
UnityEngine.Rendering.Universal.ScriptableRenderer:RecordCustomRenderGraphPasses (UnityEngine.Rendering.RenderGraphModule.RenderGraph,UnityEngine.Rendering.Universal.RenderPassEvent) (at ./Library/PackageCache/com.unity.render-pipelines.universal@ba24149c0920/Runtime/ScriptableRenderer.cs:1274)
UnityEngine.Rendering.Universal.UniversalRenderer:OnAfterRendering (UnityEngine.Rendering.RenderGraphModule.RenderGraph) (at ./Library/PackageCache/com.unity.render-pipelines.universal@ba24149c0920/Runtime/UniversalRendererRenderGraph.cs:1436)
UnityEngine.Rendering.Universal.UniversalRenderer:OnRecordRenderGraph (UnityEngine.Rendering.RenderGraphModule.RenderGraph,UnityEngine.Rendering.ScriptableRenderContext) (at ./Library/PackageCache/com.unity.render-pipelines.universal@ba24149c0920/Runtime/UniversalRendererRenderGraph.cs:806)
UnityEngine.Rendering.Universal.ScriptableRenderer:RecordRenderGraph (UnityEngine.Rendering.RenderGraphModule.RenderGraph,UnityEngine.Rendering.ScriptableRenderContext) (at ./Library/PackageCache/com.unity.render-pipelines.universal@ba24149c0920/Runtime/ScriptableRenderer.cs:1203)
UnityEngine.Rendering.Universal.UniversalRenderPipeline:RecordRenderGraph (UnityEngine.Rendering.RenderGraphModule.RenderGraph,UnityEngine.Rendering.ScriptableRenderContext,UnityEngine.Rendering.Universal.ScriptableRenderer) (at ./Library/PackageCache/com.unity.render-pipelines.universal@ba24149c0920/Runtime/UniversalRenderPipelineRenderGraph.cs:10)
UnityEngine.Rendering.Universal.UniversalRenderPipeline:RecordAndExecuteRenderGraph (UnityEngine.Rendering.RenderGraphModule.RenderGraph,UnityEngine.Rendering.ScriptableRenderContext,UnityEngine.Rendering.Universal.ScriptableRenderer,UnityEngine.Rendering.CommandBuffer,UnityEngine.Camera,string) (at ./Library/PackageCache/com.unity.render-pipelines.universal@ba24149c0920/Runtime/UniversalRenderPipelineRenderGraph.cs:24)
UnityEngine.Rendering.Universal.UniversalRenderPipeline:RenderSingleCamera (UnityEngine.Rendering.ScriptableRenderContext,UnityEngine.Rendering.Universal.UniversalCameraData) (at ./Library/PackageCache/com.unity.render-pipelines.universal@ba24149c0920/Runtime/UniversalRenderPipeline.cs:855)
UnityEngine.Rendering.Universal.UniversalRenderPipeline:RenderSingleCameraInternal (UnityEngine.Rendering.ScriptableRenderContext,UnityEngine.Camera,UnityEngine.Rendering.Universal.UniversalAdditionalCameraData&,bool) (at ./Library/PackageCache/com.unity.render-pipelines.universal@ba24149c0920/Runtime/UniversalRenderPipeline.cs:688)
UnityEngine.Rendering.Universal.UniversalRenderPipeline:RenderSingleCameraInternal (UnityEngine.Rendering.ScriptableRenderContext,UnityEngine.Camera,bool) (at ./Library/PackageCache/com.unity.render-pipelines.universal@ba24149c0920/Runtime/UniversalRenderPipeline.cs:663)
UnityEngine.Rendering.Universal.UniversalRenderPipeline:Render (UnityEngine.Rendering.ScriptableRenderContext,System.Collections.Generic.List`1<UnityEngine.Camera>) (at ./Library/PackageCache/com.unity.render-pipelines.universal@ba24149c0920/Runtime/UniversalRenderPipeline.cs:480)
UnityEngine.Rendering.RenderPipeline:InternalRender (UnityEngine.Rendering.ScriptableRenderContext,System.Collections.Generic.List`1<UnityEngine.Camera>)
UnityEngine.Rendering.RenderPipelineManager:DoRenderLoop_Internal (UnityEngine.Rendering.RenderPipelineAsset,intptr,UnityEngine.Object,Unity.Collections.LowLevel.Unsafe.AtomicSafetyHandle)
UnityEngine.Camera:Render ()
UnityEditor.PreviewRenderUtility:Render (bool,bool)
UnityEditor.MaterialEditor:DoRenderPreview (UnityEditor.PreviewRenderUtility,bool)
UnityEditor.MaterialEditor:RenderStaticPreview (string,UnityEngine.Object[],int,int)
UnityEditor.AssetPreviewUpdater:CreatePreview (UnityEngine.Object,UnityEngine.Object[],string,int,int)
UnityEditor.AssetPreviewUpdater:CreatePreviewForAsset (UnityEngine.Object,UnityEngine.Object[],string)

(Filename: ./Library/PackageCache/com.unity.render-pipelines.universal@ba24149c0920/Runtime/Passes/ScriptableRenderPass.cs Line: 724)

The render pass PSX.CRTPass does not have an implementation of the RecordRenderGraph method. Please implement this method, or consider turning on Compatibility Mode (RenderGraph disabled) in the menu Edit > Project Settings > Graphics > URP. Otherwise the render pass will have no effect. For more information, refer to https://docs.unity3d.com/Packages/com.unity.render-pipelines.universal@latest/index.html?subfolder=/manual/customizing-urp.html.
UnityEngine.Debug:ExtractStackTraceNoAlloc (byte*,int,string)
UnityEngine.StackTraceUtility:ExtractStackTrace ()
UnityEngine.DebugLogHandler:Internal_Log (UnityEngine.LogType,UnityEngine.LogOption,string,UnityEngine.Object)
UnityEngine.DebugLogHandler:LogFormat (UnityEngine.LogType,UnityEngine.Object,string,object[])
UnityEngine.Logger:Log (UnityEngine.LogType,object)
UnityEngine.Debug:LogWarning (object)
UnityEngine.Rendering.Universal.ScriptableRenderPass:RecordRenderGraph (UnityEngine.Rendering.RenderGraphModule.RenderGraph,UnityEngine.Rendering.ContextContainer) (at ./Library/PackageCache/com.unity.render-pipelines.universal@ba24149c0920/Runtime/Passes/ScriptableRenderPass.cs:724)
UnityEngine.Rendering.Universal.ScriptableRenderer:RecordCustomRenderGraphPassesInEventRange (UnityEngine.Rendering.RenderGraphModule.RenderGraph,UnityEngine.Rendering.Universal.RenderPassEvent,UnityEngine.Rendering.Universal.RenderPassEvent) (at ./Library/PackageCache/com.unity.render-pipelines.universal@ba24149c0920/Runtime/ScriptableRenderer.cs:1250)
UnityEngine.Rendering.Universal.ScriptableRenderer:RecordCustomRenderGraphPasses (UnityEngine.Rendering.RenderGraphModule.RenderGraph,UnityEngine.Rendering.Universal.RenderPassEvent,UnityEngine.Rendering.Universal.RenderPassEvent) (at ./Library/PackageCache/com.unity.render-pipelines.universal@ba24149c0920/Runtime/ScriptableRenderer.cs:1269)
UnityEngine.Rendering.Universal.ScriptableRenderer:RecordCustomRenderGraphPasses (UnityEngine.Rendering.RenderGraphModule.RenderGraph,UnityEngine.Rendering.Universal.RenderPassEvent) (at ./Library/PackageCache/com.unity.render-pipelines.universal@ba24149c0920/Runtime/ScriptableRenderer.cs:1274)
UnityEngine.Rendering.Universal.UniversalRenderer:OnAfterRendering (UnityEngine.Rendering.RenderGraphModule.RenderGraph) (at ./Library/PackageCache/com.unity.render-pipelines.universal@ba24149c0920/Runtime/UniversalRendererRenderGraph.cs:1436)
UnityEngine.Rendering.Universal.UniversalRenderer:OnRecordRenderGraph (UnityEngine.Rendering.RenderGraphModule.RenderGraph,UnityEngine.Rendering.ScriptableRenderContext) (at ./Library/PackageCache/com.unity.render-pipelines.universal@ba24149c0920/Runtime/UniversalRendererRenderGraph.cs:806)
UnityEngine.Rendering.Universal.ScriptableRenderer:RecordRenderGraph (UnityEngine.Rendering.RenderGraphModule.RenderGraph,UnityEngine.Rendering.ScriptableRenderContext) (at ./Library/PackageCache/com.unity.render-pipelines.universal@ba24149c0920/Runtime/ScriptableRenderer.cs:1203)
UnityEngine.Rendering.Universal.UniversalRenderPipeline:RecordRenderGraph (UnityEngine.Rendering.RenderGraphModule.RenderGraph,UnityEngine.Rendering.ScriptableRenderContext,UnityEngine.Rendering.Universal.ScriptableRenderer) (at ./Library/PackageCache/com.unity.render-pipelines.universal@ba24149c0920/Runtime/UniversalRenderPipelineRenderGraph.cs:10)
UnityEngine.Rendering.Universal.UniversalRenderPipeline:RecordAndExecuteRenderGraph (UnityEngine.Rendering.RenderGraphModule.RenderGraph,UnityEngine.Rendering.ScriptableRenderContext,UnityEngine.Rendering.Universal.ScriptableRenderer,UnityEngine.Rendering.CommandBuffer,UnityEngine.Camera,string) (at ./Library/PackageCache/com.unity.render-pipelines.universal@ba24149c0920/Runtime/UniversalRenderPipelineRenderGraph.cs:24)
UnityEngine.Rendering.Universal.UniversalRenderPipeline:RenderSingleCamera (UnityEngine.Rendering.ScriptableRenderContext,UnityEngine.Rendering.Universal.UniversalCameraData) (at ./Library/PackageCache/com.unity.render-pipelines.universal@ba24149c0920/Runtime/UniversalRenderPipeline.cs:855)
UnityEngine.Rendering.Universal.UniversalRenderPipeline:RenderSingleCameraInternal (UnityEngine.Rendering.ScriptableRenderContext,UnityEngine.Camera,UnityEngine.Rendering.Universal.UniversalAdditionalCameraData&,bool) (at ./Library/PackageCache/com.unity.render-pipelines.universal@ba24149c0920/Runtime/UniversalRenderPipeline.cs:688)
UnityEngine.Rendering.Universal.UniversalRenderPipeline:RenderSingleCameraInternal (UnityEngine.Rendering.ScriptableRenderContext,UnityEngine.Camera,bool) (at ./Library/PackageCache/com.unity.render-pipelines.universal@ba24149c0920/Runtime/UniversalRenderPipeline.cs:663)
UnityEngine.Rendering.Universal.UniversalRenderPipeline:Render (UnityEngine.Rendering.ScriptableRenderContext,System.Collections.Generic.List`1<UnityEngine.Camera>) (at ./Library/PackageCache/com.unity.render-pipelines.universal@ba24149c0920/Runtime/UniversalRenderPipeline.cs:480)
UnityEngine.Rendering.RenderPipeline:InternalRender (UnityEngine.Rendering.ScriptableRenderContext,System.Collections.Generic.List`1<UnityEngine.Camera>)
UnityEngine.Rendering.RenderPipelineManager:DoRenderLoop_Internal (UnityEngine.Rendering.RenderPipelineAsset,intptr,UnityEngine.Object,Unity.Collections.LowLevel.Unsafe.AtomicSafetyHandle)
UnityEngine.Camera:Render ()
UnityEditor.PreviewRenderUtility:Render (bool,bool)
UnityEditor.MaterialEditor:DoRenderPreview (UnityEditor.PreviewRenderUtility,bool)
UnityEditor.MaterialEditor:RenderStaticPreview (string,UnityEngine.Object[],int,int)
UnityEditor.AssetPreviewUpdater:CreatePreview (UnityEngine.Object,UnityEngine.Object[],string,int,int)
UnityEditor.AssetPreviewUpdater:CreatePreviewForAsset (UnityEngine.Object,UnityEngine.Object[],string)

(Filename: ./Library/PackageCache/com.unity.render-pipelines.universal@ba24149c0920/Runtime/Passes/ScriptableRenderPass.cs Line: 724)

 -> (artifact id: 'c2517f263c29055060e3b248a18aa04f') in 0.0115721 seconds
Number of updated asset objects reloaded before import = 0Number of asset objects unloaded after import = 2

========================================================================
Received Import Request.
  Time since last request: 0.000033 seconds.
  path: Assets/Subgraphs/DirectSpecular.shadersubgraph
  artifactKey: Guid(f759ae007b686ee47afd3ba630b7e955) Importer(815301076,1909f56bfc062723c751e8b465ee728b)
Start importing Assets/Subgraphs/DirectSpecular.shadersubgraph using Guid(f759ae007b686ee47afd3ba630b7e955) Importer(815301076,1909f56bfc062723c751e8b465ee728b) (PreviewImporter) -> (artifact id: 'da67a1590b3ef3fc32cccccc653cade7') in 0.0018521 seconds
Number of updated asset objects reloaded before import = 0Number of asset objects unloaded after import = 1

========================================================================
Received Import Request.
  Time since last request: 0.000063 seconds.
  path: Assets/Materials/Psx_Unlit_Variant_Rock.mat
  artifactKey: Guid(9e88e8f17b1111640baaf2b963006d60) Importer(815301076,1909f56bfc062723c751e8b465ee728b)
Start importing Assets/Materials/Psx_Unlit_Variant_Rock.mat using Guid(9e88e8f17b1111640baaf2b963006d60) Importer(815301076,1909f56bfc062723c751e8b465ee728b) (PreviewImporter)The render pass PSX.FogPass does not have an implementation of the RecordRenderGraph method. Please implement this method, or consider turning on Compatibility Mode (RenderGraph disabled) in the menu Edit > Project Settings > Graphics > URP. Otherwise the render pass will have no effect. For more information, refer to https://docs.unity3d.com/Packages/com.unity.render-pipelines.universal@latest/index.html?subfolder=/manual/customizing-urp.html.
UnityEngine.Debug:ExtractStackTraceNoAlloc (byte*,int,string)
UnityEngine.StackTraceUtility:ExtractStackTrace ()
UnityEngine.DebugLogHandler:Internal_Log (UnityEngine.LogType,UnityEngine.LogOption,string,UnityEngine.Object)
UnityEngine.DebugLogHandler:LogFormat (UnityEngine.LogType,UnityEngine.Object,string,object[])
UnityEngine.Logger:Log (UnityEngine.LogType,object)
UnityEngine.Debug:LogWarning (object)
UnityEngine.Rendering.Universal.ScriptableRenderPass:RecordRenderGraph (UnityEngine.Rendering.RenderGraphModule.RenderGraph,UnityEngine.Rendering.ContextContainer) (at ./Library/PackageCache/com.unity.render-pipelines.universal@ba24149c0920/Runtime/Passes/ScriptableRenderPass.cs:724)
UnityEngine.Rendering.Universal.ScriptableRenderer:RecordCustomRenderGraphPassesInEventRange (UnityEngine.Rendering.RenderGraphModule.RenderGraph,UnityEngine.Rendering.Universal.RenderPassEvent,UnityEngine.Rendering.Universal.RenderPassEvent) (at ./Library/PackageCache/com.unity.render-pipelines.universal@ba24149c0920/Runtime/ScriptableRenderer.cs:1250)
UnityEngine.Rendering.Universal.ScriptableRenderer:RecordCustomRenderGraphPasses (UnityEngine.Rendering.RenderGraphModule.RenderGraph,UnityEngine.Rendering.Universal.RenderPassEvent,UnityEngine.Rendering.Universal.RenderPassEvent) (at ./Library/PackageCache/com.unity.render-pipelines.universal@ba24149c0920/Runtime/ScriptableRenderer.cs:1269)
UnityEngine.Rendering.Universal.ScriptableRenderer:RecordCustomRenderGraphPasses (UnityEngine.Rendering.RenderGraphModule.RenderGraph,UnityEngine.Rendering.Universal.RenderPassEvent) (at ./Library/PackageCache/com.unity.render-pipelines.universal@ba24149c0920/Runtime/ScriptableRenderer.cs:1274)
UnityEngine.Rendering.Universal.UniversalRenderer:OnAfterRendering (UnityEngine.Rendering.RenderGraphModule.RenderGraph) (at ./Library/PackageCache/com.unity.render-pipelines.universal@ba24149c0920/Runtime/UniversalRendererRenderGraph.cs:1436)
UnityEngine.Rendering.Universal.UniversalRenderer:OnRecordRenderGraph (UnityEngine.Rendering.RenderGraphModule.RenderGraph,UnityEngine.Rendering.ScriptableRenderContext) (at ./Library/PackageCache/com.unity.render-pipelines.universal@ba24149c0920/Runtime/UniversalRendererRenderGraph.cs:806)
UnityEngine.Rendering.Universal.ScriptableRenderer:RecordRenderGraph (UnityEngine.Rendering.RenderGraphModule.RenderGraph,UnityEngine.Rendering.ScriptableRenderContext) (at ./Library/PackageCache/com.unity.render-pipelines.universal@ba24149c0920/Runtime/ScriptableRenderer.cs:1203)
UnityEngine.Rendering.Universal.UniversalRenderPipeline:RecordRenderGraph (UnityEngine.Rendering.RenderGraphModule.RenderGraph,UnityEngine.Rendering.ScriptableRenderContext,UnityEngine.Rendering.Universal.ScriptableRenderer) (at ./Library/PackageCache/com.unity.render-pipelines.universal@ba24149c0920/Runtime/UniversalRenderPipelineRenderGraph.cs:10)
UnityEngine.Rendering.Universal.UniversalRenderPipeline:RecordAndExecuteRenderGraph (UnityEngine.Rendering.RenderGraphModule.RenderGraph,UnityEngine.Rendering.ScriptableRenderContext,UnityEngine.Rendering.Universal.ScriptableRenderer,UnityEngine.Rendering.CommandBuffer,UnityEngine.Camera,string) (at ./Library/PackageCache/com.unity.render-pipelines.universal@ba24149c0920/Runtime/UniversalRenderPipelineRenderGraph.cs:24)
UnityEngine.Rendering.Universal.UniversalRenderPipeline:RenderSingleCamera (UnityEngine.Rendering.ScriptableRenderContext,UnityEngine.Rendering.Universal.UniversalCameraData) (at ./Library/PackageCache/com.unity.render-pipelines.universal@ba24149c0920/Runtime/UniversalRenderPipeline.cs:855)
UnityEngine.Rendering.Universal.UniversalRenderPipeline:RenderSingleCameraInternal (UnityEngine.Rendering.ScriptableRenderContext,UnityEngine.Camera,UnityEngine.Rendering.Universal.UniversalAdditionalCameraData&,bool) (at ./Library/PackageCache/com.unity.render-pipelines.universal@ba24149c0920/Runtime/UniversalRenderPipeline.cs:688)
UnityEngine.Rendering.Universal.UniversalRenderPipeline:RenderSingleCameraInternal (UnityEngine.Rendering.ScriptableRenderContext,UnityEngine.Camera,bool) (at ./Library/PackageCache/com.unity.render-pipelines.universal@ba24149c0920/Runtime/UniversalRenderPipeline.cs:663)
UnityEngine.Rendering.Universal.UniversalRenderPipeline:Render (UnityEngine.Rendering.ScriptableRenderContext,System.Collections.Generic.List`1<UnityEngine.Camera>) (at ./Library/PackageCache/com.unity.render-pipelines.universal@ba24149c0920/Runtime/UniversalRenderPipeline.cs:480)
UnityEngine.Rendering.RenderPipeline:InternalRender (UnityEngine.Rendering.ScriptableRenderContext,System.Collections.Generic.List`1<UnityEngine.Camera>)
UnityEngine.Rendering.RenderPipelineManager:DoRenderLoop_Internal (UnityEngine.Rendering.RenderPipelineAsset,intptr,UnityEngine.Object,Unity.Collections.LowLevel.Unsafe.AtomicSafetyHandle)
UnityEngine.Camera:Render ()
UnityEditor.PreviewRenderUtility:Render (bool,bool)
UnityEditor.MaterialEditor:DoRenderPreview (UnityEditor.PreviewRenderUtility,bool)
UnityEditor.MaterialEditor:RenderStaticPreview (string,UnityEngine.Object[],int,int)
UnityEditor.AssetPreviewUpdater:CreatePreview (UnityEngine.Object,UnityEngine.Object[],string,int,int)
UnityEditor.AssetPreviewUpdater:CreatePreviewForAsset (UnityEngine.Object,UnityEngine.Object[],string)

(Filename: ./Library/PackageCache/com.unity.render-pipelines.universal@ba24149c0920/Runtime/Passes/ScriptableRenderPass.cs Line: 724)

The render pass PSX.PixelationPass does not have an implementation of the RecordRenderGraph method. Please implement this method, or consider turning on Compatibility Mode (RenderGraph disabled) in the menu Edit > Project Settings > Graphics > URP. Otherwise the render pass will have no effect. For more information, refer to https://docs.unity3d.com/Packages/com.unity.render-pipelines.universal@latest/index.html?subfolder=/manual/customizing-urp.html.
UnityEngine.Debug:ExtractStackTraceNoAlloc (byte*,int,string)
UnityEngine.StackTraceUtility:ExtractStackTrace ()
UnityEngine.DebugLogHandler:Internal_Log (UnityEngine.LogType,UnityEngine.LogOption,string,UnityEngine.Object)
UnityEngine.DebugLogHandler:LogFormat (UnityEngine.LogType,UnityEngine.Object,string,object[])
UnityEngine.Logger:Log (UnityEngine.LogType,object)
UnityEngine.Debug:LogWarning (object)
UnityEngine.Rendering.Universal.ScriptableRenderPass:RecordRenderGraph (UnityEngine.Rendering.RenderGraphModule.RenderGraph,UnityEngine.Rendering.ContextContainer) (at ./Library/PackageCache/com.unity.render-pipelines.universal@ba24149c0920/Runtime/Passes/ScriptableRenderPass.cs:724)
UnityEngine.Rendering.Universal.ScriptableRenderer:RecordCustomRenderGraphPassesInEventRange (UnityEngine.Rendering.RenderGraphModule.RenderGraph,UnityEngine.Rendering.Universal.RenderPassEvent,UnityEngine.Rendering.Universal.RenderPassEvent) (at ./Library/PackageCache/com.unity.render-pipelines.universal@ba24149c0920/Runtime/ScriptableRenderer.cs:1250)
UnityEngine.Rendering.Universal.ScriptableRenderer:RecordCustomRenderGraphPasses (UnityEngine.Rendering.RenderGraphModule.RenderGraph,UnityEngine.Rendering.Universal.RenderPassEvent,UnityEngine.Rendering.Universal.RenderPassEvent) (at ./Library/PackageCache/com.unity.render-pipelines.universal@ba24149c0920/Runtime/ScriptableRenderer.cs:1269)
UnityEngine.Rendering.Universal.ScriptableRenderer:RecordCustomRenderGraphPasses (UnityEngine.Rendering.RenderGraphModule.RenderGraph,UnityEngine.Rendering.Universal.RenderPassEvent) (at ./Library/PackageCache/com.unity.render-pipelines.universal@ba24149c0920/Runtime/ScriptableRenderer.cs:1274)
UnityEngine.Rendering.Universal.UniversalRenderer:OnAfterRendering (UnityEngine.Rendering.RenderGraphModule.RenderGraph) (at ./Library/PackageCache/com.unity.render-pipelines.universal@ba24149c0920/Runtime/UniversalRendererRenderGraph.cs:1436)
UnityEngine.Rendering.Universal.UniversalRenderer:OnRecordRenderGraph (UnityEngine.Rendering.RenderGraphModule.RenderGraph,UnityEngine.Rendering.ScriptableRenderContext) (at ./Library/PackageCache/com.unity.render-pipelines.universal@ba24149c0920/Runtime/UniversalRendererRenderGraph.cs:806)
UnityEngine.Rendering.Universal.ScriptableRenderer:RecordRenderGraph (UnityEngine.Rendering.RenderGraphModule.RenderGraph,UnityEngine.Rendering.ScriptableRenderContext) (at ./Library/PackageCache/com.unity.render-pipelines.universal@ba24149c0920/Runtime/ScriptableRenderer.cs:1203)
UnityEngine.Rendering.Universal.UniversalRenderPipeline:RecordRenderGraph (UnityEngine.Rendering.RenderGraphModule.RenderGraph,UnityEngine.Rendering.ScriptableRenderContext,UnityEngine.Rendering.Universal.ScriptableRenderer) (at ./Library/PackageCache/com.unity.render-pipelines.universal@ba24149c0920/Runtime/UniversalRenderPipelineRenderGraph.cs:10)
UnityEngine.Rendering.Universal.UniversalRenderPipeline:RecordAndExecuteRenderGraph (UnityEngine.Rendering.RenderGraphModule.RenderGraph,UnityEngine.Rendering.ScriptableRenderContext,UnityEngine.Rendering.Universal.ScriptableRenderer,UnityEngine.Rendering.CommandBuffer,UnityEngine.Camera,string) (at ./Library/PackageCache/com.unity.render-pipelines.universal@ba24149c0920/Runtime/UniversalRenderPipelineRenderGraph.cs:24)
UnityEngine.Rendering.Universal.UniversalRenderPipeline:RenderSingleCamera (UnityEngine.Rendering.ScriptableRenderContext,UnityEngine.Rendering.Universal.UniversalCameraData) (at ./Library/PackageCache/com.unity.render-pipelines.universal@ba24149c0920/Runtime/UniversalRenderPipeline.cs:855)
UnityEngine.Rendering.Universal.UniversalRenderPipeline:RenderSingleCameraInternal (UnityEngine.Rendering.ScriptableRenderContext,UnityEngine.Camera,UnityEngine.Rendering.Universal.UniversalAdditionalCameraData&,bool) (at ./Library/PackageCache/com.unity.render-pipelines.universal@ba24149c0920/Runtime/UniversalRenderPipeline.cs:688)
UnityEngine.Rendering.Universal.UniversalRenderPipeline:RenderSingleCameraInternal (UnityEngine.Rendering.ScriptableRenderContext,UnityEngine.Camera,bool) (at ./Library/PackageCache/com.unity.render-pipelines.universal@ba24149c0920/Runtime/UniversalRenderPipeline.cs:663)
UnityEngine.Rendering.Universal.UniversalRenderPipeline:Render (UnityEngine.Rendering.ScriptableRenderContext,System.Collections.Generic.List`1<UnityEngine.Camera>) (at ./Library/PackageCache/com.unity.render-pipelines.universal@ba24149c0920/Runtime/UniversalRenderPipeline.cs:480)
UnityEngine.Rendering.RenderPipeline:InternalRender (UnityEngine.Rendering.ScriptableRenderContext,System.Collections.Generic.List`1<UnityEngine.Camera>)
UnityEngine.Rendering.RenderPipelineManager:DoRenderLoop_Internal (UnityEngine.Rendering.RenderPipelineAsset,intptr,UnityEngine.Object,Unity.Collections.LowLevel.Unsafe.AtomicSafetyHandle)
UnityEngine.Camera:Render ()
UnityEditor.PreviewRenderUtility:Render (bool,bool)
UnityEditor.MaterialEditor:DoRenderPreview (UnityEditor.PreviewRenderUtility,bool)
UnityEditor.MaterialEditor:RenderStaticPreview (string,UnityEngine.Object[],int,int)
UnityEditor.AssetPreviewUpdater:CreatePreview (UnityEngine.Object,UnityEngine.Object[],string,int,int)
UnityEditor.AssetPreviewUpdater:CreatePreviewForAsset (UnityEngine.Object,UnityEngine.Object[],string)

(Filename: ./Library/PackageCache/com.unity.render-pipelines.universal@ba24149c0920/Runtime/Passes/ScriptableRenderPass.cs Line: 724)

The render pass PSX.DitheringPass does not have an implementation of the RecordRenderGraph method. Please implement this method, or consider turning on Compatibility Mode (RenderGraph disabled) in the menu Edit > Project Settings > Graphics > URP. Otherwise the render pass will have no effect. For more information, refer to https://docs.unity3d.com/Packages/com.unity.render-pipelines.universal@latest/index.html?subfolder=/manual/customizing-urp.html.
UnityEngine.Debug:ExtractStackTraceNoAlloc (byte*,int,string)
UnityEngine.StackTraceUtility:ExtractStackTrace ()
UnityEngine.DebugLogHandler:Internal_Log (UnityEngine.LogType,UnityEngine.LogOption,string,UnityEngine.Object)
UnityEngine.DebugLogHandler:LogFormat (UnityEngine.LogType,UnityEngine.Object,string,object[])
UnityEngine.Logger:Log (UnityEngine.LogType,object)
UnityEngine.Debug:LogWarning (object)
UnityEngine.Rendering.Universal.ScriptableRenderPass:RecordRenderGraph (UnityEngine.Rendering.RenderGraphModule.RenderGraph,UnityEngine.Rendering.ContextContainer) (at ./Library/PackageCache/com.unity.render-pipelines.universal@ba24149c0920/Runtime/Passes/ScriptableRenderPass.cs:724)
UnityEngine.Rendering.Universal.ScriptableRenderer:RecordCustomRenderGraphPassesInEventRange (UnityEngine.Rendering.RenderGraphModule.RenderGraph,UnityEngine.Rendering.Universal.RenderPassEvent,UnityEngine.Rendering.Universal.RenderPassEvent) (at ./Library/PackageCache/com.unity.render-pipelines.universal@ba24149c0920/Runtime/ScriptableRenderer.cs:1250)
UnityEngine.Rendering.Universal.ScriptableRenderer:RecordCustomRenderGraphPasses (UnityEngine.Rendering.RenderGraphModule.RenderGraph,UnityEngine.Rendering.Universal.RenderPassEvent,UnityEngine.Rendering.Universal.RenderPassEvent) (at ./Library/PackageCache/com.unity.render-pipelines.universal@ba24149c0920/Runtime/ScriptableRenderer.cs:1269)
UnityEngine.Rendering.Universal.ScriptableRenderer:RecordCustomRenderGraphPasses (UnityEngine.Rendering.RenderGraphModule.RenderGraph,UnityEngine.Rendering.Universal.RenderPassEvent) (at ./Library/PackageCache/com.unity.render-pipelines.universal@ba24149c0920/Runtime/ScriptableRenderer.cs:1274)
UnityEngine.Rendering.Universal.UniversalRenderer:OnAfterRendering (UnityEngine.Rendering.RenderGraphModule.RenderGraph) (at ./Library/PackageCache/com.unity.render-pipelines.universal@ba24149c0920/Runtime/UniversalRendererRenderGraph.cs:1436)
UnityEngine.Rendering.Universal.UniversalRenderer:OnRecordRenderGraph (UnityEngine.Rendering.RenderGraphModule.RenderGraph,UnityEngine.Rendering.ScriptableRenderContext) (at ./Library/PackageCache/com.unity.render-pipelines.universal@ba24149c0920/Runtime/UniversalRendererRenderGraph.cs:806)
UnityEngine.Rendering.Universal.ScriptableRenderer:RecordRenderGraph (UnityEngine.Rendering.RenderGraphModule.RenderGraph,UnityEngine.Rendering.ScriptableRenderContext) (at ./Library/PackageCache/com.unity.render-pipelines.universal@ba24149c0920/Runtime/ScriptableRenderer.cs:1203)
UnityEngine.Rendering.Universal.UniversalRenderPipeline:RecordRenderGraph (UnityEngine.Rendering.RenderGraphModule.RenderGraph,UnityEngine.Rendering.ScriptableRenderContext,UnityEngine.Rendering.Universal.ScriptableRenderer) (at ./Library/PackageCache/com.unity.render-pipelines.universal@ba24149c0920/Runtime/UniversalRenderPipelineRenderGraph.cs:10)
UnityEngine.Rendering.Universal.UniversalRenderPipeline:RecordAndExecuteRenderGraph (UnityEngine.Rendering.RenderGraphModule.RenderGraph,UnityEngine.Rendering.ScriptableRenderContext,UnityEngine.Rendering.Universal.ScriptableRenderer,UnityEngine.Rendering.CommandBuffer,UnityEngine.Camera,string) (at ./Library/PackageCache/com.unity.render-pipelines.universal@ba24149c0920/Runtime/UniversalRenderPipelineRenderGraph.cs:24)
UnityEngine.Rendering.Universal.UniversalRenderPipeline:RenderSingleCamera (UnityEngine.Rendering.ScriptableRenderContext,UnityEngine.Rendering.Universal.UniversalCameraData) (at ./Library/PackageCache/com.unity.render-pipelines.universal@ba24149c0920/Runtime/UniversalRenderPipeline.cs:855)
UnityEngine.Rendering.Universal.UniversalRenderPipeline:RenderSingleCameraInternal (UnityEngine.Rendering.ScriptableRenderContext,UnityEngine.Camera,UnityEngine.Rendering.Universal.UniversalAdditionalCameraData&,bool) (at ./Library/PackageCache/com.unity.render-pipelines.universal@ba24149c0920/Runtime/UniversalRenderPipeline.cs:688)
UnityEngine.Rendering.Universal.UniversalRenderPipeline:RenderSingleCameraInternal (UnityEngine.Rendering.ScriptableRenderContext,UnityEngine.Camera,bool) (at ./Library/PackageCache/com.unity.render-pipelines.universal@ba24149c0920/Runtime/UniversalRenderPipeline.cs:663)
UnityEngine.Rendering.Universal.UniversalRenderPipeline:Render (UnityEngine.Rendering.ScriptableRenderContext,System.Collections.Generic.List`1<UnityEngine.Camera>) (at ./Library/PackageCache/com.unity.render-pipelines.universal@ba24149c0920/Runtime/UniversalRenderPipeline.cs:480)
UnityEngine.Rendering.RenderPipeline:InternalRender (UnityEngine.Rendering.ScriptableRenderContext,System.Collections.Generic.List`1<UnityEngine.Camera>)
UnityEngine.Rendering.RenderPipelineManager:DoRenderLoop_Internal (UnityEngine.Rendering.RenderPipelineAsset,intptr,UnityEngine.Object,Unity.Collections.LowLevel.Unsafe.AtomicSafetyHandle)
UnityEngine.Camera:Render ()
UnityEditor.PreviewRenderUtility:Render (bool,bool)
UnityEditor.MaterialEditor:DoRenderPreview (UnityEditor.PreviewRenderUtility,bool)
UnityEditor.MaterialEditor:RenderStaticPreview (string,UnityEngine.Object[],int,int)
UnityEditor.AssetPreviewUpdater:CreatePreview (UnityEngine.Object,UnityEngine.Object[],string,int,int)
UnityEditor.AssetPreviewUpdater:CreatePreviewForAsset (UnityEngine.Object,UnityEngine.Object[],string)

(Filename: ./Library/PackageCache/com.unity.render-pipelines.universal@ba24149c0920/Runtime/Passes/ScriptableRenderPass.cs Line: 724)

The render pass PSX.CRTPass does not have an implementation of the RecordRenderGraph method. Please implement this method, or consider turning on Compatibility Mode (RenderGraph disabled) in the menu Edit > Project Settings > Graphics > URP. Otherwise the render pass will have no effect. For more information, refer to https://docs.unity3d.com/Packages/com.unity.render-pipelines.universal@latest/index.html?subfolder=/manual/customizing-urp.html.
UnityEngine.Debug:ExtractStackTraceNoAlloc (byte*,int,string)
UnityEngine.StackTraceUtility:ExtractStackTrace ()
UnityEngine.DebugLogHandler:Internal_Log (UnityEngine.LogType,UnityEngine.LogOption,string,UnityEngine.Object)
UnityEngine.DebugLogHandler:LogFormat (UnityEngine.LogType,UnityEngine.Object,string,object[])
UnityEngine.Logger:Log (UnityEngine.LogType,object)
UnityEngine.Debug:LogWarning (object)
UnityEngine.Rendering.Universal.ScriptableRenderPass:RecordRenderGraph (UnityEngine.Rendering.RenderGraphModule.RenderGraph,UnityEngine.Rendering.ContextContainer) (at ./Library/PackageCache/com.unity.render-pipelines.universal@ba24149c0920/Runtime/Passes/ScriptableRenderPass.cs:724)
UnityEngine.Rendering.Universal.ScriptableRenderer:RecordCustomRenderGraphPassesInEventRange (UnityEngine.Rendering.RenderGraphModule.RenderGraph,UnityEngine.Rendering.Universal.RenderPassEvent,UnityEngine.Rendering.Universal.RenderPassEvent) (at ./Library/PackageCache/com.unity.render-pipelines.universal@ba24149c0920/Runtime/ScriptableRenderer.cs:1250)
UnityEngine.Rendering.Universal.ScriptableRenderer:RecordCustomRenderGraphPasses (UnityEngine.Rendering.RenderGraphModule.RenderGraph,UnityEngine.Rendering.Universal.RenderPassEvent,UnityEngine.Rendering.Universal.RenderPassEvent) (at ./Library/PackageCache/com.unity.render-pipelines.universal@ba24149c0920/Runtime/ScriptableRenderer.cs:1269)
UnityEngine.Rendering.Universal.ScriptableRenderer:RecordCustomRenderGraphPasses (UnityEngine.Rendering.RenderGraphModule.RenderGraph,UnityEngine.Rendering.Universal.RenderPassEvent) (at ./Library/PackageCache/com.unity.render-pipelines.universal@ba24149c0920/Runtime/ScriptableRenderer.cs:1274)
UnityEngine.Rendering.Universal.UniversalRenderer:OnAfterRendering (UnityEngine.Rendering.RenderGraphModule.RenderGraph) (at ./Library/PackageCache/com.unity.render-pipelines.universal@ba24149c0920/Runtime/UniversalRendererRenderGraph.cs:1436)
UnityEngine.Rendering.Universal.UniversalRenderer:OnRecordRenderGraph (UnityEngine.Rendering.RenderGraphModule.RenderGraph,UnityEngine.Rendering.ScriptableRenderContext) (at ./Library/PackageCache/com.unity.render-pipelines.universal@ba24149c0920/Runtime/UniversalRendererRenderGraph.cs:806)
UnityEngine.Rendering.Universal.ScriptableRenderer:RecordRenderGraph (UnityEngine.Rendering.RenderGraphModule.RenderGraph,UnityEngine.Rendering.ScriptableRenderContext) (at ./Library/PackageCache/com.unity.render-pipelines.universal@ba24149c0920/Runtime/ScriptableRenderer.cs:1203)
UnityEngine.Rendering.Universal.UniversalRenderPipeline:RecordRenderGraph (UnityEngine.Rendering.RenderGraphModule.RenderGraph,UnityEngine.Rendering.ScriptableRenderContext,UnityEngine.Rendering.Universal.ScriptableRenderer) (at ./Library/PackageCache/com.unity.render-pipelines.universal@ba24149c0920/Runtime/UniversalRenderPipelineRenderGraph.cs:10)
UnityEngine.Rendering.Universal.UniversalRenderPipeline:RecordAndExecuteRenderGraph (UnityEngine.Rendering.RenderGraphModule.RenderGraph,UnityEngine.Rendering.ScriptableRenderContext,UnityEngine.Rendering.Universal.ScriptableRenderer,UnityEngine.Rendering.CommandBuffer,UnityEngine.Camera,string) (at ./Library/PackageCache/com.unity.render-pipelines.universal@ba24149c0920/Runtime/UniversalRenderPipelineRenderGraph.cs:24)
UnityEngine.Rendering.Universal.UniversalRenderPipeline:RenderSingleCamera (UnityEngine.Rendering.ScriptableRenderContext,UnityEngine.Rendering.Universal.UniversalCameraData) (at ./Library/PackageCache/com.unity.render-pipelines.universal@ba24149c0920/Runtime/UniversalRenderPipeline.cs:855)
UnityEngine.Rendering.Universal.UniversalRenderPipeline:RenderSingleCameraInternal (UnityEngine.Rendering.ScriptableRenderContext,UnityEngine.Camera,UnityEngine.Rendering.Universal.UniversalAdditionalCameraData&,bool) (at ./Library/PackageCache/com.unity.render-pipelines.universal@ba24149c0920/Runtime/UniversalRenderPipeline.cs:688)
UnityEngine.Rendering.Universal.UniversalRenderPipeline:RenderSingleCameraInternal (UnityEngine.Rendering.ScriptableRenderContext,UnityEngine.Camera,bool) (at ./Library/PackageCache/com.unity.render-pipelines.universal@ba24149c0920/Runtime/UniversalRenderPipeline.cs:663)
UnityEngine.Rendering.Universal.UniversalRenderPipeline:Render (UnityEngine.Rendering.ScriptableRenderContext,System.Collections.Generic.List`1<UnityEngine.Camera>) (at ./Library/PackageCache/com.unity.render-pipelines.universal@ba24149c0920/Runtime/UniversalRenderPipeline.cs:480)
UnityEngine.Rendering.RenderPipeline:InternalRender (UnityEngine.Rendering.ScriptableRenderContext,System.Collections.Generic.List`1<UnityEngine.Camera>)
UnityEngine.Rendering.RenderPipelineManager:DoRenderLoop_Internal (UnityEngine.Rendering.RenderPipelineAsset,intptr,UnityEngine.Object,Unity.Collections.LowLevel.Unsafe.AtomicSafetyHandle)
UnityEngine.Camera:Render ()
UnityEditor.PreviewRenderUtility:Render (bool,bool)
UnityEditor.MaterialEditor:DoRenderPreview (UnityEditor.PreviewRenderUtility,bool)
UnityEditor.MaterialEditor:RenderStaticPreview (string,UnityEngine.Object[],int,int)
UnityEditor.AssetPreviewUpdater:CreatePreview (UnityEngine.Object,UnityEngine.Object[],string,int,int)
UnityEditor.AssetPreviewUpdater:CreatePreviewForAsset (UnityEngine.Object,UnityEngine.Object[],string)

(Filename: ./Library/PackageCache/com.unity.render-pipelines.universal@ba24149c0920/Runtime/Passes/ScriptableRenderPass.cs Line: 724)

 -> (artifact id: 'c6e35091e3c9435a7564d9e9f6803692') in 0.0090436 seconds
Number of updated asset objects reloaded before import = 0Number of asset objects unloaded after import = 2

========================================================================
Received Import Request.
  Time since last request: 0.000033 seconds.
  path: Assets/AddressableAssetsData/AssetGroups/Schemas/Localization-String-Tables-German (de)_ContentUpdateGroupSchema.asset
  artifactKey: Guid(51c19ef2303677843bbff5940401abb2) Importer(815301076,1909f56bfc062723c751e8b465ee728b)
Start importing Assets/AddressableAssetsData/AssetGroups/Schemas/Localization-String-Tables-German (de)_ContentUpdateGroupSchema.asset using Guid(51c19ef2303677843bbff5940401abb2) Importer(815301076,1909f56bfc062723c751e8b465ee728b) (PreviewImporter) -> (artifact id: 'e62ed1addb019a86ca4b861e203d121d') in 0.0015231 seconds
Number of updated asset objects reloaded before import = 0Number of asset objects unloaded after import = 1

========================================================================
Received Import Request.
  Time since last request: 0.000035 seconds.
  path: Assets/AddressableAssetsData/AssetGroups/Schemas/Localization-String-Tables-Japanese (ja)_BundledAssetGroupSchema.asset
  artifactKey: Guid(4cc966b95ed9d684099013b48e2e6779) Importer(815301076,1909f56bfc062723c751e8b465ee728b)
Start importing Assets/AddressableAssetsData/AssetGroups/Schemas/Localization-String-Tables-Japanese (ja)_BundledAssetGroupSchema.asset using Guid(4cc966b95ed9d684099013b48e2e6779) Importer(815301076,1909f56bfc062723c751e8b465ee728b) (PreviewImporter) -> (artifact id: '950ec79f352337d50d71bac2a04ac8e4') in 0.0016578 seconds
Number of updated asset objects reloaded before import = 0Number of asset objects unloaded after import = 1

========================================================================
Received Import Request.
  Time since last request: 0.000038 seconds.
  path: Assets/Materials/Psx_Unlit_Variant_Ground_PolyBrush.mat
  artifactKey: Guid(e04866aae5eafe74ba43b450ddf2376c) Importer(815301076,1909f56bfc062723c751e8b465ee728b)
Start importing Assets/Materials/Psx_Unlit_Variant_Ground_PolyBrush.mat using Guid(e04866aae5eafe74ba43b450ddf2376c) Importer(815301076,1909f56bfc062723c751e8b465ee728b) (PreviewImporter)The render pass PSX.FogPass does not have an implementation of the RecordRenderGraph method. Please implement this method, or consider turning on Compatibility Mode (RenderGraph disabled) in the menu Edit > Project Settings > Graphics > URP. Otherwise the render pass will have no effect. For more information, refer to https://docs.unity3d.com/Packages/com.unity.render-pipelines.universal@latest/index.html?subfolder=/manual/customizing-urp.html.
UnityEngine.Debug:ExtractStackTraceNoAlloc (byte*,int,string)
UnityEngine.StackTraceUtility:ExtractStackTrace ()
UnityEngine.DebugLogHandler:Internal_Log (UnityEngine.LogType,UnityEngine.LogOption,string,UnityEngine.Object)
UnityEngine.DebugLogHandler:LogFormat (UnityEngine.LogType,UnityEngine.Object,string,object[])
UnityEngine.Logger:Log (UnityEngine.LogType,object)
UnityEngine.Debug:LogWarning (object)
UnityEngine.Rendering.Universal.ScriptableRenderPass:RecordRenderGraph (UnityEngine.Rendering.RenderGraphModule.RenderGraph,UnityEngine.Rendering.ContextContainer) (at ./Library/PackageCache/com.unity.render-pipelines.universal@ba24149c0920/Runtime/Passes/ScriptableRenderPass.cs:724)
UnityEngine.Rendering.Universal.ScriptableRenderer:RecordCustomRenderGraphPassesInEventRange (UnityEngine.Rendering.RenderGraphModule.RenderGraph,UnityEngine.Rendering.Universal.RenderPassEvent,UnityEngine.Rendering.Universal.RenderPassEvent) (at ./Library/PackageCache/com.unity.render-pipelines.universal@ba24149c0920/Runtime/ScriptableRenderer.cs:1250)
UnityEngine.Rendering.Universal.ScriptableRenderer:RecordCustomRenderGraphPasses (UnityEngine.Rendering.RenderGraphModule.RenderGraph,UnityEngine.Rendering.Universal.RenderPassEvent,UnityEngine.Rendering.Universal.RenderPassEvent) (at ./Library/PackageCache/com.unity.render-pipelines.universal@ba24149c0920/Runtime/ScriptableRenderer.cs:1269)
UnityEngine.Rendering.Universal.ScriptableRenderer:RecordCustomRenderGraphPasses (UnityEngine.Rendering.RenderGraphModule.RenderGraph,UnityEngine.Rendering.Universal.RenderPassEvent) (at ./Library/PackageCache/com.unity.render-pipelines.universal@ba24149c0920/Runtime/ScriptableRenderer.cs:1274)
UnityEngine.Rendering.Universal.UniversalRenderer:OnAfterRendering (UnityEngine.Rendering.RenderGraphModule.RenderGraph) (at ./Library/PackageCache/com.unity.render-pipelines.universal@ba24149c0920/Runtime/UniversalRendererRenderGraph.cs:1436)
UnityEngine.Rendering.Universal.UniversalRenderer:OnRecordRenderGraph (UnityEngine.Rendering.RenderGraphModule.RenderGraph,UnityEngine.Rendering.ScriptableRenderContext) (at ./Library/PackageCache/com.unity.render-pipelines.universal@ba24149c0920/Runtime/UniversalRendererRenderGraph.cs:806)
UnityEngine.Rendering.Universal.ScriptableRenderer:RecordRenderGraph (UnityEngine.Rendering.RenderGraphModule.RenderGraph,UnityEngine.Rendering.ScriptableRenderContext) (at ./Library/PackageCache/com.unity.render-pipelines.universal@ba24149c0920/Runtime/ScriptableRenderer.cs:1203)
UnityEngine.Rendering.Universal.UniversalRenderPipeline:RecordRenderGraph (UnityEngine.Rendering.RenderGraphModule.RenderGraph,UnityEngine.Rendering.ScriptableRenderContext,UnityEngine.Rendering.Universal.ScriptableRenderer) (at ./Library/PackageCache/com.unity.render-pipelines.universal@ba24149c0920/Runtime/UniversalRenderPipelineRenderGraph.cs:10)
UnityEngine.Rendering.Universal.UniversalRenderPipeline:RecordAndExecuteRenderGraph (UnityEngine.Rendering.RenderGraphModule.RenderGraph,UnityEngine.Rendering.ScriptableRenderContext,UnityEngine.Rendering.Universal.ScriptableRenderer,UnityEngine.Rendering.CommandBuffer,UnityEngine.Camera,string) (at ./Library/PackageCache/com.unity.render-pipelines.universal@ba24149c0920/Runtime/UniversalRenderPipelineRenderGraph.cs:24)
UnityEngine.Rendering.Universal.UniversalRenderPipeline:RenderSingleCamera (UnityEngine.Rendering.ScriptableRenderContext,UnityEngine.Rendering.Universal.UniversalCameraData) (at ./Library/PackageCache/com.unity.render-pipelines.universal@ba24149c0920/Runtime/UniversalRenderPipeline.cs:855)
UnityEngine.Rendering.Universal.UniversalRenderPipeline:RenderSingleCameraInternal (UnityEngine.Rendering.ScriptableRenderContext,UnityEngine.Camera,UnityEngine.Rendering.Universal.UniversalAdditionalCameraData&,bool) (at ./Library/PackageCache/com.unity.render-pipelines.universal@ba24149c0920/Runtime/UniversalRenderPipeline.cs:688)
UnityEngine.Rendering.Universal.UniversalRenderPipeline:RenderSingleCameraInternal (UnityEngine.Rendering.ScriptableRenderContext,UnityEngine.Camera,bool) (at ./Library/PackageCache/com.unity.render-pipelines.universal@ba24149c0920/Runtime/UniversalRenderPipeline.cs:663)
UnityEngine.Rendering.Universal.UniversalRenderPipeline:Render (UnityEngine.Rendering.ScriptableRenderContext,System.Collections.Generic.List`1<UnityEngine.Camera>) (at ./Library/PackageCache/com.unity.render-pipelines.universal@ba24149c0920/Runtime/UniversalRenderPipeline.cs:480)
UnityEngine.Rendering.RenderPipeline:InternalRender (UnityEngine.Rendering.ScriptableRenderContext,System.Collections.Generic.List`1<UnityEngine.Camera>)
UnityEngine.Rendering.RenderPipelineManager:DoRenderLoop_Internal (UnityEngine.Rendering.RenderPipelineAsset,intptr,UnityEngine.Object,Unity.Collections.LowLevel.Unsafe.AtomicSafetyHandle)
UnityEngine.Camera:Render ()
UnityEditor.PreviewRenderUtility:Render (bool,bool)
UnityEditor.MaterialEditor:DoRenderPreview (UnityEditor.PreviewRenderUtility,bool)
UnityEditor.MaterialEditor:RenderStaticPreview (string,UnityEngine.Object[],int,int)
UnityEditor.AssetPreviewUpdater:CreatePreview (UnityEngine.Object,UnityEngine.Object[],string,int,int)
UnityEditor.AssetPreviewUpdater:CreatePreviewForAsset (UnityEngine.Object,UnityEngine.Object[],string)

(Filename: ./Library/PackageCache/com.unity.render-pipelines.universal@ba24149c0920/Runtime/Passes/ScriptableRenderPass.cs Line: 724)

The render pass PSX.PixelationPass does not have an implementation of the RecordRenderGraph method. Please implement this method, or consider turning on Compatibility Mode (RenderGraph disabled) in the menu Edit > Project Settings > Graphics > URP. Otherwise the render pass will have no effect. For more information, refer to https://docs.unity3d.com/Packages/com.unity.render-pipelines.universal@latest/index.html?subfolder=/manual/customizing-urp.html.
UnityEngine.Debug:ExtractStackTraceNoAlloc (byte*,int,string)
UnityEngine.StackTraceUtility:ExtractStackTrace ()
UnityEngine.DebugLogHandler:Internal_Log (UnityEngine.LogType,UnityEngine.LogOption,string,UnityEngine.Object)
UnityEngine.DebugLogHandler:LogFormat (UnityEngine.LogType,UnityEngine.Object,string,object[])
UnityEngine.Logger:Log (UnityEngine.LogType,object)
UnityEngine.Debug:LogWarning (object)
UnityEngine.Rendering.Universal.ScriptableRenderPass:RecordRenderGraph (UnityEngine.Rendering.RenderGraphModule.RenderGraph,UnityEngine.Rendering.ContextContainer) (at ./Library/PackageCache/com.unity.render-pipelines.universal@ba24149c0920/Runtime/Passes/ScriptableRenderPass.cs:724)
UnityEngine.Rendering.Universal.ScriptableRenderer:RecordCustomRenderGraphPassesInEventRange (UnityEngine.Rendering.RenderGraphModule.RenderGraph,UnityEngine.Rendering.Universal.RenderPassEvent,UnityEngine.Rendering.Universal.RenderPassEvent) (at ./Library/PackageCache/com.unity.render-pipelines.universal@ba24149c0920/Runtime/ScriptableRenderer.cs:1250)
UnityEngine.Rendering.Universal.ScriptableRenderer:RecordCustomRenderGraphPasses (UnityEngine.Rendering.RenderGraphModule.RenderGraph,UnityEngine.Rendering.Universal.RenderPassEvent,UnityEngine.Rendering.Universal.RenderPassEvent) (at ./Library/PackageCache/com.unity.render-pipelines.universal@ba24149c0920/Runtime/ScriptableRenderer.cs:1269)
UnityEngine.Rendering.Universal.ScriptableRenderer:RecordCustomRenderGraphPasses (UnityEngine.Rendering.RenderGraphModule.RenderGraph,UnityEngine.Rendering.Universal.RenderPassEvent) (at ./Library/PackageCache/com.unity.render-pipelines.universal@ba24149c0920/Runtime/ScriptableRenderer.cs:1274)
UnityEngine.Rendering.Universal.UniversalRenderer:OnAfterRendering (UnityEngine.Rendering.RenderGraphModule.RenderGraph) (at ./Library/PackageCache/com.unity.render-pipelines.universal@ba24149c0920/Runtime/UniversalRendererRenderGraph.cs:1436)
UnityEngine.Rendering.Universal.UniversalRenderer:OnRecordRenderGraph (UnityEngine.Rendering.RenderGraphModule.RenderGraph,UnityEngine.Rendering.ScriptableRenderContext) (at ./Library/PackageCache/com.unity.render-pipelines.universal@ba24149c0920/Runtime/UniversalRendererRenderGraph.cs:806)
UnityEngine.Rendering.Universal.ScriptableRenderer:RecordRenderGraph (UnityEngine.Rendering.RenderGraphModule.RenderGraph,UnityEngine.Rendering.ScriptableRenderContext) (at ./Library/PackageCache/com.unity.render-pipelines.universal@ba24149c0920/Runtime/ScriptableRenderer.cs:1203)
UnityEngine.Rendering.Universal.UniversalRenderPipeline:RecordRenderGraph (UnityEngine.Rendering.RenderGraphModule.RenderGraph,UnityEngine.Rendering.ScriptableRenderContext,UnityEngine.Rendering.Universal.ScriptableRenderer) (at ./Library/PackageCache/com.unity.render-pipelines.universal@ba24149c0920/Runtime/UniversalRenderPipelineRenderGraph.cs:10)
UnityEngine.Rendering.Universal.UniversalRenderPipeline:RecordAndExecuteRenderGraph (UnityEngine.Rendering.RenderGraphModule.RenderGraph,UnityEngine.Rendering.ScriptableRenderContext,UnityEngine.Rendering.Universal.ScriptableRenderer,UnityEngine.Rendering.CommandBuffer,UnityEngine.Camera,string) (at ./Library/PackageCache/com.unity.render-pipelines.universal@ba24149c0920/Runtime/UniversalRenderPipelineRenderGraph.cs:24)
UnityEngine.Rendering.Universal.UniversalRenderPipeline:RenderSingleCamera (UnityEngine.Rendering.ScriptableRenderContext,UnityEngine.Rendering.Universal.UniversalCameraData) (at ./Library/PackageCache/com.unity.render-pipelines.universal@ba24149c0920/Runtime/UniversalRenderPipeline.cs:855)
UnityEngine.Rendering.Universal.UniversalRenderPipeline:RenderSingleCameraInternal (UnityEngine.Rendering.ScriptableRenderContext,UnityEngine.Camera,UnityEngine.Rendering.Universal.UniversalAdditionalCameraData&,bool) (at ./Library/PackageCache/com.unity.render-pipelines.universal@ba24149c0920/Runtime/UniversalRenderPipeline.cs:688)
UnityEngine.Rendering.Universal.UniversalRenderPipeline:RenderSingleCameraInternal (UnityEngine.Rendering.ScriptableRenderContext,UnityEngine.Camera,bool) (at ./Library/PackageCache/com.unity.render-pipelines.universal@ba24149c0920/Runtime/UniversalRenderPipeline.cs:663)
UnityEngine.Rendering.Universal.UniversalRenderPipeline:Render (UnityEngine.Rendering.ScriptableRenderContext,System.Collections.Generic.List`1<UnityEngine.Camera>) (at ./Library/PackageCache/com.unity.render-pipelines.universal@ba24149c0920/Runtime/UniversalRenderPipeline.cs:480)
UnityEngine.Rendering.RenderPipeline:InternalRender (UnityEngine.Rendering.ScriptableRenderContext,System.Collections.Generic.List`1<UnityEngine.Camera>)
UnityEngine.Rendering.RenderPipelineManager:DoRenderLoop_Internal (UnityEngine.Rendering.RenderPipelineAsset,intptr,UnityEngine.Object,Unity.Collections.LowLevel.Unsafe.AtomicSafetyHandle)
UnityEngine.Camera:Render ()
UnityEditor.PreviewRenderUtility:Render (bool,bool)
UnityEditor.MaterialEditor:DoRenderPreview (UnityEditor.PreviewRenderUtility,bool)
UnityEditor.MaterialEditor:RenderStaticPreview (string,UnityEngine.Object[],int,int)
UnityEditor.AssetPreviewUpdater:CreatePreview (UnityEngine.Object,UnityEngine.Object[],string,int,int)
UnityEditor.AssetPreviewUpdater:CreatePreviewForAsset (UnityEngine.Object,UnityEngine.Object[],string)

(Filename: ./Library/PackageCache/com.unity.render-pipelines.universal@ba24149c0920/Runtime/Passes/ScriptableRenderPass.cs Line: 724)

The render pass PSX.DitheringPass does not have an implementation of the RecordRenderGraph method. Please implement this method, or consider turning on Compatibility Mode (RenderGraph disabled) in the menu Edit > Project Settings > Graphics > URP. Otherwise the render pass will have no effect. For more information, refer to https://docs.unity3d.com/Packages/com.unity.render-pipelines.universal@latest/index.html?subfolder=/manual/customizing-urp.html.
UnityEngine.Debug:ExtractStackTraceNoAlloc (byte*,int,string)
UnityEngine.StackTraceUtility:ExtractStackTrace ()
UnityEngine.DebugLogHandler:Internal_Log (UnityEngine.LogType,UnityEngine.LogOption,string,UnityEngine.Object)
UnityEngine.DebugLogHandler:LogFormat (UnityEngine.LogType,UnityEngine.Object,string,object[])
UnityEngine.Logger:Log (UnityEngine.LogType,object)
UnityEngine.Debug:LogWarning (object)
UnityEngine.Rendering.Universal.ScriptableRenderPass:RecordRenderGraph (UnityEngine.Rendering.RenderGraphModule.RenderGraph,UnityEngine.Rendering.ContextContainer) (at ./Library/PackageCache/com.unity.render-pipelines.universal@ba24149c0920/Runtime/Passes/ScriptableRenderPass.cs:724)
UnityEngine.Rendering.Universal.ScriptableRenderer:RecordCustomRenderGraphPassesInEventRange (UnityEngine.Rendering.RenderGraphModule.RenderGraph,UnityEngine.Rendering.Universal.RenderPassEvent,UnityEngine.Rendering.Universal.RenderPassEvent) (at ./Library/PackageCache/com.unity.render-pipelines.universal@ba24149c0920/Runtime/ScriptableRenderer.cs:1250)
UnityEngine.Rendering.Universal.ScriptableRenderer:RecordCustomRenderGraphPasses (UnityEngine.Rendering.RenderGraphModule.RenderGraph,UnityEngine.Rendering.Universal.RenderPassEvent,UnityEngine.Rendering.Universal.RenderPassEvent) (at ./Library/PackageCache/com.unity.render-pipelines.universal@ba24149c0920/Runtime/ScriptableRenderer.cs:1269)
UnityEngine.Rendering.Universal.ScriptableRenderer:RecordCustomRenderGraphPasses (UnityEngine.Rendering.RenderGraphModule.RenderGraph,UnityEngine.Rendering.Universal.RenderPassEvent) (at ./Library/PackageCache/com.unity.render-pipelines.universal@ba24149c0920/Runtime/ScriptableRenderer.cs:1274)
UnityEngine.Rendering.Universal.UniversalRenderer:OnAfterRendering (UnityEngine.Rendering.RenderGraphModule.RenderGraph) (at ./Library/PackageCache/com.unity.render-pipelines.universal@ba24149c0920/Runtime/UniversalRendererRenderGraph.cs:1436)
UnityEngine.Rendering.Universal.UniversalRenderer:OnRecordRenderGraph (UnityEngine.Rendering.RenderGraphModule.RenderGraph,UnityEngine.Rendering.ScriptableRenderContext) (at ./Library/PackageCache/com.unity.render-pipelines.universal@ba24149c0920/Runtime/UniversalRendererRenderGraph.cs:806)
UnityEngine.Rendering.Universal.ScriptableRenderer:RecordRenderGraph (UnityEngine.Rendering.RenderGraphModule.RenderGraph,UnityEngine.Rendering.ScriptableRenderContext) (at ./Library/PackageCache/com.unity.render-pipelines.universal@ba24149c0920/Runtime/ScriptableRenderer.cs:1203)
UnityEngine.Rendering.Universal.UniversalRenderPipeline:RecordRenderGraph (UnityEngine.Rendering.RenderGraphModule.RenderGraph,UnityEngine.Rendering.ScriptableRenderContext,UnityEngine.Rendering.Universal.ScriptableRenderer) (at ./Library/PackageCache/com.unity.render-pipelines.universal@ba24149c0920/Runtime/UniversalRenderPipelineRenderGraph.cs:10)
UnityEngine.Rendering.Universal.UniversalRenderPipeline:RecordAndExecuteRenderGraph (UnityEngine.Rendering.RenderGraphModule.RenderGraph,UnityEngine.Rendering.ScriptableRenderContext,UnityEngine.Rendering.Universal.ScriptableRenderer,UnityEngine.Rendering.CommandBuffer,UnityEngine.Camera,string) (at ./Library/PackageCache/com.unity.render-pipelines.universal@ba24149c0920/Runtime/UniversalRenderPipelineRenderGraph.cs:24)
UnityEngine.Rendering.Universal.UniversalRenderPipeline:RenderSingleCamera (UnityEngine.Rendering.ScriptableRenderContext,UnityEngine.Rendering.Universal.UniversalCameraData) (at ./Library/PackageCache/com.unity.render-pipelines.universal@ba24149c0920/Runtime/UniversalRenderPipeline.cs:855)
UnityEngine.Rendering.Universal.UniversalRenderPipeline:RenderSingleCameraInternal (UnityEngine.Rendering.ScriptableRenderContext,UnityEngine.Camera,UnityEngine.Rendering.Universal.UniversalAdditionalCameraData&,bool) (at ./Library/PackageCache/com.unity.render-pipelines.universal@ba24149c0920/Runtime/UniversalRenderPipeline.cs:688)
UnityEngine.Rendering.Universal.UniversalRenderPipeline:RenderSingleCameraInternal (UnityEngine.Rendering.ScriptableRenderContext,UnityEngine.Camera,bool) (at ./Library/PackageCache/com.unity.render-pipelines.universal@ba24149c0920/Runtime/UniversalRenderPipeline.cs:663)
UnityEngine.Rendering.Universal.UniversalRenderPipeline:Render (UnityEngine.Rendering.ScriptableRenderContext,System.Collections.Generic.List`1<UnityEngine.Camera>) (at ./Library/PackageCache/com.unity.render-pipelines.universal@ba24149c0920/Runtime/UniversalRenderPipeline.cs:480)
UnityEngine.Rendering.RenderPipeline:InternalRender (UnityEngine.Rendering.ScriptableRenderContext,System.Collections.Generic.List`1<UnityEngine.Camera>)
UnityEngine.Rendering.RenderPipelineManager:DoRenderLoop_Internal (UnityEngine.Rendering.RenderPipelineAsset,intptr,UnityEngine.Object,Unity.Collections.LowLevel.Unsafe.AtomicSafetyHandle)
UnityEngine.Camera:Render ()
UnityEditor.PreviewRenderUtility:Render (bool,bool)
UnityEditor.MaterialEditor:DoRenderPreview (UnityEditor.PreviewRenderUtility,bool)
UnityEditor.MaterialEditor:RenderStaticPreview (string,UnityEngine.Object[],int,int)
UnityEditor.AssetPreviewUpdater:CreatePreview (UnityEngine.Object,UnityEngine.Object[],string,int,int)
UnityEditor.AssetPreviewUpdater:CreatePreviewForAsset (UnityEngine.Object,UnityEngine.Object[],string)

(Filename: ./Library/PackageCache/com.unity.render-pipelines.universal@ba24149c0920/Runtime/Passes/ScriptableRenderPass.cs Line: 724)

The render pass PSX.CRTPass does not have an implementation of the RecordRenderGraph method. Please implement this method, or consider turning on Compatibility Mode (RenderGraph disabled) in the menu Edit > Project Settings > Graphics > URP. Otherwise the render pass will have no effect. For more information, refer to https://docs.unity3d.com/Packages/com.unity.render-pipelines.universal@latest/index.html?subfolder=/manual/customizing-urp.html.
UnityEngine.Debug:ExtractStackTraceNoAlloc (byte*,int,string)
UnityEngine.StackTraceUtility:ExtractStackTrace ()
UnityEngine.DebugLogHandler:Internal_Log (UnityEngine.LogType,UnityEngine.LogOption,string,UnityEngine.Object)
UnityEngine.DebugLogHandler:LogFormat (UnityEngine.LogType,UnityEngine.Object,string,object[])
UnityEngine.Logger:Log (UnityEngine.LogType,object)
UnityEngine.Debug:LogWarning (object)
UnityEngine.Rendering.Universal.ScriptableRenderPass:RecordRenderGraph (UnityEngine.Rendering.RenderGraphModule.RenderGraph,UnityEngine.Rendering.ContextContainer) (at ./Library/PackageCache/com.unity.render-pipelines.universal@ba24149c0920/Runtime/Passes/ScriptableRenderPass.cs:724)
UnityEngine.Rendering.Universal.ScriptableRenderer:RecordCustomRenderGraphPassesInEventRange (UnityEngine.Rendering.RenderGraphModule.RenderGraph,UnityEngine.Rendering.Universal.RenderPassEvent,UnityEngine.Rendering.Universal.RenderPassEvent) (at ./Library/PackageCache/com.unity.render-pipelines.universal@ba24149c0920/Runtime/ScriptableRenderer.cs:1250)
UnityEngine.Rendering.Universal.ScriptableRenderer:RecordCustomRenderGraphPasses (UnityEngine.Rendering.RenderGraphModule.RenderGraph,UnityEngine.Rendering.Universal.RenderPassEvent,UnityEngine.Rendering.Universal.RenderPassEvent) (at ./Library/PackageCache/com.unity.render-pipelines.universal@ba24149c0920/Runtime/ScriptableRenderer.cs:1269)
UnityEngine.Rendering.Universal.ScriptableRenderer:RecordCustomRenderGraphPasses (UnityEngine.Rendering.RenderGraphModule.RenderGraph,UnityEngine.Rendering.Universal.RenderPassEvent) (at ./Library/PackageCache/com.unity.render-pipelines.universal@ba24149c0920/Runtime/ScriptableRenderer.cs:1274)
UnityEngine.Rendering.Universal.UniversalRenderer:OnAfterRendering (UnityEngine.Rendering.RenderGraphModule.RenderGraph) (at ./Library/PackageCache/com.unity.render-pipelines.universal@ba24149c0920/Runtime/UniversalRendererRenderGraph.cs:1436)
UnityEngine.Rendering.Universal.UniversalRenderer:OnRecordRenderGraph (UnityEngine.Rendering.RenderGraphModule.RenderGraph,UnityEngine.Rendering.ScriptableRenderContext) (at ./Library/PackageCache/com.unity.render-pipelines.universal@ba24149c0920/Runtime/UniversalRendererRenderGraph.cs:806)
UnityEngine.Rendering.Universal.ScriptableRenderer:RecordRenderGraph (UnityEngine.Rendering.RenderGraphModule.RenderGraph,UnityEngine.Rendering.ScriptableRenderContext) (at ./Library/PackageCache/com.unity.render-pipelines.universal@ba24149c0920/Runtime/ScriptableRenderer.cs:1203)
UnityEngine.Rendering.Universal.UniversalRenderPipeline:RecordRenderGraph (UnityEngine.Rendering.RenderGraphModule.RenderGraph,UnityEngine.Rendering.ScriptableRenderContext,UnityEngine.Rendering.Universal.ScriptableRenderer) (at ./Library/PackageCache/com.unity.render-pipelines.universal@ba24149c0920/Runtime/UniversalRenderPipelineRenderGraph.cs:10)
UnityEngine.Rendering.Universal.UniversalRenderPipeline:RecordAndExecuteRenderGraph (UnityEngine.Rendering.RenderGraphModule.RenderGraph,UnityEngine.Rendering.ScriptableRenderContext,UnityEngine.Rendering.Universal.ScriptableRenderer,UnityEngine.Rendering.CommandBuffer,UnityEngine.Camera,string) (at ./Library/PackageCache/com.unity.render-pipelines.universal@ba24149c0920/Runtime/UniversalRenderPipelineRenderGraph.cs:24)
UnityEngine.Rendering.Universal.UniversalRenderPipeline:RenderSingleCamera (UnityEngine.Rendering.ScriptableRenderContext,UnityEngine.Rendering.Universal.UniversalCameraData) (at ./Library/PackageCache/com.unity.render-pipelines.universal@ba24149c0920/Runtime/UniversalRenderPipeline.cs:855)
UnityEngine.Rendering.Universal.UniversalRenderPipeline:RenderSingleCameraInternal (UnityEngine.Rendering.ScriptableRenderContext,UnityEngine.Camera,UnityEngine.Rendering.Universal.UniversalAdditionalCameraData&,bool) (at ./Library/PackageCache/com.unity.render-pipelines.universal@ba24149c0920/Runtime/UniversalRenderPipeline.cs:688)
UnityEngine.Rendering.Universal.UniversalRenderPipeline:RenderSingleCameraInternal (UnityEngine.Rendering.ScriptableRenderContext,UnityEngine.Camera,bool) (at ./Library/PackageCache/com.unity.render-pipelines.universal@ba24149c0920/Runtime/UniversalRenderPipeline.cs:663)
UnityEngine.Rendering.Universal.UniversalRenderPipeline:Render (UnityEngine.Rendering.ScriptableRenderContext,System.Collections.Generic.List`1<UnityEngine.Camera>) (at ./Library/PackageCache/com.unity.render-pipelines.universal@ba24149c0920/Runtime/UniversalRenderPipeline.cs:480)
UnityEngine.Rendering.RenderPipeline:InternalRender (UnityEngine.Rendering.ScriptableRenderContext,System.Collections.Generic.List`1<UnityEngine.Camera>)
UnityEngine.Rendering.RenderPipelineManager:DoRenderLoop_Internal (UnityEngine.Rendering.RenderPipelineAsset,intptr,UnityEngine.Object,Unity.Collections.LowLevel.Unsafe.AtomicSafetyHandle)
UnityEngine.Camera:Render ()
UnityEditor.PreviewRenderUtility:Render (bool,bool)
UnityEditor.MaterialEditor:DoRenderPreview (UnityEditor.PreviewRenderUtility,bool)
UnityEditor.MaterialEditor:RenderStaticPreview (string,UnityEngine.Object[],int,int)
UnityEditor.AssetPreviewUpdater:CreatePreview (UnityEngine.Object,UnityEngine.Object[],string,int,int)
UnityEditor.AssetPreviewUpdater:CreatePreviewForAsset (UnityEngine.Object,UnityEngine.Object[],string)

(Filename: ./Library/PackageCache/com.unity.render-pipelines.universal@ba24149c0920/Runtime/Passes/ScriptableRenderPass.cs Line: 724)

 -> (artifact id: '1f4405b2ff587e210da7d2fbb4b5d22b') in 0.0138431 seconds
Number of updated asset objects reloaded before import = 0Number of asset objects unloaded after import = 5

========================================================================
Received Import Request.
  Time since last request: 0.000035 seconds.
  path: Assets/AddressableAssetsData/AssetGroups/Schemas/Localization-String-Tables-Arabic (ar)_ContentUpdateGroupSchema.asset
  artifactKey: Guid(344a7ed3e76045844880b606e7237951) Importer(815301076,1909f56bfc062723c751e8b465ee728b)
Start importing Assets/AddressableAssetsData/AssetGroups/Schemas/Localization-String-Tables-Arabic (ar)_ContentUpdateGroupSchema.asset using Guid(344a7ed3e76045844880b606e7237951) Importer(815301076,1909f56bfc062723c751e8b465ee728b) (PreviewImporter) -> (artifact id: 'ce5ac7d0fbda6193dbbd64bcddeae94c') in 0.0015448 seconds
Number of updated asset objects reloaded before import = 0Number of asset objects unloaded after import = 1

========================================================================
Received Import Request.
  Time since last request: 0.000085 seconds.
  path: Assets/AddressableAssetsData/AssetGroups/Schemas/Localization-Assets-Shared_BundledAssetGroupSchema.asset
  artifactKey: Guid(f027739c98866ed42ae1aaa30d701297) Importer(815301076,1909f56bfc062723c751e8b465ee728b)
Start importing Assets/AddressableAssetsData/AssetGroups/Schemas/Localization-Assets-Shared_BundledAssetGroupSchema.asset using Guid(f027739c98866ed42ae1aaa30d701297) Importer(815301076,1909f56bfc062723c751e8b465ee728b) (PreviewImporter) -> (artifact id: '8aa769f3bdec0c093e7d7dae2c53b996') in 0.0035062 seconds
Number of updated asset objects reloaded before import = 0Number of asset objects unloaded after import = 1

========================================================================
Received Import Request.
  Time since last request: 0.000079 seconds.
  path: Assets/AddressableAssetsData/AssetGroups/Schemas/Localization-String-Tables-English (United States) (en-US)_BundledAssetGroupSchema.asset
  artifactKey: Guid(e7e09f07bf5c37a4b85e73333f3a4b6c) Importer(815301076,1909f56bfc062723c751e8b465ee728b)
Start importing Assets/AddressableAssetsData/AssetGroups/Schemas/Localization-String-Tables-English (United States) (en-US)_BundledAssetGroupSchema.asset using Guid(e7e09f07bf5c37a4b85e73333f3a4b6c) Importer(815301076,1909f56bfc062723c751e8b465ee728b) (PreviewImporter) -> (artifact id: 'b8375b700e88f6b68f1dbd77b7a1e4f5') in 0.0015596 seconds
Number of updated asset objects reloaded before import = 0Number of asset objects unloaded after import = 1

========================================================================
Received Import Request.
  Time since last request: 0.000047 seconds.
  path: Assets/Materials/Psx_Unlity_Variant_Ground.mat
  artifactKey: Guid(dc82f083db330ec4bb17e1105b5e5b71) Importer(815301076,1909f56bfc062723c751e8b465ee728b)
Start importing Assets/Materials/Psx_Unlity_Variant_Ground.mat using Guid(dc82f083db330ec4bb17e1105b5e5b71) Importer(815301076,1909f56bfc062723c751e8b465ee728b) (PreviewImporter)The render pass PSX.FogPass does not have an implementation of the RecordRenderGraph method. Please implement this method, or consider turning on Compatibility Mode (RenderGraph disabled) in the menu Edit > Project Settings > Graphics > URP. Otherwise the render pass will have no effect. For more information, refer to https://docs.unity3d.com/Packages/com.unity.render-pipelines.universal@latest/index.html?subfolder=/manual/customizing-urp.html.
UnityEngine.Debug:ExtractStackTraceNoAlloc (byte*,int,string)
UnityEngine.StackTraceUtility:ExtractStackTrace ()
UnityEngine.DebugLogHandler:Internal_Log (UnityEngine.LogType,UnityEngine.LogOption,string,UnityEngine.Object)
UnityEngine.DebugLogHandler:LogFormat (UnityEngine.LogType,UnityEngine.Object,string,object[])
UnityEngine.Logger:Log (UnityEngine.LogType,object)
UnityEngine.Debug:LogWarning (object)
UnityEngine.Rendering.Universal.ScriptableRenderPass:RecordRenderGraph (UnityEngine.Rendering.RenderGraphModule.RenderGraph,UnityEngine.Rendering.ContextContainer) (at ./Library/PackageCache/com.unity.render-pipelines.universal@ba24149c0920/Runtime/Passes/ScriptableRenderPass.cs:724)
UnityEngine.Rendering.Universal.ScriptableRenderer:RecordCustomRenderGraphPassesInEventRange (UnityEngine.Rendering.RenderGraphModule.RenderGraph,UnityEngine.Rendering.Universal.RenderPassEvent,UnityEngine.Rendering.Universal.RenderPassEvent) (at ./Library/PackageCache/com.unity.render-pipelines.universal@ba24149c0920/Runtime/ScriptableRenderer.cs:1250)
UnityEngine.Rendering.Universal.ScriptableRenderer:RecordCustomRenderGraphPasses (UnityEngine.Rendering.RenderGraphModule.RenderGraph,UnityEngine.Rendering.Universal.RenderPassEvent,UnityEngine.Rendering.Universal.RenderPassEvent) (at ./Library/PackageCache/com.unity.render-pipelines.universal@ba24149c0920/Runtime/ScriptableRenderer.cs:1269)
UnityEngine.Rendering.Universal.ScriptableRenderer:RecordCustomRenderGraphPasses (UnityEngine.Rendering.RenderGraphModule.RenderGraph,UnityEngine.Rendering.Universal.RenderPassEvent) (at ./Library/PackageCache/com.unity.render-pipelines.universal@ba24149c0920/Runtime/ScriptableRenderer.cs:1274)
UnityEngine.Rendering.Universal.UniversalRenderer:OnAfterRendering (UnityEngine.Rendering.RenderGraphModule.RenderGraph) (at ./Library/PackageCache/com.unity.render-pipelines.universal@ba24149c0920/Runtime/UniversalRendererRenderGraph.cs:1436)
UnityEngine.Rendering.Universal.UniversalRenderer:OnRecordRenderGraph (UnityEngine.Rendering.RenderGraphModule.RenderGraph,UnityEngine.Rendering.ScriptableRenderContext) (at ./Library/PackageCache/com.unity.render-pipelines.universal@ba24149c0920/Runtime/UniversalRendererRenderGraph.cs:806)
UnityEngine.Rendering.Universal.ScriptableRenderer:RecordRenderGraph (UnityEngine.Rendering.RenderGraphModule.RenderGraph,UnityEngine.Rendering.ScriptableRenderContext) (at ./Library/PackageCache/com.unity.render-pipelines.universal@ba24149c0920/Runtime/ScriptableRenderer.cs:1203)
UnityEngine.Rendering.Universal.UniversalRenderPipeline:RecordRenderGraph (UnityEngine.Rendering.RenderGraphModule.RenderGraph,UnityEngine.Rendering.ScriptableRenderContext,UnityEngine.Rendering.Universal.ScriptableRenderer) (at ./Library/PackageCache/com.unity.render-pipelines.universal@ba24149c0920/Runtime/UniversalRenderPipelineRenderGraph.cs:10)
UnityEngine.Rendering.Universal.UniversalRenderPipeline:RecordAndExecuteRenderGraph (UnityEngine.Rendering.RenderGraphModule.RenderGraph,UnityEngine.Rendering.ScriptableRenderContext,UnityEngine.Rendering.Universal.ScriptableRenderer,UnityEngine.Rendering.CommandBuffer,UnityEngine.Camera,string) (at ./Library/PackageCache/com.unity.render-pipelines.universal@ba24149c0920/Runtime/UniversalRenderPipelineRenderGraph.cs:24)
UnityEngine.Rendering.Universal.UniversalRenderPipeline:RenderSingleCamera (UnityEngine.Rendering.ScriptableRenderContext,UnityEngine.Rendering.Universal.UniversalCameraData) (at ./Library/PackageCache/com.unity.render-pipelines.universal@ba24149c0920/Runtime/UniversalRenderPipeline.cs:855)
UnityEngine.Rendering.Universal.UniversalRenderPipeline:RenderSingleCameraInternal (UnityEngine.Rendering.ScriptableRenderContext,UnityEngine.Camera,UnityEngine.Rendering.Universal.UniversalAdditionalCameraData&,bool) (at ./Library/PackageCache/com.unity.render-pipelines.universal@ba24149c0920/Runtime/UniversalRenderPipeline.cs:688)
UnityEngine.Rendering.Universal.UniversalRenderPipeline:RenderSingleCameraInternal (UnityEngine.Rendering.ScriptableRenderContext,UnityEngine.Camera,bool) (at ./Library/PackageCache/com.unity.render-pipelines.universal@ba24149c0920/Runtime/UniversalRenderPipeline.cs:663)
UnityEngine.Rendering.Universal.UniversalRenderPipeline:Render (UnityEngine.Rendering.ScriptableRenderContext,System.Collections.Generic.List`1<UnityEngine.Camera>) (at ./Library/PackageCache/com.unity.render-pipelines.universal@ba24149c0920/Runtime/UniversalRenderPipeline.cs:480)
UnityEngine.Rendering.RenderPipeline:InternalRender (UnityEngine.Rendering.ScriptableRenderContext,System.Collections.Generic.List`1<UnityEngine.Camera>)
UnityEngine.Rendering.RenderPipelineManager:DoRenderLoop_Internal (UnityEngine.Rendering.RenderPipelineAsset,intptr,UnityEngine.Object,Unity.Collections.LowLevel.Unsafe.AtomicSafetyHandle)
UnityEngine.Camera:Render ()
UnityEditor.PreviewRenderUtility:Render (bool,bool)
UnityEditor.MaterialEditor:DoRenderPreview (UnityEditor.PreviewRenderUtility,bool)
UnityEditor.MaterialEditor:RenderStaticPreview (string,UnityEngine.Object[],int,int)
UnityEditor.AssetPreviewUpdater:CreatePreview (UnityEngine.Object,UnityEngine.Object[],string,int,int)
UnityEditor.AssetPreviewUpdater:CreatePreviewForAsset (UnityEngine.Object,UnityEngine.Object[],string)

(Filename: ./Library/PackageCache/com.unity.render-pipelines.universal@ba24149c0920/Runtime/Passes/ScriptableRenderPass.cs Line: 724)

The render pass PSX.PixelationPass does not have an implementation of the RecordRenderGraph method. Please implement this method, or consider turning on Compatibility Mode (RenderGraph disabled) in the menu Edit > Project Settings > Graphics > URP. Otherwise the render pass will have no effect. For more information, refer to https://docs.unity3d.com/Packages/com.unity.render-pipelines.universal@latest/index.html?subfolder=/manual/customizing-urp.html.
UnityEngine.Debug:ExtractStackTraceNoAlloc (byte*,int,string)
UnityEngine.StackTraceUtility:ExtractStackTrace ()
UnityEngine.DebugLogHandler:Internal_Log (UnityEngine.LogType,UnityEngine.LogOption,string,UnityEngine.Object)
UnityEngine.DebugLogHandler:LogFormat (UnityEngine.LogType,UnityEngine.Object,string,object[])
UnityEngine.Logger:Log (UnityEngine.LogType,object)
UnityEngine.Debug:LogWarning (object)
UnityEngine.Rendering.Universal.ScriptableRenderPass:RecordRenderGraph (UnityEngine.Rendering.RenderGraphModule.RenderGraph,UnityEngine.Rendering.ContextContainer) (at ./Library/PackageCache/com.unity.render-pipelines.universal@ba24149c0920/Runtime/Passes/ScriptableRenderPass.cs:724)
UnityEngine.Rendering.Universal.ScriptableRenderer:RecordCustomRenderGraphPassesInEventRange (UnityEngine.Rendering.RenderGraphModule.RenderGraph,UnityEngine.Rendering.Universal.RenderPassEvent,UnityEngine.Rendering.Universal.RenderPassEvent) (at ./Library/PackageCache/com.unity.render-pipelines.universal@ba24149c0920/Runtime/ScriptableRenderer.cs:1250)
UnityEngine.Rendering.Universal.ScriptableRenderer:RecordCustomRenderGraphPasses (UnityEngine.Rendering.RenderGraphModule.RenderGraph,UnityEngine.Rendering.Universal.RenderPassEvent,UnityEngine.Rendering.Universal.RenderPassEvent) (at ./Library/PackageCache/com.unity.render-pipelines.universal@ba24149c0920/Runtime/ScriptableRenderer.cs:1269)
UnityEngine.Rendering.Universal.ScriptableRenderer:RecordCustomRenderGraphPasses (UnityEngine.Rendering.RenderGraphModule.RenderGraph,UnityEngine.Rendering.Universal.RenderPassEvent) (at ./Library/PackageCache/com.unity.render-pipelines.universal@ba24149c0920/Runtime/ScriptableRenderer.cs:1274)
UnityEngine.Rendering.Universal.UniversalRenderer:OnAfterRendering (UnityEngine.Rendering.RenderGraphModule.RenderGraph) (at ./Library/PackageCache/com.unity.render-pipelines.universal@ba24149c0920/Runtime/UniversalRendererRenderGraph.cs:1436)
UnityEngine.Rendering.Universal.UniversalRenderer:OnRecordRenderGraph (UnityEngine.Rendering.RenderGraphModule.RenderGraph,UnityEngine.Rendering.ScriptableRenderContext) (at ./Library/PackageCache/com.unity.render-pipelines.universal@ba24149c0920/Runtime/UniversalRendererRenderGraph.cs:806)
UnityEngine.Rendering.Universal.ScriptableRenderer:RecordRenderGraph (UnityEngine.Rendering.RenderGraphModule.RenderGraph,UnityEngine.Rendering.ScriptableRenderContext) (at ./Library/PackageCache/com.unity.render-pipelines.universal@ba24149c0920/Runtime/ScriptableRenderer.cs:1203)
UnityEngine.Rendering.Universal.UniversalRenderPipeline:RecordRenderGraph (UnityEngine.Rendering.RenderGraphModule.RenderGraph,UnityEngine.Rendering.ScriptableRenderContext,UnityEngine.Rendering.Universal.ScriptableRenderer) (at ./Library/PackageCache/com.unity.render-pipelines.universal@ba24149c0920/Runtime/UniversalRenderPipelineRenderGraph.cs:10)
UnityEngine.Rendering.Universal.UniversalRenderPipeline:RecordAndExecuteRenderGraph (UnityEngine.Rendering.RenderGraphModule.RenderGraph,UnityEngine.Rendering.ScriptableRenderContext,UnityEngine.Rendering.Universal.ScriptableRenderer,UnityEngine.Rendering.CommandBuffer,UnityEngine.Camera,string) (at ./Library/PackageCache/com.unity.render-pipelines.universal@ba24149c0920/Runtime/UniversalRenderPipelineRenderGraph.cs:24)
UnityEngine.Rendering.Universal.UniversalRenderPipeline:RenderSingleCamera (UnityEngine.Rendering.ScriptableRenderContext,UnityEngine.Rendering.Universal.UniversalCameraData) (at ./Library/PackageCache/com.unity.render-pipelines.universal@ba24149c0920/Runtime/UniversalRenderPipeline.cs:855)
UnityEngine.Rendering.Universal.UniversalRenderPipeline:RenderSingleCameraInternal (UnityEngine.Rendering.ScriptableRenderContext,UnityEngine.Camera,UnityEngine.Rendering.Universal.UniversalAdditionalCameraData&,bool) (at ./Library/PackageCache/com.unity.render-pipelines.universal@ba24149c0920/Runtime/UniversalRenderPipeline.cs:688)
UnityEngine.Rendering.Universal.UniversalRenderPipeline:RenderSingleCameraInternal (UnityEngine.Rendering.ScriptableRenderContext,UnityEngine.Camera,bool) (at ./Library/PackageCache/com.unity.render-pipelines.universal@ba24149c0920/Runtime/UniversalRenderPipeline.cs:663)
UnityEngine.Rendering.Universal.UniversalRenderPipeline:Render (UnityEngine.Rendering.ScriptableRenderContext,System.Collections.Generic.List`1<UnityEngine.Camera>) (at ./Library/PackageCache/com.unity.render-pipelines.universal@ba24149c0920/Runtime/UniversalRenderPipeline.cs:480)
UnityEngine.Rendering.RenderPipeline:InternalRender (UnityEngine.Rendering.ScriptableRenderContext,System.Collections.Generic.List`1<UnityEngine.Camera>)
UnityEngine.Rendering.RenderPipelineManager:DoRenderLoop_Internal (UnityEngine.Rendering.RenderPipelineAsset,intptr,UnityEngine.Object,Unity.Collections.LowLevel.Unsafe.AtomicSafetyHandle)
UnityEngine.Camera:Render ()
UnityEditor.PreviewRenderUtility:Render (bool,bool)
UnityEditor.MaterialEditor:DoRenderPreview (UnityEditor.PreviewRenderUtility,bool)
UnityEditor.MaterialEditor:RenderStaticPreview (string,UnityEngine.Object[],int,int)
UnityEditor.AssetPreviewUpdater:CreatePreview (UnityEngine.Object,UnityEngine.Object[],string,int,int)
UnityEditor.AssetPreviewUpdater:CreatePreviewForAsset (UnityEngine.Object,UnityEngine.Object[],string)

(Filename: ./Library/PackageCache/com.unity.render-pipelines.universal@ba24149c0920/Runtime/Passes/ScriptableRenderPass.cs Line: 724)

The render pass PSX.DitheringPass does not have an implementation of the RecordRenderGraph method. Please implement this method, or consider turning on Compatibility Mode (RenderGraph disabled) in the menu Edit > Project Settings > Graphics > URP. Otherwise the render pass will have no effect. For more information, refer to https://docs.unity3d.com/Packages/com.unity.render-pipelines.universal@latest/index.html?subfolder=/manual/customizing-urp.html.
UnityEngine.Debug:ExtractStackTraceNoAlloc (byte*,int,string)
UnityEngine.StackTraceUtility:ExtractStackTrace ()
UnityEngine.DebugLogHandler:Internal_Log (UnityEngine.LogType,UnityEngine.LogOption,string,UnityEngine.Object)
UnityEngine.DebugLogHandler:LogFormat (UnityEngine.LogType,UnityEngine.Object,string,object[])
UnityEngine.Logger:Log (UnityEngine.LogType,object)
UnityEngine.Debug:LogWarning (object)
UnityEngine.Rendering.Universal.ScriptableRenderPass:RecordRenderGraph (UnityEngine.Rendering.RenderGraphModule.RenderGraph,UnityEngine.Rendering.ContextContainer) (at ./Library/PackageCache/com.unity.render-pipelines.universal@ba24149c0920/Runtime/Passes/ScriptableRenderPass.cs:724)
UnityEngine.Rendering.Universal.ScriptableRenderer:RecordCustomRenderGraphPassesInEventRange (UnityEngine.Rendering.RenderGraphModule.RenderGraph,UnityEngine.Rendering.Universal.RenderPassEvent,UnityEngine.Rendering.Universal.RenderPassEvent) (at ./Library/PackageCache/com.unity.render-pipelines.universal@ba24149c0920/Runtime/ScriptableRenderer.cs:1250)
UnityEngine.Rendering.Universal.ScriptableRenderer:RecordCustomRenderGraphPasses (UnityEngine.Rendering.RenderGraphModule.RenderGraph,UnityEngine.Rendering.Universal.RenderPassEvent,UnityEngine.Rendering.Universal.RenderPassEvent) (at ./Library/PackageCache/com.unity.render-pipelines.universal@ba24149c0920/Runtime/ScriptableRenderer.cs:1269)
UnityEngine.Rendering.Universal.ScriptableRenderer:RecordCustomRenderGraphPasses (UnityEngine.Rendering.RenderGraphModule.RenderGraph,UnityEngine.Rendering.Universal.RenderPassEvent) (at ./Library/PackageCache/com.unity.render-pipelines.universal@ba24149c0920/Runtime/ScriptableRenderer.cs:1274)
UnityEngine.Rendering.Universal.UniversalRenderer:OnAfterRendering (UnityEngine.Rendering.RenderGraphModule.RenderGraph) (at ./Library/PackageCache/com.unity.render-pipelines.universal@ba24149c0920/Runtime/UniversalRendererRenderGraph.cs:1436)
UnityEngine.Rendering.Universal.UniversalRenderer:OnRecordRenderGraph (UnityEngine.Rendering.RenderGraphModule.RenderGraph,UnityEngine.Rendering.ScriptableRenderContext) (at ./Library/PackageCache/com.unity.render-pipelines.universal@ba24149c0920/Runtime/UniversalRendererRenderGraph.cs:806)
UnityEngine.Rendering.Universal.ScriptableRenderer:RecordRenderGraph (UnityEngine.Rendering.RenderGraphModule.RenderGraph,UnityEngine.Rendering.ScriptableRenderContext) (at ./Library/PackageCache/com.unity.render-pipelines.universal@ba24149c0920/Runtime/ScriptableRenderer.cs:1203)
UnityEngine.Rendering.Universal.UniversalRenderPipeline:RecordRenderGraph (UnityEngine.Rendering.RenderGraphModule.RenderGraph,UnityEngine.Rendering.ScriptableRenderContext,UnityEngine.Rendering.Universal.ScriptableRenderer) (at ./Library/PackageCache/com.unity.render-pipelines.universal@ba24149c0920/Runtime/UniversalRenderPipelineRenderGraph.cs:10)
UnityEngine.Rendering.Universal.UniversalRenderPipeline:RecordAndExecuteRenderGraph (UnityEngine.Rendering.RenderGraphModule.RenderGraph,UnityEngine.Rendering.ScriptableRenderContext,UnityEngine.Rendering.Universal.ScriptableRenderer,UnityEngine.Rendering.CommandBuffer,UnityEngine.Camera,string) (at ./Library/PackageCache/com.unity.render-pipelines.universal@ba24149c0920/Runtime/UniversalRenderPipelineRenderGraph.cs:24)
UnityEngine.Rendering.Universal.UniversalRenderPipeline:RenderSingleCamera (UnityEngine.Rendering.ScriptableRenderContext,UnityEngine.Rendering.Universal.UniversalCameraData) (at ./Library/PackageCache/com.unity.render-pipelines.universal@ba24149c0920/Runtime/UniversalRenderPipeline.cs:855)
UnityEngine.Rendering.Universal.UniversalRenderPipeline:RenderSingleCameraInternal (UnityEngine.Rendering.ScriptableRenderContext,UnityEngine.Camera,UnityEngine.Rendering.Universal.UniversalAdditionalCameraData&,bool) (at ./Library/PackageCache/com.unity.render-pipelines.universal@ba24149c0920/Runtime/UniversalRenderPipeline.cs:688)
UnityEngine.Rendering.Universal.UniversalRenderPipeline:RenderSingleCameraInternal (UnityEngine.Rendering.ScriptableRenderContext,UnityEngine.Camera,bool) (at ./Library/PackageCache/com.unity.render-pipelines.universal@ba24149c0920/Runtime/UniversalRenderPipeline.cs:663)
UnityEngine.Rendering.Universal.UniversalRenderPipeline:Render (UnityEngine.Rendering.ScriptableRenderContext,System.Collections.Generic.List`1<UnityEngine.Camera>) (at ./Library/PackageCache/com.unity.render-pipelines.universal@ba24149c0920/Runtime/UniversalRenderPipeline.cs:480)
UnityEngine.Rendering.RenderPipeline:InternalRender (UnityEngine.Rendering.ScriptableRenderContext,System.Collections.Generic.List`1<UnityEngine.Camera>)
UnityEngine.Rendering.RenderPipelineManager:DoRenderLoop_Internal (UnityEngine.Rendering.RenderPipelineAsset,intptr,UnityEngine.Object,Unity.Collections.LowLevel.Unsafe.AtomicSafetyHandle)
UnityEngine.Camera:Render ()
UnityEditor.PreviewRenderUtility:Render (bool,bool)
UnityEditor.MaterialEditor:DoRenderPreview (UnityEditor.PreviewRenderUtility,bool)
UnityEditor.MaterialEditor:RenderStaticPreview (string,UnityEngine.Object[],int,int)
UnityEditor.AssetPreviewUpdater:CreatePreview (UnityEngine.Object,UnityEngine.Object[],string,int,int)
UnityEditor.AssetPreviewUpdater:CreatePreviewForAsset (UnityEngine.Object,UnityEngine.Object[],string)

(Filename: ./Library/PackageCache/com.unity.render-pipelines.universal@ba24149c0920/Runtime/Passes/ScriptableRenderPass.cs Line: 724)

The render pass PSX.CRTPass does not have an implementation of the RecordRenderGraph method. Please implement this method, or consider turning on Compatibility Mode (RenderGraph disabled) in the menu Edit > Project Settings > Graphics > URP. Otherwise the render pass will have no effect. For more information, refer to https://docs.unity3d.com/Packages/com.unity.render-pipelines.universal@latest/index.html?subfolder=/manual/customizing-urp.html.
UnityEngine.Debug:ExtractStackTraceNoAlloc (byte*,int,string)
UnityEngine.StackTraceUtility:ExtractStackTrace ()
UnityEngine.DebugLogHandler:Internal_Log (UnityEngine.LogType,UnityEngine.LogOption,string,UnityEngine.Object)
UnityEngine.DebugLogHandler:LogFormat (UnityEngine.LogType,UnityEngine.Object,string,object[])
UnityEngine.Logger:Log (UnityEngine.LogType,object)
UnityEngine.Debug:LogWarning (object)
UnityEngine.Rendering.Universal.ScriptableRenderPass:RecordRenderGraph (UnityEngine.Rendering.RenderGraphModule.RenderGraph,UnityEngine.Rendering.ContextContainer) (at ./Library/PackageCache/com.unity.render-pipelines.universal@ba24149c0920/Runtime/Passes/ScriptableRenderPass.cs:724)
UnityEngine.Rendering.Universal.ScriptableRenderer:RecordCustomRenderGraphPassesInEventRange (UnityEngine.Rendering.RenderGraphModule.RenderGraph,UnityEngine.Rendering.Universal.RenderPassEvent,UnityEngine.Rendering.Universal.RenderPassEvent) (at ./Library/PackageCache/com.unity.render-pipelines.universal@ba24149c0920/Runtime/ScriptableRenderer.cs:1250)
UnityEngine.Rendering.Universal.ScriptableRenderer:RecordCustomRenderGraphPasses (UnityEngine.Rendering.RenderGraphModule.RenderGraph,UnityEngine.Rendering.Universal.RenderPassEvent,UnityEngine.Rendering.Universal.RenderPassEvent) (at ./Library/PackageCache/com.unity.render-pipelines.universal@ba24149c0920/Runtime/ScriptableRenderer.cs:1269)
UnityEngine.Rendering.Universal.ScriptableRenderer:RecordCustomRenderGraphPasses (UnityEngine.Rendering.RenderGraphModule.RenderGraph,UnityEngine.Rendering.Universal.RenderPassEvent) (at ./Library/PackageCache/com.unity.render-pipelines.universal@ba24149c0920/Runtime/ScriptableRenderer.cs:1274)
UnityEngine.Rendering.Universal.UniversalRenderer:OnAfterRendering (UnityEngine.Rendering.RenderGraphModule.RenderGraph) (at ./Library/PackageCache/com.unity.render-pipelines.universal@ba24149c0920/Runtime/UniversalRendererRenderGraph.cs:1436)
UnityEngine.Rendering.Universal.UniversalRenderer:OnRecordRenderGraph (UnityEngine.Rendering.RenderGraphModule.RenderGraph,UnityEngine.Rendering.ScriptableRenderContext) (at ./Library/PackageCache/com.unity.render-pipelines.universal@ba24149c0920/Runtime/UniversalRendererRenderGraph.cs:806)
UnityEngine.Rendering.Universal.ScriptableRenderer:RecordRenderGraph (UnityEngine.Rendering.RenderGraphModule.RenderGraph,UnityEngine.Rendering.ScriptableRenderContext) (at ./Library/PackageCache/com.unity.render-pipelines.universal@ba24149c0920/Runtime/ScriptableRenderer.cs:1203)
UnityEngine.Rendering.Universal.UniversalRenderPipeline:RecordRenderGraph (UnityEngine.Rendering.RenderGraphModule.RenderGraph,UnityEngine.Rendering.ScriptableRenderContext,UnityEngine.Rendering.Universal.ScriptableRenderer) (at ./Library/PackageCache/com.unity.render-pipelines.universal@ba24149c0920/Runtime/UniversalRenderPipelineRenderGraph.cs:10)
UnityEngine.Rendering.Universal.UniversalRenderPipeline:RecordAndExecuteRenderGraph (UnityEngine.Rendering.RenderGraphModule.RenderGraph,UnityEngine.Rendering.ScriptableRenderContext,UnityEngine.Rendering.Universal.ScriptableRenderer,UnityEngine.Rendering.CommandBuffer,UnityEngine.Camera,string) (at ./Library/PackageCache/com.unity.render-pipelines.universal@ba24149c0920/Runtime/UniversalRenderPipelineRenderGraph.cs:24)
UnityEngine.Rendering.Universal.UniversalRenderPipeline:RenderSingleCamera (UnityEngine.Rendering.ScriptableRenderContext,UnityEngine.Rendering.Universal.UniversalCameraData) (at ./Library/PackageCache/com.unity.render-pipelines.universal@ba24149c0920/Runtime/UniversalRenderPipeline.cs:855)
UnityEngine.Rendering.Universal.UniversalRenderPipeline:RenderSingleCameraInternal (UnityEngine.Rendering.ScriptableRenderContext,UnityEngine.Camera,UnityEngine.Rendering.Universal.UniversalAdditionalCameraData&,bool) (at ./Library/PackageCache/com.unity.render-pipelines.universal@ba24149c0920/Runtime/UniversalRenderPipeline.cs:688)
UnityEngine.Rendering.Universal.UniversalRenderPipeline:RenderSingleCameraInternal (UnityEngine.Rendering.ScriptableRenderContext,UnityEngine.Camera,bool) (at ./Library/PackageCache/com.unity.render-pipelines.universal@ba24149c0920/Runtime/UniversalRenderPipeline.cs:663)
UnityEngine.Rendering.Universal.UniversalRenderPipeline:Render (UnityEngine.Rendering.ScriptableRenderContext,System.Collections.Generic.List`1<UnityEngine.Camera>) (at ./Library/PackageCache/com.unity.render-pipelines.universal@ba24149c0920/Runtime/UniversalRenderPipeline.cs:480)
UnityEngine.Rendering.RenderPipeline:InternalRender (UnityEngine.Rendering.ScriptableRenderContext,System.Collections.Generic.List`1<UnityEngine.Camera>)
UnityEngine.Rendering.RenderPipelineManager:DoRenderLoop_Internal (UnityEngine.Rendering.RenderPipelineAsset,intptr,UnityEngine.Object,Unity.Collections.LowLevel.Unsafe.AtomicSafetyHandle)
UnityEngine.Camera:Render ()
UnityEditor.PreviewRenderUtility:Render (bool,bool)
UnityEditor.MaterialEditor:DoRenderPreview (UnityEditor.PreviewRenderUtility,bool)
UnityEditor.MaterialEditor:RenderStaticPreview (string,UnityEngine.Object[],int,int)
UnityEditor.AssetPreviewUpdater:CreatePreview (UnityEngine.Object,UnityEngine.Object[],string,int,int)
UnityEditor.AssetPreviewUpdater:CreatePreviewForAsset (UnityEngine.Object,UnityEngine.Object[],string)

(Filename: ./Library/PackageCache/com.unity.render-pipelines.universal@ba24149c0920/Runtime/Passes/ScriptableRenderPass.cs Line: 724)

 -> (artifact id: '20cd673ee15ba6a5868bc266553cf063') in 0.0133872 seconds
Number of updated asset objects reloaded before import = 0Number of asset objects unloaded after import = 2

========================================================================
Received Import Request.
  Time since last request: 0.000043 seconds.
  path: Assets/AddressableAssetsData/AssetGroups/Schemas/Localization-String-Tables-Hebrew (he)_ContentUpdateGroupSchema.asset
  artifactKey: Guid(b33048de9b592884bb701260f5ef06bb) Importer(815301076,1909f56bfc062723c751e8b465ee728b)
Start importing Assets/AddressableAssetsData/AssetGroups/Schemas/Localization-String-Tables-Hebrew (he)_ContentUpdateGroupSchema.asset using Guid(b33048de9b592884bb701260f5ef06bb) Importer(815301076,1909f56bfc062723c751e8b465ee728b) (PreviewImporter) -> (artifact id: '89e92ecb464bbe430efbf3812e3b7e34') in 0.00191 seconds
Number of updated asset objects reloaded before import = 0Number of asset objects unloaded after import = 1

========================================================================
Received Import Request.
  Time since last request: 0.000047 seconds.
  path: Assets/AddressableAssetsData/AssetGroups/Schemas/Localization-Locales_BundledAssetGroupSchema.asset
  artifactKey: Guid(3e97ab412f2a4574e8da714439229447) Importer(815301076,1909f56bfc062723c751e8b465ee728b)
Start importing Assets/AddressableAssetsData/AssetGroups/Schemas/Localization-Locales_BundledAssetGroupSchema.asset using Guid(3e97ab412f2a4574e8da714439229447) Importer(815301076,1909f56bfc062723c751e8b465ee728b) (PreviewImporter) -> (artifact id: 'f4394ce6012fab000dddf6ff49a74dbf') in 0.0014927 seconds
Number of updated asset objects reloaded before import = 0Number of asset objects unloaded after import = 1

========================================================================
Received Import Request.
  Time since last request: 0.000078 seconds.
  path: Assets/Subgraphs/CalculateLighting.shadersubgraph
  artifactKey: Guid(35396f3a898a90647a877c356d2d474c) Importer(815301076,1909f56bfc062723c751e8b465ee728b)
Start importing Assets/Subgraphs/CalculateLighting.shadersubgraph using Guid(35396f3a898a90647a877c356d2d474c) Importer(815301076,1909f56bfc062723c751e8b465ee728b) (PreviewImporter) -> (artifact id: 'cf04b652443052970d4249193b2c7c34') in 0.0024905 seconds
Number of updated asset objects reloaded before import = 0Number of asset objects unloaded after import = 1

========================================================================
Received Import Request.
  Time since last request: 0.000030 seconds.
  path: Assets/AddressableAssetsData/AssetGroups/Schemas/Localization-String-Tables-Japanese (ja)_ContentUpdateGroupSchema.asset
  artifactKey: Guid(a7026ff8d51c3794480ef8556e8a8639) Importer(815301076,1909f56bfc062723c751e8b465ee728b)
Start importing Assets/AddressableAssetsData/AssetGroups/Schemas/Localization-String-Tables-Japanese (ja)_ContentUpdateGroupSchema.asset using Guid(a7026ff8d51c3794480ef8556e8a8639) Importer(815301076,1909f56bfc062723c751e8b465ee728b) (PreviewImporter) -> (artifact id: '8e7aaed1a16790d1c7c083380e6ebf59') in 0.0011868 seconds
Number of updated asset objects reloaded before import = 0Number of asset objects unloaded after import = 1

========================================================================
Received Import Request.
  Time since last request: 0.000032 seconds.
  path: Assets/Shaders/URP_PSX_Unlit_Master.shadergraph
  artifactKey: Guid(9811a975b6d99df45b93bb716dacc497) Importer(815301076,1909f56bfc062723c751e8b465ee728b)
Start importing Assets/Shaders/URP_PSX_Unlit_Master.shadergraph using Guid(9811a975b6d99df45b93bb716dacc497) Importer(815301076,1909f56bfc062723c751e8b465ee728b) (PreviewImporter)The render pass PSX.FogPass does not have an implementation of the RecordRenderGraph method. Please implement this method, or consider turning on Compatibility Mode (RenderGraph disabled) in the menu Edit > Project Settings > Graphics > URP. Otherwise the render pass will have no effect. For more information, refer to https://docs.unity3d.com/Packages/com.unity.render-pipelines.universal@latest/index.html?subfolder=/manual/customizing-urp.html.
UnityEngine.Debug:ExtractStackTraceNoAlloc (byte*,int,string)
UnityEngine.StackTraceUtility:ExtractStackTrace ()
UnityEngine.DebugLogHandler:Internal_Log (UnityEngine.LogType,UnityEngine.LogOption,string,UnityEngine.Object)
UnityEngine.DebugLogHandler:LogFormat (UnityEngine.LogType,UnityEngine.Object,string,object[])
UnityEngine.Logger:Log (UnityEngine.LogType,object)
UnityEngine.Debug:LogWarning (object)
UnityEngine.Rendering.Universal.ScriptableRenderPass:RecordRenderGraph (UnityEngine.Rendering.RenderGraphModule.RenderGraph,UnityEngine.Rendering.ContextContainer) (at ./Library/PackageCache/com.unity.render-pipelines.universal@ba24149c0920/Runtime/Passes/ScriptableRenderPass.cs:724)
UnityEngine.Rendering.Universal.ScriptableRenderer:RecordCustomRenderGraphPassesInEventRange (UnityEngine.Rendering.RenderGraphModule.RenderGraph,UnityEngine.Rendering.Universal.RenderPassEvent,UnityEngine.Rendering.Universal.RenderPassEvent) (at ./Library/PackageCache/com.unity.render-pipelines.universal@ba24149c0920/Runtime/ScriptableRenderer.cs:1250)
UnityEngine.Rendering.Universal.ScriptableRenderer:RecordCustomRenderGraphPasses (UnityEngine.Rendering.RenderGraphModule.RenderGraph,UnityEngine.Rendering.Universal.RenderPassEvent,UnityEngine.Rendering.Universal.RenderPassEvent) (at ./Library/PackageCache/com.unity.render-pipelines.universal@ba24149c0920/Runtime/ScriptableRenderer.cs:1269)
UnityEngine.Rendering.Universal.ScriptableRenderer:RecordCustomRenderGraphPasses (UnityEngine.Rendering.RenderGraphModule.RenderGraph,UnityEngine.Rendering.Universal.RenderPassEvent) (at ./Library/PackageCache/com.unity.render-pipelines.universal@ba24149c0920/Runtime/ScriptableRenderer.cs:1274)
UnityEngine.Rendering.Universal.UniversalRenderer:OnAfterRendering (UnityEngine.Rendering.RenderGraphModule.RenderGraph) (at ./Library/PackageCache/com.unity.render-pipelines.universal@ba24149c0920/Runtime/UniversalRendererRenderGraph.cs:1436)
UnityEngine.Rendering.Universal.UniversalRenderer:OnRecordRenderGraph (UnityEngine.Rendering.RenderGraphModule.RenderGraph,UnityEngine.Rendering.ScriptableRenderContext) (at ./Library/PackageCache/com.unity.render-pipelines.universal@ba24149c0920/Runtime/UniversalRendererRenderGraph.cs:806)
UnityEngine.Rendering.Universal.ScriptableRenderer:RecordRenderGraph (UnityEngine.Rendering.RenderGraphModule.RenderGraph,UnityEngine.Rendering.ScriptableRenderContext) (at ./Library/PackageCache/com.unity.render-pipelines.universal@ba24149c0920/Runtime/ScriptableRenderer.cs:1203)
UnityEngine.Rendering.Universal.UniversalRenderPipeline:RecordRenderGraph (UnityEngine.Rendering.RenderGraphModule.RenderGraph,UnityEngine.Rendering.ScriptableRenderContext,UnityEngine.Rendering.Universal.ScriptableRenderer) (at ./Library/PackageCache/com.unity.render-pipelines.universal@ba24149c0920/Runtime/UniversalRenderPipelineRenderGraph.cs:10)
UnityEngine.Rendering.Universal.UniversalRenderPipeline:RecordAndExecuteRenderGraph (UnityEngine.Rendering.RenderGraphModule.RenderGraph,UnityEngine.Rendering.ScriptableRenderContext,UnityEngine.Rendering.Universal.ScriptableRenderer,UnityEngine.Rendering.CommandBuffer,UnityEngine.Camera,string) (at ./Library/PackageCache/com.unity.render-pipelines.universal@ba24149c0920/Runtime/UniversalRenderPipelineRenderGraph.cs:24)
UnityEngine.Rendering.Universal.UniversalRenderPipeline:RenderSingleCamera (UnityEngine.Rendering.ScriptableRenderContext,UnityEngine.Rendering.Universal.UniversalCameraData) (at ./Library/PackageCache/com.unity.render-pipelines.universal@ba24149c0920/Runtime/UniversalRenderPipeline.cs:855)
UnityEngine.Rendering.Universal.UniversalRenderPipeline:RenderSingleCameraInternal (UnityEngine.Rendering.ScriptableRenderContext,UnityEngine.Camera,UnityEngine.Rendering.Universal.UniversalAdditionalCameraData&,bool) (at ./Library/PackageCache/com.unity.render-pipelines.universal@ba24149c0920/Runtime/UniversalRenderPipeline.cs:688)
UnityEngine.Rendering.Universal.UniversalRenderPipeline:RenderSingleCameraInternal (UnityEngine.Rendering.ScriptableRenderContext,UnityEngine.Camera,bool) (at ./Library/PackageCache/com.unity.render-pipelines.universal@ba24149c0920/Runtime/UniversalRenderPipeline.cs:663)
UnityEngine.Rendering.Universal.UniversalRenderPipeline:Render (UnityEngine.Rendering.ScriptableRenderContext,System.Collections.Generic.List`1<UnityEngine.Camera>) (at ./Library/PackageCache/com.unity.render-pipelines.universal@ba24149c0920/Runtime/UniversalRenderPipeline.cs:480)
UnityEngine.Rendering.RenderPipeline:InternalRender (UnityEngine.Rendering.ScriptableRenderContext,System.Collections.Generic.List`1<UnityEngine.Camera>)
UnityEngine.Rendering.RenderPipelineManager:DoRenderLoop_Internal (UnityEngine.Rendering.RenderPipelineAsset,intptr,UnityEngine.Object,Unity.Collections.LowLevel.Unsafe.AtomicSafetyHandle)
UnityEngine.Camera:Render ()
UnityEditor.PreviewRenderUtility:Render (bool,bool)
UnityEditor.MaterialEditor:DoRenderPreview (UnityEditor.PreviewRenderUtility,bool)
UnityEditor.MaterialEditor:RenderStaticPreview (string,UnityEngine.Object[],int,int)
UnityEditor.AssetPreviewUpdater:CreatePreview (UnityEngine.Object,UnityEngine.Object[],string,int,int)
UnityEditor.AssetPreviewUpdater:CreatePreviewForAsset (UnityEngine.Object,UnityEngine.Object[],string)

(Filename: ./Library/PackageCache/com.unity.render-pipelines.universal@ba24149c0920/Runtime/Passes/ScriptableRenderPass.cs Line: 724)

The render pass PSX.PixelationPass does not have an implementation of the RecordRenderGraph method. Please implement this method, or consider turning on Compatibility Mode (RenderGraph disabled) in the menu Edit > Project Settings > Graphics > URP. Otherwise the render pass will have no effect. For more information, refer to https://docs.unity3d.com/Packages/com.unity.render-pipelines.universal@latest/index.html?subfolder=/manual/customizing-urp.html.
UnityEngine.Debug:ExtractStackTraceNoAlloc (byte*,int,string)
UnityEngine.StackTraceUtility:ExtractStackTrace ()
UnityEngine.DebugLogHandler:Internal_Log (UnityEngine.LogType,UnityEngine.LogOption,string,UnityEngine.Object)
UnityEngine.DebugLogHandler:LogFormat (UnityEngine.LogType,UnityEngine.Object,string,object[])
UnityEngine.Logger:Log (UnityEngine.LogType,object)
UnityEngine.Debug:LogWarning (object)
UnityEngine.Rendering.Universal.ScriptableRenderPass:RecordRenderGraph (UnityEngine.Rendering.RenderGraphModule.RenderGraph,UnityEngine.Rendering.ContextContainer) (at ./Library/PackageCache/com.unity.render-pipelines.universal@ba24149c0920/Runtime/Passes/ScriptableRenderPass.cs:724)
UnityEngine.Rendering.Universal.ScriptableRenderer:RecordCustomRenderGraphPassesInEventRange (UnityEngine.Rendering.RenderGraphModule.RenderGraph,UnityEngine.Rendering.Universal.RenderPassEvent,UnityEngine.Rendering.Universal.RenderPassEvent) (at ./Library/PackageCache/com.unity.render-pipelines.universal@ba24149c0920/Runtime/ScriptableRenderer.cs:1250)
UnityEngine.Rendering.Universal.ScriptableRenderer:RecordCustomRenderGraphPasses (UnityEngine.Rendering.RenderGraphModule.RenderGraph,UnityEngine.Rendering.Universal.RenderPassEvent,UnityEngine.Rendering.Universal.RenderPassEvent) (at ./Library/PackageCache/com.unity.render-pipelines.universal@ba24149c0920/Runtime/ScriptableRenderer.cs:1269)
UnityEngine.Rendering.Universal.ScriptableRenderer:RecordCustomRenderGraphPasses (UnityEngine.Rendering.RenderGraphModule.RenderGraph,UnityEngine.Rendering.Universal.RenderPassEvent) (at ./Library/PackageCache/com.unity.render-pipelines.universal@ba24149c0920/Runtime/ScriptableRenderer.cs:1274)
UnityEngine.Rendering.Universal.UniversalRenderer:OnAfterRendering (UnityEngine.Rendering.RenderGraphModule.RenderGraph) (at ./Library/PackageCache/com.unity.render-pipelines.universal@ba24149c0920/Runtime/UniversalRendererRenderGraph.cs:1436)
UnityEngine.Rendering.Universal.UniversalRenderer:OnRecordRenderGraph (UnityEngine.Rendering.RenderGraphModule.RenderGraph,UnityEngine.Rendering.ScriptableRenderContext) (at ./Library/PackageCache/com.unity.render-pipelines.universal@ba24149c0920/Runtime/UniversalRendererRenderGraph.cs:806)
UnityEngine.Rendering.Universal.ScriptableRenderer:RecordRenderGraph (UnityEngine.Rendering.RenderGraphModule.RenderGraph,UnityEngine.Rendering.ScriptableRenderContext) (at ./Library/PackageCache/com.unity.render-pipelines.universal@ba24149c0920/Runtime/ScriptableRenderer.cs:1203)
UnityEngine.Rendering.Universal.UniversalRenderPipeline:RecordRenderGraph (UnityEngine.Rendering.RenderGraphModule.RenderGraph,UnityEngine.Rendering.ScriptableRenderContext,UnityEngine.Rendering.Universal.ScriptableRenderer) (at ./Library/PackageCache/com.unity.render-pipelines.universal@ba24149c0920/Runtime/UniversalRenderPipelineRenderGraph.cs:10)
UnityEngine.Rendering.Universal.UniversalRenderPipeline:RecordAndExecuteRenderGraph (UnityEngine.Rendering.RenderGraphModule.RenderGraph,UnityEngine.Rendering.ScriptableRenderContext,UnityEngine.Rendering.Universal.ScriptableRenderer,UnityEngine.Rendering.CommandBuffer,UnityEngine.Camera,string) (at ./Library/PackageCache/com.unity.render-pipelines.universal@ba24149c0920/Runtime/UniversalRenderPipelineRenderGraph.cs:24)
UnityEngine.Rendering.Universal.UniversalRenderPipeline:RenderSingleCamera (UnityEngine.Rendering.ScriptableRenderContext,UnityEngine.Rendering.Universal.UniversalCameraData) (at ./Library/PackageCache/com.unity.render-pipelines.universal@ba24149c0920/Runtime/UniversalRenderPipeline.cs:855)
UnityEngine.Rendering.Universal.UniversalRenderPipeline:RenderSingleCameraInternal (UnityEngine.Rendering.ScriptableRenderContext,UnityEngine.Camera,UnityEngine.Rendering.Universal.UniversalAdditionalCameraData&,bool) (at ./Library/PackageCache/com.unity.render-pipelines.universal@ba24149c0920/Runtime/UniversalRenderPipeline.cs:688)
UnityEngine.Rendering.Universal.UniversalRenderPipeline:RenderSingleCameraInternal (UnityEngine.Rendering.ScriptableRenderContext,UnityEngine.Camera,bool) (at ./Library/PackageCache/com.unity.render-pipelines.universal@ba24149c0920/Runtime/UniversalRenderPipeline.cs:663)
UnityEngine.Rendering.Universal.UniversalRenderPipeline:Render (UnityEngine.Rendering.ScriptableRenderContext,System.Collections.Generic.List`1<UnityEngine.Camera>) (at ./Library/PackageCache/com.unity.render-pipelines.universal@ba24149c0920/Runtime/UniversalRenderPipeline.cs:480)
UnityEngine.Rendering.RenderPipeline:InternalRender (UnityEngine.Rendering.ScriptableRenderContext,System.Collections.Generic.List`1<UnityEngine.Camera>)
UnityEngine.Rendering.RenderPipelineManager:DoRenderLoop_Internal (UnityEngine.Rendering.RenderPipelineAsset,intptr,UnityEngine.Object,Unity.Collections.LowLevel.Unsafe.AtomicSafetyHandle)
UnityEngine.Camera:Render ()
UnityEditor.PreviewRenderUtility:Render (bool,bool)
UnityEditor.MaterialEditor:DoRenderPreview (UnityEditor.PreviewRenderUtility,bool)
UnityEditor.MaterialEditor:RenderStaticPreview (string,UnityEngine.Object[],int,int)
UnityEditor.AssetPreviewUpdater:CreatePreview (UnityEngine.Object,UnityEngine.Object[],string,int,int)
UnityEditor.AssetPreviewUpdater:CreatePreviewForAsset (UnityEngine.Object,UnityEngine.Object[],string)

(Filename: ./Library/PackageCache/com.unity.render-pipelines.universal@ba24149c0920/Runtime/Passes/ScriptableRenderPass.cs Line: 724)

The render pass PSX.DitheringPass does not have an implementation of the RecordRenderGraph method. Please implement this method, or consider turning on Compatibility Mode (RenderGraph disabled) in the menu Edit > Project Settings > Graphics > URP. Otherwise the render pass will have no effect. For more information, refer to https://docs.unity3d.com/Packages/com.unity.render-pipelines.universal@latest/index.html?subfolder=/manual/customizing-urp.html.
UnityEngine.Debug:ExtractStackTraceNoAlloc (byte*,int,string)
UnityEngine.StackTraceUtility:ExtractStackTrace ()
UnityEngine.DebugLogHandler:Internal_Log (UnityEngine.LogType,UnityEngine.LogOption,string,UnityEngine.Object)
UnityEngine.DebugLogHandler:LogFormat (UnityEngine.LogType,UnityEngine.Object,string,object[])
UnityEngine.Logger:Log (UnityEngine.LogType,object)
UnityEngine.Debug:LogWarning (object)
UnityEngine.Rendering.Universal.ScriptableRenderPass:RecordRenderGraph (UnityEngine.Rendering.RenderGraphModule.RenderGraph,UnityEngine.Rendering.ContextContainer) (at ./Library/PackageCache/com.unity.render-pipelines.universal@ba24149c0920/Runtime/Passes/ScriptableRenderPass.cs:724)
UnityEngine.Rendering.Universal.ScriptableRenderer:RecordCustomRenderGraphPassesInEventRange (UnityEngine.Rendering.RenderGraphModule.RenderGraph,UnityEngine.Rendering.Universal.RenderPassEvent,UnityEngine.Rendering.Universal.RenderPassEvent) (at ./Library/PackageCache/com.unity.render-pipelines.universal@ba24149c0920/Runtime/ScriptableRenderer.cs:1250)
UnityEngine.Rendering.Universal.ScriptableRenderer:RecordCustomRenderGraphPasses (UnityEngine.Rendering.RenderGraphModule.RenderGraph,UnityEngine.Rendering.Universal.RenderPassEvent,UnityEngine.Rendering.Universal.RenderPassEvent) (at ./Library/PackageCache/com.unity.render-pipelines.universal@ba24149c0920/Runtime/ScriptableRenderer.cs:1269)
UnityEngine.Rendering.Universal.ScriptableRenderer:RecordCustomRenderGraphPasses (UnityEngine.Rendering.RenderGraphModule.RenderGraph,UnityEngine.Rendering.Universal.RenderPassEvent) (at ./Library/PackageCache/com.unity.render-pipelines.universal@ba24149c0920/Runtime/ScriptableRenderer.cs:1274)
UnityEngine.Rendering.Universal.UniversalRenderer:OnAfterRendering (UnityEngine.Rendering.RenderGraphModule.RenderGraph) (at ./Library/PackageCache/com.unity.render-pipelines.universal@ba24149c0920/Runtime/UniversalRendererRenderGraph.cs:1436)
UnityEngine.Rendering.Universal.UniversalRenderer:OnRecordRenderGraph (UnityEngine.Rendering.RenderGraphModule.RenderGraph,UnityEngine.Rendering.ScriptableRenderContext) (at ./Library/PackageCache/com.unity.render-pipelines.universal@ba24149c0920/Runtime/UniversalRendererRenderGraph.cs:806)
UnityEngine.Rendering.Universal.ScriptableRenderer:RecordRenderGraph (UnityEngine.Rendering.RenderGraphModule.RenderGraph,UnityEngine.Rendering.ScriptableRenderContext) (at ./Library/PackageCache/com.unity.render-pipelines.universal@ba24149c0920/Runtime/ScriptableRenderer.cs:1203)
UnityEngine.Rendering.Universal.UniversalRenderPipeline:RecordRenderGraph (UnityEngine.Rendering.RenderGraphModule.RenderGraph,UnityEngine.Rendering.ScriptableRenderContext,UnityEngine.Rendering.Universal.ScriptableRenderer) (at ./Library/PackageCache/com.unity.render-pipelines.universal@ba24149c0920/Runtime/UniversalRenderPipelineRenderGraph.cs:10)
UnityEngine.Rendering.Universal.UniversalRenderPipeline:RecordAndExecuteRenderGraph (UnityEngine.Rendering.RenderGraphModule.RenderGraph,UnityEngine.Rendering.ScriptableRenderContext,UnityEngine.Rendering.Universal.ScriptableRenderer,UnityEngine.Rendering.CommandBuffer,UnityEngine.Camera,string) (at ./Library/PackageCache/com.unity.render-pipelines.universal@ba24149c0920/Runtime/UniversalRenderPipelineRenderGraph.cs:24)
UnityEngine.Rendering.Universal.UniversalRenderPipeline:RenderSingleCamera (UnityEngine.Rendering.ScriptableRenderContext,UnityEngine.Rendering.Universal.UniversalCameraData) (at ./Library/PackageCache/com.unity.render-pipelines.universal@ba24149c0920/Runtime/UniversalRenderPipeline.cs:855)
UnityEngine.Rendering.Universal.UniversalRenderPipeline:RenderSingleCameraInternal (UnityEngine.Rendering.ScriptableRenderContext,UnityEngine.Camera,UnityEngine.Rendering.Universal.UniversalAdditionalCameraData&,bool) (at ./Library/PackageCache/com.unity.render-pipelines.universal@ba24149c0920/Runtime/UniversalRenderPipeline.cs:688)
UnityEngine.Rendering.Universal.UniversalRenderPipeline:RenderSingleCameraInternal (UnityEngine.Rendering.ScriptableRenderContext,UnityEngine.Camera,bool) (at ./Library/PackageCache/com.unity.render-pipelines.universal@ba24149c0920/Runtime/UniversalRenderPipeline.cs:663)
UnityEngine.Rendering.Universal.UniversalRenderPipeline:Render (UnityEngine.Rendering.ScriptableRenderContext,System.Collections.Generic.List`1<UnityEngine.Camera>) (at ./Library/PackageCache/com.unity.render-pipelines.universal@ba24149c0920/Runtime/UniversalRenderPipeline.cs:480)
UnityEngine.Rendering.RenderPipeline:InternalRender (UnityEngine.Rendering.ScriptableRenderContext,System.Collections.Generic.List`1<UnityEngine.Camera>)
UnityEngine.Rendering.RenderPipelineManager:DoRenderLoop_Internal (UnityEngine.Rendering.RenderPipelineAsset,intptr,UnityEngine.Object,Unity.Collections.LowLevel.Unsafe.AtomicSafetyHandle)
UnityEngine.Camera:Render ()
UnityEditor.PreviewRenderUtility:Render (bool,bool)
UnityEditor.MaterialEditor:DoRenderPreview (UnityEditor.PreviewRenderUtility,bool)
UnityEditor.MaterialEditor:RenderStaticPreview (string,UnityEngine.Object[],int,int)
UnityEditor.AssetPreviewUpdater:CreatePreview (UnityEngine.Object,UnityEngine.Object[],string,int,int)
UnityEditor.AssetPreviewUpdater:CreatePreviewForAsset (UnityEngine.Object,UnityEngine.Object[],string)

(Filename: ./Library/PackageCache/com.unity.render-pipelines.universal@ba24149c0920/Runtime/Passes/ScriptableRenderPass.cs Line: 724)

The render pass PSX.CRTPass does not have an implementation of the RecordRenderGraph method. Please implement this method, or consider turning on Compatibility Mode (RenderGraph disabled) in the menu Edit > Project Settings > Graphics > URP. Otherwise the render pass will have no effect. For more information, refer to https://docs.unity3d.com/Packages/com.unity.render-pipelines.universal@latest/index.html?subfolder=/manual/customizing-urp.html.
UnityEngine.Debug:ExtractStackTraceNoAlloc (byte*,int,string)
UnityEngine.StackTraceUtility:ExtractStackTrace ()
UnityEngine.DebugLogHandler:Internal_Log (UnityEngine.LogType,UnityEngine.LogOption,string,UnityEngine.Object)
UnityEngine.DebugLogHandler:LogFormat (UnityEngine.LogType,UnityEngine.Object,string,object[])
UnityEngine.Logger:Log (UnityEngine.LogType,object)
UnityEngine.Debug:LogWarning (object)
UnityEngine.Rendering.Universal.ScriptableRenderPass:RecordRenderGraph (UnityEngine.Rendering.RenderGraphModule.RenderGraph,UnityEngine.Rendering.ContextContainer) (at ./Library/PackageCache/com.unity.render-pipelines.universal@ba24149c0920/Runtime/Passes/ScriptableRenderPass.cs:724)
UnityEngine.Rendering.Universal.ScriptableRenderer:RecordCustomRenderGraphPassesInEventRange (UnityEngine.Rendering.RenderGraphModule.RenderGraph,UnityEngine.Rendering.Universal.RenderPassEvent,UnityEngine.Rendering.Universal.RenderPassEvent) (at ./Library/PackageCache/com.unity.render-pipelines.universal@ba24149c0920/Runtime/ScriptableRenderer.cs:1250)
UnityEngine.Rendering.Universal.ScriptableRenderer:RecordCustomRenderGraphPasses (UnityEngine.Rendering.RenderGraphModule.RenderGraph,UnityEngine.Rendering.Universal.RenderPassEvent,UnityEngine.Rendering.Universal.RenderPassEvent) (at ./Library/PackageCache/com.unity.render-pipelines.universal@ba24149c0920/Runtime/ScriptableRenderer.cs:1269)
UnityEngine.Rendering.Universal.ScriptableRenderer:RecordCustomRenderGraphPasses (UnityEngine.Rendering.RenderGraphModule.RenderGraph,UnityEngine.Rendering.Universal.RenderPassEvent) (at ./Library/PackageCache/com.unity.render-pipelines.universal@ba24149c0920/Runtime/ScriptableRenderer.cs:1274)
UnityEngine.Rendering.Universal.UniversalRenderer:OnAfterRendering (UnityEngine.Rendering.RenderGraphModule.RenderGraph) (at ./Library/PackageCache/com.unity.render-pipelines.universal@ba24149c0920/Runtime/UniversalRendererRenderGraph.cs:1436)
UnityEngine.Rendering.Universal.UniversalRenderer:OnRecordRenderGraph (UnityEngine.Rendering.RenderGraphModule.RenderGraph,UnityEngine.Rendering.ScriptableRenderContext) (at ./Library/PackageCache/com.unity.render-pipelines.universal@ba24149c0920/Runtime/UniversalRendererRenderGraph.cs:806)
UnityEngine.Rendering.Universal.ScriptableRenderer:RecordRenderGraph (UnityEngine.Rendering.RenderGraphModule.RenderGraph,UnityEngine.Rendering.ScriptableRenderContext) (at ./Library/PackageCache/com.unity.render-pipelines.universal@ba24149c0920/Runtime/ScriptableRenderer.cs:1203)
UnityEngine.Rendering.Universal.UniversalRenderPipeline:RecordRenderGraph (UnityEngine.Rendering.RenderGraphModule.RenderGraph,UnityEngine.Rendering.ScriptableRenderContext,UnityEngine.Rendering.Universal.ScriptableRenderer) (at ./Library/PackageCache/com.unity.render-pipelines.universal@ba24149c0920/Runtime/UniversalRenderPipelineRenderGraph.cs:10)
UnityEngine.Rendering.Universal.UniversalRenderPipeline:RecordAndExecuteRenderGraph (UnityEngine.Rendering.RenderGraphModule.RenderGraph,UnityEngine.Rendering.ScriptableRenderContext,UnityEngine.Rendering.Universal.ScriptableRenderer,UnityEngine.Rendering.CommandBuffer,UnityEngine.Camera,string) (at ./Library/PackageCache/com.unity.render-pipelines.universal@ba24149c0920/Runtime/UniversalRenderPipelineRenderGraph.cs:24)
UnityEngine.Rendering.Universal.UniversalRenderPipeline:RenderSingleCamera (UnityEngine.Rendering.ScriptableRenderContext,UnityEngine.Rendering.Universal.UniversalCameraData) (at ./Library/PackageCache/com.unity.render-pipelines.universal@ba24149c0920/Runtime/UniversalRenderPipeline.cs:855)
UnityEngine.Rendering.Universal.UniversalRenderPipeline:RenderSingleCameraInternal (UnityEngine.Rendering.ScriptableRenderContext,UnityEngine.Camera,UnityEngine.Rendering.Universal.UniversalAdditionalCameraData&,bool) (at ./Library/PackageCache/com.unity.render-pipelines.universal@ba24149c0920/Runtime/UniversalRenderPipeline.cs:688)
UnityEngine.Rendering.Universal.UniversalRenderPipeline:RenderSingleCameraInternal (UnityEngine.Rendering.ScriptableRenderContext,UnityEngine.Camera,bool) (at ./Library/PackageCache/com.unity.render-pipelines.universal@ba24149c0920/Runtime/UniversalRenderPipeline.cs:663)
UnityEngine.Rendering.Universal.UniversalRenderPipeline:Render (UnityEngine.Rendering.ScriptableRenderContext,System.Collections.Generic.List`1<UnityEngine.Camera>) (at ./Library/PackageCache/com.unity.render-pipelines.universal@ba24149c0920/Runtime/UniversalRenderPipeline.cs:480)
UnityEngine.Rendering.RenderPipeline:InternalRender (UnityEngine.Rendering.ScriptableRenderContext,System.Collections.Generic.List`1<UnityEngine.Camera>)
UnityEngine.Rendering.RenderPipelineManager:DoRenderLoop_Internal (UnityEngine.Rendering.RenderPipelineAsset,intptr,UnityEngine.Object,Unity.Collections.LowLevel.Unsafe.AtomicSafetyHandle)
UnityEngine.Camera:Render ()
UnityEditor.PreviewRenderUtility:Render (bool,bool)
UnityEditor.MaterialEditor:DoRenderPreview (UnityEditor.PreviewRenderUtility,bool)
UnityEditor.MaterialEditor:RenderStaticPreview (string,UnityEngine.Object[],int,int)
UnityEditor.AssetPreviewUpdater:CreatePreview (UnityEngine.Object,UnityEngine.Object[],string,int,int)
UnityEditor.AssetPreviewUpdater:CreatePreviewForAsset (UnityEngine.Object,UnityEngine.Object[],string)

(Filename: ./Library/PackageCache/com.unity.render-pipelines.universal@ba24149c0920/Runtime/Passes/ScriptableRenderPass.cs Line: 724)

 -> (artifact id: '8d003415b0bb3f7598fe205cc0e8ddbe') in 0.0106955 seconds
Number of updated asset objects reloaded before import = 0Number of asset objects unloaded after import = 11

========================================================================
Received Import Request.
  Time since last request: 0.000048 seconds.
  path: Assets/AddressableAssetsData/AssetGroups/Schemas/Localization-String-Tables-German (de)_BundledAssetGroupSchema.asset
  artifactKey: Guid(e8cd0afe4ecf6d849a3918e5609e0641) Importer(815301076,1909f56bfc062723c751e8b465ee728b)
Start importing Assets/AddressableAssetsData/AssetGroups/Schemas/Localization-String-Tables-German (de)_BundledAssetGroupSchema.asset using Guid(e8cd0afe4ecf6d849a3918e5609e0641) Importer(815301076,1909f56bfc062723c751e8b465ee728b) (PreviewImporter) -> (artifact id: 'd0ee3111133761c59bd6a9be8f4da338') in 0.0015049 seconds
Number of updated asset objects reloaded before import = 0Number of asset objects unloaded after import = 1

========================================================================
Received Import Request.
  Time since last request: 0.000084 seconds.
  path: Assets/Shaders/Other/Unlit_PS1AffineFog.mat
  artifactKey: Guid(1c2a2bf9e71c9764a861f3de56b26509) Importer(815301076,1909f56bfc062723c751e8b465ee728b)
Start importing Assets/Shaders/Other/Unlit_PS1AffineFog.mat using Guid(1c2a2bf9e71c9764a861f3de56b26509) Importer(815301076,1909f56bfc062723c751e8b465ee728b) (PreviewImporter)The render pass PSX.FogPass does not have an implementation of the RecordRenderGraph method. Please implement this method, or consider turning on Compatibility Mode (RenderGraph disabled) in the menu Edit > Project Settings > Graphics > URP. Otherwise the render pass will have no effect. For more information, refer to https://docs.unity3d.com/Packages/com.unity.render-pipelines.universal@latest/index.html?subfolder=/manual/customizing-urp.html.
UnityEngine.Debug:ExtractStackTraceNoAlloc (byte*,int,string)
UnityEngine.StackTraceUtility:ExtractStackTrace ()
UnityEngine.DebugLogHandler:Internal_Log (UnityEngine.LogType,UnityEngine.LogOption,string,UnityEngine.Object)
UnityEngine.DebugLogHandler:LogFormat (UnityEngine.LogType,UnityEngine.Object,string,object[])
UnityEngine.Logger:Log (UnityEngine.LogType,object)
UnityEngine.Debug:LogWarning (object)
UnityEngine.Rendering.Universal.ScriptableRenderPass:RecordRenderGraph (UnityEngine.Rendering.RenderGraphModule.RenderGraph,UnityEngine.Rendering.ContextContainer) (at ./Library/PackageCache/com.unity.render-pipelines.universal@ba24149c0920/Runtime/Passes/ScriptableRenderPass.cs:724)
UnityEngine.Rendering.Universal.ScriptableRenderer:RecordCustomRenderGraphPassesInEventRange (UnityEngine.Rendering.RenderGraphModule.RenderGraph,UnityEngine.Rendering.Universal.RenderPassEvent,UnityEngine.Rendering.Universal.RenderPassEvent) (at ./Library/PackageCache/com.unity.render-pipelines.universal@ba24149c0920/Runtime/ScriptableRenderer.cs:1250)
UnityEngine.Rendering.Universal.ScriptableRenderer:RecordCustomRenderGraphPasses (UnityEngine.Rendering.RenderGraphModule.RenderGraph,UnityEngine.Rendering.Universal.RenderPassEvent,UnityEngine.Rendering.Universal.RenderPassEvent) (at ./Library/PackageCache/com.unity.render-pipelines.universal@ba24149c0920/Runtime/ScriptableRenderer.cs:1269)
UnityEngine.Rendering.Universal.ScriptableRenderer:RecordCustomRenderGraphPasses (UnityEngine.Rendering.RenderGraphModule.RenderGraph,UnityEngine.Rendering.Universal.RenderPassEvent) (at ./Library/PackageCache/com.unity.render-pipelines.universal@ba24149c0920/Runtime/ScriptableRenderer.cs:1274)
UnityEngine.Rendering.Universal.UniversalRenderer:OnAfterRendering (UnityEngine.Rendering.RenderGraphModule.RenderGraph) (at ./Library/PackageCache/com.unity.render-pipelines.universal@ba24149c0920/Runtime/UniversalRendererRenderGraph.cs:1436)
UnityEngine.Rendering.Universal.UniversalRenderer:OnRecordRenderGraph (UnityEngine.Rendering.RenderGraphModule.RenderGraph,UnityEngine.Rendering.ScriptableRenderContext) (at ./Library/PackageCache/com.unity.render-pipelines.universal@ba24149c0920/Runtime/UniversalRendererRenderGraph.cs:806)
UnityEngine.Rendering.Universal.ScriptableRenderer:RecordRenderGraph (UnityEngine.Rendering.RenderGraphModule.RenderGraph,UnityEngine.Rendering.ScriptableRenderContext) (at ./Library/PackageCache/com.unity.render-pipelines.universal@ba24149c0920/Runtime/ScriptableRenderer.cs:1203)
UnityEngine.Rendering.Universal.UniversalRenderPipeline:RecordRenderGraph (UnityEngine.Rendering.RenderGraphModule.RenderGraph,UnityEngine.Rendering.ScriptableRenderContext,UnityEngine.Rendering.Universal.ScriptableRenderer) (at ./Library/PackageCache/com.unity.render-pipelines.universal@ba24149c0920/Runtime/UniversalRenderPipelineRenderGraph.cs:10)
UnityEngine.Rendering.Universal.UniversalRenderPipeline:RecordAndExecuteRenderGraph (UnityEngine.Rendering.RenderGraphModule.RenderGraph,UnityEngine.Rendering.ScriptableRenderContext,UnityEngine.Rendering.Universal.ScriptableRenderer,UnityEngine.Rendering.CommandBuffer,UnityEngine.Camera,string) (at ./Library/PackageCache/com.unity.render-pipelines.universal@ba24149c0920/Runtime/UniversalRenderPipelineRenderGraph.cs:24)
UnityEngine.Rendering.Universal.UniversalRenderPipeline:RenderSingleCamera (UnityEngine.Rendering.ScriptableRenderContext,UnityEngine.Rendering.Universal.UniversalCameraData) (at ./Library/PackageCache/com.unity.render-pipelines.universal@ba24149c0920/Runtime/UniversalRenderPipeline.cs:855)
UnityEngine.Rendering.Universal.UniversalRenderPipeline:RenderSingleCameraInternal (UnityEngine.Rendering.ScriptableRenderContext,UnityEngine.Camera,UnityEngine.Rendering.Universal.UniversalAdditionalCameraData&,bool) (at ./Library/PackageCache/com.unity.render-pipelines.universal@ba24149c0920/Runtime/UniversalRenderPipeline.cs:688)
UnityEngine.Rendering.Universal.UniversalRenderPipeline:RenderSingleCameraInternal (UnityEngine.Rendering.ScriptableRenderContext,UnityEngine.Camera,bool) (at ./Library/PackageCache/com.unity.render-pipelines.universal@ba24149c0920/Runtime/UniversalRenderPipeline.cs:663)
UnityEngine.Rendering.Universal.UniversalRenderPipeline:Render (UnityEngine.Rendering.ScriptableRenderContext,System.Collections.Generic.List`1<UnityEngine.Camera>) (at ./Library/PackageCache/com.unity.render-pipelines.universal@ba24149c0920/Runtime/UniversalRenderPipeline.cs:480)
UnityEngine.Rendering.RenderPipeline:InternalRender (UnityEngine.Rendering.ScriptableRenderContext,System.Collections.Generic.List`1<UnityEngine.Camera>)
UnityEngine.Rendering.RenderPipelineManager:DoRenderLoop_Internal (UnityEngine.Rendering.RenderPipelineAsset,intptr,UnityEngine.Object,Unity.Collections.LowLevel.Unsafe.AtomicSafetyHandle)
UnityEngine.Camera:Render ()
UnityEditor.PreviewRenderUtility:Render (bool,bool)
UnityEditor.MaterialEditor:DoRenderPreview (UnityEditor.PreviewRenderUtility,bool)
UnityEditor.MaterialEditor:RenderStaticPreview (string,UnityEngine.Object[],int,int)
UnityEditor.AssetPreviewUpdater:CreatePreview (UnityEngine.Object,UnityEngine.Object[],string,int,int)
UnityEditor.AssetPreviewUpdater:CreatePreviewForAsset (UnityEngine.Object,UnityEngine.Object[],string)

(Filename: ./Library/PackageCache/com.unity.render-pipelines.universal@ba24149c0920/Runtime/Passes/ScriptableRenderPass.cs Line: 724)

The render pass PSX.PixelationPass does not have an implementation of the RecordRenderGraph method. Please implement this method, or consider turning on Compatibility Mode (RenderGraph disabled) in the menu Edit > Project Settings > Graphics > URP. Otherwise the render pass will have no effect. For more information, refer to https://docs.unity3d.com/Packages/com.unity.render-pipelines.universal@latest/index.html?subfolder=/manual/customizing-urp.html.
UnityEngine.Debug:ExtractStackTraceNoAlloc (byte*,int,string)
UnityEngine.StackTraceUtility:ExtractStackTrace ()
UnityEngine.DebugLogHandler:Internal_Log (UnityEngine.LogType,UnityEngine.LogOption,string,UnityEngine.Object)
UnityEngine.DebugLogHandler:LogFormat (UnityEngine.LogType,UnityEngine.Object,string,object[])
UnityEngine.Logger:Log (UnityEngine.LogType,object)
UnityEngine.Debug:LogWarning (object)
UnityEngine.Rendering.Universal.ScriptableRenderPass:RecordRenderGraph (UnityEngine.Rendering.RenderGraphModule.RenderGraph,UnityEngine.Rendering.ContextContainer) (at ./Library/PackageCache/com.unity.render-pipelines.universal@ba24149c0920/Runtime/Passes/ScriptableRenderPass.cs:724)
UnityEngine.Rendering.Universal.ScriptableRenderer:RecordCustomRenderGraphPassesInEventRange (UnityEngine.Rendering.RenderGraphModule.RenderGraph,UnityEngine.Rendering.Universal.RenderPassEvent,UnityEngine.Rendering.Universal.RenderPassEvent) (at ./Library/PackageCache/com.unity.render-pipelines.universal@ba24149c0920/Runtime/ScriptableRenderer.cs:1250)
UnityEngine.Rendering.Universal.ScriptableRenderer:RecordCustomRenderGraphPasses (UnityEngine.Rendering.RenderGraphModule.RenderGraph,UnityEngine.Rendering.Universal.RenderPassEvent,UnityEngine.Rendering.Universal.RenderPassEvent) (at ./Library/PackageCache/com.unity.render-pipelines.universal@ba24149c0920/Runtime/ScriptableRenderer.cs:1269)
UnityEngine.Rendering.Universal.ScriptableRenderer:RecordCustomRenderGraphPasses (UnityEngine.Rendering.RenderGraphModule.RenderGraph,UnityEngine.Rendering.Universal.RenderPassEvent) (at ./Library/PackageCache/com.unity.render-pipelines.universal@ba24149c0920/Runtime/ScriptableRenderer.cs:1274)
UnityEngine.Rendering.Universal.UniversalRenderer:OnAfterRendering (UnityEngine.Rendering.RenderGraphModule.RenderGraph) (at ./Library/PackageCache/com.unity.render-pipelines.universal@ba24149c0920/Runtime/UniversalRendererRenderGraph.cs:1436)
UnityEngine.Rendering.Universal.UniversalRenderer:OnRecordRenderGraph (UnityEngine.Rendering.RenderGraphModule.RenderGraph,UnityEngine.Rendering.ScriptableRenderContext) (at ./Library/PackageCache/com.unity.render-pipelines.universal@ba24149c0920/Runtime/UniversalRendererRenderGraph.cs:806)
UnityEngine.Rendering.Universal.ScriptableRenderer:RecordRenderGraph (UnityEngine.Rendering.RenderGraphModule.RenderGraph,UnityEngine.Rendering.ScriptableRenderContext) (at ./Library/PackageCache/com.unity.render-pipelines.universal@ba24149c0920/Runtime/ScriptableRenderer.cs:1203)
UnityEngine.Rendering.Universal.UniversalRenderPipeline:RecordRenderGraph (UnityEngine.Rendering.RenderGraphModule.RenderGraph,UnityEngine.Rendering.ScriptableRenderContext,UnityEngine.Rendering.Universal.ScriptableRenderer) (at ./Library/PackageCache/com.unity.render-pipelines.universal@ba24149c0920/Runtime/UniversalRenderPipelineRenderGraph.cs:10)
UnityEngine.Rendering.Universal.UniversalRenderPipeline:RecordAndExecuteRenderGraph (UnityEngine.Rendering.RenderGraphModule.RenderGraph,UnityEngine.Rendering.ScriptableRenderContext,UnityEngine.Rendering.Universal.ScriptableRenderer,UnityEngine.Rendering.CommandBuffer,UnityEngine.Camera,string) (at ./Library/PackageCache/com.unity.render-pipelines.universal@ba24149c0920/Runtime/UniversalRenderPipelineRenderGraph.cs:24)
UnityEngine.Rendering.Universal.UniversalRenderPipeline:RenderSingleCamera (UnityEngine.Rendering.ScriptableRenderContext,UnityEngine.Rendering.Universal.UniversalCameraData) (at ./Library/PackageCache/com.unity.render-pipelines.universal@ba24149c0920/Runtime/UniversalRenderPipeline.cs:855)
UnityEngine.Rendering.Universal.UniversalRenderPipeline:RenderSingleCameraInternal (UnityEngine.Rendering.ScriptableRenderContext,UnityEngine.Camera,UnityEngine.Rendering.Universal.UniversalAdditionalCameraData&,bool) (at ./Library/PackageCache/com.unity.render-pipelines.universal@ba24149c0920/Runtime/UniversalRenderPipeline.cs:688)
UnityEngine.Rendering.Universal.UniversalRenderPipeline:RenderSingleCameraInternal (UnityEngine.Rendering.ScriptableRenderContext,UnityEngine.Camera,bool) (at ./Library/PackageCache/com.unity.render-pipelines.universal@ba24149c0920/Runtime/UniversalRenderPipeline.cs:663)
UnityEngine.Rendering.Universal.UniversalRenderPipeline:Render (UnityEngine.Rendering.ScriptableRenderContext,System.Collections.Generic.List`1<UnityEngine.Camera>) (at ./Library/PackageCache/com.unity.render-pipelines.universal@ba24149c0920/Runtime/UniversalRenderPipeline.cs:480)
UnityEngine.Rendering.RenderPipeline:InternalRender (UnityEngine.Rendering.ScriptableRenderContext,System.Collections.Generic.List`1<UnityEngine.Camera>)
UnityEngine.Rendering.RenderPipelineManager:DoRenderLoop_Internal (UnityEngine.Rendering.RenderPipelineAsset,intptr,UnityEngine.Object,Unity.Collections.LowLevel.Unsafe.AtomicSafetyHandle)
UnityEngine.Camera:Render ()
UnityEditor.PreviewRenderUtility:Render (bool,bool)
UnityEditor.MaterialEditor:DoRenderPreview (UnityEditor.PreviewRenderUtility,bool)
UnityEditor.MaterialEditor:RenderStaticPreview (string,UnityEngine.Object[],int,int)
UnityEditor.AssetPreviewUpdater:CreatePreview (UnityEngine.Object,UnityEngine.Object[],string,int,int)
UnityEditor.AssetPreviewUpdater:CreatePreviewForAsset (UnityEngine.Object,UnityEngine.Object[],string)

(Filename: ./Library/PackageCache/com.unity.render-pipelines.universal@ba24149c0920/Runtime/Passes/ScriptableRenderPass.cs Line: 724)

The render pass PSX.DitheringPass does not have an implementation of the RecordRenderGraph method. Please implement this method, or consider turning on Compatibility Mode (RenderGraph disabled) in the menu Edit > Project Settings > Graphics > URP. Otherwise the render pass will have no effect. For more information, refer to https://docs.unity3d.com/Packages/com.unity.render-pipelines.universal@latest/index.html?subfolder=/manual/customizing-urp.html.
UnityEngine.Debug:ExtractStackTraceNoAlloc (byte*,int,string)
UnityEngine.StackTraceUtility:ExtractStackTrace ()
UnityEngine.DebugLogHandler:Internal_Log (UnityEngine.LogType,UnityEngine.LogOption,string,UnityEngine.Object)
UnityEngine.DebugLogHandler:LogFormat (UnityEngine.LogType,UnityEngine.Object,string,object[])
UnityEngine.Logger:Log (UnityEngine.LogType,object)
UnityEngine.Debug:LogWarning (object)
UnityEngine.Rendering.Universal.ScriptableRenderPass:RecordRenderGraph (UnityEngine.Rendering.RenderGraphModule.RenderGraph,UnityEngine.Rendering.ContextContainer) (at ./Library/PackageCache/com.unity.render-pipelines.universal@ba24149c0920/Runtime/Passes/ScriptableRenderPass.cs:724)
UnityEngine.Rendering.Universal.ScriptableRenderer:RecordCustomRenderGraphPassesInEventRange (UnityEngine.Rendering.RenderGraphModule.RenderGraph,UnityEngine.Rendering.Universal.RenderPassEvent,UnityEngine.Rendering.Universal.RenderPassEvent) (at ./Library/PackageCache/com.unity.render-pipelines.universal@ba24149c0920/Runtime/ScriptableRenderer.cs:1250)
UnityEngine.Rendering.Universal.ScriptableRenderer:RecordCustomRenderGraphPasses (UnityEngine.Rendering.RenderGraphModule.RenderGraph,UnityEngine.Rendering.Universal.RenderPassEvent,UnityEngine.Rendering.Universal.RenderPassEvent) (at ./Library/PackageCache/com.unity.render-pipelines.universal@ba24149c0920/Runtime/ScriptableRenderer.cs:1269)
UnityEngine.Rendering.Universal.ScriptableRenderer:RecordCustomRenderGraphPasses (UnityEngine.Rendering.RenderGraphModule.RenderGraph,UnityEngine.Rendering.Universal.RenderPassEvent) (at ./Library/PackageCache/com.unity.render-pipelines.universal@ba24149c0920/Runtime/ScriptableRenderer.cs:1274)
UnityEngine.Rendering.Universal.UniversalRenderer:OnAfterRendering (UnityEngine.Rendering.RenderGraphModule.RenderGraph) (at ./Library/PackageCache/com.unity.render-pipelines.universal@ba24149c0920/Runtime/UniversalRendererRenderGraph.cs:1436)
UnityEngine.Rendering.Universal.UniversalRenderer:OnRecordRenderGraph (UnityEngine.Rendering.RenderGraphModule.RenderGraph,UnityEngine.Rendering.ScriptableRenderContext) (at ./Library/PackageCache/com.unity.render-pipelines.universal@ba24149c0920/Runtime/UniversalRendererRenderGraph.cs:806)
UnityEngine.Rendering.Universal.ScriptableRenderer:RecordRenderGraph (UnityEngine.Rendering.RenderGraphModule.RenderGraph,UnityEngine.Rendering.ScriptableRenderContext) (at ./Library/PackageCache/com.unity.render-pipelines.universal@ba24149c0920/Runtime/ScriptableRenderer.cs:1203)
UnityEngine.Rendering.Universal.UniversalRenderPipeline:RecordRenderGraph (UnityEngine.Rendering.RenderGraphModule.RenderGraph,UnityEngine.Rendering.ScriptableRenderContext,UnityEngine.Rendering.Universal.ScriptableRenderer) (at ./Library/PackageCache/com.unity.render-pipelines.universal@ba24149c0920/Runtime/UniversalRenderPipelineRenderGraph.cs:10)
UnityEngine.Rendering.Universal.UniversalRenderPipeline:RecordAndExecuteRenderGraph (UnityEngine.Rendering.RenderGraphModule.RenderGraph,UnityEngine.Rendering.ScriptableRenderContext,UnityEngine.Rendering.Universal.ScriptableRenderer,UnityEngine.Rendering.CommandBuffer,UnityEngine.Camera,string) (at ./Library/PackageCache/com.unity.render-pipelines.universal@ba24149c0920/Runtime/UniversalRenderPipelineRenderGraph.cs:24)
UnityEngine.Rendering.Universal.UniversalRenderPipeline:RenderSingleCamera (UnityEngine.Rendering.ScriptableRenderContext,UnityEngine.Rendering.Universal.UniversalCameraData) (at ./Library/PackageCache/com.unity.render-pipelines.universal@ba24149c0920/Runtime/UniversalRenderPipeline.cs:855)
UnityEngine.Rendering.Universal.UniversalRenderPipeline:RenderSingleCameraInternal (UnityEngine.Rendering.ScriptableRenderContext,UnityEngine.Camera,UnityEngine.Rendering.Universal.UniversalAdditionalCameraData&,bool) (at ./Library/PackageCache/com.unity.render-pipelines.universal@ba24149c0920/Runtime/UniversalRenderPipeline.cs:688)
UnityEngine.Rendering.Universal.UniversalRenderPipeline:RenderSingleCameraInternal (UnityEngine.Rendering.ScriptableRenderContext,UnityEngine.Camera,bool) (at ./Library/PackageCache/com.unity.render-pipelines.universal@ba24149c0920/Runtime/UniversalRenderPipeline.cs:663)
UnityEngine.Rendering.Universal.UniversalRenderPipeline:Render (UnityEngine.Rendering.ScriptableRenderContext,System.Collections.Generic.List`1<UnityEngine.Camera>) (at ./Library/PackageCache/com.unity.render-pipelines.universal@ba24149c0920/Runtime/UniversalRenderPipeline.cs:480)
UnityEngine.Rendering.RenderPipeline:InternalRender (UnityEngine.Rendering.ScriptableRenderContext,System.Collections.Generic.List`1<UnityEngine.Camera>)
UnityEngine.Rendering.RenderPipelineManager:DoRenderLoop_Internal (UnityEngine.Rendering.RenderPipelineAsset,intptr,UnityEngine.Object,Unity.Collections.LowLevel.Unsafe.AtomicSafetyHandle)
UnityEngine.Camera:Render ()
UnityEditor.PreviewRenderUtility:Render (bool,bool)
UnityEditor.MaterialEditor:DoRenderPreview (UnityEditor.PreviewRenderUtility,bool)
UnityEditor.MaterialEditor:RenderStaticPreview (string,UnityEngine.Object[],int,int)
UnityEditor.AssetPreviewUpdater:CreatePreview (UnityEngine.Object,UnityEngine.Object[],string,int,int)
UnityEditor.AssetPreviewUpdater:CreatePreviewForAsset (UnityEngine.Object,UnityEngine.Object[],string)

(Filename: ./Library/PackageCache/com.unity.render-pipelines.universal@ba24149c0920/Runtime/Passes/ScriptableRenderPass.cs Line: 724)

The render pass PSX.CRTPass does not have an implementation of the RecordRenderGraph method. Please implement this method, or consider turning on Compatibility Mode (RenderGraph disabled) in the menu Edit > Project Settings > Graphics > URP. Otherwise the render pass will have no effect. For more information, refer to https://docs.unity3d.com/Packages/com.unity.render-pipelines.universal@latest/index.html?subfolder=/manual/customizing-urp.html.
UnityEngine.Debug:ExtractStackTraceNoAlloc (byte*,int,string)
UnityEngine.StackTraceUtility:ExtractStackTrace ()
UnityEngine.DebugLogHandler:Internal_Log (UnityEngine.LogType,UnityEngine.LogOption,string,UnityEngine.Object)
UnityEngine.DebugLogHandler:LogFormat (UnityEngine.LogType,UnityEngine.Object,string,object[])
UnityEngine.Logger:Log (UnityEngine.LogType,object)
UnityEngine.Debug:LogWarning (object)
UnityEngine.Rendering.Universal.ScriptableRenderPass:RecordRenderGraph (UnityEngine.Rendering.RenderGraphModule.RenderGraph,UnityEngine.Rendering.ContextContainer) (at ./Library/PackageCache/com.unity.render-pipelines.universal@ba24149c0920/Runtime/Passes/ScriptableRenderPass.cs:724)
UnityEngine.Rendering.Universal.ScriptableRenderer:RecordCustomRenderGraphPassesInEventRange (UnityEngine.Rendering.RenderGraphModule.RenderGraph,UnityEngine.Rendering.Universal.RenderPassEvent,UnityEngine.Rendering.Universal.RenderPassEvent) (at ./Library/PackageCache/com.unity.render-pipelines.universal@ba24149c0920/Runtime/ScriptableRenderer.cs:1250)
UnityEngine.Rendering.Universal.ScriptableRenderer:RecordCustomRenderGraphPasses (UnityEngine.Rendering.RenderGraphModule.RenderGraph,UnityEngine.Rendering.Universal.RenderPassEvent,UnityEngine.Rendering.Universal.RenderPassEvent) (at ./Library/PackageCache/com.unity.render-pipelines.universal@ba24149c0920/Runtime/ScriptableRenderer.cs:1269)
UnityEngine.Rendering.Universal.ScriptableRenderer:RecordCustomRenderGraphPasses (UnityEngine.Rendering.RenderGraphModule.RenderGraph,UnityEngine.Rendering.Universal.RenderPassEvent) (at ./Library/PackageCache/com.unity.render-pipelines.universal@ba24149c0920/Runtime/ScriptableRenderer.cs:1274)
UnityEngine.Rendering.Universal.UniversalRenderer:OnAfterRendering (UnityEngine.Rendering.RenderGraphModule.RenderGraph) (at ./Library/PackageCache/com.unity.render-pipelines.universal@ba24149c0920/Runtime/UniversalRendererRenderGraph.cs:1436)
UnityEngine.Rendering.Universal.UniversalRenderer:OnRecordRenderGraph (UnityEngine.Rendering.RenderGraphModule.RenderGraph,UnityEngine.Rendering.ScriptableRenderContext) (at ./Library/PackageCache/com.unity.render-pipelines.universal@ba24149c0920/Runtime/UniversalRendererRenderGraph.cs:806)
UnityEngine.Rendering.Universal.ScriptableRenderer:RecordRenderGraph (UnityEngine.Rendering.RenderGraphModule.RenderGraph,UnityEngine.Rendering.ScriptableRenderContext) (at ./Library/PackageCache/com.unity.render-pipelines.universal@ba24149c0920/Runtime/ScriptableRenderer.cs:1203)
UnityEngine.Rendering.Universal.UniversalRenderPipeline:RecordRenderGraph (UnityEngine.Rendering.RenderGraphModule.RenderGraph,UnityEngine.Rendering.ScriptableRenderContext,UnityEngine.Rendering.Universal.ScriptableRenderer) (at ./Library/PackageCache/com.unity.render-pipelines.universal@ba24149c0920/Runtime/UniversalRenderPipelineRenderGraph.cs:10)
UnityEngine.Rendering.Universal.UniversalRenderPipeline:RecordAndExecuteRenderGraph (UnityEngine.Rendering.RenderGraphModule.RenderGraph,UnityEngine.Rendering.ScriptableRenderContext,UnityEngine.Rendering.Universal.ScriptableRenderer,UnityEngine.Rendering.CommandBuffer,UnityEngine.Camera,string) (at ./Library/PackageCache/com.unity.render-pipelines.universal@ba24149c0920/Runtime/UniversalRenderPipelineRenderGraph.cs:24)
UnityEngine.Rendering.Universal.UniversalRenderPipeline:RenderSingleCamera (UnityEngine.Rendering.ScriptableRenderContext,UnityEngine.Rendering.Universal.UniversalCameraData) (at ./Library/PackageCache/com.unity.render-pipelines.universal@ba24149c0920/Runtime/UniversalRenderPipeline.cs:855)
UnityEngine.Rendering.Universal.UniversalRenderPipeline:RenderSingleCameraInternal (UnityEngine.Rendering.ScriptableRenderContext,UnityEngine.Camera,UnityEngine.Rendering.Universal.UniversalAdditionalCameraData&,bool) (at ./Library/PackageCache/com.unity.render-pipelines.universal@ba24149c0920/Runtime/UniversalRenderPipeline.cs:688)
UnityEngine.Rendering.Universal.UniversalRenderPipeline:RenderSingleCameraInternal (UnityEngine.Rendering.ScriptableRenderContext,UnityEngine.Camera,bool) (at ./Library/PackageCache/com.unity.render-pipelines.universal@ba24149c0920/Runtime/UniversalRenderPipeline.cs:663)
UnityEngine.Rendering.Universal.UniversalRenderPipeline:Render (UnityEngine.Rendering.ScriptableRenderContext,System.Collections.Generic.List`1<UnityEngine.Camera>) (at ./Library/PackageCache/com.unity.render-pipelines.universal@ba24149c0920/Runtime/UniversalRenderPipeline.cs:480)
UnityEngine.Rendering.RenderPipeline:InternalRender (UnityEngine.Rendering.ScriptableRenderContext,System.Collections.Generic.List`1<UnityEngine.Camera>)
UnityEngine.Rendering.RenderPipelineManager:DoRenderLoop_Internal (UnityEngine.Rendering.RenderPipelineAsset,intptr,UnityEngine.Object,Unity.Collections.LowLevel.Unsafe.AtomicSafetyHandle)
UnityEngine.Camera:Render ()
UnityEditor.PreviewRenderUtility:Render (bool,bool)
UnityEditor.MaterialEditor:DoRenderPreview (UnityEditor.PreviewRenderUtility,bool)
UnityEditor.MaterialEditor:RenderStaticPreview (string,UnityEngine.Object[],int,int)
UnityEditor.AssetPreviewUpdater:CreatePreview (UnityEngine.Object,UnityEngine.Object[],string,int,int)
UnityEditor.AssetPreviewUpdater:CreatePreviewForAsset (UnityEngine.Object,UnityEngine.Object[],string)

(Filename: ./Library/PackageCache/com.unity.render-pipelines.universal@ba24149c0920/Runtime/Passes/ScriptableRenderPass.cs Line: 724)

 -> (artifact id: '744b5f00eb9e46b1c719fb4b2102d377') in 0.0134588 seconds
Number of updated asset objects reloaded before import = 0Number of asset objects unloaded after import = 4

========================================================================
Received Import Request.
  Time since last request: 0.000059 seconds.
  path: Assets/AddressableAssetsData/AssetGroups/Schemas/Localization-String-Tables-Chinese (Simplified) (zh-Hans)_ContentUpdateGroupSchema.asset
  artifactKey: Guid(2ef653d391946a14d9c006bf5086b46d) Importer(815301076,1909f56bfc062723c751e8b465ee728b)
Start importing Assets/AddressableAssetsData/AssetGroups/Schemas/Localization-String-Tables-Chinese (Simplified) (zh-Hans)_ContentUpdateGroupSchema.asset using Guid(2ef653d391946a14d9c006bf5086b46d) Importer(815301076,1909f56bfc062723c751e8b465ee728b) (PreviewImporter) -> (artifact id: 'ecfb046d58d880d306b432999d990269') in 0.0016911 seconds
Number of updated asset objects reloaded before import = 0Number of asset objects unloaded after import = 1

========================================================================
Received Import Request.
  Time since last request: 0.000031 seconds.
  path: Assets/AddressableAssetsData/AssetGroups/Schemas/Localization-String-Tables-Chinese (Simplified) (zh-Hans)_BundledAssetGroupSchema.asset
  artifactKey: Guid(8cc0ed80efc552f45b2f6d15202b7b7b) Importer(815301076,1909f56bfc062723c751e8b465ee728b)
Start importing Assets/AddressableAssetsData/AssetGroups/Schemas/Localization-String-Tables-Chinese (Simplified) (zh-Hans)_BundledAssetGroupSchema.asset using Guid(8cc0ed80efc552f45b2f6d15202b7b7b) Importer(815301076,1909f56bfc062723c751e8b465ee728b) (PreviewImporter) -> (artifact id: 'aa59ada8b238d3cc0cc921166205421a') in 0.001617 seconds
Number of updated asset objects reloaded before import = 0Number of asset objects unloaded after import = 1

========================================================================
Received Import Request.
  Time since last request: 0.000029 seconds.
  path: Assets/AddressableAssetsData/AssetGroups/Schemas/Localization-Assets-Shared_ContentUpdateGroupSchema.asset
  artifactKey: Guid(de70466f237641f40b0894b66ab5af38) Importer(815301076,1909f56bfc062723c751e8b465ee728b)
Start importing Assets/AddressableAssetsData/AssetGroups/Schemas/Localization-Assets-Shared_ContentUpdateGroupSchema.asset using Guid(de70466f237641f40b0894b66ab5af38) Importer(815301076,1909f56bfc062723c751e8b465ee728b) (PreviewImporter) -> (artifact id: '55f91716634322bc837d61d25655a273') in 0.0012422 seconds
Number of updated asset objects reloaded before import = 0Number of asset objects unloaded after import = 1

========================================================================
Received Import Request.
  Time since last request: 0.000029 seconds.
  path: Assets/AddressableAssetsData/DataBuilders/BuildScriptPackedPlayMode.asset
  artifactKey: Guid(6ffbabd3a61dd614d82556ae4e782160) Importer(815301076,1909f56bfc062723c751e8b465ee728b)
Start importing Assets/AddressableAssetsData/DataBuilders/BuildScriptPackedPlayMode.asset using Guid(6ffbabd3a61dd614d82556ae4e782160) Importer(815301076,1909f56bfc062723c751e8b465ee728b) (PreviewImporter) -> (artifact id: 'b5f63b2fab13036331bd88695819a771') in 0.0012419 seconds
Number of updated asset objects reloaded before import = 0Number of asset objects unloaded after import = 1

========================================================================
Received Prepare
Begin MonoManager ReloadAssembly
- Loaded All Assemblies, in  0.741 seconds
Refreshing native plugins compatible for Editor in 0.91 ms, found 3 plugins.
Native extension for WindowsStandalone target not found
Native extension for OSXStandalone target not found
Native extension for WebGL target not found
[Package Manager] Failed to launch server process. Reason: Unity was launched with the -noUpm command-line argument
[Package Manager] Unable to send message (not connected to server process).
[Package Manager] Cannot connect to Unity Package Manager local server
<HackaTime> Initializing...
UnityEngine.Debug:ExtractStackTraceNoAlloc (byte*,int,string)
UnityEngine.StackTraceUtility:ExtractStackTrace ()
UnityEngine.DebugLogHandler:Internal_Log (UnityEngine.LogType,UnityEngine.LogOption,string,UnityEngine.Object)
UnityEngine.DebugLogHandler:LogFormat (UnityEngine.LogType,UnityEngine.Object,string,object[])
UnityEngine.Logger:Log (UnityEngine.LogType,object)
UnityEngine.Debug:Log (object)
WakaTime.Plugin:Initialize () (at ./Library/PackageCache/com.daniel-geo.unityhackatime@5ac210a9a287/Editor/Plugin.cs:76)
WakaTime.Plugin:.cctor () (at ./Library/PackageCache/com.daniel-geo.unityhackatime@5ac210a9a287/Editor/Plugin.cs:41)
System.Runtime.CompilerServices.RuntimeHelpers:RunClassConstructor (System.RuntimeTypeHandle)
UnityEditor.EditorAssemblies:ProcessInitializeOnLoadAttributes (System.Type[])

(Filename: ./Library/PackageCache/com.daniel-geo.unityhackatime@5ac210a9a287/Editor/Plugin.cs Line: 76)

<HackaTime> Sending heartbeat...
UnityEngine.Debug:ExtractStackTraceNoAlloc (byte*,int,string)
UnityEngine.StackTraceUtility:ExtractStackTrace ()
UnityEngine.DebugLogHandler:Internal_Log (UnityEngine.LogType,UnityEngine.LogOption,string,UnityEngine.Object)
UnityEngine.DebugLogHandler:LogFormat (UnityEngine.LogType,UnityEngine.Object,string,object[])
UnityEngine.Logger:Log (UnityEngine.LogType,object)
UnityEngine.Debug:Log (object)
WakaTime.Plugin/<SendHeartbeat>d__29:MoveNext () (at ./Library/PackageCache/com.daniel-geo.unityhackatime@5ac210a9a287/Editor/Plugin.cs:144)
System.Runtime.CompilerServices.AsyncVoidMethodBuilder:Start<WakaTime.Plugin/<SendHeartbeat>d__29> (WakaTime.Plugin/<SendHeartbeat>d__29&)
WakaTime.Plugin:SendHeartbeat (bool)
WakaTime.Plugin:Initialize () (at ./Library/PackageCache/com.daniel-geo.unityhackatime@5ac210a9a287/Editor/Plugin.cs:78)
WakaTime.Plugin:.cctor () (at ./Library/PackageCache/com.daniel-geo.unityhackatime@5ac210a9a287/Editor/Plugin.cs:41)
System.Runtime.CompilerServices.RuntimeHelpers:RunClassConstructor (System.RuntimeTypeHandle)
UnityEditor.EditorAssemblies:ProcessInitializeOnLoadAttributes (System.Type[])

(Filename: ./Library/PackageCache/com.daniel-geo.unityhackatime@5ac210a9a287/Editor/Plugin.cs Line: 144)

[MODES] ModeService[none].Initialize
[MODES] ModeService[none].LoadModes
Mono: successfully reloaded assembly
- Finished resetting the current domain, in  0.656 seconds
Domain Reload Profiling: 1396ms
	BeginReloadAssembly (233ms)
		ExecutionOrderSort (0ms)
		DisableScriptedObjects (16ms)
		BackupInstance (0ms)
		ReleaseScriptingObjects (0ms)
		CreateAndSetChildDomain (76ms)
	RebuildCommonClasses (32ms)
	RebuildNativeTypeToScriptingClass (11ms)
	initialDomainReloadingComplete (28ms)
	LoadAllAssembliesAndSetupDomain (435ms)
		LoadAssemblies (349ms)
		RebuildTransferFunctionScriptingTraits (0ms)
		AnalyzeDomain (172ms)
			TypeCache.Refresh (10ms)
				TypeCache.ScanAssembly (0ms)
			BuildScriptInfoCaches (148ms)
			ResolveRequiredComponents (10ms)
	FinalizeReload (657ms)
		ReleaseScriptCaches (0ms)
		RebuildScriptCaches (0ms)
		SetupLoadedEditorAssemblies (522ms)
			LogAssemblyErrors (0ms)
			InitializePlatformSupportModulesInManaged (4ms)
			SetLoadedEditorAssemblies (5ms)
			BeforeProcessingInitializeOnLoad (115ms)
			ProcessInitializeOnLoadAttributes (313ms)
			ProcessInitializeOnLoadMethodAttributes (78ms)
			AfterProcessingInitializeOnLoad (6ms)
			EditorAssembliesLoaded (0ms)
		ExecutionOrderSort2 (0ms)
		AwakeInstancesAfterBackupRestoration (15ms)
Refreshing native plugins compatible for Editor in 1.17 ms, found 3 plugins.
Preloading 0 native plugins for Editor in 0.00 ms.
Unloading 15 Unused Serialized files (Serialized files now loaded: 0)
<HackaTime> Got response
{"id":2717154897,"user_id":27195,"branch":"main","category":"coding","dependencies":[],"editor":"unity","entity":"Unsaved Scene","language":"unity","machine":null,"operating_system":null,"project":"Stardance Project","type":"file","user_agent":"unity-hackatime","line_additions":null,"line_deletions":null,"lineno":null,"lines":null,"cursorpos":null,"project_root_count":null,"time":1788913408.0,"is_write":false,"created_at":"2026-09-09T00:24:20.431Z","updated_at":"2026-09-09T00:24:20.431Z","fields_hash":"941ac5475795166140f07fb993726164","source_type":"direct_entry","ip_address":"2601:600:8280:6b00:d816:245f:723b:3f25","deleted_at":null,"ja4_id":22,"ai_model":null,"ai_session":null,"ai_subscription_plan":null,"ai_input_tokens":null,"ai_output_tokens":null,"ai_prompt_length":null,"ai_line_changes":null,"human_line_changes":null}
UnityEngine.Debug:ExtractStackTraceNoAlloc (byte*,int,string)
UnityEngine.StackTraceUtility:ExtractStackTrace ()
UnityEngine.DebugLogHandler:Internal_Log (UnityEngine.LogType,UnityEngine.LogOption,string,UnityEngine.Object)
UnityEngine.DebugLogHandler:LogFormat (UnityEngine.LogType,UnityEngine.Object,string,object[])
UnityEngine.Logger:Log (UnityEngine.LogType,object)
UnityEngine.Debug:Log (object)
WakaTime.Plugin/<SendHeartbeat>d__29:MoveNext () (at ./Library/PackageCache/com.daniel-geo.unityhackatime@5ac210a9a287/Editor/Plugin.cs:187)
System.Runtime.CompilerServices.AsyncMethodBuilderCore/MoveNextRunner:InvokeMoveNext (object)
System.Threading.ExecutionContext:RunInternal (System.Threading.ExecutionContext,System.Threading.ContextCallback,object,bool)
System.Threading.ExecutionContext:Run (System.Threading.ExecutionContext,System.Threading.ContextCallback,object,bool)
System.Runtime.CompilerServices.AsyncMethodBuilderCore/MoveNextRunner:Run ()
System.Threading.Tasks.AwaitTaskContinuation:InvokeAction (object)
System.Threading.Tasks.AwaitTaskContinuation:RunCallback (System.Threading.ContextCallback,object,System.Threading.Tasks.Task&)
System.Threading.Tasks.SynchronizationContextAwaitTaskContinuation:Run (System.Threading.Tasks.Task,bool)
System.Threading.Tasks.Task:FinishContinuations ()
System.Threading.Tasks.Task:FinishStageThree ()
System.Threading.Tasks.Task`1<bool>:TrySetResult (bool)
System.Threading.Tasks.TaskCompletionSource`1<bool>:TrySetResult (bool)
WakaTime.Plugin/<>c__DisplayClass29_0:<SendHeartbeat>b__0 (UnityEngine.AsyncOperation) (at ./Library/PackageCache/com.daniel-geo.unityhackatime@5ac210a9a287/Editor/Plugin.cs:176)
UnityEngine.AsyncOperation:InvokeCompletionEvent ()

(Filename: ./Library/PackageCache/com.daniel-geo.unityhackatime@5ac210a9a287/Editor/Plugin.cs Line: 187)

<HackaTime> Sent heartbeat!
UnityEngine.Debug:ExtractStackTraceNoAlloc (byte*,int,string)
UnityEngine.StackTraceUtility:ExtractStackTrace ()
UnityEngine.DebugLogHandler:Internal_Log (UnityEngine.LogType,UnityEngine.LogOption,string,UnityEngine.Object)
UnityEngine.DebugLogHandler:LogFormat (UnityEngine.LogType,UnityEngine.Object,string,object[])
UnityEngine.Logger:Log (UnityEngine.LogType,object)
UnityEngine.Debug:Log (object)
WakaTime.Plugin/<SendHeartbeat>d__29:MoveNext () (at ./Library/PackageCache/com.daniel-geo.unityhackatime@5ac210a9a287/Editor/Plugin.cs:203)
System.Runtime.CompilerServices.AsyncMethodBuilderCore/MoveNextRunner:InvokeMoveNext (object)
System.Threading.ExecutionContext:RunInternal (System.Threading.ExecutionContext,System.Threading.ContextCallback,object,bool)
System.Threading.ExecutionContext:Run (System.Threading.ExecutionContext,System.Threading.ContextCallback,object,bool)
System.Runtime.CompilerServices.AsyncMethodBuilderCore/MoveNextRunner:Run ()
System.Threading.Tasks.AwaitTaskContinuation:InvokeAction (object)
System.Threading.Tasks.AwaitTaskContinuation:RunCallback (System.Threading.ContextCallback,object,System.Threading.Tasks.Task&)
System.Threading.Tasks.SynchronizationContextAwaitTaskContinuation:Run (System.Threading.Tasks.Task,bool)
System.Threading.Tasks.Task:FinishContinuations ()
System.Threading.Tasks.Task:FinishStageThree ()
System.Threading.Tasks.Task`1<bool>:TrySetResult (bool)
System.Threading.Tasks.TaskCompletionSource`1<bool>:TrySetResult (bool)
WakaTime.Plugin/<>c__DisplayClass29_0:<SendHeartbeat>b__0 (UnityEngine.AsyncOperation) (at ./Library/PackageCache/com.daniel-geo.unityhackatime@5ac210a9a287/Editor/Plugin.cs:176)
UnityEngine.AsyncOperation:InvokeCompletionEvent ()

(Filename: ./Library/PackageCache/com.daniel-geo.unityhackatime@5ac210a9a287/Editor/Plugin.cs Line: 203)

Unloading 6475 unused Assets / (4.5 MB). Loaded Objects now: 7318.
Memory consumption went from 156.1 MB to 151.6 MB.
Total: 11.801300 ms (FindLiveObjects: 1.257700 ms CreateObjectMapping: 1.150600 ms MarkObjects: 5.853500 ms  DeleteObjects: 3.537900 ms)

Prepare: number of updated asset objects reloaded= 0
========================================================================
Received Import Request.
  Time since last request: 231.803285 seconds.
  path: Assets/Scenes/Psx_Unlit/ReflectionProbe-0.exr
  artifactKey: Guid(ad21f2178b54ad543ac39a3b4806f311) Importer(815301076,1909f56bfc062723c751e8b465ee728b)
Start importing Assets/Scenes/Psx_Unlit/ReflectionProbe-0.exr using Guid(ad21f2178b54ad543ac39a3b4806f311) Importer(815301076,1909f56bfc062723c751e8b465ee728b) (PreviewImporter)The render pass PSX.FogPass does not have an implementation of the RecordRenderGraph method. Please implement this method, or consider turning on Compatibility Mode (RenderGraph disabled) in the menu Edit > Project Settings > Graphics > URP. Otherwise the render pass will have no effect. For more information, refer to https://docs.unity3d.com/Packages/com.unity.render-pipelines.universal@latest/index.html?subfolder=/manual/customizing-urp.html.
UnityEngine.Debug:ExtractStackTraceNoAlloc (byte*,int,string)
UnityEngine.StackTraceUtility:ExtractStackTrace ()
UnityEngine.DebugLogHandler:Internal_Log (UnityEngine.LogType,UnityEngine.LogOption,string,UnityEngine.Object)
UnityEngine.DebugLogHandler:LogFormat (UnityEngine.LogType,UnityEngine.Object,string,object[])
UnityEngine.Logger:Log (UnityEngine.LogType,object)
UnityEngine.Debug:LogWarning (object)
UnityEngine.Rendering.Universal.ScriptableRenderPass:RecordRenderGraph (UnityEngine.Rendering.RenderGraphModule.RenderGraph,UnityEngine.Rendering.ContextContainer) (at ./Library/PackageCache/com.unity.render-pipelines.universal@ba24149c0920/Runtime/Passes/ScriptableRenderPass.cs:724)
UnityEngine.Rendering.Universal.ScriptableRenderer:RecordCustomRenderGraphPassesInEventRange (UnityEngine.Rendering.RenderGraphModule.RenderGraph,UnityEngine.Rendering.Universal.RenderPassEvent,UnityEngine.Rendering.Universal.RenderPassEvent) (at ./Library/PackageCache/com.unity.render-pipelines.universal@ba24149c0920/Runtime/ScriptableRenderer.cs:1250)
UnityEngine.Rendering.Universal.ScriptableRenderer:RecordCustomRenderGraphPasses (UnityEngine.Rendering.RenderGraphModule.RenderGraph,UnityEngine.Rendering.Universal.RenderPassEvent,UnityEngine.Rendering.Universal.RenderPassEvent) (at ./Library/PackageCache/com.unity.render-pipelines.universal@ba24149c0920/Runtime/ScriptableRenderer.cs:1269)
UnityEngine.Rendering.Universal.ScriptableRenderer:RecordCustomRenderGraphPasses (UnityEngine.Rendering.RenderGraphModule.RenderGraph,UnityEngine.Rendering.Universal.RenderPassEvent) (at ./Library/PackageCache/com.unity.render-pipelines.universal@ba24149c0920/Runtime/ScriptableRenderer.cs:1274)
UnityEngine.Rendering.Universal.UniversalRenderer:OnAfterRendering (UnityEngine.Rendering.RenderGraphModule.RenderGraph) (at ./Library/PackageCache/com.unity.render-pipelines.universal@ba24149c0920/Runtime/UniversalRendererRenderGraph.cs:1436)
UnityEngine.Rendering.Universal.UniversalRenderer:OnRecordRenderGraph (UnityEngine.Rendering.RenderGraphModule.RenderGraph,UnityEngine.Rendering.ScriptableRenderContext) (at ./Library/PackageCache/com.unity.render-pipelines.universal@ba24149c0920/Runtime/UniversalRendererRenderGraph.cs:806)
UnityEngine.Rendering.Universal.ScriptableRenderer:RecordRenderGraph (UnityEngine.Rendering.RenderGraphModule.RenderGraph,UnityEngine.Rendering.ScriptableRenderContext) (at ./Library/PackageCache/com.unity.render-pipelines.universal@ba24149c0920/Runtime/ScriptableRenderer.cs:1203)
UnityEngine.Rendering.Universal.UniversalRenderPipeline:RecordRenderGraph (UnityEngine.Rendering.RenderGraphModule.RenderGraph,UnityEngine.Rendering.ScriptableRenderContext,UnityEngine.Rendering.Universal.ScriptableRenderer) (at ./Library/PackageCache/com.unity.render-pipelines.universal@ba24149c0920/Runtime/UniversalRenderPipelineRenderGraph.cs:10)
UnityEngine.Rendering.Universal.UniversalRenderPipeline:RecordAndExecuteRenderGraph (UnityEngine.Rendering.RenderGraphModule.RenderGraph,UnityEngine.Rendering.ScriptableRenderContext,UnityEngine.Rendering.Universal.ScriptableRenderer,UnityEngine.Rendering.CommandBuffer,UnityEngine.Camera,string) (at ./Library/PackageCache/com.unity.render-pipelines.universal@ba24149c0920/Runtime/UniversalRenderPipelineRenderGraph.cs:24)
UnityEngine.Rendering.Universal.UniversalRenderPipeline:RenderSingleCamera (UnityEngine.Rendering.ScriptableRenderContext,UnityEngine.Rendering.Universal.UniversalCameraData) (at ./Library/PackageCache/com.unity.render-pipelines.universal@ba24149c0920/Runtime/UniversalRenderPipeline.cs:855)
UnityEngine.Rendering.Universal.UniversalRenderPipeline:RenderSingleCameraInternal (UnityEngine.Rendering.ScriptableRenderContext,UnityEngine.Camera,UnityEngine.Rendering.Universal.UniversalAdditionalCameraData&,bool) (at ./Library/PackageCache/com.unity.render-pipelines.universal@ba24149c0920/Runtime/UniversalRenderPipeline.cs:688)
UnityEngine.Rendering.Universal.UniversalRenderPipeline:RenderSingleCameraInternal (UnityEngine.Rendering.ScriptableRenderContext,UnityEngine.Camera,bool) (at ./Library/PackageCache/com.unity.render-pipelines.universal@ba24149c0920/Runtime/UniversalRenderPipeline.cs:663)
UnityEngine.Rendering.Universal.UniversalRenderPipeline:Render (UnityEngine.Rendering.ScriptableRenderContext,System.Collections.Generic.List`1<UnityEngine.Camera>) (at ./Library/PackageCache/com.unity.render-pipelines.universal@ba24149c0920/Runtime/UniversalRenderPipeline.cs:480)
UnityEngine.Rendering.RenderPipeline:InternalRender (UnityEngine.Rendering.ScriptableRenderContext,System.Collections.Generic.List`1<UnityEngine.Camera>)
UnityEngine.Rendering.RenderPipelineManager:DoRenderLoop_Internal (UnityEngine.Rendering.RenderPipelineAsset,intptr,UnityEngine.Object,Unity.Collections.LowLevel.Unsafe.AtomicSafetyHandle)
UnityEngine.Camera:Render ()
UnityEditor.PreviewRenderUtility:Render (bool,bool)
UnityEditor.CubemapPreview:RenderCubemap (UnityEngine.Texture,UnityEngine.Vector2,single,single)
UnityEditor.CubemapPreview:RenderStaticPreview (UnityEngine.Texture,int,int,single)
UnityEditor.TextureInspector:RenderStaticPreview (string,UnityEngine.Object[],int,int)
UnityEditor.AssetPreviewUpdater:CreatePreview (UnityEngine.Object,UnityEngine.Object[],string,int,int)
UnityEditor.AssetPreviewUpdater:CreatePreviewForAsset (UnityEngine.Object,UnityEngine.Object[],string)

(Filename: ./Library/PackageCache/com.unity.render-pipelines.universal@ba24149c0920/Runtime/Passes/ScriptableRenderPass.cs Line: 724)

The render pass PSX.PixelationPass does not have an implementation of the RecordRenderGraph method. Please implement this method, or consider turning on Compatibility Mode (RenderGraph disabled) in the menu Edit > Project Settings > Graphics > URP. Otherwise the render pass will have no effect. For more information, refer to https://docs.unity3d.com/Packages/com.unity.render-pipelines.universal@latest/index.html?subfolder=/manual/customizing-urp.html.
UnityEngine.Debug:ExtractStackTraceNoAlloc (byte*,int,string)
UnityEngine.StackTraceUtility:ExtractStackTrace ()
UnityEngine.DebugLogHandler:Internal_Log (UnityEngine.LogType,UnityEngine.LogOption,string,UnityEngine.Object)
UnityEngine.DebugLogHandler:LogFormat (UnityEngine.LogType,UnityEngine.Object,string,object[])
UnityEngine.Logger:Log (UnityEngine.LogType,object)
UnityEngine.Debug:LogWarning (object)
UnityEngine.Rendering.Universal.ScriptableRenderPass:RecordRenderGraph (UnityEngine.Rendering.RenderGraphModule.RenderGraph,UnityEngine.Rendering.ContextContainer) (at ./Library/PackageCache/com.unity.render-pipelines.universal@ba24149c0920/Runtime/Passes/ScriptableRenderPass.cs:724)
UnityEngine.Rendering.Universal.ScriptableRenderer:RecordCustomRenderGraphPassesInEventRange (UnityEngine.Rendering.RenderGraphModule.RenderGraph,UnityEngine.Rendering.Universal.RenderPassEvent,UnityEngine.Rendering.Universal.RenderPassEvent) (at ./Library/PackageCache/com.unity.render-pipelines.universal@ba24149c0920/Runtime/ScriptableRenderer.cs:1250)
UnityEngine.Rendering.Universal.ScriptableRenderer:RecordCustomRenderGraphPasses (UnityEngine.Rendering.RenderGraphModule.RenderGraph,UnityEngine.Rendering.Universal.RenderPassEvent,UnityEngine.Rendering.Universal.RenderPassEvent) (at ./Library/PackageCache/com.unity.render-pipelines.universal@ba24149c0920/Runtime/ScriptableRenderer.cs:1269)
UnityEngine.Rendering.Universal.ScriptableRenderer:RecordCustomRenderGraphPasses (UnityEngine.Rendering.RenderGraphModule.RenderGraph,UnityEngine.Rendering.Universal.RenderPassEvent) (at ./Library/PackageCache/com.unity.render-pipelines.universal@ba24149c0920/Runtime/ScriptableRenderer.cs:1274)
UnityEngine.Rendering.Universal.UniversalRenderer:OnAfterRendering (UnityEngine.Rendering.RenderGraphModule.RenderGraph) (at ./Library/PackageCache/com.unity.render-pipelines.universal@ba24149c0920/Runtime/UniversalRendererRenderGraph.cs:1436)
UnityEngine.Rendering.Universal.UniversalRenderer:OnRecordRenderGraph (UnityEngine.Rendering.RenderGraphModule.RenderGraph,UnityEngine.Rendering.ScriptableRenderContext) (at ./Library/PackageCache/com.unity.render-pipelines.universal@ba24149c0920/Runtime/UniversalRendererRenderGraph.cs:806)
UnityEngine.Rendering.Universal.ScriptableRenderer:RecordRenderGraph (UnityEngine.Rendering.RenderGraphModule.RenderGraph,UnityEngine.Rendering.ScriptableRenderContext) (at ./Library/PackageCache/com.unity.render-pipelines.universal@ba24149c0920/Runtime/ScriptableRenderer.cs:1203)
UnityEngine.Rendering.Universal.UniversalRenderPipeline:RecordRenderGraph (UnityEngine.Rendering.RenderGraphModule.RenderGraph,UnityEngine.Rendering.ScriptableRenderContext,UnityEngine.Rendering.Universal.ScriptableRenderer) (at ./Library/PackageCache/com.unity.render-pipelines.universal@ba24149c0920/Runtime/UniversalRenderPipelineRenderGraph.cs:10)
UnityEngine.Rendering.Universal.UniversalRenderPipeline:RecordAndExecuteRenderGraph (UnityEngine.Rendering.RenderGraphModule.RenderGraph,UnityEngine.Rendering.ScriptableRenderContext,UnityEngine.Rendering.Universal.ScriptableRenderer,UnityEngine.Rendering.CommandBuffer,UnityEngine.Camera,string) (at ./Library/PackageCache/com.unity.render-pipelines.universal@ba24149c0920/Runtime/UniversalRenderPipelineRenderGraph.cs:24)
UnityEngine.Rendering.Universal.UniversalRenderPipeline:RenderSingleCamera (UnityEngine.Rendering.ScriptableRenderContext,UnityEngine.Rendering.Universal.UniversalCameraData) (at ./Library/PackageCache/com.unity.render-pipelines.universal@ba24149c0920/Runtime/UniversalRenderPipeline.cs:855)
UnityEngine.Rendering.Universal.UniversalRenderPipeline:RenderSingleCameraInternal (UnityEngine.Rendering.ScriptableRenderContext,UnityEngine.Camera,UnityEngine.Rendering.Universal.UniversalAdditionalCameraData&,bool) (at ./Library/PackageCache/com.unity.render-pipelines.universal@ba24149c0920/Runtime/UniversalRenderPipeline.cs:688)
UnityEngine.Rendering.Universal.UniversalRenderPipeline:RenderSingleCameraInternal (UnityEngine.Rendering.ScriptableRenderContext,UnityEngine.Camera,bool) (at ./Library/PackageCache/com.unity.render-pipelines.universal@ba24149c0920/Runtime/UniversalRenderPipeline.cs:663)
UnityEngine.Rendering.Universal.UniversalRenderPipeline:Render (UnityEngine.Rendering.ScriptableRenderContext,System.Collections.Generic.List`1<UnityEngine.Camera>) (at ./Library/PackageCache/com.unity.render-pipelines.universal@ba24149c0920/Runtime/UniversalRenderPipeline.cs:480)
UnityEngine.Rendering.RenderPipeline:InternalRender (UnityEngine.Rendering.ScriptableRenderContext,System.Collections.Generic.List`1<UnityEngine.Camera>)
UnityEngine.Rendering.RenderPipelineManager:DoRenderLoop_Internal (UnityEngine.Rendering.RenderPipelineAsset,intptr,UnityEngine.Object,Unity.Collections.LowLevel.Unsafe.AtomicSafetyHandle)
UnityEngine.Camera:Render ()
UnityEditor.PreviewRenderUtility:Render (bool,bool)
UnityEditor.CubemapPreview:RenderCubemap (UnityEngine.Texture,UnityEngine.Vector2,single,single)
UnityEditor.CubemapPreview:RenderStaticPreview (UnityEngine.Texture,int,int,single)
UnityEditor.TextureInspector:RenderStaticPreview (string,UnityEngine.Object[],int,int)
UnityEditor.AssetPreviewUpdater:CreatePreview (UnityEngine.Object,UnityEngine.Object[],string,int,int)
UnityEditor.AssetPreviewUpdater:CreatePreviewForAsset (UnityEngine.Object,UnityEngine.Object[],string)

(Filename: ./Library/PackageCache/com.unity.render-pipelines.universal@ba24149c0920/Runtime/Passes/ScriptableRenderPass.cs Line: 724)

The render pass PSX.DitheringPass does not have an implementation of the RecordRenderGraph method. Please implement this method, or consider turning on Compatibility Mode (RenderGraph disabled) in the menu Edit > Project Settings > Graphics > URP. Otherwise the render pass will have no effect. For more information, refer to https://docs.unity3d.com/Packages/com.unity.render-pipelines.universal@latest/index.html?subfolder=/manual/customizing-urp.html.
UnityEngine.Debug:ExtractStackTraceNoAlloc (byte*,int,string)
UnityEngine.StackTraceUtility:ExtractStackTrace ()
UnityEngine.DebugLogHandler:Internal_Log (UnityEngine.LogType,UnityEngine.LogOption,string,UnityEngine.Object)
UnityEngine.DebugLogHandler:LogFormat (UnityEngine.LogType,UnityEngine.Object,string,object[])
UnityEngine.Logger:Log (UnityEngine.LogType,object)
UnityEngine.Debug:LogWarning (object)
UnityEngine.Rendering.Universal.ScriptableRenderPass:RecordRenderGraph (UnityEngine.Rendering.RenderGraphModule.RenderGraph,UnityEngine.Rendering.ContextContainer) (at ./Library/PackageCache/com.unity.render-pipelines.universal@ba24149c0920/Runtime/Passes/ScriptableRenderPass.cs:724)
UnityEngine.Rendering.Universal.ScriptableRenderer:RecordCustomRenderGraphPassesInEventRange (UnityEngine.Rendering.RenderGraphModule.RenderGraph,UnityEngine.Rendering.Universal.RenderPassEvent,UnityEngine.Rendering.Universal.RenderPassEvent) (at ./Library/PackageCache/com.unity.render-pipelines.universal@ba24149c0920/Runtime/ScriptableRenderer.cs:1250)
UnityEngine.Rendering.Universal.ScriptableRenderer:RecordCustomRenderGraphPasses (UnityEngine.Rendering.RenderGraphModule.RenderGraph,UnityEngine.Rendering.Universal.RenderPassEvent,UnityEngine.Rendering.Universal.RenderPassEvent) (at ./Library/PackageCache/com.unity.render-pipelines.universal@ba24149c0920/Runtime/ScriptableRenderer.cs:1269)
UnityEngine.Rendering.Universal.ScriptableRenderer:RecordCustomRenderGraphPasses (UnityEngine.Rendering.RenderGraphModule.RenderGraph,UnityEngine.Rendering.Universal.RenderPassEvent) (at ./Library/PackageCache/com.unity.render-pipelines.universal@ba24149c0920/Runtime/ScriptableRenderer.cs:1274)
UnityEngine.Rendering.Universal.UniversalRenderer:OnAfterRendering (UnityEngine.Rendering.RenderGraphModule.RenderGraph) (at ./Library/PackageCache/com.unity.render-pipelines.universal@ba24149c0920/Runtime/UniversalRendererRenderGraph.cs:1436)
UnityEngine.Rendering.Universal.UniversalRenderer:OnRecordRenderGraph (UnityEngine.Rendering.RenderGraphModule.RenderGraph,UnityEngine.Rendering.ScriptableRenderContext) (at ./Library/PackageCache/com.unity.render-pipelines.universal@ba24149c0920/Runtime/UniversalRendererRenderGraph.cs:806)
UnityEngine.Rendering.Universal.ScriptableRenderer:RecordRenderGraph (UnityEngine.Rendering.RenderGraphModule.RenderGraph,UnityEngine.Rendering.ScriptableRenderContext) (at ./Library/PackageCache/com.unity.render-pipelines.universal@ba24149c0920/Runtime/ScriptableRenderer.cs:1203)
UnityEngine.Rendering.Universal.UniversalRenderPipeline:RecordRenderGraph (UnityEngine.Rendering.RenderGraphModule.RenderGraph,UnityEngine.Rendering.ScriptableRenderContext,UnityEngine.Rendering.Universal.ScriptableRenderer) (at ./Library/PackageCache/com.unity.render-pipelines.universal@ba24149c0920/Runtime/UniversalRenderPipelineRenderGraph.cs:10)
UnityEngine.Rendering.Universal.UniversalRenderPipeline:RecordAndExecuteRenderGraph (UnityEngine.Rendering.RenderGraphModule.RenderGraph,UnityEngine.Rendering.ScriptableRenderContext,UnityEngine.Rendering.Universal.ScriptableRenderer,UnityEngine.Rendering.CommandBuffer,UnityEngine.Camera,string) (at ./Library/PackageCache/com.unity.render-pipelines.universal@ba24149c0920/Runtime/UniversalRenderPipelineRenderGraph.cs:24)
UnityEngine.Rendering.Universal.UniversalRenderPipeline:RenderSingleCamera (UnityEngine.Rendering.ScriptableRenderContext,UnityEngine.Rendering.Universal.UniversalCameraData) (at ./Library/PackageCache/com.unity.render-pipelines.universal@ba24149c0920/Runtime/UniversalRenderPipeline.cs:855)
UnityEngine.Rendering.Universal.UniversalRenderPipeline:RenderSingleCameraInternal (UnityEngine.Rendering.ScriptableRenderContext,UnityEngine.Camera,UnityEngine.Rendering.Universal.UniversalAdditionalCameraData&,bool) (at ./Library/PackageCache/com.unity.render-pipelines.universal@ba24149c0920/Runtime/UniversalRenderPipeline.cs:688)
UnityEngine.Rendering.Universal.UniversalRenderPipeline:RenderSingleCameraInternal (UnityEngine.Rendering.ScriptableRenderContext,UnityEngine.Camera,bool) (at ./Library/PackageCache/com.unity.render-pipelines.universal@ba24149c0920/Runtime/UniversalRenderPipeline.cs:663)
UnityEngine.Rendering.Universal.UniversalRenderPipeline:Render (UnityEngine.Rendering.ScriptableRenderContext,System.Collections.Generic.List`1<UnityEngine.Camera>) (at ./Library/PackageCache/com.unity.render-pipelines.universal@ba24149c0920/Runtime/UniversalRenderPipeline.cs:480)
UnityEngine.Rendering.RenderPipeline:InternalRender (UnityEngine.Rendering.ScriptableRenderContext,System.Collections.Generic.List`1<UnityEngine.Camera>)
UnityEngine.Rendering.RenderPipelineManager:DoRenderLoop_Internal (UnityEngine.Rendering.RenderPipelineAsset,intptr,UnityEngine.Object,Unity.Collections.LowLevel.Unsafe.AtomicSafetyHandle)
UnityEngine.Camera:Render ()
UnityEditor.PreviewRenderUtility:Render (bool,bool)
UnityEditor.CubemapPreview:RenderCubemap (UnityEngine.Texture,UnityEngine.Vector2,single,single)
UnityEditor.CubemapPreview:RenderStaticPreview (UnityEngine.Texture,int,int,single)
UnityEditor.TextureInspector:RenderStaticPreview (string,UnityEngine.Object[],int,int)
UnityEditor.AssetPreviewUpdater:CreatePreview (UnityEngine.Object,UnityEngine.Object[],string,int,int)
UnityEditor.AssetPreviewUpdater:CreatePreviewForAsset (UnityEngine.Object,UnityEngine.Object[],string)

(Filename: ./Library/PackageCache/com.unity.render-pipelines.universal@ba24149c0920/Runtime/Passes/ScriptableRenderPass.cs Line: 724)

The render pass PSX.CRTPass does not have an implementation of the RecordRenderGraph method. Please implement this method, or consider turning on Compatibility Mode (RenderGraph disabled) in the menu Edit > Project Settings > Graphics > URP. Otherwise the render pass will have no effect. For more information, refer to https://docs.unity3d.com/Packages/com.unity.render-pipelines.universal@latest/index.html?subfolder=/manual/customizing-urp.html.
UnityEngine.Debug:ExtractStackTraceNoAlloc (byte*,int,string)
UnityEngine.StackTraceUtility:ExtractStackTrace ()
UnityEngine.DebugLogHandler:Internal_Log (UnityEngine.LogType,UnityEngine.LogOption,string,UnityEngine.Object)
UnityEngine.DebugLogHandler:LogFormat (UnityEngine.LogType,UnityEngine.Object,string,object[])
UnityEngine.Logger:Log (UnityEngine.LogType,object)
UnityEngine.Debug:LogWarning (object)
UnityEngine.Rendering.Universal.ScriptableRenderPass:RecordRenderGraph (UnityEngine.Rendering.RenderGraphModule.RenderGraph,UnityEngine.Rendering.ContextContainer) (at ./Library/PackageCache/com.unity.render-pipelines.universal@ba24149c0920/Runtime/Passes/ScriptableRenderPass.cs:724)
UnityEngine.Rendering.Universal.ScriptableRenderer:RecordCustomRenderGraphPassesInEventRange (UnityEngine.Rendering.RenderGraphModule.RenderGraph,UnityEngine.Rendering.Universal.RenderPassEvent,UnityEngine.Rendering.Universal.RenderPassEvent) (at ./Library/PackageCache/com.unity.render-pipelines.universal@ba24149c0920/Runtime/ScriptableRenderer.cs:1250)
UnityEngine.Rendering.Universal.ScriptableRenderer:RecordCustomRenderGraphPasses (UnityEngine.Rendering.RenderGraphModule.RenderGraph,UnityEngine.Rendering.Universal.RenderPassEvent,UnityEngine.Rendering.Universal.RenderPassEvent) (at ./Library/PackageCache/com.unity.render-pipelines.universal@ba24149c0920/Runtime/ScriptableRenderer.cs:1269)
UnityEngine.Rendering.Universal.ScriptableRenderer:RecordCustomRenderGraphPasses (UnityEngine.Rendering.RenderGraphModule.RenderGraph,UnityEngine.Rendering.Universal.RenderPassEvent) (at ./Library/PackageCache/com.unity.render-pipelines.universal@ba24149c0920/Runtime/ScriptableRenderer.cs:1274)
UnityEngine.Rendering.Universal.UniversalRenderer:OnAfterRendering (UnityEngine.Rendering.RenderGraphModule.RenderGraph) (at ./Library/PackageCache/com.unity.render-pipelines.universal@ba24149c0920/Runtime/UniversalRendererRenderGraph.cs:1436)
UnityEngine.Rendering.Universal.UniversalRenderer:OnRecordRenderGraph (UnityEngine.Rendering.RenderGraphModule.RenderGraph,UnityEngine.Rendering.ScriptableRenderContext) (at ./Library/PackageCache/com.unity.render-pipelines.universal@ba24149c0920/Runtime/UniversalRendererRenderGraph.cs:806)
UnityEngine.Rendering.Universal.ScriptableRenderer:RecordRenderGraph (UnityEngine.Rendering.RenderGraphModule.RenderGraph,UnityEngine.Rendering.ScriptableRenderContext) (at ./Library/PackageCache/com.unity.render-pipelines.universal@ba24149c0920/Runtime/ScriptableRenderer.cs:1203)
UnityEngine.Rendering.Universal.UniversalRenderPipeline:RecordRenderGraph (UnityEngine.Rendering.RenderGraphModule.RenderGraph,UnityEngine.Rendering.ScriptableRenderContext,UnityEngine.Rendering.Universal.ScriptableRenderer) (at ./Library/PackageCache/com.unity.render-pipelines.universal@ba24149c0920/Runtime/UniversalRenderPipelineRenderGraph.cs:10)
UnityEngine.Rendering.Universal.UniversalRenderPipeline:RecordAndExecuteRenderGraph (UnityEngine.Rendering.RenderGraphModule.RenderGraph,UnityEngine.Rendering.ScriptableRenderContext,UnityEngine.Rendering.Universal.ScriptableRenderer,UnityEngine.Rendering.CommandBuffer,UnityEngine.Camera,string) (at ./Library/PackageCache/com.unity.render-pipelines.universal@ba24149c0920/Runtime/UniversalRenderPipelineRenderGraph.cs:24)
UnityEngine.Rendering.Universal.UniversalRenderPipeline:RenderSingleCamera (UnityEngine.Rendering.ScriptableRenderContext,UnityEngine.Rendering.Universal.UniversalCameraData) (at ./Library/PackageCache/com.unity.render-pipelines.universal@ba24149c0920/Runtime/UniversalRenderPipeline.cs:855)
UnityEngine.Rendering.Universal.UniversalRenderPipeline:RenderSingleCameraInternal (UnityEngine.Rendering.ScriptableRenderContext,UnityEngine.Camera,UnityEngine.Rendering.Universal.UniversalAdditionalCameraData&,bool) (at ./Library/PackageCache/com.unity.render-pipelines.universal@ba24149c0920/Runtime/UniversalRenderPipeline.cs:688)
UnityEngine.Rendering.Universal.UniversalRenderPipeline:RenderSingleCameraInternal (UnityEngine.Rendering.ScriptableRenderContext,UnityEngine.Camera,bool) (at ./Library/PackageCache/com.unity.render-pipelines.universal@ba24149c0920/Runtime/UniversalRenderPipeline.cs:663)
UnityEngine.Rendering.Universal.UniversalRenderPipeline:Render (UnityEngine.Rendering.ScriptableRenderContext,System.Collections.Generic.List`1<UnityEngine.Camera>) (at ./Library/PackageCache/com.unity.render-pipelines.universal@ba24149c0920/Runtime/UniversalRenderPipeline.cs:480)
UnityEngine.Rendering.RenderPipeline:InternalRender (UnityEngine.Rendering.ScriptableRenderContext,System.Collections.Generic.List`1<UnityEngine.Camera>)
UnityEngine.Rendering.RenderPipelineManager:DoRenderLoop_Internal (UnityEngine.Rendering.RenderPipelineAsset,intptr,UnityEngine.Object,Unity.Collections.LowLevel.Unsafe.AtomicSafetyHandle)
UnityEngine.Camera:Render ()
UnityEditor.PreviewRenderUtility:Render (bool,bool)
UnityEditor.CubemapPreview:RenderCubemap (UnityEngine.Texture,UnityEngine.Vector2,single,single)
UnityEditor.CubemapPreview:RenderStaticPreview (UnityEngine.Texture,int,int,single)
UnityEditor.TextureInspector:RenderStaticPreview (string,UnityEngine.Object[],int,int)
UnityEditor.AssetPreviewUpdater:CreatePreview (UnityEngine.Object,UnityEngine.Object[],string,int,int)
UnityEditor.AssetPreviewUpdater:CreatePreviewForAsset (UnityEngine.Object,UnityEngine.Object[],string)

(Filename: ./Library/PackageCache/com.unity.render-pipelines.universal@ba24149c0920/Runtime/Passes/ScriptableRenderPass.cs Line: 724)

 -> (artifact id: '79c0538b943ebd366e10b9be118b5b89') in 0.367837 seconds
Number of updated asset objects reloaded before import = 0Number of asset objects unloaded after import = 1

========================================================================
Received Import Request.
  Time since last request: 39.612124 seconds.
  path: Assets/Materials/GameFont.fontsettings
  artifactKey: Guid(697998d40989ceb40b1a25f5351de67a) Importer(815301076,1909f56bfc062723c751e8b465ee728b)
Start importing Assets/Materials/GameFont.fontsettings using Guid(697998d40989ceb40b1a25f5351de67a) Importer(815301076,1909f56bfc062723c751e8b465ee728b) (PreviewImporter) -> (artifact id: '46fbca9b7c79a1cc8e8fce55ce04a78e') in 0.0018689 seconds
Number of updated asset objects reloaded before import = 0Number of asset objects unloaded after import = 1

========================================================================
Received Import Request.
  Time since last request: 0.000029 seconds.
  path: Assets/Materials/Psx_PBR_Rock.mat
  artifactKey: Guid(b8cbb17c7c157aa4d9c5f8df6833da42) Importer(815301076,1909f56bfc062723c751e8b465ee728b)
Start importing Assets/Materials/Psx_PBR_Rock.mat using Guid(b8cbb17c7c157aa4d9c5f8df6833da42) Importer(815301076,1909f56bfc062723c751e8b465ee728b) (PreviewImporter)The render pass PSX.FogPass does not have an implementation of the RecordRenderGraph method. Please implement this method, or consider turning on Compatibility Mode (RenderGraph disabled) in the menu Edit > Project Settings > Graphics > URP. Otherwise the render pass will have no effect. For more information, refer to https://docs.unity3d.com/Packages/com.unity.render-pipelines.universal@latest/index.html?subfolder=/manual/customizing-urp.html.
UnityEngine.Debug:ExtractStackTraceNoAlloc (byte*,int,string)
UnityEngine.StackTraceUtility:ExtractStackTrace ()
UnityEngine.DebugLogHandler:Internal_Log (UnityEngine.LogType,UnityEngine.LogOption,string,UnityEngine.Object)
UnityEngine.DebugLogHandler:LogFormat (UnityEngine.LogType,UnityEngine.Object,string,object[])
UnityEngine.Logger:Log (UnityEngine.LogType,object)
UnityEngine.Debug:LogWarning (object)
UnityEngine.Rendering.Universal.ScriptableRenderPass:RecordRenderGraph (UnityEngine.Rendering.RenderGraphModule.RenderGraph,UnityEngine.Rendering.ContextContainer) (at ./Library/PackageCache/com.unity.render-pipelines.universal@ba24149c0920/Runtime/Passes/ScriptableRenderPass.cs:724)
UnityEngine.Rendering.Universal.ScriptableRenderer:RecordCustomRenderGraphPassesInEventRange (UnityEngine.Rendering.RenderGraphModule.RenderGraph,UnityEngine.Rendering.Universal.RenderPassEvent,UnityEngine.Rendering.Universal.RenderPassEvent) (at ./Library/PackageCache/com.unity.render-pipelines.universal@ba24149c0920/Runtime/ScriptableRenderer.cs:1250)
UnityEngine.Rendering.Universal.ScriptableRenderer:RecordCustomRenderGraphPasses (UnityEngine.Rendering.RenderGraphModule.RenderGraph,UnityEngine.Rendering.Universal.RenderPassEvent,UnityEngine.Rendering.Universal.RenderPassEvent) (at ./Library/PackageCache/com.unity.render-pipelines.universal@ba24149c0920/Runtime/ScriptableRenderer.cs:1269)
UnityEngine.Rendering.Universal.ScriptableRenderer:RecordCustomRenderGraphPasses (UnityEngine.Rendering.RenderGraphModule.RenderGraph,UnityEngine.Rendering.Universal.RenderPassEvent) (at ./Library/PackageCache/com.unity.render-pipelines.universal@ba24149c0920/Runtime/ScriptableRenderer.cs:1274)
UnityEngine.Rendering.Universal.UniversalRenderer:OnAfterRendering (UnityEngine.Rendering.RenderGraphModule.RenderGraph) (at ./Library/PackageCache/com.unity.render-pipelines.universal@ba24149c0920/Runtime/UniversalRendererRenderGraph.cs:1436)
UnityEngine.Rendering.Universal.UniversalRenderer:OnRecordRenderGraph (UnityEngine.Rendering.RenderGraphModule.RenderGraph,UnityEngine.Rendering.ScriptableRenderContext) (at ./Library/PackageCache/com.unity.render-pipelines.universal@ba24149c0920/Runtime/UniversalRendererRenderGraph.cs:806)
UnityEngine.Rendering.Universal.ScriptableRenderer:RecordRenderGraph (UnityEngine.Rendering.RenderGraphModule.RenderGraph,UnityEngine.Rendering.ScriptableRenderContext) (at ./Library/PackageCache/com.unity.render-pipelines.universal@ba24149c0920/Runtime/ScriptableRenderer.cs:1203)
UnityEngine.Rendering.Universal.UniversalRenderPipeline:RecordRenderGraph (UnityEngine.Rendering.RenderGraphModule.RenderGraph,UnityEngine.Rendering.ScriptableRenderContext,UnityEngine.Rendering.Universal.ScriptableRenderer) (at ./Library/PackageCache/com.unity.render-pipelines.universal@ba24149c0920/Runtime/UniversalRenderPipelineRenderGraph.cs:10)
UnityEngine.Rendering.Universal.UniversalRenderPipeline:RecordAndExecuteRenderGraph (UnityEngine.Rendering.RenderGraphModule.RenderGraph,UnityEngine.Rendering.ScriptableRenderContext,UnityEngine.Rendering.Universal.ScriptableRenderer,UnityEngine.Rendering.CommandBuffer,UnityEngine.Camera,string) (at ./Library/PackageCache/com.unity.render-pipelines.universal@ba24149c0920/Runtime/UniversalRenderPipelineRenderGraph.cs:24)
UnityEngine.Rendering.Universal.UniversalRenderPipeline:RenderSingleCamera (UnityEngine.Rendering.ScriptableRenderContext,UnityEngine.Rendering.Universal.UniversalCameraData) (at ./Library/PackageCache/com.unity.render-pipelines.universal@ba24149c0920/Runtime/UniversalRenderPipeline.cs:855)
UnityEngine.Rendering.Universal.UniversalRenderPipeline:RenderSingleCameraInternal (UnityEngine.Rendering.ScriptableRenderContext,UnityEngine.Camera,UnityEngine.Rendering.Universal.UniversalAdditionalCameraData&,bool) (at ./Library/PackageCache/com.unity.render-pipelines.universal@ba24149c0920/Runtime/UniversalRenderPipeline.cs:688)
UnityEngine.Rendering.Universal.UniversalRenderPipeline:RenderSingleCameraInternal (UnityEngine.Rendering.ScriptableRenderContext,UnityEngine.Camera,bool) (at ./Library/PackageCache/com.unity.render-pipelines.universal@ba24149c0920/Runtime/UniversalRenderPipeline.cs:663)
UnityEngine.Rendering.Universal.UniversalRenderPipeline:Render (UnityEngine.Rendering.ScriptableRenderContext,System.Collections.Generic.List`1<UnityEngine.Camera>) (at ./Library/PackageCache/com.unity.render-pipelines.universal@ba24149c0920/Runtime/UniversalRenderPipeline.cs:480)
UnityEngine.Rendering.RenderPipeline:InternalRender (UnityEngine.Rendering.ScriptableRenderContext,System.Collections.Generic.List`1<UnityEngine.Camera>)
UnityEngine.Rendering.RenderPipelineManager:DoRenderLoop_Internal (UnityEngine.Rendering.RenderPipelineAsset,intptr,UnityEngine.Object,Unity.Collections.LowLevel.Unsafe.AtomicSafetyHandle)
UnityEngine.Camera:Render ()
UnityEditor.PreviewRenderUtility:Render (bool,bool)
UnityEditor.MaterialEditor:DoRenderPreview (UnityEditor.PreviewRenderUtility,bool)
UnityEditor.MaterialEditor:RenderStaticPreview (string,UnityEngine.Object[],int,int)
UnityEditor.AssetPreviewUpdater:CreatePreview (UnityEngine.Object,UnityEngine.Object[],string,int,int)
UnityEditor.AssetPreviewUpdater:CreatePreviewForAsset (UnityEngine.Object,UnityEngine.Object[],string)

(Filename: ./Library/PackageCache/com.unity.render-pipelines.universal@ba24149c0920/Runtime/Passes/ScriptableRenderPass.cs Line: 724)

The render pass PSX.PixelationPass does not have an implementation of the RecordRenderGraph method. Please implement this method, or consider turning on Compatibility Mode (RenderGraph disabled) in the menu Edit > Project Settings > Graphics > URP. Otherwise the render pass will have no effect. For more information, refer to https://docs.unity3d.com/Packages/com.unity.render-pipelines.universal@latest/index.html?subfolder=/manual/customizing-urp.html.
UnityEngine.Debug:ExtractStackTraceNoAlloc (byte*,int,string)
UnityEngine.StackTraceUtility:ExtractStackTrace ()
UnityEngine.DebugLogHandler:Internal_Log (UnityEngine.LogType,UnityEngine.LogOption,string,UnityEngine.Object)
UnityEngine.DebugLogHandler:LogFormat (UnityEngine.LogType,UnityEngine.Object,string,object[])
UnityEngine.Logger:Log (UnityEngine.LogType,object)
UnityEngine.Debug:LogWarning (object)
UnityEngine.Rendering.Universal.ScriptableRenderPass:RecordRenderGraph (UnityEngine.Rendering.RenderGraphModule.RenderGraph,UnityEngine.Rendering.ContextContainer) (at ./Library/PackageCache/com.unity.render-pipelines.universal@ba24149c0920/Runtime/Passes/ScriptableRenderPass.cs:724)
UnityEngine.Rendering.Universal.ScriptableRenderer:RecordCustomRenderGraphPassesInEventRange (UnityEngine.Rendering.RenderGraphModule.RenderGraph,UnityEngine.Rendering.Universal.RenderPassEvent,UnityEngine.Rendering.Universal.RenderPassEvent) (at ./Library/PackageCache/com.unity.render-pipelines.universal@ba24149c0920/Runtime/ScriptableRenderer.cs:1250)
UnityEngine.Rendering.Universal.ScriptableRenderer:RecordCustomRenderGraphPasses (UnityEngine.Rendering.RenderGraphModule.RenderGraph,UnityEngine.Rendering.Universal.RenderPassEvent,UnityEngine.Rendering.Universal.RenderPassEvent) (at ./Library/PackageCache/com.unity.render-pipelines.universal@ba24149c0920/Runtime/ScriptableRenderer.cs:1269)
UnityEngine.Rendering.Universal.ScriptableRenderer:RecordCustomRenderGraphPasses (UnityEngine.Rendering.RenderGraphModule.RenderGraph,UnityEngine.Rendering.Universal.RenderPassEvent) (at ./Library/PackageCache/com.unity.render-pipelines.universal@ba24149c0920/Runtime/ScriptableRenderer.cs:1274)
UnityEngine.Rendering.Universal.UniversalRenderer:OnAfterRendering (UnityEngine.Rendering.RenderGraphModule.RenderGraph) (at ./Library/PackageCache/com.unity.render-pipelines.universal@ba24149c0920/Runtime/UniversalRendererRenderGraph.cs:1436)
UnityEngine.Rendering.Universal.UniversalRenderer:OnRecordRenderGraph (UnityEngine.Rendering.RenderGraphModule.RenderGraph,UnityEngine.Rendering.ScriptableRenderContext) (at ./Library/PackageCache/com.unity.render-pipelines.universal@ba24149c0920/Runtime/UniversalRendererRenderGraph.cs:806)
UnityEngine.Rendering.Universal.ScriptableRenderer:RecordRenderGraph (UnityEngine.Rendering.RenderGraphModule.RenderGraph,UnityEngine.Rendering.ScriptableRenderContext) (at ./Library/PackageCache/com.unity.render-pipelines.universal@ba24149c0920/Runtime/ScriptableRenderer.cs:1203)
UnityEngine.Rendering.Universal.UniversalRenderPipeline:RecordRenderGraph (UnityEngine.Rendering.RenderGraphModule.RenderGraph,UnityEngine.Rendering.ScriptableRenderContext,UnityEngine.Rendering.Universal.ScriptableRenderer) (at ./Library/PackageCache/com.unity.render-pipelines.universal@ba24149c0920/Runtime/UniversalRenderPipelineRenderGraph.cs:10)
UnityEngine.Rendering.Universal.UniversalRenderPipeline:RecordAndExecuteRenderGraph (UnityEngine.Rendering.RenderGraphModule.RenderGraph,UnityEngine.Rendering.ScriptableRenderContext,UnityEngine.Rendering.Universal.ScriptableRenderer,UnityEngine.Rendering.CommandBuffer,UnityEngine.Camera,string) (at ./Library/PackageCache/com.unity.render-pipelines.universal@ba24149c0920/Runtime/UniversalRenderPipelineRenderGraph.cs:24)
UnityEngine.Rendering.Universal.UniversalRenderPipeline:RenderSingleCamera (UnityEngine.Rendering.ScriptableRenderContext,UnityEngine.Rendering.Universal.UniversalCameraData) (at ./Library/PackageCache/com.unity.render-pipelines.universal@ba24149c0920/Runtime/UniversalRenderPipeline.cs:855)
UnityEngine.Rendering.Universal.UniversalRenderPipeline:RenderSingleCameraInternal (UnityEngine.Rendering.ScriptableRenderContext,UnityEngine.Camera,UnityEngine.Rendering.Universal.UniversalAdditionalCameraData&,bool) (at ./Library/PackageCache/com.unity.render-pipelines.universal@ba24149c0920/Runtime/UniversalRenderPipeline.cs:688)
UnityEngine.Rendering.Universal.UniversalRenderPipeline:RenderSingleCameraInternal (UnityEngine.Rendering.ScriptableRenderContext,UnityEngine.Camera,bool) (at ./Library/PackageCache/com.unity.render-pipelines.universal@ba24149c0920/Runtime/UniversalRenderPipeline.cs:663)
UnityEngine.Rendering.Universal.UniversalRenderPipeline:Render (UnityEngine.Rendering.ScriptableRenderContext,System.Collections.Generic.List`1<UnityEngine.Camera>) (at ./Library/PackageCache/com.unity.render-pipelines.universal@ba24149c0920/Runtime/UniversalRenderPipeline.cs:480)
UnityEngine.Rendering.RenderPipeline:InternalRender (UnityEngine.Rendering.ScriptableRenderContext,System.Collections.Generic.List`1<UnityEngine.Camera>)
UnityEngine.Rendering.RenderPipelineManager:DoRenderLoop_Internal (UnityEngine.Rendering.RenderPipelineAsset,intptr,UnityEngine.Object,Unity.Collections.LowLevel.Unsafe.AtomicSafetyHandle)
UnityEngine.Camera:Render ()
UnityEditor.PreviewRenderUtility:Render (bool,bool)
UnityEditor.MaterialEditor:DoRenderPreview (UnityEditor.PreviewRenderUtility,bool)
UnityEditor.MaterialEditor:RenderStaticPreview (string,UnityEngine.Object[],int,int)
UnityEditor.AssetPreviewUpdater:CreatePreview (UnityEngine.Object,UnityEngine.Object[],string,int,int)
UnityEditor.AssetPreviewUpdater:CreatePreviewForAsset (UnityEngine.Object,UnityEngine.Object[],string)

(Filename: ./Library/PackageCache/com.unity.render-pipelines.universal@ba24149c0920/Runtime/Passes/ScriptableRenderPass.cs Line: 724)

The render pass PSX.DitheringPass does not have an implementation of the RecordRenderGraph method. Please implement this method, or consider turning on Compatibility Mode (RenderGraph disabled) in the menu Edit > Project Settings > Graphics > URP. Otherwise the render pass will have no effect. For more information, refer to https://docs.unity3d.com/Packages/com.unity.render-pipelines.universal@latest/index.html?subfolder=/manual/customizing-urp.html.
UnityEngine.Debug:ExtractStackTraceNoAlloc (byte*,int,string)
UnityEngine.StackTraceUtility:ExtractStackTrace ()
UnityEngine.DebugLogHandler:Internal_Log (UnityEngine.LogType,UnityEngine.LogOption,string,UnityEngine.Object)
UnityEngine.DebugLogHandler:LogFormat (UnityEngine.LogType,UnityEngine.Object,string,object[])
UnityEngine.Logger:Log (UnityEngine.LogType,object)
UnityEngine.Debug:LogWarning (object)
UnityEngine.Rendering.Universal.ScriptableRenderPass:RecordRenderGraph (UnityEngine.Rendering.RenderGraphModule.RenderGraph,UnityEngine.Rendering.ContextContainer) (at ./Library/PackageCache/com.unity.render-pipelines.universal@ba24149c0920/Runtime/Passes/ScriptableRenderPass.cs:724)
UnityEngine.Rendering.Universal.ScriptableRenderer:RecordCustomRenderGraphPassesInEventRange (UnityEngine.Rendering.RenderGraphModule.RenderGraph,UnityEngine.Rendering.Universal.RenderPassEvent,UnityEngine.Rendering.Universal.RenderPassEvent) (at ./Library/PackageCache/com.unity.render-pipelines.universal@ba24149c0920/Runtime/ScriptableRenderer.cs:1250)
UnityEngine.Rendering.Universal.ScriptableRenderer:RecordCustomRenderGraphPasses (UnityEngine.Rendering.RenderGraphModule.RenderGraph,UnityEngine.Rendering.Universal.RenderPassEvent,UnityEngine.Rendering.Universal.RenderPassEvent) (at ./Library/PackageCache/com.unity.render-pipelines.universal@ba24149c0920/Runtime/ScriptableRenderer.cs:1269)
UnityEngine.Rendering.Universal.ScriptableRenderer:RecordCustomRenderGraphPasses (UnityEngine.Rendering.RenderGraphModule.RenderGraph,UnityEngine.Rendering.Universal.RenderPassEvent) (at ./Library/PackageCache/com.unity.render-pipelines.universal@ba24149c0920/Runtime/ScriptableRenderer.cs:1274)
UnityEngine.Rendering.Universal.UniversalRenderer:OnAfterRendering (UnityEngine.Rendering.RenderGraphModule.RenderGraph) (at ./Library/PackageCache/com.unity.render-pipelines.universal@ba24149c0920/Runtime/UniversalRendererRenderGraph.cs:1436)
UnityEngine.Rendering.Universal.UniversalRenderer:OnRecordRenderGraph (UnityEngine.Rendering.RenderGraphModule.RenderGraph,UnityEngine.Rendering.ScriptableRenderContext) (at ./Library/PackageCache/com.unity.render-pipelines.universal@ba24149c0920/Runtime/UniversalRendererRenderGraph.cs:806)
UnityEngine.Rendering.Universal.ScriptableRenderer:RecordRenderGraph (UnityEngine.Rendering.RenderGraphModule.RenderGraph,UnityEngine.Rendering.ScriptableRenderContext) (at ./Library/PackageCache/com.unity.render-pipelines.universal@ba24149c0920/Runtime/ScriptableRenderer.cs:1203)
UnityEngine.Rendering.Universal.UniversalRenderPipeline:RecordRenderGraph (UnityEngine.Rendering.RenderGraphModule.RenderGraph,UnityEngine.Rendering.ScriptableRenderContext,UnityEngine.Rendering.Universal.ScriptableRenderer) (at ./Library/PackageCache/com.unity.render-pipelines.universal@ba24149c0920/Runtime/UniversalRenderPipelineRenderGraph.cs:10)
UnityEngine.Rendering.Universal.UniversalRenderPipeline:RecordAndExecuteRenderGraph (UnityEngine.Rendering.RenderGraphModule.RenderGraph,UnityEngine.Rendering.ScriptableRenderContext,UnityEngine.Rendering.Universal.ScriptableRenderer,UnityEngine.Rendering.CommandBuffer,UnityEngine.Camera,string) (at ./Library/PackageCache/com.unity.render-pipelines.universal@ba24149c0920/Runtime/UniversalRenderPipelineRenderGraph.cs:24)
UnityEngine.Rendering.Universal.UniversalRenderPipeline:RenderSingleCamera (UnityEngine.Rendering.ScriptableRenderContext,UnityEngine.Rendering.Universal.UniversalCameraData) (at ./Library/PackageCache/com.unity.render-pipelines.universal@ba24149c0920/Runtime/UniversalRenderPipeline.cs:855)
UnityEngine.Rendering.Universal.UniversalRenderPipeline:RenderSingleCameraInternal (UnityEngine.Rendering.ScriptableRenderContext,UnityEngine.Camera,UnityEngine.Rendering.Universal.UniversalAdditionalCameraData&,bool) (at ./Library/PackageCache/com.unity.render-pipelines.universal@ba24149c0920/Runtime/UniversalRenderPipeline.cs:688)
UnityEngine.Rendering.Universal.UniversalRenderPipeline:RenderSingleCameraInternal (UnityEngine.Rendering.ScriptableRenderContext,UnityEngine.Camera,bool) (at ./Library/PackageCache/com.unity.render-pipelines.universal@ba24149c0920/Runtime/UniversalRenderPipeline.cs:663)
UnityEngine.Rendering.Universal.UniversalRenderPipeline:Render (UnityEngine.Rendering.ScriptableRenderContext,System.Collections.Generic.List`1<UnityEngine.Camera>) (at ./Library/PackageCache/com.unity.render-pipelines.universal@ba24149c0920/Runtime/UniversalRenderPipeline.cs:480)
UnityEngine.Rendering.RenderPipeline:InternalRender (UnityEngine.Rendering.ScriptableRenderContext,System.Collections.Generic.List`1<UnityEngine.Camera>)
UnityEngine.Rendering.RenderPipelineManager:DoRenderLoop_Internal (UnityEngine.Rendering.RenderPipelineAsset,intptr,UnityEngine.Object,Unity.Collections.LowLevel.Unsafe.AtomicSafetyHandle)
UnityEngine.Camera:Render ()
UnityEditor.PreviewRenderUtility:Render (bool,bool)
UnityEditor.MaterialEditor:DoRenderPreview (UnityEditor.PreviewRenderUtility,bool)
UnityEditor.MaterialEditor:RenderStaticPreview (string,UnityEngine.Object[],int,int)
UnityEditor.AssetPreviewUpdater:CreatePreview (UnityEngine.Object,UnityEngine.Object[],string,int,int)
UnityEditor.AssetPreviewUpdater:CreatePreviewForAsset (UnityEngine.Object,UnityEngine.Object[],string)

(Filename: ./Library/PackageCache/com.unity.render-pipelines.universal@ba24149c0920/Runtime/Passes/ScriptableRenderPass.cs Line: 724)

The render pass PSX.CRTPass does not have an implementation of the RecordRenderGraph method. Please implement this method, or consider turning on Compatibility Mode (RenderGraph disabled) in the menu Edit > Project Settings > Graphics > URP. Otherwise the render pass will have no effect. For more information, refer to https://docs.unity3d.com/Packages/com.unity.render-pipelines.universal@latest/index.html?subfolder=/manual/customizing-urp.html.
UnityEngine.Debug:ExtractStackTraceNoAlloc (byte*,int,string)
UnityEngine.StackTraceUtility:ExtractStackTrace ()
UnityEngine.DebugLogHandler:Internal_Log (UnityEngine.LogType,UnityEngine.LogOption,string,UnityEngine.Object)
UnityEngine.DebugLogHandler:LogFormat (UnityEngine.LogType,UnityEngine.Object,string,object[])
UnityEngine.Logger:Log (UnityEngine.LogType,object)
UnityEngine.Debug:LogWarning (object)
UnityEngine.Rendering.Universal.ScriptableRenderPass:RecordRenderGraph (UnityEngine.Rendering.RenderGraphModule.RenderGraph,UnityEngine.Rendering.ContextContainer) (at ./Library/PackageCache/com.unity.render-pipelines.universal@ba24149c0920/Runtime/Passes/ScriptableRenderPass.cs:724)
UnityEngine.Rendering.Universal.ScriptableRenderer:RecordCustomRenderGraphPassesInEventRange (UnityEngine.Rendering.RenderGraphModule.RenderGraph,UnityEngine.Rendering.Universal.RenderPassEvent,UnityEngine.Rendering.Universal.RenderPassEvent) (at ./Library/PackageCache/com.unity.render-pipelines.universal@ba24149c0920/Runtime/ScriptableRenderer.cs:1250)
UnityEngine.Rendering.Universal.ScriptableRenderer:RecordCustomRenderGraphPasses (UnityEngine.Rendering.RenderGraphModule.RenderGraph,UnityEngine.Rendering.Universal.RenderPassEvent,UnityEngine.Rendering.Universal.RenderPassEvent) (at ./Library/PackageCache/com.unity.render-pipelines.universal@ba24149c0920/Runtime/ScriptableRenderer.cs:1269)
UnityEngine.Rendering.Universal.ScriptableRenderer:RecordCustomRenderGraphPasses (UnityEngine.Rendering.RenderGraphModule.RenderGraph,UnityEngine.Rendering.Universal.RenderPassEvent) (at ./Library/PackageCache/com.unity.render-pipelines.universal@ba24149c0920/Runtime/ScriptableRenderer.cs:1274)
UnityEngine.Rendering.Universal.UniversalRenderer:OnAfterRendering (UnityEngine.Rendering.RenderGraphModule.RenderGraph) (at ./Library/PackageCache/com.unity.render-pipelines.universal@ba24149c0920/Runtime/UniversalRendererRenderGraph.cs:1436)
UnityEngine.Rendering.Universal.UniversalRenderer:OnRecordRenderGraph (UnityEngine.Rendering.RenderGraphModule.RenderGraph,UnityEngine.Rendering.ScriptableRenderContext) (at ./Library/PackageCache/com.unity.render-pipelines.universal@ba24149c0920/Runtime/UniversalRendererRenderGraph.cs:806)
UnityEngine.Rendering.Universal.ScriptableRenderer:RecordRenderGraph (UnityEngine.Rendering.RenderGraphModule.RenderGraph,UnityEngine.Rendering.ScriptableRenderContext) (at ./Library/PackageCache/com.unity.render-pipelines.universal@ba24149c0920/Runtime/ScriptableRenderer.cs:1203)
UnityEngine.Rendering.Universal.UniversalRenderPipeline:RecordRenderGraph (UnityEngine.Rendering.RenderGraphModule.RenderGraph,UnityEngine.Rendering.ScriptableRenderContext,UnityEngine.Rendering.Universal.ScriptableRenderer) (at ./Library/PackageCache/com.unity.render-pipelines.universal@ba24149c0920/Runtime/UniversalRenderPipelineRenderGraph.cs:10)
UnityEngine.Rendering.Universal.UniversalRenderPipeline:RecordAndExecuteRenderGraph (UnityEngine.Rendering.RenderGraphModule.RenderGraph,UnityEngine.Rendering.ScriptableRenderContext,UnityEngine.Rendering.Universal.ScriptableRenderer,UnityEngine.Rendering.CommandBuffer,UnityEngine.Camera,string) (at ./Library/PackageCache/com.unity.render-pipelines.universal@ba24149c0920/Runtime/UniversalRenderPipelineRenderGraph.cs:24)
UnityEngine.Rendering.Universal.UniversalRenderPipeline:RenderSingleCamera (UnityEngine.Rendering.ScriptableRenderContext,UnityEngine.Rendering.Universal.UniversalCameraData) (at ./Library/PackageCache/com.unity.render-pipelines.universal@ba24149c0920/Runtime/UniversalRenderPipeline.cs:855)
UnityEngine.Rendering.Universal.UniversalRenderPipeline:RenderSingleCameraInternal (UnityEngine.Rendering.ScriptableRenderContext,UnityEngine.Camera,UnityEngine.Rendering.Universal.UniversalAdditionalCameraData&,bool) (at ./Library/PackageCache/com.unity.render-pipelines.universal@ba24149c0920/Runtime/UniversalRenderPipeline.cs:688)
UnityEngine.Rendering.Universal.UniversalRenderPipeline:RenderSingleCameraInternal (UnityEngine.Rendering.ScriptableRenderContext,UnityEngine.Camera,bool) (at ./Library/PackageCache/com.unity.render-pipelines.universal@ba24149c0920/Runtime/UniversalRenderPipeline.cs:663)
UnityEngine.Rendering.Universal.UniversalRenderPipeline:Render (UnityEngine.Rendering.ScriptableRenderContext,System.Collections.Generic.List`1<UnityEngine.Camera>) (at ./Library/PackageCache/com.unity.render-pipelines.universal@ba24149c0920/Runtime/UniversalRenderPipeline.cs:480)
UnityEngine.Rendering.RenderPipeline:InternalRender (UnityEngine.Rendering.ScriptableRenderContext,System.Collections.Generic.List`1<UnityEngine.Camera>)
UnityEngine.Rendering.RenderPipelineManager:DoRenderLoop_Internal (UnityEngine.Rendering.RenderPipelineAsset,intptr,UnityEngine.Object,Unity.Collections.LowLevel.Unsafe.AtomicSafetyHandle)
UnityEngine.Camera:Render ()
UnityEditor.PreviewRenderUtility:Render (bool,bool)
UnityEditor.MaterialEditor:DoRenderPreview (UnityEditor.PreviewRenderUtility,bool)
UnityEditor.MaterialEditor:RenderStaticPreview (string,UnityEngine.Object[],int,int)
UnityEditor.AssetPreviewUpdater:CreatePreview (UnityEngine.Object,UnityEngine.Object[],string,int,int)
UnityEditor.AssetPreviewUpdater:CreatePreviewForAsset (UnityEngine.Object,UnityEngine.Object[],string)

(Filename: ./Library/PackageCache/com.unity.render-pipelines.universal@ba24149c0920/Runtime/Passes/ScriptableRenderPass.cs Line: 724)

 -> (artifact id: '5733c38e31f4a222a0f174b51e47e5b0') in 0.0367313 seconds
Number of updated asset objects reloaded before import = 0Number of asset objects unloaded after import = 14

========================================================================
Received Import Request.
  Time since last request: 0.000029 seconds.
  path: Assets/Materials/SppedLines.mat
  artifactKey: Guid(c4adeb227a29c884ebade06c513ba7d5) Importer(815301076,1909f56bfc062723c751e8b465ee728b)
Start importing Assets/Materials/SppedLines.mat using Guid(c4adeb227a29c884ebade06c513ba7d5) Importer(815301076,1909f56bfc062723c751e8b465ee728b) (PreviewImporter)The render pass PSX.FogPass does not have an implementation of the RecordRenderGraph method. Please implement this method, or consider turning on Compatibility Mode (RenderGraph disabled) in the menu Edit > Project Settings > Graphics > URP. Otherwise the render pass will have no effect. For more information, refer to https://docs.unity3d.com/Packages/com.unity.render-pipelines.universal@latest/index.html?subfolder=/manual/customizing-urp.html.
UnityEngine.Debug:ExtractStackTraceNoAlloc (byte*,int,string)
UnityEngine.StackTraceUtility:ExtractStackTrace ()
UnityEngine.DebugLogHandler:Internal_Log (UnityEngine.LogType,UnityEngine.LogOption,string,UnityEngine.Object)
UnityEngine.DebugLogHandler:LogFormat (UnityEngine.LogType,UnityEngine.Object,string,object[])
UnityEngine.Logger:Log (UnityEngine.LogType,object)
UnityEngine.Debug:LogWarning (object)
UnityEngine.Rendering.Universal.ScriptableRenderPass:RecordRenderGraph (UnityEngine.Rendering.RenderGraphModule.RenderGraph,UnityEngine.Rendering.ContextContainer) (at ./Library/PackageCache/com.unity.render-pipelines.universal@ba24149c0920/Runtime/Passes/ScriptableRenderPass.cs:724)
UnityEngine.Rendering.Universal.ScriptableRenderer:RecordCustomRenderGraphPassesInEventRange (UnityEngine.Rendering.RenderGraphModule.RenderGraph,UnityEngine.Rendering.Universal.RenderPassEvent,UnityEngine.Rendering.Universal.RenderPassEvent) (at ./Library/PackageCache/com.unity.render-pipelines.universal@ba24149c0920/Runtime/ScriptableRenderer.cs:1250)
UnityEngine.Rendering.Universal.ScriptableRenderer:RecordCustomRenderGraphPasses (UnityEngine.Rendering.RenderGraphModule.RenderGraph,UnityEngine.Rendering.Universal.RenderPassEvent,UnityEngine.Rendering.Universal.RenderPassEvent) (at ./Library/PackageCache/com.unity.render-pipelines.universal@ba24149c0920/Runtime/ScriptableRenderer.cs:1269)
UnityEngine.Rendering.Universal.ScriptableRenderer:RecordCustomRenderGraphPasses (UnityEngine.Rendering.RenderGraphModule.RenderGraph,UnityEngine.Rendering.Universal.RenderPassEvent) (at ./Library/PackageCache/com.unity.render-pipelines.universal@ba24149c0920/Runtime/ScriptableRenderer.cs:1274)
UnityEngine.Rendering.Universal.UniversalRenderer:OnAfterRendering (UnityEngine.Rendering.RenderGraphModule.RenderGraph) (at ./Library/PackageCache/com.unity.render-pipelines.universal@ba24149c0920/Runtime/UniversalRendererRenderGraph.cs:1436)
UnityEngine.Rendering.Universal.UniversalRenderer:OnRecordRenderGraph (UnityEngine.Rendering.RenderGraphModule.RenderGraph,UnityEngine.Rendering.ScriptableRenderContext) (at ./Library/PackageCache/com.unity.render-pipelines.universal@ba24149c0920/Runtime/UniversalRendererRenderGraph.cs:806)
UnityEngine.Rendering.Universal.ScriptableRenderer:RecordRenderGraph (UnityEngine.Rendering.RenderGraphModule.RenderGraph,UnityEngine.Rendering.ScriptableRenderContext) (at ./Library/PackageCache/com.unity.render-pipelines.universal@ba24149c0920/Runtime/ScriptableRenderer.cs:1203)
UnityEngine.Rendering.Universal.UniversalRenderPipeline:RecordRenderGraph (UnityEngine.Rendering.RenderGraphModule.RenderGraph,UnityEngine.Rendering.ScriptableRenderContext,UnityEngine.Rendering.Universal.ScriptableRenderer) (at ./Library/PackageCache/com.unity.render-pipelines.universal@ba24149c0920/Runtime/UniversalRenderPipelineRenderGraph.cs:10)
UnityEngine.Rendering.Universal.UniversalRenderPipeline:RecordAndExecuteRenderGraph (UnityEngine.Rendering.RenderGraphModule.RenderGraph,UnityEngine.Rendering.ScriptableRenderContext,UnityEngine.Rendering.Universal.ScriptableRenderer,UnityEngine.Rendering.CommandBuffer,UnityEngine.Camera,string) (at ./Library/PackageCache/com.unity.render-pipelines.universal@ba24149c0920/Runtime/UniversalRenderPipelineRenderGraph.cs:24)
UnityEngine.Rendering.Universal.UniversalRenderPipeline:RenderSingleCamera (UnityEngine.Rendering.ScriptableRenderContext,UnityEngine.Rendering.Universal.UniversalCameraData) (at ./Library/PackageCache/com.unity.render-pipelines.universal@ba24149c0920/Runtime/UniversalRenderPipeline.cs:855)
UnityEngine.Rendering.Universal.UniversalRenderPipeline:RenderSingleCameraInternal (UnityEngine.Rendering.ScriptableRenderContext,UnityEngine.Camera,UnityEngine.Rendering.Universal.UniversalAdditionalCameraData&,bool) (at ./Library/PackageCache/com.unity.render-pipelines.universal@ba24149c0920/Runtime/UniversalRenderPipeline.cs:688)
UnityEngine.Rendering.Universal.UniversalRenderPipeline:RenderSingleCameraInternal (UnityEngine.Rendering.ScriptableRenderContext,UnityEngine.Camera,bool) (at ./Library/PackageCache/com.unity.render-pipelines.universal@ba24149c0920/Runtime/UniversalRenderPipeline.cs:663)
UnityEngine.Rendering.Universal.UniversalRenderPipeline:Render (UnityEngine.Rendering.ScriptableRenderContext,System.Collections.Generic.List`1<UnityEngine.Camera>) (at ./Library/PackageCache/com.unity.render-pipelines.universal@ba24149c0920/Runtime/UniversalRenderPipeline.cs:480)
UnityEngine.Rendering.RenderPipeline:InternalRender (UnityEngine.Rendering.ScriptableRenderContext,System.Collections.Generic.List`1<UnityEngine.Camera>)
UnityEngine.Rendering.RenderPipelineManager:DoRenderLoop_Internal (UnityEngine.Rendering.RenderPipelineAsset,intptr,UnityEngine.Object,Unity.Collections.LowLevel.Unsafe.AtomicSafetyHandle)
UnityEngine.Camera:Render ()
UnityEditor.PreviewRenderUtility:Render (bool,bool)
UnityEditor.MaterialEditor:DoRenderPreview (UnityEditor.PreviewRenderUtility,bool)
UnityEditor.MaterialEditor:RenderStaticPreview (string,UnityEngine.Object[],int,int)
UnityEditor.AssetPreviewUpdater:CreatePreview (UnityEngine.Object,UnityEngine.Object[],string,int,int)
UnityEditor.AssetPreviewUpdater:CreatePreviewForAsset (UnityEngine.Object,UnityEngine.Object[],string)

(Filename: ./Library/PackageCache/com.unity.render-pipelines.universal@ba24149c0920/Runtime/Passes/ScriptableRenderPass.cs Line: 724)

The render pass PSX.PixelationPass does not have an implementation of the RecordRenderGraph method. Please implement this method, or consider turning on Compatibility Mode (RenderGraph disabled) in the menu Edit > Project Settings > Graphics > URP. Otherwise the render pass will have no effect. For more information, refer to https://docs.unity3d.com/Packages/com.unity.render-pipelines.universal@latest/index.html?subfolder=/manual/customizing-urp.html.
UnityEngine.Debug:ExtractStackTraceNoAlloc (byte*,int,string)
UnityEngine.StackTraceUtility:ExtractStackTrace ()
UnityEngine.DebugLogHandler:Internal_Log (UnityEngine.LogType,UnityEngine.LogOption,string,UnityEngine.Object)
UnityEngine.DebugLogHandler:LogFormat (UnityEngine.LogType,UnityEngine.Object,string,object[])
UnityEngine.Logger:Log (UnityEngine.LogType,object)
UnityEngine.Debug:LogWarning (object)
UnityEngine.Rendering.Universal.ScriptableRenderPass:RecordRenderGraph (UnityEngine.Rendering.RenderGraphModule.RenderGraph,UnityEngine.Rendering.ContextContainer) (at ./Library/PackageCache/com.unity.render-pipelines.universal@ba24149c0920/Runtime/Passes/ScriptableRenderPass.cs:724)
UnityEngine.Rendering.Universal.ScriptableRenderer:RecordCustomRenderGraphPassesInEventRange (UnityEngine.Rendering.RenderGraphModule.RenderGraph,UnityEngine.Rendering.Universal.RenderPassEvent,UnityEngine.Rendering.Universal.RenderPassEvent) (at ./Library/PackageCache/com.unity.render-pipelines.universal@ba24149c0920/Runtime/ScriptableRenderer.cs:1250)
UnityEngine.Rendering.Universal.ScriptableRenderer:RecordCustomRenderGraphPasses (UnityEngine.Rendering.RenderGraphModule.RenderGraph,UnityEngine.Rendering.Universal.RenderPassEvent,UnityEngine.Rendering.Universal.RenderPassEvent) (at ./Library/PackageCache/com.unity.render-pipelines.universal@ba24149c0920/Runtime/ScriptableRenderer.cs:1269)
UnityEngine.Rendering.Universal.ScriptableRenderer:RecordCustomRenderGraphPasses (UnityEngine.Rendering.RenderGraphModule.RenderGraph,UnityEngine.Rendering.Universal.RenderPassEvent) (at ./Library/PackageCache/com.unity.render-pipelines.universal@ba24149c0920/Runtime/ScriptableRenderer.cs:1274)
UnityEngine.Rendering.Universal.UniversalRenderer:OnAfterRendering (UnityEngine.Rendering.RenderGraphModule.RenderGraph) (at ./Library/PackageCache/com.unity.render-pipelines.universal@ba24149c0920/Runtime/UniversalRendererRenderGraph.cs:1436)
UnityEngine.Rendering.Universal.UniversalRenderer:OnRecordRenderGraph (UnityEngine.Rendering.RenderGraphModule.RenderGraph,UnityEngine.Rendering.ScriptableRenderContext) (at ./Library/PackageCache/com.unity.render-pipelines.universal@ba24149c0920/Runtime/UniversalRendererRenderGraph.cs:806)
UnityEngine.Rendering.Universal.ScriptableRenderer:RecordRenderGraph (UnityEngine.Rendering.RenderGraphModule.RenderGraph,UnityEngine.Rendering.ScriptableRenderContext) (at ./Library/PackageCache/com.unity.render-pipelines.universal@ba24149c0920/Runtime/ScriptableRenderer.cs:1203)
UnityEngine.Rendering.Universal.UniversalRenderPipeline:RecordRenderGraph (UnityEngine.Rendering.RenderGraphModule.RenderGraph,UnityEngine.Rendering.ScriptableRenderContext,UnityEngine.Rendering.Universal.ScriptableRenderer) (at ./Library/PackageCache/com.unity.render-pipelines.universal@ba24149c0920/Runtime/UniversalRenderPipelineRenderGraph.cs:10)
UnityEngine.Rendering.Universal.UniversalRenderPipeline:RecordAndExecuteRenderGraph (UnityEngine.Rendering.RenderGraphModule.RenderGraph,UnityEngine.Rendering.ScriptableRenderContext,UnityEngine.Rendering.Universal.ScriptableRenderer,UnityEngine.Rendering.CommandBuffer,UnityEngine.Camera,string) (at ./Library/PackageCache/com.unity.render-pipelines.universal@ba24149c0920/Runtime/UniversalRenderPipelineRenderGraph.cs:24)
UnityEngine.Rendering.Universal.UniversalRenderPipeline:RenderSingleCamera (UnityEngine.Rendering.ScriptableRenderContext,UnityEngine.Rendering.Universal.UniversalCameraData) (at ./Library/PackageCache/com.unity.render-pipelines.universal@ba24149c0920/Runtime/UniversalRenderPipeline.cs:855)
UnityEngine.Rendering.Universal.UniversalRenderPipeline:RenderSingleCameraInternal (UnityEngine.Rendering.ScriptableRenderContext,UnityEngine.Camera,UnityEngine.Rendering.Universal.UniversalAdditionalCameraData&,bool) (at ./Library/PackageCache/com.unity.render-pipelines.universal@ba24149c0920/Runtime/UniversalRenderPipeline.cs:688)
UnityEngine.Rendering.Universal.UniversalRenderPipeline:RenderSingleCameraInternal (UnityEngine.Rendering.ScriptableRenderContext,UnityEngine.Camera,bool) (at ./Library/PackageCache/com.unity.render-pipelines.universal@ba24149c0920/Runtime/UniversalRenderPipeline.cs:663)
UnityEngine.Rendering.Universal.UniversalRenderPipeline:Render (UnityEngine.Rendering.ScriptableRenderContext,System.Collections.Generic.List`1<UnityEngine.Camera>) (at ./Library/PackageCache/com.unity.render-pipelines.universal@ba24149c0920/Runtime/UniversalRenderPipeline.cs:480)
UnityEngine.Rendering.RenderPipeline:InternalRender (UnityEngine.Rendering.ScriptableRenderContext,System.Collections.Generic.List`1<UnityEngine.Camera>)
UnityEngine.Rendering.RenderPipelineManager:DoRenderLoop_Internal (UnityEngine.Rendering.RenderPipelineAsset,intptr,UnityEngine.Object,Unity.Collections.LowLevel.Unsafe.AtomicSafetyHandle)
UnityEngine.Camera:Render ()
UnityEditor.PreviewRenderUtility:Render (bool,bool)
UnityEditor.MaterialEditor:DoRenderPreview (UnityEditor.PreviewRenderUtility,bool)
UnityEditor.MaterialEditor:RenderStaticPreview (string,UnityEngine.Object[],int,int)
UnityEditor.AssetPreviewUpdater:CreatePreview (UnityEngine.Object,UnityEngine.Object[],string,int,int)
UnityEditor.AssetPreviewUpdater:CreatePreviewForAsset (UnityEngine.Object,UnityEngine.Object[],string)

(Filename: ./Library/PackageCache/com.unity.render-pipelines.universal@ba24149c0920/Runtime/Passes/ScriptableRenderPass.cs Line: 724)

The render pass PSX.DitheringPass does not have an implementation of the RecordRenderGraph method. Please implement this method, or consider turning on Compatibility Mode (RenderGraph disabled) in the menu Edit > Project Settings > Graphics > URP. Otherwise the render pass will have no effect. For more information, refer to https://docs.unity3d.com/Packages/com.unity.render-pipelines.universal@latest/index.html?subfolder=/manual/customizing-urp.html.
UnityEngine.Debug:ExtractStackTraceNoAlloc (byte*,int,string)
UnityEngine.StackTraceUtility:ExtractStackTrace ()
UnityEngine.DebugLogHandler:Internal_Log (UnityEngine.LogType,UnityEngine.LogOption,string,UnityEngine.Object)
UnityEngine.DebugLogHandler:LogFormat (UnityEngine.LogType,UnityEngine.Object,string,object[])
UnityEngine.Logger:Log (UnityEngine.LogType,object)
UnityEngine.Debug:LogWarning (object)
UnityEngine.Rendering.Universal.ScriptableRenderPass:RecordRenderGraph (UnityEngine.Rendering.RenderGraphModule.RenderGraph,UnityEngine.Rendering.ContextContainer) (at ./Library/PackageCache/com.unity.render-pipelines.universal@ba24149c0920/Runtime/Passes/ScriptableRenderPass.cs:724)
UnityEngine.Rendering.Universal.ScriptableRenderer:RecordCustomRenderGraphPassesInEventRange (UnityEngine.Rendering.RenderGraphModule.RenderGraph,UnityEngine.Rendering.Universal.RenderPassEvent,UnityEngine.Rendering.Universal.RenderPassEvent) (at ./Library/PackageCache/com.unity.render-pipelines.universal@ba24149c0920/Runtime/ScriptableRenderer.cs:1250)
UnityEngine.Rendering.Universal.ScriptableRenderer:RecordCustomRenderGraphPasses (UnityEngine.Rendering.RenderGraphModule.RenderGraph,UnityEngine.Rendering.Universal.RenderPassEvent,UnityEngine.Rendering.Universal.RenderPassEvent) (at ./Library/PackageCache/com.unity.render-pipelines.universal@ba24149c0920/Runtime/ScriptableRenderer.cs:1269)
UnityEngine.Rendering.Universal.ScriptableRenderer:RecordCustomRenderGraphPasses (UnityEngine.Rendering.RenderGraphModule.RenderGraph,UnityEngine.Rendering.Universal.RenderPassEvent) (at ./Library/PackageCache/com.unity.render-pipelines.universal@ba24149c0920/Runtime/ScriptableRenderer.cs:1274)
UnityEngine.Rendering.Universal.UniversalRenderer:OnAfterRendering (UnityEngine.Rendering.RenderGraphModule.RenderGraph) (at ./Library/PackageCache/com.unity.render-pipelines.universal@ba24149c0920/Runtime/UniversalRendererRenderGraph.cs:1436)
UnityEngine.Rendering.Universal.UniversalRenderer:OnRecordRenderGraph (UnityEngine.Rendering.RenderGraphModule.RenderGraph,UnityEngine.Rendering.ScriptableRenderContext) (at ./Library/PackageCache/com.unity.render-pipelines.universal@ba24149c0920/Runtime/UniversalRendererRenderGraph.cs:806)
UnityEngine.Rendering.Universal.ScriptableRenderer:RecordRenderGraph (UnityEngine.Rendering.RenderGraphModule.RenderGraph,UnityEngine.Rendering.ScriptableRenderContext) (at ./Library/PackageCache/com.unity.render-pipelines.universal@ba24149c0920/Runtime/ScriptableRenderer.cs:1203)
UnityEngine.Rendering.Universal.UniversalRenderPipeline:RecordRenderGraph (UnityEngine.Rendering.RenderGraphModule.RenderGraph,UnityEngine.Rendering.ScriptableRenderContext,UnityEngine.Rendering.Universal.ScriptableRenderer) (at ./Library/PackageCache/com.unity.render-pipelines.universal@ba24149c0920/Runtime/UniversalRenderPipelineRenderGraph.cs:10)
UnityEngine.Rendering.Universal.UniversalRenderPipeline:RecordAndExecuteRenderGraph (UnityEngine.Rendering.RenderGraphModule.RenderGraph,UnityEngine.Rendering.ScriptableRenderContext,UnityEngine.Rendering.Universal.ScriptableRenderer,UnityEngine.Rendering.CommandBuffer,UnityEngine.Camera,string) (at ./Library/PackageCache/com.unity.render-pipelines.universal@ba24149c0920/Runtime/UniversalRenderPipelineRenderGraph.cs:24)
UnityEngine.Rendering.Universal.UniversalRenderPipeline:RenderSingleCamera (UnityEngine.Rendering.ScriptableRenderContext,UnityEngine.Rendering.Universal.UniversalCameraData) (at ./Library/PackageCache/com.unity.render-pipelines.universal@ba24149c0920/Runtime/UniversalRenderPipeline.cs:855)
UnityEngine.Rendering.Universal.UniversalRenderPipeline:RenderSingleCameraInternal (UnityEngine.Rendering.ScriptableRenderContext,UnityEngine.Camera,UnityEngine.Rendering.Universal.UniversalAdditionalCameraData&,bool) (at ./Library/PackageCache/com.unity.render-pipelines.universal@ba24149c0920/Runtime/UniversalRenderPipeline.cs:688)
UnityEngine.Rendering.Universal.UniversalRenderPipeline:RenderSingleCameraInternal (UnityEngine.Rendering.ScriptableRenderContext,UnityEngine.Camera,bool) (at ./Library/PackageCache/com.unity.render-pipelines.universal@ba24149c0920/Runtime/UniversalRenderPipeline.cs:663)
UnityEngine.Rendering.Universal.UniversalRenderPipeline:Render (UnityEngine.Rendering.ScriptableRenderContext,System.Collections.Generic.List`1<UnityEngine.Camera>) (at ./Library/PackageCache/com.unity.render-pipelines.universal@ba24149c0920/Runtime/UniversalRenderPipeline.cs:480)
UnityEngine.Rendering.RenderPipeline:InternalRender (UnityEngine.Rendering.ScriptableRenderContext,System.Collections.Generic.List`1<UnityEngine.Camera>)
UnityEngine.Rendering.RenderPipelineManager:DoRenderLoop_Internal (UnityEngine.Rendering.RenderPipelineAsset,intptr,UnityEngine.Object,Unity.Collections.LowLevel.Unsafe.AtomicSafetyHandle)
UnityEngine.Camera:Render ()
UnityEditor.PreviewRenderUtility:Render (bool,bool)
UnityEditor.MaterialEditor:DoRenderPreview (UnityEditor.PreviewRenderUtility,bool)
UnityEditor.MaterialEditor:RenderStaticPreview (string,UnityEngine.Object[],int,int)
UnityEditor.AssetPreviewUpdater:CreatePreview (UnityEngine.Object,UnityEngine.Object[],string,int,int)
UnityEditor.AssetPreviewUpdater:CreatePreviewForAsset (UnityEngine.Object,UnityEngine.Object[],string)

(Filename: ./Library/PackageCache/com.unity.render-pipelines.universal@ba24149c0920/Runtime/Passes/ScriptableRenderPass.cs Line: 724)

The render pass PSX.CRTPass does not have an implementation of the RecordRenderGraph method. Please implement this method, or consider turning on Compatibility Mode (RenderGraph disabled) in the menu Edit > Project Settings > Graphics > URP. Otherwise the render pass will have no effect. For more information, refer to https://docs.unity3d.com/Packages/com.unity.render-pipelines.universal@latest/index.html?subfolder=/manual/customizing-urp.html.
UnityEngine.Debug:ExtractStackTraceNoAlloc (byte*,int,string)
UnityEngine.StackTraceUtility:ExtractStackTrace ()
UnityEngine.DebugLogHandler:Internal_Log (UnityEngine.LogType,UnityEngine.LogOption,string,UnityEngine.Object)
UnityEngine.DebugLogHandler:LogFormat (UnityEngine.LogType,UnityEngine.Object,string,object[])
UnityEngine.Logger:Log (UnityEngine.LogType,object)
UnityEngine.Debug:LogWarning (object)
UnityEngine.Rendering.Universal.ScriptableRenderPass:RecordRenderGraph (UnityEngine.Rendering.RenderGraphModule.RenderGraph,UnityEngine.Rendering.ContextContainer) (at ./Library/PackageCache/com.unity.render-pipelines.universal@ba24149c0920/Runtime/Passes/ScriptableRenderPass.cs:724)
UnityEngine.Rendering.Universal.ScriptableRenderer:RecordCustomRenderGraphPassesInEventRange (UnityEngine.Rendering.RenderGraphModule.RenderGraph,UnityEngine.Rendering.Universal.RenderPassEvent,UnityEngine.Rendering.Universal.RenderPassEvent) (at ./Library/PackageCache/com.unity.render-pipelines.universal@ba24149c0920/Runtime/ScriptableRenderer.cs:1250)
UnityEngine.Rendering.Universal.ScriptableRenderer:RecordCustomRenderGraphPasses (UnityEngine.Rendering.RenderGraphModule.RenderGraph,UnityEngine.Rendering.Universal.RenderPassEvent,UnityEngine.Rendering.Universal.RenderPassEvent) (at ./Library/PackageCache/com.unity.render-pipelines.universal@ba24149c0920/Runtime/ScriptableRenderer.cs:1269)
UnityEngine.Rendering.Universal.ScriptableRenderer:RecordCustomRenderGraphPasses (UnityEngine.Rendering.RenderGraphModule.RenderGraph,UnityEngine.Rendering.Universal.RenderPassEvent) (at ./Library/PackageCache/com.unity.render-pipelines.universal@ba24149c0920/Runtime/ScriptableRenderer.cs:1274)
UnityEngine.Rendering.Universal.UniversalRenderer:OnAfterRendering (UnityEngine.Rendering.RenderGraphModule.RenderGraph) (at ./Library/PackageCache/com.unity.render-pipelines.universal@ba24149c0920/Runtime/UniversalRendererRenderGraph.cs:1436)
UnityEngine.Rendering.Universal.UniversalRenderer:OnRecordRenderGraph (UnityEngine.Rendering.RenderGraphModule.RenderGraph,UnityEngine.Rendering.ScriptableRenderContext) (at ./Library/PackageCache/com.unity.render-pipelines.universal@ba24149c0920/Runtime/UniversalRendererRenderGraph.cs:806)
UnityEngine.Rendering.Universal.ScriptableRenderer:RecordRenderGraph (UnityEngine.Rendering.RenderGraphModule.RenderGraph,UnityEngine.Rendering.ScriptableRenderContext) (at ./Library/PackageCache/com.unity.render-pipelines.universal@ba24149c0920/Runtime/ScriptableRenderer.cs:1203)
UnityEngine.Rendering.Universal.UniversalRenderPipeline:RecordRenderGraph (UnityEngine.Rendering.RenderGraphModule.RenderGraph,UnityEngine.Rendering.ScriptableRenderContext,UnityEngine.Rendering.Universal.ScriptableRenderer) (at ./Library/PackageCache/com.unity.render-pipelines.universal@ba24149c0920/Runtime/UniversalRenderPipelineRenderGraph.cs:10)
UnityEngine.Rendering.Universal.UniversalRenderPipeline:RecordAndExecuteRenderGraph (UnityEngine.Rendering.RenderGraphModule.RenderGraph,UnityEngine.Rendering.ScriptableRenderContext,UnityEngine.Rendering.Universal.ScriptableRenderer,UnityEngine.Rendering.CommandBuffer,UnityEngine.Camera,string) (at ./Library/PackageCache/com.unity.render-pipelines.universal@ba24149c0920/Runtime/UniversalRenderPipelineRenderGraph.cs:24)
UnityEngine.Rendering.Universal.UniversalRenderPipeline:RenderSingleCamera (UnityEngine.Rendering.ScriptableRenderContext,UnityEngine.Rendering.Universal.UniversalCameraData) (at ./Library/PackageCache/com.unity.render-pipelines.universal@ba24149c0920/Runtime/UniversalRenderPipeline.cs:855)
UnityEngine.Rendering.Universal.UniversalRenderPipeline:RenderSingleCameraInternal (UnityEngine.Rendering.ScriptableRenderContext,UnityEngine.Camera,UnityEngine.Rendering.Universal.UniversalAdditionalCameraData&,bool) (at ./Library/PackageCache/com.unity.render-pipelines.universal@ba24149c0920/Runtime/UniversalRenderPipeline.cs:688)
UnityEngine.Rendering.Universal.UniversalRenderPipeline:RenderSingleCameraInternal (UnityEngine.Rendering.ScriptableRenderContext,UnityEngine.Camera,bool) (at ./Library/PackageCache/com.unity.render-pipelines.universal@ba24149c0920/Runtime/UniversalRenderPipeline.cs:663)
UnityEngine.Rendering.Universal.UniversalRenderPipeline:Render (UnityEngine.Rendering.ScriptableRenderContext,System.Collections.Generic.List`1<UnityEngine.Camera>) (at ./Library/PackageCache/com.unity.render-pipelines.universal@ba24149c0920/Runtime/UniversalRenderPipeline.cs:480)
UnityEngine.Rendering.RenderPipeline:InternalRender (UnityEngine.Rendering.ScriptableRenderContext,System.Collections.Generic.List`1<UnityEngine.Camera>)
UnityEngine.Rendering.RenderPipelineManager:DoRenderLoop_Internal (UnityEngine.Rendering.RenderPipelineAsset,intptr,UnityEngine.Object,Unity.Collections.LowLevel.Unsafe.AtomicSafetyHandle)
UnityEngine.Camera:Render ()
UnityEditor.PreviewRenderUtility:Render (bool,bool)
UnityEditor.MaterialEditor:DoRenderPreview (UnityEditor.PreviewRenderUtility,bool)
UnityEditor.MaterialEditor:RenderStaticPreview (string,UnityEngine.Object[],int,int)
UnityEditor.AssetPreviewUpdater:CreatePreview (UnityEngine.Object,UnityEngine.Object[],string,int,int)
UnityEditor.AssetPreviewUpdater:CreatePreviewForAsset (UnityEngine.Object,UnityEngine.Object[],string)

(Filename: ./Library/PackageCache/com.unity.render-pipelines.universal@ba24149c0920/Runtime/Passes/ScriptableRenderPass.cs Line: 724)

 -> (artifact id: '5592f84016976905080a2a54bd0dda74') in 0.0110369 seconds
Number of updated asset objects reloaded before import = 0Number of asset objects unloaded after import = 2

========================================================================
Received Import Request.
  Time since last request: 0.000032 seconds.
  path: Assets/Materials/Psx_Glass.mat
  artifactKey: Guid(3276cf79406ba034ebcd46e92e790287) Importer(815301076,1909f56bfc062723c751e8b465ee728b)
Start importing Assets/Materials/Psx_Glass.mat using Guid(3276cf79406ba034ebcd46e92e790287) Importer(815301076,1909f56bfc062723c751e8b465ee728b) (PreviewImporter)The render pass PSX.FogPass does not have an implementation of the RecordRenderGraph method. Please implement this method, or consider turning on Compatibility Mode (RenderGraph disabled) in the menu Edit > Project Settings > Graphics > URP. Otherwise the render pass will have no effect. For more information, refer to https://docs.unity3d.com/Packages/com.unity.render-pipelines.universal@latest/index.html?subfolder=/manual/customizing-urp.html.
UnityEngine.Debug:ExtractStackTraceNoAlloc (byte*,int,string)
UnityEngine.StackTraceUtility:ExtractStackTrace ()
UnityEngine.DebugLogHandler:Internal_Log (UnityEngine.LogType,UnityEngine.LogOption,string,UnityEngine.Object)
UnityEngine.DebugLogHandler:LogFormat (UnityEngine.LogType,UnityEngine.Object,string,object[])
UnityEngine.Logger:Log (UnityEngine.LogType,object)
UnityEngine.Debug:LogWarning (object)
UnityEngine.Rendering.Universal.ScriptableRenderPass:RecordRenderGraph (UnityEngine.Rendering.RenderGraphModule.RenderGraph,UnityEngine.Rendering.ContextContainer) (at ./Library/PackageCache/com.unity.render-pipelines.universal@ba24149c0920/Runtime/Passes/ScriptableRenderPass.cs:724)
UnityEngine.Rendering.Universal.ScriptableRenderer:RecordCustomRenderGraphPassesInEventRange (UnityEngine.Rendering.RenderGraphModule.RenderGraph,UnityEngine.Rendering.Universal.RenderPassEvent,UnityEngine.Rendering.Universal.RenderPassEvent) (at ./Library/PackageCache/com.unity.render-pipelines.universal@ba24149c0920/Runtime/ScriptableRenderer.cs:1250)
UnityEngine.Rendering.Universal.ScriptableRenderer:RecordCustomRenderGraphPasses (UnityEngine.Rendering.RenderGraphModule.RenderGraph,UnityEngine.Rendering.Universal.RenderPassEvent,UnityEngine.Rendering.Universal.RenderPassEvent) (at ./Library/PackageCache/com.unity.render-pipelines.universal@ba24149c0920/Runtime/ScriptableRenderer.cs:1269)
UnityEngine.Rendering.Universal.ScriptableRenderer:RecordCustomRenderGraphPasses (UnityEngine.Rendering.RenderGraphModule.RenderGraph,UnityEngine.Rendering.Universal.RenderPassEvent) (at ./Library/PackageCache/com.unity.render-pipelines.universal@ba24149c0920/Runtime/ScriptableRenderer.cs:1274)
UnityEngine.Rendering.Universal.UniversalRenderer:OnAfterRendering (UnityEngine.Rendering.RenderGraphModule.RenderGraph) (at ./Library/PackageCache/com.unity.render-pipelines.universal@ba24149c0920/Runtime/UniversalRendererRenderGraph.cs:1436)
UnityEngine.Rendering.Universal.UniversalRenderer:OnRecordRenderGraph (UnityEngine.Rendering.RenderGraphModule.RenderGraph,UnityEngine.Rendering.ScriptableRenderContext) (at ./Library/PackageCache/com.unity.render-pipelines.universal@ba24149c0920/Runtime/UniversalRendererRenderGraph.cs:806)
UnityEngine.Rendering.Universal.ScriptableRenderer:RecordRenderGraph (UnityEngine.Rendering.RenderGraphModule.RenderGraph,UnityEngine.Rendering.ScriptableRenderContext) (at ./Library/PackageCache/com.unity.render-pipelines.universal@ba24149c0920/Runtime/ScriptableRenderer.cs:1203)
UnityEngine.Rendering.Universal.UniversalRenderPipeline:RecordRenderGraph (UnityEngine.Rendering.RenderGraphModule.RenderGraph,UnityEngine.Rendering.ScriptableRenderContext,UnityEngine.Rendering.Universal.ScriptableRenderer) (at ./Library/PackageCache/com.unity.render-pipelines.universal@ba24149c0920/Runtime/UniversalRenderPipelineRenderGraph.cs:10)
UnityEngine.Rendering.Universal.UniversalRenderPipeline:RecordAndExecuteRenderGraph (UnityEngine.Rendering.RenderGraphModule.RenderGraph,UnityEngine.Rendering.ScriptableRenderContext,UnityEngine.Rendering.Universal.ScriptableRenderer,UnityEngine.Rendering.CommandBuffer,UnityEngine.Camera,string) (at ./Library/PackageCache/com.unity.render-pipelines.universal@ba24149c0920/Runtime/UniversalRenderPipelineRenderGraph.cs:24)
UnityEngine.Rendering.Universal.UniversalRenderPipeline:RenderSingleCamera (UnityEngine.Rendering.ScriptableRenderContext,UnityEngine.Rendering.Universal.UniversalCameraData) (at ./Library/PackageCache/com.unity.render-pipelines.universal@ba24149c0920/Runtime/UniversalRenderPipeline.cs:855)
UnityEngine.Rendering.Universal.UniversalRenderPipeline:RenderSingleCameraInternal (UnityEngine.Rendering.ScriptableRenderContext,UnityEngine.Camera,UnityEngine.Rendering.Universal.UniversalAdditionalCameraData&,bool) (at ./Library/PackageCache/com.unity.render-pipelines.universal@ba24149c0920/Runtime/UniversalRenderPipeline.cs:688)
UnityEngine.Rendering.Universal.UniversalRenderPipeline:RenderSingleCameraInternal (UnityEngine.Rendering.ScriptableRenderContext,UnityEngine.Camera,bool) (at ./Library/PackageCache/com.unity.render-pipelines.universal@ba24149c0920/Runtime/UniversalRenderPipeline.cs:663)
UnityEngine.Rendering.Universal.UniversalRenderPipeline:Render (UnityEngine.Rendering.ScriptableRenderContext,System.Collections.Generic.List`1<UnityEngine.Camera>) (at ./Library/PackageCache/com.unity.render-pipelines.universal@ba24149c0920/Runtime/UniversalRenderPipeline.cs:480)
UnityEngine.Rendering.RenderPipeline:InternalRender (UnityEngine.Rendering.ScriptableRenderContext,System.Collections.Generic.List`1<UnityEngine.Camera>)
UnityEngine.Rendering.RenderPipelineManager:DoRenderLoop_Internal (UnityEngine.Rendering.RenderPipelineAsset,intptr,UnityEngine.Object,Unity.Collections.LowLevel.Unsafe.AtomicSafetyHandle)
UnityEngine.Camera:Render ()
UnityEditor.PreviewRenderUtility:Render (bool,bool)
UnityEditor.MaterialEditor:DoRenderPreview (UnityEditor.PreviewRenderUtility,bool)
UnityEditor.MaterialEditor:RenderStaticPreview (string,UnityEngine.Object[],int,int)
UnityEditor.AssetPreviewUpdater:CreatePreview (UnityEngine.Object,UnityEngine.Object[],string,int,int)
UnityEditor.AssetPreviewUpdater:CreatePreviewForAsset (UnityEngine.Object,UnityEngine.Object[],string)

(Filename: ./Library/PackageCache/com.unity.render-pipelines.universal@ba24149c0920/Runtime/Passes/ScriptableRenderPass.cs Line: 724)

The render pass PSX.PixelationPass does not have an implementation of the RecordRenderGraph method. Please implement this method, or consider turning on Compatibility Mode (RenderGraph disabled) in the menu Edit > Project Settings > Graphics > URP. Otherwise the render pass will have no effect. For more information, refer to https://docs.unity3d.com/Packages/com.unity.render-pipelines.universal@latest/index.html?subfolder=/manual/customizing-urp.html.
UnityEngine.Debug:ExtractStackTraceNoAlloc (byte*,int,string)
UnityEngine.StackTraceUtility:ExtractStackTrace ()
UnityEngine.DebugLogHandler:Internal_Log (UnityEngine.LogType,UnityEngine.LogOption,string,UnityEngine.Object)
UnityEngine.DebugLogHandler:LogFormat (UnityEngine.LogType,UnityEngine.Object,string,object[])
UnityEngine.Logger:Log (UnityEngine.LogType,object)
UnityEngine.Debug:LogWarning (object)
UnityEngine.Rendering.Universal.ScriptableRenderPass:RecordRenderGraph (UnityEngine.Rendering.RenderGraphModule.RenderGraph,UnityEngine.Rendering.ContextContainer) (at ./Library/PackageCache/com.unity.render-pipelines.universal@ba24149c0920/Runtime/Passes/ScriptableRenderPass.cs:724)
UnityEngine.Rendering.Universal.ScriptableRenderer:RecordCustomRenderGraphPassesInEventRange (UnityEngine.Rendering.RenderGraphModule.RenderGraph,UnityEngine.Rendering.Universal.RenderPassEvent,UnityEngine.Rendering.Universal.RenderPassEvent) (at ./Library/PackageCache/com.unity.render-pipelines.universal@ba24149c0920/Runtime/ScriptableRenderer.cs:1250)
UnityEngine.Rendering.Universal.ScriptableRenderer:RecordCustomRenderGraphPasses (UnityEngine.Rendering.RenderGraphModule.RenderGraph,UnityEngine.Rendering.Universal.RenderPassEvent,UnityEngine.Rendering.Universal.RenderPassEvent) (at ./Library/PackageCache/com.unity.render-pipelines.universal@ba24149c0920/Runtime/ScriptableRenderer.cs:1269)
UnityEngine.Rendering.Universal.ScriptableRenderer:RecordCustomRenderGraphPasses (UnityEngine.Rendering.RenderGraphModule.RenderGraph,UnityEngine.Rendering.Universal.RenderPassEvent) (at ./Library/PackageCache/com.unity.render-pipelines.universal@ba24149c0920/Runtime/ScriptableRenderer.cs:1274)
UnityEngine.Rendering.Universal.UniversalRenderer:OnAfterRendering (UnityEngine.Rendering.RenderGraphModule.RenderGraph) (at ./Library/PackageCache/com.unity.render-pipelines.universal@ba24149c0920/Runtime/UniversalRendererRenderGraph.cs:1436)
UnityEngine.Rendering.Universal.UniversalRenderer:OnRecordRenderGraph (UnityEngine.Rendering.RenderGraphModule.RenderGraph,UnityEngine.Rendering.ScriptableRenderContext) (at ./Library/PackageCache/com.unity.render-pipelines.universal@ba24149c0920/Runtime/UniversalRendererRenderGraph.cs:806)
UnityEngine.Rendering.Universal.ScriptableRenderer:RecordRenderGraph (UnityEngine.Rendering.RenderGraphModule.RenderGraph,UnityEngine.Rendering.ScriptableRenderContext) (at ./Library/PackageCache/com.unity.render-pipelines.universal@ba24149c0920/Runtime/ScriptableRenderer.cs:1203)
UnityEngine.Rendering.Universal.UniversalRenderPipeline:RecordRenderGraph (UnityEngine.Rendering.RenderGraphModule.RenderGraph,UnityEngine.Rendering.ScriptableRenderContext,UnityEngine.Rendering.Universal.ScriptableRenderer) (at ./Library/PackageCache/com.unity.render-pipelines.universal@ba24149c0920/Runtime/UniversalRenderPipelineRenderGraph.cs:10)
UnityEngine.Rendering.Universal.UniversalRenderPipeline:RecordAndExecuteRenderGraph (UnityEngine.Rendering.RenderGraphModule.RenderGraph,UnityEngine.Rendering.ScriptableRenderContext,UnityEngine.Rendering.Universal.ScriptableRenderer,UnityEngine.Rendering.CommandBuffer,UnityEngine.Camera,string) (at ./Library/PackageCache/com.unity.render-pipelines.universal@ba24149c0920/Runtime/UniversalRenderPipelineRenderGraph.cs:24)
UnityEngine.Rendering.Universal.UniversalRenderPipeline:RenderSingleCamera (UnityEngine.Rendering.ScriptableRenderContext,UnityEngine.Rendering.Universal.UniversalCameraData) (at ./Library/PackageCache/com.unity.render-pipelines.universal@ba24149c0920/Runtime/UniversalRenderPipeline.cs:855)
UnityEngine.Rendering.Universal.UniversalRenderPipeline:RenderSingleCameraInternal (UnityEngine.Rendering.ScriptableRenderContext,UnityEngine.Camera,UnityEngine.Rendering.Universal.UniversalAdditionalCameraData&,bool) (at ./Library/PackageCache/com.unity.render-pipelines.universal@ba24149c0920/Runtime/UniversalRenderPipeline.cs:688)
UnityEngine.Rendering.Universal.UniversalRenderPipeline:RenderSingleCameraInternal (UnityEngine.Rendering.ScriptableRenderContext,UnityEngine.Camera,bool) (at ./Library/PackageCache/com.unity.render-pipelines.universal@ba24149c0920/Runtime/UniversalRenderPipeline.cs:663)
UnityEngine.Rendering.Universal.UniversalRenderPipeline:Render (UnityEngine.Rendering.ScriptableRenderContext,System.Collections.Generic.List`1<UnityEngine.Camera>) (at ./Library/PackageCache/com.unity.render-pipelines.universal@ba24149c0920/Runtime/UniversalRenderPipeline.cs:480)
UnityEngine.Rendering.RenderPipeline:InternalRender (UnityEngine.Rendering.ScriptableRenderContext,System.Collections.Generic.List`1<UnityEngine.Camera>)
UnityEngine.Rendering.RenderPipelineManager:DoRenderLoop_Internal (UnityEngine.Rendering.RenderPipelineAsset,intptr,UnityEngine.Object,Unity.Collections.LowLevel.Unsafe.AtomicSafetyHandle)
UnityEngine.Camera:Render ()
UnityEditor.PreviewRenderUtility:Render (bool,bool)
UnityEditor.MaterialEditor:DoRenderPreview (UnityEditor.PreviewRenderUtility,bool)
UnityEditor.MaterialEditor:RenderStaticPreview (string,UnityEngine.Object[],int,int)
UnityEditor.AssetPreviewUpdater:CreatePreview (UnityEngine.Object,UnityEngine.Object[],string,int,int)
UnityEditor.AssetPreviewUpdater:CreatePreviewForAsset (UnityEngine.Object,UnityEngine.Object[],string)

(Filename: ./Library/PackageCache/com.unity.render-pipelines.universal@ba24149c0920/Runtime/Passes/ScriptableRenderPass.cs Line: 724)

The render pass PSX.DitheringPass does not have an implementation of the RecordRenderGraph method. Please implement this method, or consider turning on Compatibility Mode (RenderGraph disabled) in the menu Edit > Project Settings > Graphics > URP. Otherwise the render pass will have no effect. For more information, refer to https://docs.unity3d.com/Packages/com.unity.render-pipelines.universal@latest/index.html?subfolder=/manual/customizing-urp.html.
UnityEngine.Debug:ExtractStackTraceNoAlloc (byte*,int,string)
UnityEngine.StackTraceUtility:ExtractStackTrace ()
UnityEngine.DebugLogHandler:Internal_Log (UnityEngine.LogType,UnityEngine.LogOption,string,UnityEngine.Object)
UnityEngine.DebugLogHandler:LogFormat (UnityEngine.LogType,UnityEngine.Object,string,object[])
UnityEngine.Logger:Log (UnityEngine.LogType,object)
UnityEngine.Debug:LogWarning (object)
UnityEngine.Rendering.Universal.ScriptableRenderPass:RecordRenderGraph (UnityEngine.Rendering.RenderGraphModule.RenderGraph,UnityEngine.Rendering.ContextContainer) (at ./Library/PackageCache/com.unity.render-pipelines.universal@ba24149c0920/Runtime/Passes/ScriptableRenderPass.cs:724)
UnityEngine.Rendering.Universal.ScriptableRenderer:RecordCustomRenderGraphPassesInEventRange (UnityEngine.Rendering.RenderGraphModule.RenderGraph,UnityEngine.Rendering.Universal.RenderPassEvent,UnityEngine.Rendering.Universal.RenderPassEvent) (at ./Library/PackageCache/com.unity.render-pipelines.universal@ba24149c0920/Runtime/ScriptableRenderer.cs:1250)
UnityEngine.Rendering.Universal.ScriptableRenderer:RecordCustomRenderGraphPasses (UnityEngine.Rendering.RenderGraphModule.RenderGraph,UnityEngine.Rendering.Universal.RenderPassEvent,UnityEngine.Rendering.Universal.RenderPassEvent) (at ./Library/PackageCache/com.unity.render-pipelines.universal@ba24149c0920/Runtime/ScriptableRenderer.cs:1269)
UnityEngine.Rendering.Universal.ScriptableRenderer:RecordCustomRenderGraphPasses (UnityEngine.Rendering.RenderGraphModule.RenderGraph,UnityEngine.Rendering.Universal.RenderPassEvent) (at ./Library/PackageCache/com.unity.render-pipelines.universal@ba24149c0920/Runtime/ScriptableRenderer.cs:1274)
UnityEngine.Rendering.Universal.UniversalRenderer:OnAfterRendering (UnityEngine.Rendering.RenderGraphModule.RenderGraph) (at ./Library/PackageCache/com.unity.render-pipelines.universal@ba24149c0920/Runtime/UniversalRendererRenderGraph.cs:1436)
UnityEngine.Rendering.Universal.UniversalRenderer:OnRecordRenderGraph (UnityEngine.Rendering.RenderGraphModule.RenderGraph,UnityEngine.Rendering.ScriptableRenderContext) (at ./Library/PackageCache/com.unity.render-pipelines.universal@ba24149c0920/Runtime/UniversalRendererRenderGraph.cs:806)
UnityEngine.Rendering.Universal.ScriptableRenderer:RecordRenderGraph (UnityEngine.Rendering.RenderGraphModule.RenderGraph,UnityEngine.Rendering.ScriptableRenderContext) (at ./Library/PackageCache/com.unity.render-pipelines.universal@ba24149c0920/Runtime/ScriptableRenderer.cs:1203)
UnityEngine.Rendering.Universal.UniversalRenderPipeline:RecordRenderGraph (UnityEngine.Rendering.RenderGraphModule.RenderGraph,UnityEngine.Rendering.ScriptableRenderContext,UnityEngine.Rendering.Universal.ScriptableRenderer) (at ./Library/PackageCache/com.unity.render-pipelines.universal@ba24149c0920/Runtime/UniversalRenderPipelineRenderGraph.cs:10)
UnityEngine.Rendering.Universal.UniversalRenderPipeline:RecordAndExecuteRenderGraph (UnityEngine.Rendering.RenderGraphModule.RenderGraph,UnityEngine.Rendering.ScriptableRenderContext,UnityEngine.Rendering.Universal.ScriptableRenderer,UnityEngine.Rendering.CommandBuffer,UnityEngine.Camera,string) (at ./Library/PackageCache/com.unity.render-pipelines.universal@ba24149c0920/Runtime/UniversalRenderPipelineRenderGraph.cs:24)
UnityEngine.Rendering.Universal.UniversalRenderPipeline:RenderSingleCamera (UnityEngine.Rendering.ScriptableRenderContext,UnityEngine.Rendering.Universal.UniversalCameraData) (at ./Library/PackageCache/com.unity.render-pipelines.universal@ba24149c0920/Runtime/UniversalRenderPipeline.cs:855)
UnityEngine.Rendering.Universal.UniversalRenderPipeline:RenderSingleCameraInternal (UnityEngine.Rendering.ScriptableRenderContext,UnityEngine.Camera,UnityEngine.Rendering.Universal.UniversalAdditionalCameraData&,bool) (at ./Library/PackageCache/com.unity.render-pipelines.universal@ba24149c0920/Runtime/UniversalRenderPipeline.cs:688)
UnityEngine.Rendering.Universal.UniversalRenderPipeline:RenderSingleCameraInternal (UnityEngine.Rendering.ScriptableRenderContext,UnityEngine.Camera,bool) (at ./Library/PackageCache/com.unity.render-pipelines.universal@ba24149c0920/Runtime/UniversalRenderPipeline.cs:663)
UnityEngine.Rendering.Universal.UniversalRenderPipeline:Render (UnityEngine.Rendering.ScriptableRenderContext,System.Collections.Generic.List`1<UnityEngine.Camera>) (at ./Library/PackageCache/com.unity.render-pipelines.universal@ba24149c0920/Runtime/UniversalRenderPipeline.cs:480)
UnityEngine.Rendering.RenderPipeline:InternalRender (UnityEngine.Rendering.ScriptableRenderContext,System.Collections.Generic.List`1<UnityEngine.Camera>)
UnityEngine.Rendering.RenderPipelineManager:DoRenderLoop_Internal (UnityEngine.Rendering.RenderPipelineAsset,intptr,UnityEngine.Object,Unity.Collections.LowLevel.Unsafe.AtomicSafetyHandle)
UnityEngine.Camera:Render ()
UnityEditor.PreviewRenderUtility:Render (bool,bool)
UnityEditor.MaterialEditor:DoRenderPreview (UnityEditor.PreviewRenderUtility,bool)
UnityEditor.MaterialEditor:RenderStaticPreview (string,UnityEngine.Object[],int,int)
UnityEditor.AssetPreviewUpdater:CreatePreview (UnityEngine.Object,UnityEngine.Object[],string,int,int)
UnityEditor.AssetPreviewUpdater:CreatePreviewForAsset (UnityEngine.Object,UnityEngine.Object[],string)

(Filename: ./Library/PackageCache/com.unity.render-pipelines.universal@ba24149c0920/Runtime/Passes/ScriptableRenderPass.cs Line: 724)

The render pass PSX.CRTPass does not have an implementation of the RecordRenderGraph method. Please implement this method, or consider turning on Compatibility Mode (RenderGraph disabled) in the menu Edit > Project Settings > Graphics > URP. Otherwise the render pass will have no effect. For more information, refer to https://docs.unity3d.com/Packages/com.unity.render-pipelines.universal@latest/index.html?subfolder=/manual/customizing-urp.html.
UnityEngine.Debug:ExtractStackTraceNoAlloc (byte*,int,string)
UnityEngine.StackTraceUtility:ExtractStackTrace ()
UnityEngine.DebugLogHandler:Internal_Log (UnityEngine.LogType,UnityEngine.LogOption,string,UnityEngine.Object)
UnityEngine.DebugLogHandler:LogFormat (UnityEngine.LogType,UnityEngine.Object,string,object[])
UnityEngine.Logger:Log (UnityEngine.LogType,object)
UnityEngine.Debug:LogWarning (object)
UnityEngine.Rendering.Universal.ScriptableRenderPass:RecordRenderGraph (UnityEngine.Rendering.RenderGraphModule.RenderGraph,UnityEngine.Rendering.ContextContainer) (at ./Library/PackageCache/com.unity.render-pipelines.universal@ba24149c0920/Runtime/Passes/ScriptableRenderPass.cs:724)
UnityEngine.Rendering.Universal.ScriptableRenderer:RecordCustomRenderGraphPassesInEventRange (UnityEngine.Rendering.RenderGraphModule.RenderGraph,UnityEngine.Rendering.Universal.RenderPassEvent,UnityEngine.Rendering.Universal.RenderPassEvent) (at ./Library/PackageCache/com.unity.render-pipelines.universal@ba24149c0920/Runtime/ScriptableRenderer.cs:1250)
UnityEngine.Rendering.Universal.ScriptableRenderer:RecordCustomRenderGraphPasses (UnityEngine.Rendering.RenderGraphModule.RenderGraph,UnityEngine.Rendering.Universal.RenderPassEvent,UnityEngine.Rendering.Universal.RenderPassEvent) (at ./Library/PackageCache/com.unity.render-pipelines.universal@ba24149c0920/Runtime/ScriptableRenderer.cs:1269)
UnityEngine.Rendering.Universal.ScriptableRenderer:RecordCustomRenderGraphPasses (UnityEngine.Rendering.RenderGraphModule.RenderGraph,UnityEngine.Rendering.Universal.RenderPassEvent) (at ./Library/PackageCache/com.unity.render-pipelines.universal@ba24149c0920/Runtime/ScriptableRenderer.cs:1274)
UnityEngine.Rendering.Universal.UniversalRenderer:OnAfterRendering (UnityEngine.Rendering.RenderGraphModule.RenderGraph) (at ./Library/PackageCache/com.unity.render-pipelines.universal@ba24149c0920/Runtime/UniversalRendererRenderGraph.cs:1436)
UnityEngine.Rendering.Universal.UniversalRenderer:OnRecordRenderGraph (UnityEngine.Rendering.RenderGraphModule.RenderGraph,UnityEngine.Rendering.ScriptableRenderContext) (at ./Library/PackageCache/com.unity.render-pipelines.universal@ba24149c0920/Runtime/UniversalRendererRenderGraph.cs:806)
UnityEngine.Rendering.Universal.ScriptableRenderer:RecordRenderGraph (UnityEngine.Rendering.RenderGraphModule.RenderGraph,UnityEngine.Rendering.ScriptableRenderContext) (at ./Library/PackageCache/com.unity.render-pipelines.universal@ba24149c0920/Runtime/ScriptableRenderer.cs:1203)
UnityEngine.Rendering.Universal.UniversalRenderPipeline:RecordRenderGraph (UnityEngine.Rendering.RenderGraphModule.RenderGraph,UnityEngine.Rendering.ScriptableRenderContext,UnityEngine.Rendering.Universal.ScriptableRenderer) (at ./Library/PackageCache/com.unity.render-pipelines.universal@ba24149c0920/Runtime/UniversalRenderPipelineRenderGraph.cs:10)
UnityEngine.Rendering.Universal.UniversalRenderPipeline:RecordAndExecuteRenderGraph (UnityEngine.Rendering.RenderGraphModule.RenderGraph,UnityEngine.Rendering.ScriptableRenderContext,UnityEngine.Rendering.Universal.ScriptableRenderer,UnityEngine.Rendering.CommandBuffer,UnityEngine.Camera,string) (at ./Library/PackageCache/com.unity.render-pipelines.universal@ba24149c0920/Runtime/UniversalRenderPipelineRenderGraph.cs:24)
UnityEngine.Rendering.Universal.UniversalRenderPipeline:RenderSingleCamera (UnityEngine.Rendering.ScriptableRenderContext,UnityEngine.Rendering.Universal.UniversalCameraData) (at ./Library/PackageCache/com.unity.render-pipelines.universal@ba24149c0920/Runtime/UniversalRenderPipeline.cs:855)
UnityEngine.Rendering.Universal.UniversalRenderPipeline:RenderSingleCameraInternal (UnityEngine.Rendering.ScriptableRenderContext,UnityEngine.Camera,UnityEngine.Rendering.Universal.UniversalAdditionalCameraData&,bool) (at ./Library/PackageCache/com.unity.render-pipelines.universal@ba24149c0920/Runtime/UniversalRenderPipeline.cs:688)
UnityEngine.Rendering.Universal.UniversalRenderPipeline:RenderSingleCameraInternal (UnityEngine.Rendering.ScriptableRenderContext,UnityEngine.Camera,bool) (at ./Library/PackageCache/com.unity.render-pipelines.universal@ba24149c0920/Runtime/UniversalRenderPipeline.cs:663)
UnityEngine.Rendering.Universal.UniversalRenderPipeline:Render (UnityEngine.Rendering.ScriptableRenderContext,System.Collections.Generic.List`1<UnityEngine.Camera>) (at ./Library/PackageCache/com.unity.render-pipelines.universal@ba24149c0920/Runtime/UniversalRenderPipeline.cs:480)
UnityEngine.Rendering.RenderPipeline:InternalRender (UnityEngine.Rendering.ScriptableRenderContext,System.Collections.Generic.List`1<UnityEngine.Camera>)
UnityEngine.Rendering.RenderPipelineManager:DoRenderLoop_Internal (UnityEngine.Rendering.RenderPipelineAsset,intptr,UnityEngine.Object,Unity.Collections.LowLevel.Unsafe.AtomicSafetyHandle)
UnityEngine.Camera:Render ()
UnityEditor.PreviewRenderUtility:Render (bool,bool)
UnityEditor.MaterialEditor:DoRenderPreview (UnityEditor.PreviewRenderUtility,bool)
UnityEditor.MaterialEditor:RenderStaticPreview (string,UnityEngine.Object[],int,int)
UnityEditor.AssetPreviewUpdater:CreatePreview (UnityEngine.Object,UnityEngine.Object[],string,int,int)
UnityEditor.AssetPreviewUpdater:CreatePreviewForAsset (UnityEngine.Object,UnityEngine.Object[],string)

(Filename: ./Library/PackageCache/com.unity.render-pipelines.universal@ba24149c0920/Runtime/Passes/ScriptableRenderPass.cs Line: 724)

 -> (artifact id: 'ec63927eab0461fec58e57ce404dbb3a') in 0.546819 seconds
Number of updated asset objects reloaded before import = 0Number of asset objects unloaded after import = 14

Editor requested this worker to shutdown with reason: Scaling down because of idle timeout
AssetImportWorker is now disconnected from the server
Process exiting
Exiting without the bug reporter. Application will terminate with return code 0