Using pre-set license
Built from '6000.0/respin/6000.0.60f1-f02d6f9f9009' branch; Version is '6000.0.60f1 (61dfb374e36f) revision 6414259'; Using compiler version '193933523'; Build Type 'Release'
OS: 'Windows 10  (10.0.19045) 64bit Core' Language: 'en' Physical Memory: 32682 MB
BatchMode: 1, IsHumanControllingUs: 0, StartBugReporterOnCrash: 0, Is64bit: 1
Date: 2026-09-08T03:09:15Z

COMMAND LINE ARGUMENTS:
C:\Program Files\Unity\Hub\Editor\6000.0.60f1\Editor\Unity.exe
-adb2
-batchMode
-noUpm
-name
AssetImportWorker8
-projectPath
C:/Users/frank/Documents/Github/StarDance Platformer/Stardance Project
-logFile
Logs/AssetImportWorker8.log
-srvPort
64689
-job-worker-count
7
-background-job-worker-count
8
-gc-helper-count
1
-name
AssetImport
Successfully changed project path to: C:/Users/frank/Documents/Github/StarDance Platformer/Stardance Project
C:/Users/frank/Documents/Github/StarDance Platformer/Stardance Project
[UnityMemory] Configuration Parameters - Can be set up in boot.config
    "memorysetup-bucket-allocator-granularity=16"
    "memorysetup-bucket-allocator-bucket-count=8"
    "memorysetup-bucket-allocator-block-size=33554432"
    "memorysetup-bucket-allocator-block-count=8"
    "memorysetup-main-allocator-block-size=16777216"
    "memorysetup-thread-allocator-block-size=16777216"
    "memorysetup-gfx-main-allocator-block-size=16777216"
    "memorysetup-gfx-thread-allocator-block-size=16777216"
    "memorysetup-cache-allocator-block-size=4194304"
    "memorysetup-typetree-allocator-block-size=2097152"
    "memorysetup-profiler-bucket-allocator-granularity=16"
    "memorysetup-profiler-bucket-allocator-bucket-count=8"
    "memorysetup-profiler-bucket-allocator-block-size=33554432"
    "memorysetup-profiler-bucket-allocator-block-count=8"
    "memorysetup-profiler-allocator-block-size=16777216"
    "memorysetup-profiler-editor-allocator-block-size=1048576"
    "memorysetup-temp-allocator-size-main=16777216"
    "memorysetup-job-temp-allocator-block-size=2097152"
    "memorysetup-job-temp-allocator-block-size-background=1048576"
    "memorysetup-job-temp-allocator-reduction-small-platforms=262144"
    "memorysetup-allocator-temp-initial-block-size-main=262144"
    "memorysetup-allocator-temp-initial-block-size-worker=262144"
    "memorysetup-temp-allocator-size-background-worker=32768"
    "memorysetup-temp-allocator-size-job-worker=262144"
    "memorysetup-temp-allocator-size-preload-manager=33554432"
    "memorysetup-temp-allocator-size-nav-mesh-worker=65536"
    "memorysetup-temp-allocator-size-audio-worker=65536"
    "memorysetup-temp-allocator-size-cloud-worker=32768"
    "memorysetup-temp-allocator-size-gi-baking-worker=262144"
    "memorysetup-temp-allocator-size-gi-baking-worker=262144"
    "memorysetup-temp-allocator-size-gi-baking-worker=262144"
    "memorysetup-temp-allocator-size-gi-baking-worker=262144"
    "memorysetup-temp-allocator-size-gi-baking-worker=262144"
    "memorysetup-temp-allocator-size-gfx=262144"
Player connection [24344]  Target information:

Player connection [24344]  * "[IP] 10.0.0.136 [Port] 0 [Flags] 2 [Guid] 2535236926 [EditorId] 2535236926 [Version] 1048832 [Id] WindowsEditor(7,DESKTOP-G03H8AT) [Debug] 1 [PackageName] WindowsEditor [ProjectName] Editor" 

Player connection [24344]  * "[IP] 26.71.94.48 [Port] 0 [Flags] 2 [Guid] 2535236926 [EditorId] 2535236926 [Version] 1048832 [Id] WindowsEditor(7,DESKTOP-G03H8AT) [Debug] 1 [PackageName] WindowsEditor [ProjectName] Editor" 

Player connection [24344]  * "[IP] 10.147.18.62 [Port] 0 [Flags] 2 [Guid] 2535236926 [EditorId] 2535236926 [Version] 1048832 [Id] WindowsEditor(7,DESKTOP-G03H8AT) [Debug] 1 [PackageName] WindowsEditor [ProjectName] Editor" 

Player connection [24344] Host joined multi-casting on [225.0.0.222:54997]...
Player connection [24344] Host joined alternative multi-casting on [225.0.0.222:34997]...
JobSystem: Creating JobQueue using job-worker-count value 7
Input System module state changed to: Initialized.
[Physics::Module] Initialized fallback backend.
[Physics::Module] Id: 0xdecafbad
Library Redirect Path: Library/
[Physics::Module] Selected backend.
[Physics::Module] Name: PhysX
[Physics::Module] Id: 0xf2b8ea05
[Physics::Module] SDK Version: 4.1.2
[Physics::Module] Integration Version: 1.0.0
[Physics::Module] Threading Mode: Multi-Threaded
Refreshing native plugins compatible for Editor in 2.40 ms, found 3 plugins.
Preloading 0 native plugins for Editor in 0.00 ms.
Initialize engine version: 6000.0.60f1 (61dfb374e36f)
[Subsystems] Discovering subsystems at path C:/Program Files/Unity/Hub/Editor/6000.0.60f1/Editor/Data/Resources/UnitySubsystems
[Subsystems] Discovering subsystems at path C:/Users/frank/Documents/Github/StarDance Platformer/Stardance Project/Assets
GfxDevice: creating device client; kGfxThreadingModeNonThreaded
Direct3D:
    Version:  Direct3D 11.0 [level 11.1]
    Renderer: NVIDIA GeForce RTX 3060 (ID=0x2504)
    Vendor:   NVIDIA
    VRAM:     12115 MB
    Driver:   32.0.15.9579
Initialize mono
Mono path[0] = 'C:/Program Files/Unity/Hub/Editor/6000.0.60f1/Editor/Data/Managed'
Mono path[1] = 'C:/Program Files/Unity/Hub/Editor/6000.0.60f1/Editor/Data/MonoBleedingEdge/lib/mono/unityjit-win32'
Mono config path = 'C:/Program Files/Unity/Hub/Editor/6000.0.60f1/Editor/Data/MonoBleedingEdge/etc'
Using monoOptions --debugger-agent=transport=dt_socket,embedding=1,server=y,suspend=n,address=127.0.0.1:56168
Begin MonoManager ReloadAssembly
Registering precompiled unity dll's ...
Register platform support module: C:/Program Files/Unity/Hub/Editor/6000.0.60f1/Editor/Data/PlaybackEngines/WebGLSupport/UnityEditor.WebGL.Extensions.dll
Register platform support module: C:/Program Files/Unity/Hub/Editor/6000.0.60f1/Editor/Data/PlaybackEngines/MacStandaloneSupport/UnityEditor.OSXStandalone.Extensions.dll
Register platform support module: C:/Program Files/Unity/Hub/Editor/6000.0.60f1/Editor/Data/PlaybackEngines/WindowsStandaloneSupport/UnityEditor.WindowsStandalone.Extensions.dll
Registered in 0.005399 seconds.
- Loaded All Assemblies, in  0.352 seconds
Native extension for WindowsStandalone target not found
Native extension for OSXStandalone target not found
Native extension for WebGL target not found
Mono: successfully reloaded assembly
- Finished resetting the current domain, in  0.292 seconds
Domain Reload Profiling: 641ms
	BeginReloadAssembly (125ms)
		ExecutionOrderSort (0ms)
		DisableScriptedObjects (0ms)
		BackupInstance (0ms)
		ReleaseScriptingObjects (0ms)
		CreateAndSetChildDomain (1ms)
	RebuildCommonClasses (30ms)
	RebuildNativeTypeToScriptingClass (10ms)
	initialDomainReloadingComplete (49ms)
	LoadAllAssembliesAndSetupDomain (135ms)
		LoadAssemblies (121ms)
		RebuildTransferFunctionScriptingTraits (0ms)
		AnalyzeDomain (132ms)
			TypeCache.Refresh (130ms)
				TypeCache.ScanAssembly (117ms)
			BuildScriptInfoCaches (0ms)
			ResolveRequiredComponents (0ms)
	FinalizeReload (292ms)
		ReleaseScriptCaches (0ms)
		RebuildScriptCaches (0ms)
		SetupLoadedEditorAssemblies (253ms)
			LogAssemblyErrors (0ms)
			InitializePlatformSupportModulesInManaged (42ms)
			SetLoadedEditorAssemblies (3ms)
			BeforeProcessingInitializeOnLoad (50ms)
			ProcessInitializeOnLoadAttributes (108ms)
			ProcessInitializeOnLoadMethodAttributes (50ms)
			AfterProcessingInitializeOnLoad (0ms)
			EditorAssembliesLoaded (0ms)
		ExecutionOrderSort2 (0ms)
		AwakeInstancesAfterBackupRestoration (0ms)
========================================================================
Worker process is ready to serve import requests
Import Worker Mode flag is 0x00
Begin MonoManager ReloadAssembly
- Loaded All Assemblies, in  0.801 seconds
Refreshing native plugins compatible for Editor in 1.07 ms, found 3 plugins.
Native extension for WindowsStandalone target not found
Native extension for OSXStandalone target not found
Native extension for WebGL target not found
Package Manager log level set to [2]
[Package Manager] Failed to launch server process. Reason: Unity was launched with the -noUpm command-line argument
[Package Manager] Unable to send message (not connected to server process).
[Package Manager] Cannot connect to Unity Package Manager local server
<HackaTime> Initializing...
UnityEngine.Debug:ExtractStackTraceNoAlloc (byte*,int,string)
UnityEngine.StackTraceUtility:ExtractStackTrace ()
UnityEngine.DebugLogHandler:Internal_Log (UnityEngine.LogType,UnityEngine.LogOption,string,UnityEngine.Object)
UnityEngine.DebugLogHandler:LogFormat (UnityEngine.LogType,UnityEngine.Object,string,object[])
UnityEngine.Logger:Log (UnityEngine.LogType,object)
UnityEngine.Debug:Log (object)
WakaTime.Plugin:Initialize () (at ./Library/PackageCache/com.daniel-geo.unityhackatime@5ac210a9a287/Editor/Plugin.cs:76)
WakaTime.Plugin:.cctor () (at ./Library/PackageCache/com.daniel-geo.unityhackatime@5ac210a9a287/Editor/Plugin.cs:41)
System.Runtime.CompilerServices.RuntimeHelpers:RunClassConstructor (System.RuntimeTypeHandle)
UnityEditor.EditorAssemblies:ProcessInitializeOnLoadAttributes (System.Type[])

(Filename: ./Library/PackageCache/com.daniel-geo.unityhackatime@5ac210a9a287/Editor/Plugin.cs Line: 76)

<HackaTime> Sending heartbeat...
UnityEngine.Debug:ExtractStackTraceNoAlloc (byte*,int,string)
UnityEngine.StackTraceUtility:ExtractStackTrace ()
UnityEngine.DebugLogHandler:Internal_Log (UnityEngine.LogType,UnityEngine.LogOption,string,UnityEngine.Object)
UnityEngine.DebugLogHandler:LogFormat (UnityEngine.LogType,UnityEngine.Object,string,object[])
UnityEngine.Logger:Log (UnityEngine.LogType,object)
UnityEngine.Debug:Log (object)
WakaTime.Plugin/<SendHeartbeat>d__29:MoveNext () (at ./Library/PackageCache/com.daniel-geo.unityhackatime@5ac210a9a287/Editor/Plugin.cs:144)
System.Runtime.CompilerServices.AsyncVoidMethodBuilder:Start<WakaTime.Plugin/<SendHeartbeat>d__29> (WakaTime.Plugin/<SendHeartbeat>d__29&)
WakaTime.Plugin:SendHeartbeat (bool)
WakaTime.Plugin:Initialize () (at ./Library/PackageCache/com.daniel-geo.unityhackatime@5ac210a9a287/Editor/Plugin.cs:78)
WakaTime.Plugin:.cctor () (at ./Library/PackageCache/com.daniel-geo.unityhackatime@5ac210a9a287/Editor/Plugin.cs:41)
System.Runtime.CompilerServices.RuntimeHelpers:RunClassConstructor (System.RuntimeTypeHandle)
UnityEditor.EditorAssemblies:ProcessInitializeOnLoadAttributes (System.Type[])

(Filename: ./Library/PackageCache/com.daniel-geo.unityhackatime@5ac210a9a287/Editor/Plugin.cs Line: 144)

[MODES] ModeService[none].Initialize
[MODES] ModeService[none].LoadModes
[MODES] Loading mode Default (0) for mode-current-id-Stardance Project
Mono: successfully reloaded assembly
- Finished resetting the current domain, in  0.705 seconds
Domain Reload Profiling: 1499ms
	BeginReloadAssembly (176ms)
		ExecutionOrderSort (0ms)
		DisableScriptedObjects (6ms)
		BackupInstance (0ms)
		ReleaseScriptingObjects (0ms)
		CreateAndSetChildDomain (33ms)
	RebuildCommonClasses (32ms)
	RebuildNativeTypeToScriptingClass (10ms)
	initialDomainReloadingComplete (39ms)
	LoadAllAssembliesAndSetupDomain (537ms)
		LoadAssemblies (407ms)
		RebuildTransferFunctionScriptingTraits (0ms)
		AnalyzeDomain (230ms)
			TypeCache.Refresh (169ms)
				TypeCache.ScanAssembly (150ms)
			BuildScriptInfoCaches (49ms)
			ResolveRequiredComponents (9ms)
	FinalizeReload (706ms)
		ReleaseScriptCaches (0ms)
		RebuildScriptCaches (0ms)
		SetupLoadedEditorAssemblies (535ms)
			LogAssemblyErrors (0ms)
			InitializePlatformSupportModulesInManaged (4ms)
			SetLoadedEditorAssemblies (5ms)
			BeforeProcessingInitializeOnLoad (120ms)
			ProcessInitializeOnLoadAttributes (319ms)
			ProcessInitializeOnLoadMethodAttributes (77ms)
			AfterProcessingInitializeOnLoad (9ms)
			EditorAssembliesLoaded (0ms)
		ExecutionOrderSort2 (0ms)
		AwakeInstancesAfterBackupRestoration (8ms)
Launched and connected shader compiler UnityShaderCompiler.exe after 0.01 seconds
Refreshing native plugins compatible for Editor in 1.09 ms, found 3 plugins.
Preloading 0 native plugins for Editor in 0.00 ms.
Unloading 14 Unused Serialized files (Serialized files now loaded: 0)
<HackaTime> Got response
{"id":2716361301,"user_id":27195,"branch":"main","category":"coding","dependencies":[],"editor":"unity","entity":"Unsaved Scene","language":"unity","machine":null,"operating_system":null,"project":"Stardance Project","type":"file","user_agent":"unity-hackatime","line_additions":null,"line_deletions":null,"lineno":null,"lines":null,"cursorpos":null,"project_root_count":null,"time":1788836992.0,"is_write":false,"created_at":"2026-09-08T03:09:18.400Z","updated_at":"2026-09-08T03:09:18.400Z","fields_hash":"b5c6b63fe6326a46aa5112d0500cc854","source_type":"direct_entry","ip_address":"2601:600:8280:6b00:5d1e:6bf0:57c3:b9dd","deleted_at":null,"ja4_id":22,"ai_model":null,"ai_session":null,"ai_subscription_plan":null,"ai_input_tokens":null,"ai_output_tokens":null,"ai_prompt_length":null,"ai_line_changes":null,"human_line_changes":null}
UnityEngine.Debug:ExtractStackTraceNoAlloc (byte*,int,string)
UnityEngine.StackTraceUtility:ExtractStackTrace ()
UnityEngine.DebugLogHandler:Internal_Log (UnityEngine.LogType,UnityEngine.LogOption,string,UnityEngine.Object)
UnityEngine.DebugLogHandler:LogFormat (UnityEngine.LogType,UnityEngine.Object,string,object[])
UnityEngine.Logger:Log (UnityEngine.LogType,object)
UnityEngine.Debug:Log (object)
WakaTime.Plugin/<SendHeartbeat>d__29:MoveNext () (at ./Library/PackageCache/com.daniel-geo.unityhackatime@5ac210a9a287/Editor/Plugin.cs:187)
System.Runtime.CompilerServices.AsyncMethodBuilderCore/MoveNextRunner:InvokeMoveNext (object)
System.Threading.ExecutionContext:RunInternal (System.Threading.ExecutionContext,System.Threading.ContextCallback,object,bool)
System.Threading.ExecutionContext:Run (System.Threading.ExecutionContext,System.Threading.ContextCallback,object,bool)
System.Runtime.CompilerServices.AsyncMethodBuilderCore/MoveNextRunner:Run ()
System.Threading.Tasks.AwaitTaskContinuation:InvokeAction (object)
System.Threading.Tasks.AwaitTaskContinuation:RunCallback (System.Threading.ContextCallback,object,System.Threading.Tasks.Task&)
System.Threading.Tasks.SynchronizationContextAwaitTaskContinuation:Run (System.Threading.Tasks.Task,bool)
System.Threading.Tasks.Task:FinishContinuations ()
System.Threading.Tasks.Task:FinishStageThree ()
System.Threading.Tasks.Task`1<bool>:TrySetResult (bool)
System.Threading.Tasks.TaskCompletionSource`1<bool>:TrySetResult (bool)
WakaTime.Plugin/<>c__DisplayClass29_0:<SendHeartbeat>b__0 (UnityEngine.AsyncOperation) (at ./Library/PackageCache/com.daniel-geo.unityhackatime@5ac210a9a287/Editor/Plugin.cs:176)
UnityEngine.AsyncOperation:InvokeCompletionEvent ()

(Filename: ./Library/PackageCache/com.daniel-geo.unityhackatime@5ac210a9a287/Editor/Plugin.cs Line: 187)

<HackaTime> Sent heartbeat!
UnityEngine.Debug:ExtractStackTraceNoAlloc (byte*,int,string)
UnityEngine.StackTraceUtility:ExtractStackTrace ()
UnityEngine.DebugLogHandler:Internal_Log (UnityEngine.LogType,UnityEngine.LogOption,string,UnityEngine.Object)
UnityEngine.DebugLogHandler:LogFormat (UnityEngine.LogType,UnityEngine.Object,string,object[])
UnityEngine.Logger:Log (UnityEngine.LogType,object)
UnityEngine.Debug:Log (object)
WakaTime.Plugin/<SendHeartbeat>d__29:MoveNext () (at ./Library/PackageCache/com.daniel-geo.unityhackatime@5ac210a9a287/Editor/Plugin.cs:203)
System.Runtime.CompilerServices.AsyncMethodBuilderCore/MoveNextRunner:InvokeMoveNext (object)
System.Threading.ExecutionContext:RunInternal (System.Threading.ExecutionContext,System.Threading.ContextCallback,object,bool)
System.Threading.ExecutionContext:Run (System.Threading.ExecutionContext,System.Threading.ContextCallback,object,bool)
System.Runtime.CompilerServices.AsyncMethodBuilderCore/MoveNextRunner:Run ()
System.Threading.Tasks.AwaitTaskContinuation:InvokeAction (object)
System.Threading.Tasks.AwaitTaskContinuation:RunCallback (System.Threading.ContextCallback,object,System.Threading.Tasks.Task&)
System.Threading.Tasks.SynchronizationContextAwaitTaskContinuation:Run (System.Threading.Tasks.Task,bool)
System.Threading.Tasks.Task:FinishContinuations ()
System.Threading.Tasks.Task:FinishStageThree ()
System.Threading.Tasks.Task`1<bool>:TrySetResult (bool)
System.Threading.Tasks.TaskCompletionSource`1<bool>:TrySetResult (bool)
WakaTime.Plugin/<>c__DisplayClass29_0:<SendHeartbeat>b__0 (UnityEngine.AsyncOperation) (at ./Library/PackageCache/com.daniel-geo.unityhackatime@5ac210a9a287/Editor/Plugin.cs:176)
UnityEngine.AsyncOperation:InvokeCompletionEvent ()

(Filename: ./Library/PackageCache/com.daniel-geo.unityhackatime@5ac210a9a287/Editor/Plugin.cs Line: 203)

Unloading 6465 unused Assets / (4.4 MB). Loaded Objects now: 7194.
Memory consumption went from 135.1 MB to 130.7 MB.
Total: 10.238600 ms (FindLiveObjects: 0.893000 ms CreateObjectMapping: 1.038700 ms MarkObjects: 4.947900 ms  DeleteObjects: 3.358400 ms)

========================================================================
Received Import Request.
  Time since last request: 26989.180099 seconds.
  path: Assets/Resources/Levels/1/5.prefab
  artifactKey: Guid(15b1499904d2ba14f8578e7d05132837) Importer(2089858483,192608db42251d675da83286b1cce702)
Start importing Assets/Resources/Levels/1/5.prefab using Guid(15b1499904d2ba14f8578e7d05132837) Importer(2089858483,192608db42251d675da83286b1cce702) (ScriptedImporter) -> (artifact id: '43202aefe4ea0abfaf38acb805d88bac') in 0.1445852 seconds
Number of updated asset objects reloaded before import = 0Number of asset objects unloaded after import = 43

========================================================================
Received Import Request.
  Time since last request: 2.640488 seconds.
  path: Assets/Resources/Levels/1/5.prefab
  artifactKey: Guid(15b1499904d2ba14f8578e7d05132837) Importer(2089858483,192608db42251d675da83286b1cce702)
Start importing Assets/Resources/Levels/1/5.prefab using Guid(15b1499904d2ba14f8578e7d05132837) Importer(2089858483,192608db42251d675da83286b1cce702) (ScriptedImporter) -> (artifact id: '76342a7d815fde7c1089e3451fe485e3') in 0.0058584 seconds
Number of updated asset objects reloaded before import = 0Number of asset objects unloaded after import = 43

========================================================================
Received Import Request.
  Time since last request: 3.794372 seconds.
  path: Assets/Resources/Levels/1/5.prefab
  artifactKey: Guid(15b1499904d2ba14f8578e7d05132837) Importer(2089858483,192608db42251d675da83286b1cce702)
Start importing Assets/Resources/Levels/1/5.prefab using Guid(15b1499904d2ba14f8578e7d05132837) Importer(2089858483,192608db42251d675da83286b1cce702) (ScriptedImporter) -> (artifact id: '4bd5500b55f10b091214b6a0e954d120') in 0.0055605 seconds
Number of updated asset objects reloaded before import = 0Number of asset objects unloaded after import = 43

========================================================================
Received Import Request.
  Time since last request: 2.369355 seconds.
  path: Assets/Resources/Levels/1/5.prefab
  artifactKey: Guid(15b1499904d2ba14f8578e7d05132837) Importer(2089858483,192608db42251d675da83286b1cce702)
Start importing Assets/Resources/Levels/1/5.prefab using Guid(15b1499904d2ba14f8578e7d05132837) Importer(2089858483,192608db42251d675da83286b1cce702) (ScriptedImporter) -> (artifact id: '74afae74e2685f552604c3cb6a8b55fb') in 0.0060781 seconds
Number of updated asset objects reloaded before import = 0Number of asset objects unloaded after import = 43

========================================================================
Received Import Request.
  Time since last request: 3.400744 seconds.
  path: Assets/Resources/Levels/1/5.prefab
  artifactKey: Guid(15b1499904d2ba14f8578e7d05132837) Importer(2089858483,192608db42251d675da83286b1cce702)
Start importing Assets/Resources/Levels/1/5.prefab using Guid(15b1499904d2ba14f8578e7d05132837) Importer(2089858483,192608db42251d675da83286b1cce702) (ScriptedImporter) -> (artifact id: 'd7870edb1a37367375e52733ed3b198b') in 0.0060949 seconds
Number of updated asset objects reloaded before import = 0Number of asset objects unloaded after import = 43

========================================================================
Received Import Request.
  Time since last request: 7.005467 seconds.
  path: Assets/Resources/Levels/1/5.prefab
  artifactKey: Guid(15b1499904d2ba14f8578e7d05132837) Importer(2089858483,192608db42251d675da83286b1cce702)
Start importing Assets/Resources/Levels/1/5.prefab using Guid(15b1499904d2ba14f8578e7d05132837) Importer(2089858483,192608db42251d675da83286b1cce702) (ScriptedImporter) -> (artifact id: 'cbf968733a5e12da7479d8de1341bbd9') in 0.008764 seconds
Number of updated asset objects reloaded before import = 0Number of asset objects unloaded after import = 43

========================================================================
Received Import Request.
  Time since last request: 9.976849 seconds.
  path: Assets/Resources/Levels/1/5.prefab
  artifactKey: Guid(15b1499904d2ba14f8578e7d05132837) Importer(2089858483,192608db42251d675da83286b1cce702)
Start importing Assets/Resources/Levels/1/5.prefab using Guid(15b1499904d2ba14f8578e7d05132837) Importer(2089858483,192608db42251d675da83286b1cce702) (ScriptedImporter) -> (artifact id: '5e698e907c1957680e7340168cc7acd6') in 0.0057488 seconds
Number of updated asset objects reloaded before import = 0Number of asset objects unloaded after import = 43

========================================================================
Received Import Request.
  Time since last request: 23.324212 seconds.
  path: Assets/Prefabs/SpikePlane.prefab
  artifactKey: Guid(2ca5961941bc68648ba82df350d9a99b) Importer(815301076,1909f56bfc062723c751e8b465ee728b)
Start importing Assets/Prefabs/SpikePlane.prefab using Guid(2ca5961941bc68648ba82df350d9a99b) Importer(815301076,1909f56bfc062723c751e8b465ee728b) (PreviewImporter) -> (artifact id: '2eadab489ef4a235a1d89c8fdd2fedae') in 0.416561 seconds
Number of updated asset objects reloaded before import = 0Number of asset objects unloaded after import = 21

========================================================================
Received Import Request.
  Time since last request: 4.659003 seconds.
  path: Assets/Resources/Levels/1/5.prefab
  artifactKey: Guid(15b1499904d2ba14f8578e7d05132837) Importer(2089858483,192608db42251d675da83286b1cce702)
Start importing Assets/Resources/Levels/1/5.prefab using Guid(15b1499904d2ba14f8578e7d05132837) Importer(2089858483,192608db42251d675da83286b1cce702) (ScriptedImporter) -> (artifact id: 'a73a505e95b5a7ebbd709a6ee00dfe66') in 0.0056845 seconds
Number of updated asset objects reloaded before import = 0Number of asset objects unloaded after import = 47

========================================================================
Received Import Request.
  Time since last request: 6.207281 seconds.
  path: Assets/Resources/Levels/1/5.prefab
  artifactKey: Guid(15b1499904d2ba14f8578e7d05132837) Importer(2089858483,192608db42251d675da83286b1cce702)
Start importing Assets/Resources/Levels/1/5.prefab using Guid(15b1499904d2ba14f8578e7d05132837) Importer(2089858483,192608db42251d675da83286b1cce702) (ScriptedImporter) -> (artifact id: '2715f06bdeddb24c25b3eeb446136610') in 0.0056563 seconds
Number of updated asset objects reloaded before import = 0Number of asset objects unloaded after import = 47

========================================================================
Received Import Request.
  Time since last request: 4.205851 seconds.
  path: Assets/Prefabs/Fog.prefab
  artifactKey: Guid(7a89e818b1aee5743b082978d1b30632) Importer(815301076,1909f56bfc062723c751e8b465ee728b)
Start importing Assets/Prefabs/Fog.prefab using Guid(7a89e818b1aee5743b082978d1b30632) Importer(815301076,1909f56bfc062723c751e8b465ee728b) (PreviewImporter) -> (artifact id: '08191dd7291ff7dbe59fa31bcfad413f') in 0.0185767 seconds
Number of updated asset objects reloaded before import = 0Number of asset objects unloaded after import = 7

========================================================================
Received Import Request.
  Time since last request: 0.917892 seconds.
  path: Assets/Prefabs/Fog.prefab
  artifactKey: Guid(7a89e818b1aee5743b082978d1b30632) Importer(2089858483,192608db42251d675da83286b1cce702)
Start importing Assets/Prefabs/Fog.prefab using Guid(7a89e818b1aee5743b082978d1b30632) Importer(2089858483,192608db42251d675da83286b1cce702) (ScriptedImporter) -> (artifact id: '73f08fb87d997f91efa716c3131fa8b4') in 0.0166601 seconds
Number of updated asset objects reloaded before import = 0Number of asset objects unloaded after import = 7

========================================================================
Received Import Request.
  Time since last request: 10.665197 seconds.
  path: Assets/Resources/Levels/1/5.prefab
  artifactKey: Guid(15b1499904d2ba14f8578e7d05132837) Importer(2089858483,192608db42251d675da83286b1cce702)
Start importing Assets/Resources/Levels/1/5.prefab using Guid(15b1499904d2ba14f8578e7d05132837) Importer(2089858483,192608db42251d675da83286b1cce702) (ScriptedImporter) -> (artifact id: '0d182cd7aa0fc2dfdef4c7729800a697') in 0.0056592 seconds
Number of updated asset objects reloaded before import = 0Number of asset objects unloaded after import = 47

========================================================================
Received Import Request.
  Time since last request: 13.890167 seconds.
  path: Assets/Prefabs/Lava Effect.prefab
  artifactKey: Guid(957a45375305a974eb3a2d128c82eff7) Importer(815301076,1909f56bfc062723c751e8b465ee728b)
Start importing Assets/Prefabs/Lava Effect.prefab using Guid(957a45375305a974eb3a2d128c82eff7) Importer(815301076,1909f56bfc062723c751e8b465ee728b) (PreviewImporter) -> (artifact id: '98eba9cc1da03ae814aff8b7291f633f') in 0.0067982 seconds
Number of updated asset objects reloaded before import = 0Number of asset objects unloaded after import = 7

========================================================================
Received Import Request.
  Time since last request: 0.934845 seconds.
  path: Assets/Prefabs/Lava Effect.prefab
  artifactKey: Guid(957a45375305a974eb3a2d128c82eff7) Importer(2089858483,192608db42251d675da83286b1cce702)
Start importing Assets/Prefabs/Lava Effect.prefab using Guid(957a45375305a974eb3a2d128c82eff7) Importer(2089858483,192608db42251d675da83286b1cce702) (ScriptedImporter) -> (artifact id: 'e9d619f669759200410a7f42313e1820') in 0.0064926 seconds
Number of updated asset objects reloaded before import = 0Number of asset objects unloaded after import = 7

========================================================================
Received Import Request.
  Time since last request: 19.135758 seconds.
  path: Assets/Materials/Fog 1.mat
  artifactKey: Guid(73597ebd9f1fb554c816c65b31a2da87) Importer(815301076,1909f56bfc062723c751e8b465ee728b)
Start importing Assets/Materials/Fog 1.mat using Guid(73597ebd9f1fb554c816c65b31a2da87) Importer(815301076,1909f56bfc062723c751e8b465ee728b) (PreviewImporter) -> (artifact id: '9064f4c88c074c1040df39bb4ada9db1') in 0.0227108 seconds
Number of updated asset objects reloaded before import = 0Number of asset objects unloaded after import = 1

========================================================================
Received Import Request.
  Time since last request: 0.905708 seconds.
  path: Assets/Materials/Fog 1.mat
  artifactKey: Guid(73597ebd9f1fb554c816c65b31a2da87) Importer(2089858483,192608db42251d675da83286b1cce702)
Start importing Assets/Materials/Fog 1.mat using Guid(73597ebd9f1fb554c816c65b31a2da87) Importer(2089858483,192608db42251d675da83286b1cce702) (ScriptedImporter) -> (artifact id: 'b5ca67850ce121ac56d9b71335f77d0e') in 0.0081335 seconds
Number of updated asset objects reloaded before import = 0Number of asset objects unloaded after import = 1

========================================================================
Received Import Request.
  Time since last request: 7.135269 seconds.
  path: Assets/Materials/Lava Effect.mat
  artifactKey: Guid(73597ebd9f1fb554c816c65b31a2da87) Importer(815301076,1909f56bfc062723c751e8b465ee728b)
Start importing Assets/Materials/Lava Effect.mat using Guid(73597ebd9f1fb554c816c65b31a2da87) Importer(815301076,1909f56bfc062723c751e8b465ee728b) (PreviewImporter) -> (artifact id: '67de61fe53833902b2f08e46f0d73f46') in 0.0069507 seconds
Number of updated asset objects reloaded before import = 0Number of asset objects unloaded after import = 1

========================================================================
Received Import Request.
  Time since last request: 0.926238 seconds.
  path: Assets/Materials/Lava Effect.mat
  artifactKey: Guid(73597ebd9f1fb554c816c65b31a2da87) Importer(2089858483,192608db42251d675da83286b1cce702)
Start importing Assets/Materials/Lava Effect.mat using Guid(73597ebd9f1fb554c816c65b31a2da87) Importer(2089858483,192608db42251d675da83286b1cce702) (ScriptedImporter) -> (artifact id: '4936fe87abba15b05477890cf72b2fa2') in 0.0059713 seconds
Number of updated asset objects reloaded before import = 0Number of asset objects unloaded after import = 1

========================================================================
Received Import Request.
  Time since last request: 3.206105 seconds.
  path: Assets/Resources/Levels/1/5.prefab
  artifactKey: Guid(15b1499904d2ba14f8578e7d05132837) Importer(2089858483,192608db42251d675da83286b1cce702)
Start importing Assets/Resources/Levels/1/5.prefab using Guid(15b1499904d2ba14f8578e7d05132837) Importer(2089858483,192608db42251d675da83286b1cce702) (ScriptedImporter) -> (artifact id: 'b92c4be867d6a82a5da997ad0fecdcc3') in 0.0066962 seconds
Number of updated asset objects reloaded before import = 0Number of asset objects unloaded after import = 47

========================================================================
Received Import Request.
  Time since last request: 55.789181 seconds.
  path: Assets/Resources/Levels/1/5.prefab
  artifactKey: Guid(15b1499904d2ba14f8578e7d05132837) Importer(2089858483,192608db42251d675da83286b1cce702)
Start importing Assets/Resources/Levels/1/5.prefab using Guid(15b1499904d2ba14f8578e7d05132837) Importer(2089858483,192608db42251d675da83286b1cce702) (ScriptedImporter) -> (artifact id: '78e2da2ca95c2ca04dc66a256226742f') in 0.0060568 seconds
Number of updated asset objects reloaded before import = 0Number of asset objects unloaded after import = 47

========================================================================
Received Import Request.
  Time since last request: 63.781766 seconds.
  path: Assets/Resources/Levels/1/5.prefab
  artifactKey: Guid(15b1499904d2ba14f8578e7d05132837) Importer(2089858483,192608db42251d675da83286b1cce702)
Start importing Assets/Resources/Levels/1/5.prefab using Guid(15b1499904d2ba14f8578e7d05132837) Importer(2089858483,192608db42251d675da83286b1cce702) (ScriptedImporter) -> (artifact id: '39bf48f6bb52a856205e1434b87b3121') in 0.0060234 seconds
Number of updated asset objects reloaded before import = 0Number of asset objects unloaded after import = 47

========================================================================
Received Import Request.
  Time since last request: 2.993251 seconds.
  path: Assets/Resources/Levels/1/5.prefab
  artifactKey: Guid(15b1499904d2ba14f8578e7d05132837) Importer(2089858483,192608db42251d675da83286b1cce702)
Start importing Assets/Resources/Levels/1/5.prefab using Guid(15b1499904d2ba14f8578e7d05132837) Importer(2089858483,192608db42251d675da83286b1cce702) (ScriptedImporter) -> (artifact id: 'ce5b9ed82754439a65aa8f4f9d05f612') in 0.0078055 seconds
Number of updated asset objects reloaded before import = 0Number of asset objects unloaded after import = 47

========================================================================
Received Import Request.
  Time since last request: 1.969210 seconds.
  path: Assets/Resources/Levels/1/5.prefab
  artifactKey: Guid(15b1499904d2ba14f8578e7d05132837) Importer(2089858483,192608db42251d675da83286b1cce702)
Start importing Assets/Resources/Levels/1/5.prefab using Guid(15b1499904d2ba14f8578e7d05132837) Importer(2089858483,192608db42251d675da83286b1cce702) (ScriptedImporter) -> (artifact id: '6c4b18a651e024d27507b3b36a7ee822') in 0.0063413 seconds
Number of updated asset objects reloaded before import = 0Number of asset objects unloaded after import = 47

========================================================================
Received Import Request.
  Time since last request: 1.782894 seconds.
  path: Assets/Resources/Levels/1/5.prefab
  artifactKey: Guid(15b1499904d2ba14f8578e7d05132837) Importer(2089858483,192608db42251d675da83286b1cce702)
Start importing Assets/Resources/Levels/1/5.prefab using Guid(15b1499904d2ba14f8578e7d05132837) Importer(2089858483,192608db42251d675da83286b1cce702) (ScriptedImporter) -> (artifact id: '50083ac3657f2b4a51fc366d3c47da8f') in 0.0056789 seconds
Number of updated asset objects reloaded before import = 0Number of asset objects unloaded after import = 47

========================================================================
Received Import Request.
  Time since last request: 5.031360 seconds.
  path: Assets/Resources/Levels/1/5.prefab
  artifactKey: Guid(15b1499904d2ba14f8578e7d05132837) Importer(2089858483,192608db42251d675da83286b1cce702)
Start importing Assets/Resources/Levels/1/5.prefab using Guid(15b1499904d2ba14f8578e7d05132837) Importer(2089858483,192608db42251d675da83286b1cce702) (ScriptedImporter) -> (artifact id: 'e348e7c3e9ee141fbaffd5f2368ac080') in 0.0056446 seconds
Number of updated asset objects reloaded before import = 0Number of asset objects unloaded after import = 47

========================================================================
Received Import Request.
  Time since last request: 2.575504 seconds.
  path: Assets/Resources/Levels/1/5.prefab
  artifactKey: Guid(15b1499904d2ba14f8578e7d05132837) Importer(2089858483,192608db42251d675da83286b1cce702)
Start importing Assets/Resources/Levels/1/5.prefab using Guid(15b1499904d2ba14f8578e7d05132837) Importer(2089858483,192608db42251d675da83286b1cce702) (ScriptedImporter) -> (artifact id: '2adce1773e1d8337e6272dc1b02245b3') in 0.0065086 seconds
Number of updated asset objects reloaded before import = 0Number of asset objects unloaded after import = 47

========================================================================
Received Import Request.
  Time since last request: 23.124893 seconds.
  path: Assets/Resources/Levels/1/5.prefab
  artifactKey: Guid(15b1499904d2ba14f8578e7d05132837) Importer(2089858483,192608db42251d675da83286b1cce702)
Start importing Assets/Resources/Levels/1/5.prefab using Guid(15b1499904d2ba14f8578e7d05132837) Importer(2089858483,192608db42251d675da83286b1cce702) (ScriptedImporter) -> (artifact id: '683d512383636b034736502e4e4366af') in 0.0058806 seconds
Number of updated asset objects reloaded before import = 0Number of asset objects unloaded after import = 47

========================================================================
Received Import Request.
  Time since last request: 3.149455 seconds.
  path: Assets/Resources/Levels/1/5.prefab
  artifactKey: Guid(15b1499904d2ba14f8578e7d05132837) Importer(2089858483,192608db42251d675da83286b1cce702)
Start importing Assets/Resources/Levels/1/5.prefab using Guid(15b1499904d2ba14f8578e7d05132837) Importer(2089858483,192608db42251d675da83286b1cce702) (ScriptedImporter) -> (artifact id: 'ce27ec17b038fdfee0aee4e8f3348268') in 0.0062137 seconds
Number of updated asset objects reloaded before import = 0Number of asset objects unloaded after import = 47

========================================================================
Received Import Request.
  Time since last request: 9.995981 seconds.
  path: Assets/Resources/Levels/1/5.prefab
  artifactKey: Guid(15b1499904d2ba14f8578e7d05132837) Importer(2089858483,192608db42251d675da83286b1cce702)
Start importing Assets/Resources/Levels/1/5.prefab using Guid(15b1499904d2ba14f8578e7d05132837) Importer(2089858483,192608db42251d675da83286b1cce702) (ScriptedImporter) -> (artifact id: '0a77c4655b6697c041721ce64abfafa2') in 0.0064028 seconds
Number of updated asset objects reloaded before import = 0Number of asset objects unloaded after import = 47

========================================================================
Received Import Request.
  Time since last request: 3.122447 seconds.
  path: Assets/Resources/Levels/1/5.prefab
  artifactKey: Guid(15b1499904d2ba14f8578e7d05132837) Importer(2089858483,192608db42251d675da83286b1cce702)
Start importing Assets/Resources/Levels/1/5.prefab using Guid(15b1499904d2ba14f8578e7d05132837) Importer(2089858483,192608db42251d675da83286b1cce702) (ScriptedImporter) -> (artifact id: 'c1acc9773008c33a7f4a66485517e90b') in 0.0062808 seconds
Number of updated asset objects reloaded before import = 0Number of asset objects unloaded after import = 47

========================================================================
Received Import Request.
  Time since last request: 4.060276 seconds.
  path: Assets/Resources/Levels/1/5.prefab
  artifactKey: Guid(15b1499904d2ba14f8578e7d05132837) Importer(2089858483,192608db42251d675da83286b1cce702)
Start importing Assets/Resources/Levels/1/5.prefab using Guid(15b1499904d2ba14f8578e7d05132837) Importer(2089858483,192608db42251d675da83286b1cce702) (ScriptedImporter) -> (artifact id: '81810e7293298aaba47d0a2694c102e5') in 0.0061452 seconds
Number of updated asset objects reloaded before import = 0Number of asset objects unloaded after import = 47

========================================================================
Received Import Request.
  Time since last request: 3.741027 seconds.
  path: Assets/Resources/Levels/1/5.prefab
  artifactKey: Guid(15b1499904d2ba14f8578e7d05132837) Importer(2089858483,192608db42251d675da83286b1cce702)
Start importing Assets/Resources/Levels/1/5.prefab using Guid(15b1499904d2ba14f8578e7d05132837) Importer(2089858483,192608db42251d675da83286b1cce702) (ScriptedImporter) -> (artifact id: 'fbd4538f197a4c9e7f5d46b3f2776aa6') in 0.0059744 seconds
Number of updated asset objects reloaded before import = 0Number of asset objects unloaded after import = 47

========================================================================
Received Import Request.
  Time since last request: 8.595642 seconds.
  path: Assets/Resources/Levels/1/5.prefab
  artifactKey: Guid(15b1499904d2ba14f8578e7d05132837) Importer(2089858483,192608db42251d675da83286b1cce702)
Start importing Assets/Resources/Levels/1/5.prefab using Guid(15b1499904d2ba14f8578e7d05132837) Importer(2089858483,192608db42251d675da83286b1cce702) (ScriptedImporter) -> (artifact id: 'afcbc27bf764ce5d13c5af39e0ddccc9') in 0.0057842 seconds
Number of updated asset objects reloaded before import = 0Number of asset objects unloaded after import = 47

========================================================================
Received Import Request.
  Time since last request: 10.452415 seconds.
  path: Assets/Resources/Levels/1/5.prefab
  artifactKey: Guid(15b1499904d2ba14f8578e7d05132837) Importer(2089858483,192608db42251d675da83286b1cce702)
Start importing Assets/Resources/Levels/1/5.prefab using Guid(15b1499904d2ba14f8578e7d05132837) Importer(2089858483,192608db42251d675da83286b1cce702) (ScriptedImporter) -> (artifact id: 'b6b60cc6e1d539728411aa535033ab20') in 0.0065488 seconds
Number of updated asset objects reloaded before import = 0Number of asset objects unloaded after import = 47

========================================================================
Received Import Request.
  Time since last request: 10.017306 seconds.
  path: Assets/Resources/Levels/1/5.prefab
  artifactKey: Guid(15b1499904d2ba14f8578e7d05132837) Importer(2089858483,192608db42251d675da83286b1cce702)
Start importing Assets/Resources/Levels/1/5.prefab using Guid(15b1499904d2ba14f8578e7d05132837) Importer(2089858483,192608db42251d675da83286b1cce702) (ScriptedImporter) -> (artifact id: '7a83d164836281fa155532c2ecbdcbaf') in 0.0097039 seconds
Number of updated asset objects reloaded before import = 0Number of asset objects unloaded after import = 47

========================================================================
Received Import Request.
  Time since last request: 24.700938 seconds.
  path: Assets/Resources/Levels/1/5.prefab
  artifactKey: Guid(15b1499904d2ba14f8578e7d05132837) Importer(2089858483,192608db42251d675da83286b1cce702)
Start importing Assets/Resources/Levels/1/5.prefab using Guid(15b1499904d2ba14f8578e7d05132837) Importer(2089858483,192608db42251d675da83286b1cce702) (ScriptedImporter) -> (artifact id: 'fabfea6d3e9775e61fdf6b51f52f0af2') in 0.0097235 seconds
Number of updated asset objects reloaded before import = 0Number of asset objects unloaded after import = 47

========================================================================
Received Import Request.
  Time since last request: 20.122300 seconds.
  path: Assets/Resources/Levels/1/5.prefab
  artifactKey: Guid(15b1499904d2ba14f8578e7d05132837) Importer(2089858483,192608db42251d675da83286b1cce702)
Start importing Assets/Resources/Levels/1/5.prefab using Guid(15b1499904d2ba14f8578e7d05132837) Importer(2089858483,192608db42251d675da83286b1cce702) (ScriptedImporter) -> (artifact id: '46a765976798d5d02ce78549d6cb5f9d') in 0.0113226 seconds
Number of updated asset objects reloaded before import = 0Number of asset objects unloaded after import = 47

========================================================================
Received Import Request.
  Time since last request: 10.145707 seconds.
  path: Assets/Resources/Levels/1/5.prefab
  artifactKey: Guid(15b1499904d2ba14f8578e7d05132837) Importer(2089858483,192608db42251d675da83286b1cce702)
Start importing Assets/Resources/Levels/1/5.prefab using Guid(15b1499904d2ba14f8578e7d05132837) Importer(2089858483,192608db42251d675da83286b1cce702) (ScriptedImporter) -> (artifact id: '1efbb0d588ec001cfe5d4716682b1745') in 0.010571 seconds
Number of updated asset objects reloaded before import = 0Number of asset objects unloaded after import = 47

========================================================================
Received Import Request.
  Time since last request: 2.986690 seconds.
  path: Assets/Resources/Levels/1/5.prefab
  artifactKey: Guid(15b1499904d2ba14f8578e7d05132837) Importer(2089858483,192608db42251d675da83286b1cce702)
Start importing Assets/Resources/Levels/1/5.prefab using Guid(15b1499904d2ba14f8578e7d05132837) Importer(2089858483,192608db42251d675da83286b1cce702) (ScriptedImporter) -> (artifact id: 'bfd05d9b0e4c93decfbb296ae9fa0a3e') in 0.0110752 seconds
Number of updated asset objects reloaded before import = 0Number of asset objects unloaded after import = 47

========================================================================
Received Import Request.
  Time since last request: 6.996710 seconds.
  path: Assets/Resources/Levels/1/5.prefab
  artifactKey: Guid(15b1499904d2ba14f8578e7d05132837) Importer(2089858483,192608db42251d675da83286b1cce702)
Start importing Assets/Resources/Levels/1/5.prefab using Guid(15b1499904d2ba14f8578e7d05132837) Importer(2089858483,192608db42251d675da83286b1cce702) (ScriptedImporter) -> (artifact id: '7d7db84eccbed706636a731f1c5352fb') in 0.0066153 seconds
Number of updated asset objects reloaded before import = 0Number of asset objects unloaded after import = 47

========================================================================
Received Import Request.
  Time since last request: 4.793634 seconds.
  path: Assets/Resources/Levels/1/5.prefab
  artifactKey: Guid(15b1499904d2ba14f8578e7d05132837) Importer(2089858483,192608db42251d675da83286b1cce702)
Start importing Assets/Resources/Levels/1/5.prefab using Guid(15b1499904d2ba14f8578e7d05132837) Importer(2089858483,192608db42251d675da83286b1cce702) (ScriptedImporter) -> (artifact id: 'fe676a73983ebe14a8241bc95d940959') in 0.0058116 seconds
Number of updated asset objects reloaded before import = 0Number of asset objects unloaded after import = 47

========================================================================
Received Import Request.
  Time since last request: 6.420007 seconds.
  path: Assets/Resources/Levels/1/5.prefab
  artifactKey: Guid(15b1499904d2ba14f8578e7d05132837) Importer(2089858483,192608db42251d675da83286b1cce702)
Start importing Assets/Resources/Levels/1/5.prefab using Guid(15b1499904d2ba14f8578e7d05132837) Importer(2089858483,192608db42251d675da83286b1cce702) (ScriptedImporter) -> (artifact id: '47756a502cecc0e9cb8a7b313aaace32') in 0.0072183 seconds
Number of updated asset objects reloaded before import = 0Number of asset objects unloaded after import = 47

========================================================================
Received Import Request.
  Time since last request: 10.251772 seconds.
  path: Assets/Resources/Levels/1/5.prefab
  artifactKey: Guid(15b1499904d2ba14f8578e7d05132837) Importer(2089858483,192608db42251d675da83286b1cce702)
Start importing Assets/Resources/Levels/1/5.prefab using Guid(15b1499904d2ba14f8578e7d05132837) Importer(2089858483,192608db42251d675da83286b1cce702) (ScriptedImporter) -> (artifact id: '7880f38d03be5ddbc02c7aca2b8a272e') in 0.006705 seconds
Number of updated asset objects reloaded before import = 0Number of asset objects unloaded after import = 47

========================================================================
Received Import Request.
  Time since last request: 0.642715 seconds.
  path: Assets/Resources/Levels/1/5.prefab
  artifactKey: Guid(15b1499904d2ba14f8578e7d05132837) Importer(2089858483,192608db42251d675da83286b1cce702)
Start importing Assets/Resources/Levels/1/5.prefab using Guid(15b1499904d2ba14f8578e7d05132837) Importer(2089858483,192608db42251d675da83286b1cce702) (ScriptedImporter) -> (artifact id: '06041905cb6eca95adcfbe4a9e41a942') in 0.006354 seconds
Number of updated asset objects reloaded before import = 0Number of asset objects unloaded after import = 47

========================================================================
Received Import Request.
  Time since last request: 2.926019 seconds.
  path: Assets/Resources/Levels/1/5.prefab
  artifactKey: Guid(15b1499904d2ba14f8578e7d05132837) Importer(2089858483,192608db42251d675da83286b1cce702)
Start importing Assets/Resources/Levels/1/5.prefab using Guid(15b1499904d2ba14f8578e7d05132837) Importer(2089858483,192608db42251d675da83286b1cce702) (ScriptedImporter) -> (artifact id: '7a6c01404252753202592529987d688a') in 0.007489 seconds
Number of updated asset objects reloaded before import = 0Number of asset objects unloaded after import = 47

========================================================================
Received Import Request.
  Time since last request: 2.361124 seconds.
  path: Assets/Resources/Levels/1/5.prefab
  artifactKey: Guid(15b1499904d2ba14f8578e7d05132837) Importer(2089858483,192608db42251d675da83286b1cce702)
Start importing Assets/Resources/Levels/1/5.prefab using Guid(15b1499904d2ba14f8578e7d05132837) Importer(2089858483,192608db42251d675da83286b1cce702) (ScriptedImporter) -> (artifact id: '6104ff3b16b0397c8cd5ca5b2fd19b40') in 0.0059312 seconds
Number of updated asset objects reloaded before import = 0Number of asset objects unloaded after import = 47

========================================================================
Received Import Request.
  Time since last request: 22.339099 seconds.
  path: Assets/Resources/Levels/1/5.prefab
  artifactKey: Guid(15b1499904d2ba14f8578e7d05132837) Importer(2089858483,192608db42251d675da83286b1cce702)
Start importing Assets/Resources/Levels/1/5.prefab using Guid(15b1499904d2ba14f8578e7d05132837) Importer(2089858483,192608db42251d675da83286b1cce702) (ScriptedImporter) -> (artifact id: 'ada2fceb78d7115f556e500542a1f866') in 0.0060459 seconds
Number of updated asset objects reloaded before import = 0Number of asset objects unloaded after import = 47

========================================================================
Received Import Request.
  Time since last request: 10.004940 seconds.
  path: Assets/Resources/Levels/1/5.prefab
  artifactKey: Guid(15b1499904d2ba14f8578e7d05132837) Importer(2089858483,192608db42251d675da83286b1cce702)
Start importing Assets/Resources/Levels/1/5.prefab using Guid(15b1499904d2ba14f8578e7d05132837) Importer(2089858483,192608db42251d675da83286b1cce702) (ScriptedImporter) -> (artifact id: '33e79f28f05592f0db544a3ccaf00b23') in 0.0061764 seconds
Number of updated asset objects reloaded before import = 0Number of asset objects unloaded after import = 47

========================================================================
Received Import Request.
  Time since last request: 31.785661 seconds.
  path: Assets/Resources/Levels/1/5.prefab
  artifactKey: Guid(15b1499904d2ba14f8578e7d05132837) Importer(2089858483,192608db42251d675da83286b1cce702)
Start importing Assets/Resources/Levels/1/5.prefab using Guid(15b1499904d2ba14f8578e7d05132837) Importer(2089858483,192608db42251d675da83286b1cce702) (ScriptedImporter) -> (artifact id: 'a6667a3f07d18c14b18d5618f51322f0') in 0.0059512 seconds
Number of updated asset objects reloaded before import = 0Number of asset objects unloaded after import = 47

========================================================================
Received Import Request.
  Time since last request: 5.691059 seconds.
  path: Assets/Materials/Lava Effect.mat
  artifactKey: Guid(73597ebd9f1fb554c816c65b31a2da87) Importer(815301076,1909f56bfc062723c751e8b465ee728b)
Start importing Assets/Materials/Lava Effect.mat using Guid(73597ebd9f1fb554c816c65b31a2da87) Importer(815301076,1909f56bfc062723c751e8b465ee728b) (PreviewImporter) -> (artifact id: 'a83bb001bf3398c65c41919576b6365f') in 0.0078053 seconds
Number of updated asset objects reloaded before import = 0Number of asset objects unloaded after import = 1

========================================================================
Received Import Request.
  Time since last request: 0.926572 seconds.
  path: Assets/Materials/Lava Effect.mat
  artifactKey: Guid(73597ebd9f1fb554c816c65b31a2da87) Importer(2089858483,192608db42251d675da83286b1cce702)
Start importing Assets/Materials/Lava Effect.mat using Guid(73597ebd9f1fb554c816c65b31a2da87) Importer(2089858483,192608db42251d675da83286b1cce702) (ScriptedImporter) -> (artifact id: 'c8075625b9430cd67b655b73a8311512') in 0.0048487 seconds
Number of updated asset objects reloaded before import = 0Number of asset objects unloaded after import = 1

========================================================================
Received Import Request.
  Time since last request: 3.916217 seconds.
  path: Assets/Resources/Levels/1/5.prefab
  artifactKey: Guid(15b1499904d2ba14f8578e7d05132837) Importer(2089858483,192608db42251d675da83286b1cce702)
Start importing Assets/Resources/Levels/1/5.prefab using Guid(15b1499904d2ba14f8578e7d05132837) Importer(2089858483,192608db42251d675da83286b1cce702) (ScriptedImporter) -> (artifact id: '592334075716f4f36b3a3a7ad68c5ef3') in 0.0059929 seconds
Number of updated asset objects reloaded before import = 0Number of asset objects unloaded after import = 47

========================================================================
Received Import Request.
  Time since last request: 5.810832 seconds.
  path: Assets/Resources/Levels/1/5.prefab
  artifactKey: Guid(15b1499904d2ba14f8578e7d05132837) Importer(2089858483,192608db42251d675da83286b1cce702)
Start importing Assets/Resources/Levels/1/5.prefab using Guid(15b1499904d2ba14f8578e7d05132837) Importer(2089858483,192608db42251d675da83286b1cce702) (ScriptedImporter) -> (artifact id: '69408bf12de2de3a35a684a4d2216743') in 0.0079514 seconds
Number of updated asset objects reloaded before import = 0Number of asset objects unloaded after import = 47

========================================================================
Received Import Request.
  Time since last request: 4.739599 seconds.
  path: Assets/Resources/Levels/1/5.prefab
  artifactKey: Guid(15b1499904d2ba14f8578e7d05132837) Importer(2089858483,192608db42251d675da83286b1cce702)
Start importing Assets/Resources/Levels/1/5.prefab using Guid(15b1499904d2ba14f8578e7d05132837) Importer(2089858483,192608db42251d675da83286b1cce702) (ScriptedImporter) -> (artifact id: '8e9063facefab2829f8328dc72ab3508') in 0.0058169 seconds
Number of updated asset objects reloaded before import = 0Number of asset objects unloaded after import = 47

========================================================================
Received Import Request.
  Time since last request: 10.015717 seconds.
  path: Assets/Resources/Levels/1/5.prefab
  artifactKey: Guid(15b1499904d2ba14f8578e7d05132837) Importer(2089858483,192608db42251d675da83286b1cce702)
Start importing Assets/Resources/Levels/1/5.prefab using Guid(15b1499904d2ba14f8578e7d05132837) Importer(2089858483,192608db42251d675da83286b1cce702) (ScriptedImporter) -> (artifact id: '669aac7fcd5429c95f4f8a8fa46687f3') in 0.0058989 seconds
Number of updated asset objects reloaded before import = 0Number of asset objects unloaded after import = 47

========================================================================
Received Import Request.
  Time since last request: 2.954044 seconds.
  path: Assets/Resources/Levels/1/5.prefab
  artifactKey: Guid(15b1499904d2ba14f8578e7d05132837) Importer(2089858483,192608db42251d675da83286b1cce702)
Start importing Assets/Resources/Levels/1/5.prefab using Guid(15b1499904d2ba14f8578e7d05132837) Importer(2089858483,192608db42251d675da83286b1cce702) (ScriptedImporter) -> (artifact id: '2c64f83752ad2db297ed46c44c693013') in 0.0057851 seconds
Number of updated asset objects reloaded before import = 0Number of asset objects unloaded after import = 47

========================================================================
Received Import Request.
  Time since last request: 5.590437 seconds.
  path: Assets/Materials/New Material.mat
  artifactKey: Guid(c028d740bc134de4aad6b532a7043274) Importer(815301076,1909f56bfc062723c751e8b465ee728b)
Start importing Assets/Materials/New Material.mat using Guid(c028d740bc134de4aad6b532a7043274) Importer(815301076,1909f56bfc062723c751e8b465ee728b) (PreviewImporter) -> (artifact id: '1c2dde4f29fd21893f28241c6327ca34') in 0.0116161 seconds
Number of updated asset objects reloaded before import = 0Number of asset objects unloaded after import = 1

========================================================================
Received Import Request.
  Time since last request: 0.883231 seconds.
  path: Assets/Materials/New Material.mat
  artifactKey: Guid(c028d740bc134de4aad6b532a7043274) Importer(2089858483,192608db42251d675da83286b1cce702)
Start importing Assets/Materials/New Material.mat using Guid(c028d740bc134de4aad6b532a7043274) Importer(2089858483,192608db42251d675da83286b1cce702) (ScriptedImporter) -> (artifact id: '991ef20b10073ce135a43ae3c44e81f7') in 0.0053609 seconds
Number of updated asset objects reloaded before import = 0Number of asset objects unloaded after import = 1

========================================================================
Received Import Request.
  Time since last request: 10.318138 seconds.
  path: Assets/Resources/Levels/1/5.prefab
  artifactKey: Guid(15b1499904d2ba14f8578e7d05132837) Importer(2089858483,192608db42251d675da83286b1cce702)
Start importing Assets/Resources/Levels/1/5.prefab using Guid(15b1499904d2ba14f8578e7d05132837) Importer(2089858483,192608db42251d675da83286b1cce702) (ScriptedImporter) -> (artifact id: '3db88bec9c96b7f707c6b4853ee0c364') in 0.0060861 seconds
Number of updated asset objects reloaded before import = 0Number of asset objects unloaded after import = 47

========================================================================
Received Import Request.
  Time since last request: 845.538881 seconds.
  path: Assets/Materials/Texture Pack/SBS - Tiny Texture Pack 2 - 128x128.rar
  artifactKey: Guid(c26fc5280e404b241bd379b9b82f237a) Importer(2089858483,192608db42251d675da83286b1cce702)
Start importing Assets/Materials/Texture Pack/SBS - Tiny Texture Pack 2 - 128x128.rar using Guid(c26fc5280e404b241bd379b9b82f237a) Importer(2089858483,192608db42251d675da83286b1cce702) (ScriptedImporter) -> (artifact id: '4762f3d6a1a25e63ee0de0c8b4e7a076') in 0.004021 seconds
Number of updated asset objects reloaded before import = 0Number of asset objects unloaded after import = 1

========================================================================
Received Import Request.
  Time since last request: 2.263214 seconds.
  path: Assets/Materials/Texture Pack/SBS - Tiny Texture Pack 2 - 128x128.rar
  artifactKey: Guid(c26fc5280e404b241bd379b9b82f237a) Importer(815301076,1909f56bfc062723c751e8b465ee728b)
Start importing Assets/Materials/Texture Pack/SBS - Tiny Texture Pack 2 - 128x128.rar using Guid(c26fc5280e404b241bd379b9b82f237a) Importer(815301076,1909f56bfc062723c751e8b465ee728b) (PreviewImporter) -> (artifact id: '05a096f68a08b214a826ebaf9eb6d777') in 0.0014068 seconds
Number of updated asset objects reloaded before import = 0Number of asset objects unloaded after import = 1

========================================================================
Received Import Request.
  Time since last request: 42.264148 seconds.
  path: Assets/Materials/Texture Pack/128x128 Horror/Elements/Elements_13-128x128.png
  artifactKey: Guid(7e84c316878745847b71aff8721b0e0f) Importer(2089858483,192608db42251d675da83286b1cce702)
Start importing Assets/Materials/Texture Pack/128x128 Horror/Elements/Elements_13-128x128.png using Guid(7e84c316878745847b71aff8721b0e0f) Importer(2089858483,192608db42251d675da83286b1cce702) (ScriptedImporter) -> (artifact id: '88ca56f584e308be96b949548d5a763e') in 0.0359025 seconds
Number of updated asset objects reloaded before import = 0Number of asset objects unloaded after import = 1

========================================================================
Received Import Request.
  Time since last request: 0.000031 seconds.
  path: Assets/Materials/Texture Pack/128x128/Plaster/Plaster_19-128x128.png
  artifactKey: Guid(001c5b4ef18389d40aaca1659d63676e) Importer(2089858483,192608db42251d675da83286b1cce702)
Start importing Assets/Materials/Texture Pack/128x128/Plaster/Plaster_19-128x128.png using Guid(001c5b4ef18389d40aaca1659d63676e) Importer(2089858483,192608db42251d675da83286b1cce702) (ScriptedImporter) -> (artifact id: 'ab90f5e4a416f0cccb19546e04209a01') in 0.0090254 seconds
Number of updated asset objects reloaded before import = 0Number of asset objects unloaded after import = 1

========================================================================
Received Import Request.
  Time since last request: 0.000045 seconds.
  path: Assets/Materials/Texture Pack/128x128/Elements/Elements_01-128x128.png
  artifactKey: Guid(2744316fe75b3004ea0373e6eb735a0e) Importer(2089858483,192608db42251d675da83286b1cce702)
Start importing Assets/Materials/Texture Pack/128x128/Elements/Elements_01-128x128.png using Guid(2744316fe75b3004ea0373e6eb735a0e) Importer(2089858483,192608db42251d675da83286b1cce702) (ScriptedImporter) -> (artifact id: '192d57edf7342780a0125c97932c2a51') in 0.0115542 seconds
Number of updated asset objects reloaded before import = 0Number of asset objects unloaded after import = 1

========================================================================
Received Import Request.
  Time since last request: 0.000066 seconds.
  path: Assets/Materials/Texture Pack/128x128/Dirt/Dirt_01-128x128.png
  artifactKey: Guid(fb0c6e94efadde542930861b3e96a593) Importer(2089858483,192608db42251d675da83286b1cce702)
Start importing Assets/Materials/Texture Pack/128x128/Dirt/Dirt_01-128x128.png using Guid(fb0c6e94efadde542930861b3e96a593) Importer(2089858483,192608db42251d675da83286b1cce702) (ScriptedImporter) -> (artifact id: 'b573172131b844f734f1d8d77322f9ab') in 0.0180588 seconds
Number of updated asset objects reloaded before import = 0Number of asset objects unloaded after import = 1

========================================================================
Received Import Request.
  Time since last request: 0.000022 seconds.
  path: Assets/Materials/Texture Pack/128x128 Horror/Elements/Elements_14-128x128.png
  artifactKey: Guid(7b4ea1e52d1cbab40926b84f88b5b9ba) Importer(2089858483,192608db42251d675da83286b1cce702)
Start importing Assets/Materials/Texture Pack/128x128 Horror/Elements/Elements_14-128x128.png using Guid(7b4ea1e52d1cbab40926b84f88b5b9ba) Importer(2089858483,192608db42251d675da83286b1cce702) (ScriptedImporter) -> (artifact id: '0905a1ae41630f25c88296e72b338542') in 0.0099612 seconds
Number of updated asset objects reloaded before import = 0Number of asset objects unloaded after import = 1

========================================================================
Received Import Request.
  Time since last request: 0.000024 seconds.
  path: Assets/Materials/Texture Pack/128x128 Horror/Tile/Tile_08-128x128.png
  artifactKey: Guid(60d00e4de06d86b4d85ba86338e95ffa) Importer(2089858483,192608db42251d675da83286b1cce702)
Start importing Assets/Materials/Texture Pack/128x128 Horror/Tile/Tile_08-128x128.png using Guid(60d00e4de06d86b4d85ba86338e95ffa) Importer(2089858483,192608db42251d675da83286b1cce702) (ScriptedImporter) -> (artifact id: 'd810064d95e096dced17bb7b085c40af') in 0.0078706 seconds
Number of updated asset objects reloaded before import = 0Number of asset objects unloaded after import = 1

========================================================================
Received Import Request.
  Time since last request: 0.000023 seconds.
  path: Assets/Materials/Texture Pack/128x128 Horror/Metal/Metal_09-128x128.png
  artifactKey: Guid(69adf3f3136754041962ef36e48ed760) Importer(2089858483,192608db42251d675da83286b1cce702)
Start importing Assets/Materials/Texture Pack/128x128 Horror/Metal/Metal_09-128x128.png using Guid(69adf3f3136754041962ef36e48ed760) Importer(2089858483,192608db42251d675da83286b1cce702) (ScriptedImporter) -> (artifact id: '42d32b1ffa4ecd02a82faea1e8de2ce5') in 0.0075546 seconds
Number of updated asset objects reloaded before import = 0Number of asset objects unloaded after import = 1

========================================================================
Received Import Request.
  Time since last request: 0.000041 seconds.
  path: Assets/Materials/Texture Pack/128x128/Wood/Wood_14-128x128.png
  artifactKey: Guid(bfa9119b930991c498f9285dedeecf11) Importer(2089858483,192608db42251d675da83286b1cce702)
Start importing Assets/Materials/Texture Pack/128x128/Wood/Wood_14-128x128.png using Guid(bfa9119b930991c498f9285dedeecf11) Importer(2089858483,192608db42251d675da83286b1cce702) (ScriptedImporter) -> (artifact id: '0a7378651a109d6ebeda23c7d58ca0d8') in 0.0084774 seconds
Number of updated asset objects reloaded before import = 0Number of asset objects unloaded after import = 1

========================================================================
Received Import Request.
  Time since last request: 0.000043 seconds.
  path: Assets/Materials/Texture Pack/128x128 Horror/Dirt/Dirt_19-128x128.png
  artifactKey: Guid(028de8b7d075264499c6448a6c31e2b2) Importer(2089858483,192608db42251d675da83286b1cce702)
Start importing Assets/Materials/Texture Pack/128x128 Horror/Dirt/Dirt_19-128x128.png using Guid(028de8b7d075264499c6448a6c31e2b2) Importer(2089858483,192608db42251d675da83286b1cce702) (ScriptedImporter) -> (artifact id: '8118e6aca46c8c7dde91cd0bae783977') in 0.0087772 seconds
Number of updated asset objects reloaded before import = 0Number of asset objects unloaded after import = 1

========================================================================
Received Import Request.
  Time since last request: 0.000056 seconds.
  path: Assets/Materials/Texture Pack/128x128/Stone/Stone_06-128x128.png
  artifactKey: Guid(21bee00c2adc1424b99b1bdb374039d8) Importer(2089858483,192608db42251d675da83286b1cce702)
Start importing Assets/Materials/Texture Pack/128x128/Stone/Stone_06-128x128.png using Guid(21bee00c2adc1424b99b1bdb374039d8) Importer(2089858483,192608db42251d675da83286b1cce702) (ScriptedImporter) -> (artifact id: '0e5f228304a873f4e160b4cde9d4e0c1') in 0.0114711 seconds
Number of updated asset objects reloaded before import = 0Number of asset objects unloaded after import = 1

========================================================================
Received Import Request.
  Time since last request: 0.000047 seconds.
  path: Assets/Materials/Texture Pack/128x128/Stone/Stone_10-128x128.png
  artifactKey: Guid(e87a5c38a93a3c349a9fd8b50f6eb777) Importer(2089858483,192608db42251d675da83286b1cce702)
Start importing Assets/Materials/Texture Pack/128x128/Stone/Stone_10-128x128.png using Guid(e87a5c38a93a3c349a9fd8b50f6eb777) Importer(2089858483,192608db42251d675da83286b1cce702) (ScriptedImporter) -> (artifact id: '16f6cad8e1f2e594fec71d9b771f2a6b') in 0.007945 seconds
Number of updated asset objects reloaded before import = 0Number of asset objects unloaded after import = 1

========================================================================
Received Import Request.
  Time since last request: 0.000028 seconds.
  path: Assets/Materials/Texture Pack/128x128 Horror/Dirt/Dirt_17-128x128.png
  artifactKey: Guid(bd413e97988faa9458b432bf83314e22) Importer(2089858483,192608db42251d675da83286b1cce702)
Start importing Assets/Materials/Texture Pack/128x128 Horror/Dirt/Dirt_17-128x128.png using Guid(bd413e97988faa9458b432bf83314e22) Importer(2089858483,192608db42251d675da83286b1cce702) (ScriptedImporter) -> (artifact id: 'ede3877871f020be34f1fbbd1a6888c3') in 0.0091517 seconds
Number of updated asset objects reloaded before import = 0Number of asset objects unloaded after import = 1

========================================================================
Received Import Request.
  Time since last request: 0.000027 seconds.
  path: Assets/Materials/Texture Pack/128x128/Wood/Wood_18-128x128.png
  artifactKey: Guid(3fbf7e3d5e1e94e4ab30062766399a20) Importer(2089858483,192608db42251d675da83286b1cce702)
Start importing Assets/Materials/Texture Pack/128x128/Wood/Wood_18-128x128.png using Guid(3fbf7e3d5e1e94e4ab30062766399a20) Importer(2089858483,192608db42251d675da83286b1cce702) (ScriptedImporter) -> (artifact id: '4ed16ee3ecdc88c8fbdc57dc6acbd4e7') in 0.0082751 seconds
Number of updated asset objects reloaded before import = 0Number of asset objects unloaded after import = 1

========================================================================
Received Import Request.
  Time since last request: 0.000039 seconds.
  path: Assets/Materials/Texture Pack/128x128 Horror/Brick/Brick_09-128x128.png
  artifactKey: Guid(804dfc128cb95d24691718a917c3835b) Importer(2089858483,192608db42251d675da83286b1cce702)
Start importing Assets/Materials/Texture Pack/128x128 Horror/Brick/Brick_09-128x128.png using Guid(804dfc128cb95d24691718a917c3835b) Importer(2089858483,192608db42251d675da83286b1cce702) (ScriptedImporter) -> (artifact id: 'dbf92a678c330bfeeb9325e90ff0ff52') in 0.0130356 seconds
Number of updated asset objects reloaded before import = 0Number of asset objects unloaded after import = 1

========================================================================
Received Import Request.
  Time since last request: 0.000025 seconds.
  path: Assets/Materials/Texture Pack/128x128 Horror/Stone/Stone_06-128x128.png
  artifactKey: Guid(ce125b32020dc0647b777e4188ff489c) Importer(2089858483,192608db42251d675da83286b1cce702)
Start importing Assets/Materials/Texture Pack/128x128 Horror/Stone/Stone_06-128x128.png using Guid(ce125b32020dc0647b777e4188ff489c) Importer(2089858483,192608db42251d675da83286b1cce702) (ScriptedImporter) -> (artifact id: 'e52dd5d134a164bd86136bbcf5d46a16') in 0.0078627 seconds
Number of updated asset objects reloaded before import = 0Number of asset objects unloaded after import = 1

========================================================================
Received Import Request.
  Time since last request: 0.000026 seconds.
  path: Assets/Materials/Texture Pack/128x128 Horror/Metal/Metal_18-128x128.png
  artifactKey: Guid(a1422469f2062614398313b8133567a7) Importer(2089858483,192608db42251d675da83286b1cce702)
Start importing Assets/Materials/Texture Pack/128x128 Horror/Metal/Metal_18-128x128.png using Guid(a1422469f2062614398313b8133567a7) Importer(2089858483,192608db42251d675da83286b1cce702) (ScriptedImporter) -> (artifact id: '7de2769c975a3ad5b4609f7604d0b81f') in 0.0096818 seconds
Number of updated asset objects reloaded before import = 0Number of asset objects unloaded after import = 1

========================================================================
Received Import Request.
  Time since last request: 0.000031 seconds.
  path: Assets/Materials/Texture Pack/128x128 Horror/Metal/Metal_12-128x128.png
  artifactKey: Guid(1db930f7a4edd1e4fbef2423966dc6e6) Importer(2089858483,192608db42251d675da83286b1cce702)
Start importing Assets/Materials/Texture Pack/128x128 Horror/Metal/Metal_12-128x128.png using Guid(1db930f7a4edd1e4fbef2423966dc6e6) Importer(2089858483,192608db42251d675da83286b1cce702) (ScriptedImporter) -> (artifact id: 'a3af5164952414ac195ed5365f49675d') in 0.0099263 seconds
Number of updated asset objects reloaded before import = 0Number of asset objects unloaded after import = 1

========================================================================
Received Import Request.
  Time since last request: 0.000027 seconds.
  path: Assets/Materials/Texture Pack/128x128 Horror/Stone/Stone_19-128x128.png
  artifactKey: Guid(2048863abc5568d429eacb54d4c36715) Importer(2089858483,192608db42251d675da83286b1cce702)
Start importing Assets/Materials/Texture Pack/128x128 Horror/Stone/Stone_19-128x128.png using Guid(2048863abc5568d429eacb54d4c36715) Importer(2089858483,192608db42251d675da83286b1cce702) (ScriptedImporter) -> (artifact id: '57d2b6d7f61c7db38cc80b219db78cd0') in 0.0079565 seconds
Number of updated asset objects reloaded before import = 0Number of asset objects unloaded after import = 1

========================================================================
Received Import Request.
  Time since last request: 0.000030 seconds.
  path: Assets/Materials/Texture Pack/128x128 Horror/Plaster/Plaster_05-128x128.png
  artifactKey: Guid(15d43bcdd7ccdb144a097b6fae6f81f7) Importer(2089858483,192608db42251d675da83286b1cce702)
Start importing Assets/Materials/Texture Pack/128x128 Horror/Plaster/Plaster_05-128x128.png using Guid(15d43bcdd7ccdb144a097b6fae6f81f7) Importer(2089858483,192608db42251d675da83286b1cce702) (ScriptedImporter) -> (artifact id: '80d064fec9160d7b38eb6bdd34c9dfe0') in 0.0081544 seconds
Number of updated asset objects reloaded before import = 0Number of asset objects unloaded after import = 1

========================================================================
Received Import Request.
  Time since last request: 0.000027 seconds.
  path: Assets/Materials/Texture Pack/128x128 Horror/Brick/Brick_10-128x128.png
  artifactKey: Guid(9e622d36107c1c64886bce43981447fa) Importer(2089858483,192608db42251d675da83286b1cce702)
Start importing Assets/Materials/Texture Pack/128x128 Horror/Brick/Brick_10-128x128.png using Guid(9e622d36107c1c64886bce43981447fa) Importer(2089858483,192608db42251d675da83286b1cce702) (ScriptedImporter) -> (artifact id: 'db48b33c3c7dd961e3ed82ec0e04e59b') in 0.0089731 seconds
Number of updated asset objects reloaded before import = 0Number of asset objects unloaded after import = 1

========================================================================
Received Import Request.
  Time since last request: 0.000030 seconds.
  path: Assets/Materials/Texture Pack/128x128 Horror/Elements/Elements_18-128x128.png
  artifactKey: Guid(d9ff72ebb9f71d741afcd6732cdebb4e) Importer(2089858483,192608db42251d675da83286b1cce702)
Start importing Assets/Materials/Texture Pack/128x128 Horror/Elements/Elements_18-128x128.png using Guid(d9ff72ebb9f71d741afcd6732cdebb4e) Importer(2089858483,192608db42251d675da83286b1cce702) (ScriptedImporter) -> (artifact id: '2dab54d1ca882c7d0f2dcc933c05ea9d') in 0.0109994 seconds
Number of updated asset objects reloaded before import = 0Number of asset objects unloaded after import = 1

========================================================================
Received Import Request.
  Time since last request: 0.000035 seconds.
  path: Assets/Materials/Texture Pack/128x128 Horror/Wood/Wood_19-128x128.png
  artifactKey: Guid(4fd9bccedca921b4298f3c956c286ddb) Importer(2089858483,192608db42251d675da83286b1cce702)
Start importing Assets/Materials/Texture Pack/128x128 Horror/Wood/Wood_19-128x128.png using Guid(4fd9bccedca921b4298f3c956c286ddb) Importer(2089858483,192608db42251d675da83286b1cce702) (ScriptedImporter) -> (artifact id: '90c8d8d6c6d27e6f174b88e26fced874') in 0.009355 seconds
Number of updated asset objects reloaded before import = 0Number of asset objects unloaded after import = 1

========================================================================
Received Import Request.
  Time since last request: 0.000039 seconds.
  path: Assets/Materials/Texture Pack/128x128/Elements/Elements_08-128x128.png
  artifactKey: Guid(a4ae9affb7f61324fbc1541f52db5856) Importer(2089858483,192608db42251d675da83286b1cce702)
Start importing Assets/Materials/Texture Pack/128x128/Elements/Elements_08-128x128.png using Guid(a4ae9affb7f61324fbc1541f52db5856) Importer(2089858483,192608db42251d675da83286b1cce702) (ScriptedImporter) -> (artifact id: '1ea9734bcde3efacb8805a1af9f218be') in 0.0087258 seconds
Number of updated asset objects reloaded before import = 0Number of asset objects unloaded after import = 1

========================================================================
Received Import Request.
  Time since last request: 0.000037 seconds.
  path: Assets/Materials/Texture Pack/128x128/Tile/Tile_10-128x128.png
  artifactKey: Guid(90a2ab606d7af5442b43a170bff89871) Importer(2089858483,192608db42251d675da83286b1cce702)
Start importing Assets/Materials/Texture Pack/128x128/Tile/Tile_10-128x128.png using Guid(90a2ab606d7af5442b43a170bff89871) Importer(2089858483,192608db42251d675da83286b1cce702) (ScriptedImporter) -> (artifact id: '22cda4c595ad819f36833bf603d436ab') in 0.0085536 seconds
Number of updated asset objects reloaded before import = 0Number of asset objects unloaded after import = 1

========================================================================
Received Import Request.
  Time since last request: 0.000030 seconds.
  path: Assets/Materials/Texture Pack/128x128/Stone/Stone_15-128x128.png
  artifactKey: Guid(454ba0aed73133642afdd01bea6a9be2) Importer(2089858483,192608db42251d675da83286b1cce702)
Start importing Assets/Materials/Texture Pack/128x128/Stone/Stone_15-128x128.png using Guid(454ba0aed73133642afdd01bea6a9be2) Importer(2089858483,192608db42251d675da83286b1cce702) (ScriptedImporter) -> (artifact id: 'e87527e2f5687eb916229db0e4c5d760') in 0.0079042 seconds
Number of updated asset objects reloaded before import = 0Number of asset objects unloaded after import = 1

========================================================================
Received Import Request.
  Time since last request: 0.000027 seconds.
  path: Assets/Materials/Texture Pack/128x128 Horror/Brick/Brick_20-128x128.png
  artifactKey: Guid(a5403597b6b0fd943a2e738a156c2a40) Importer(2089858483,192608db42251d675da83286b1cce702)
Start importing Assets/Materials/Texture Pack/128x128 Horror/Brick/Brick_20-128x128.png using Guid(a5403597b6b0fd943a2e738a156c2a40) Importer(2089858483,192608db42251d675da83286b1cce702) (ScriptedImporter) -> (artifact id: '50db01cec73c17d86d08ae97808ad2de') in 0.0076721 seconds
Number of updated asset objects reloaded before import = 0Number of asset objects unloaded after import = 1

========================================================================
Received Import Request.
  Time since last request: 0.000027 seconds.
  path: Assets/Materials/Texture Pack/128x128 Horror/Stone/Stone_14-128x128.png
  artifactKey: Guid(ed116a30dac3c4f4a940de17961cf03a) Importer(2089858483,192608db42251d675da83286b1cce702)
Start importing Assets/Materials/Texture Pack/128x128 Horror/Stone/Stone_14-128x128.png using Guid(ed116a30dac3c4f4a940de17961cf03a) Importer(2089858483,192608db42251d675da83286b1cce702) (ScriptedImporter) -> (artifact id: '50bcfdfc361a8c41e468f49eb5bbcfd9') in 0.0102129 seconds
Number of updated asset objects reloaded before import = 0Number of asset objects unloaded after import = 1

========================================================================
Received Import Request.
  Time since last request: 0.000060 seconds.
  path: Assets/Materials/Texture Pack/128x128/Brick/Brick_09-128x128.png
  artifactKey: Guid(109f6e2e3a0f16c46b5b465f3121f63d) Importer(2089858483,192608db42251d675da83286b1cce702)
Start importing Assets/Materials/Texture Pack/128x128/Brick/Brick_09-128x128.png using Guid(109f6e2e3a0f16c46b5b465f3121f63d) Importer(2089858483,192608db42251d675da83286b1cce702) (ScriptedImporter) -> (artifact id: '0b7d60a84ef6a0397261d1dfc93c2e3b') in 0.0083679 seconds
Number of updated asset objects reloaded before import = 0Number of asset objects unloaded after import = 1

========================================================================
Received Import Request.
  Time since last request: 0.000034 seconds.
  path: Assets/Materials/Texture Pack/128x128 Horror/Dirt/Dirt_15-128x128.png
  artifactKey: Guid(cc9d88dbbde7e4e459a8b0cfccc24e3d) Importer(2089858483,192608db42251d675da83286b1cce702)
Start importing Assets/Materials/Texture Pack/128x128 Horror/Dirt/Dirt_15-128x128.png using Guid(cc9d88dbbde7e4e459a8b0cfccc24e3d) Importer(2089858483,192608db42251d675da83286b1cce702) (ScriptedImporter) -> (artifact id: '7a49bfeeb35bcc37e52d9c0b7a42bbf7') in 0.007881 seconds
Number of updated asset objects reloaded before import = 0Number of asset objects unloaded after import = 1

========================================================================
Received Import Request.
  Time since last request: 0.000064 seconds.
  path: Assets/Materials/Texture Pack/128x128 Horror/Dirt/Dirt_20-128x128.png
  artifactKey: Guid(7a597a9d40a5c5b42994549bf79934ff) Importer(2089858483,192608db42251d675da83286b1cce702)
Start importing Assets/Materials/Texture Pack/128x128 Horror/Dirt/Dirt_20-128x128.png using Guid(7a597a9d40a5c5b42994549bf79934ff) Importer(2089858483,192608db42251d675da83286b1cce702) (ScriptedImporter) -> (artifact id: '59bca48b86c1a010108a26798183ac1d') in 0.007915 seconds
Number of updated asset objects reloaded before import = 0Number of asset objects unloaded after import = 1

========================================================================
Received Import Request.
  Time since last request: 0.000026 seconds.
  path: Assets/Materials/Texture Pack/128x128 Horror/Dirt/Dirt_08-128x128.png
  artifactKey: Guid(fcbce8fbf19c41e45ba16beef28de285) Importer(2089858483,192608db42251d675da83286b1cce702)
Start importing Assets/Materials/Texture Pack/128x128 Horror/Dirt/Dirt_08-128x128.png using Guid(fcbce8fbf19c41e45ba16beef28de285) Importer(2089858483,192608db42251d675da83286b1cce702) (ScriptedImporter) -> (artifact id: '982fdefea9b3a0a053e53761110bdb48') in 0.0081966 seconds
Number of updated asset objects reloaded before import = 0Number of asset objects unloaded after import = 1

========================================================================
Received Import Request.
  Time since last request: 0.000035 seconds.
  path: Assets/Materials/Texture Pack/128x128/Metal/Metal_04-128x128.png
  artifactKey: Guid(c10884dc3533f3644a77de07b8497c73) Importer(2089858483,192608db42251d675da83286b1cce702)
Start importing Assets/Materials/Texture Pack/128x128/Metal/Metal_04-128x128.png using Guid(c10884dc3533f3644a77de07b8497c73) Importer(2089858483,192608db42251d675da83286b1cce702) (ScriptedImporter) -> (artifact id: 'b61caad9afb218de03e15c54ea9fdbc9') in 0.0082116 seconds
Number of updated asset objects reloaded before import = 0Number of asset objects unloaded after import = 1

========================================================================
Received Import Request.
  Time since last request: 0.000028 seconds.
  path: Assets/Materials/Texture Pack/128x128/Elements/Elements_19-128x128.png
  artifactKey: Guid(dba2a69c99242844c965a1c7b5cd24dc) Importer(2089858483,192608db42251d675da83286b1cce702)
Start importing Assets/Materials/Texture Pack/128x128/Elements/Elements_19-128x128.png using Guid(dba2a69c99242844c965a1c7b5cd24dc) Importer(2089858483,192608db42251d675da83286b1cce702) (ScriptedImporter) -> (artifact id: '1e7c82fe1c082c58c7dbd452906cac61') in 0.010378 seconds
Number of updated asset objects reloaded before import = 0Number of asset objects unloaded after import = 1

========================================================================
Received Import Request.
  Time since last request: 0.000046 seconds.
  path: Assets/Materials/Texture Pack/128x128 Horror/Metal/Metal_08-128x128.png
  artifactKey: Guid(6509c7fa6e8ec25409d1dcaffa1c0aa7) Importer(2089858483,192608db42251d675da83286b1cce702)
Start importing Assets/Materials/Texture Pack/128x128 Horror/Metal/Metal_08-128x128.png using Guid(6509c7fa6e8ec25409d1dcaffa1c0aa7) Importer(2089858483,192608db42251d675da83286b1cce702) (ScriptedImporter) -> (artifact id: '42104156096882fe7e37a042ad0ff0a9') in 0.0081787 seconds
Number of updated asset objects reloaded before import = 0Number of asset objects unloaded after import = 1

========================================================================
Received Import Request.
  Time since last request: 0.000035 seconds.
  path: Assets/Materials/Texture Pack/128x128 Horror/Metal/Metal_05-128x128.png
  artifactKey: Guid(279f6203a967c38498c705b4394a1f87) Importer(2089858483,192608db42251d675da83286b1cce702)
Start importing Assets/Materials/Texture Pack/128x128 Horror/Metal/Metal_05-128x128.png using Guid(279f6203a967c38498c705b4394a1f87) Importer(2089858483,192608db42251d675da83286b1cce702) (ScriptedImporter) -> (artifact id: '946ceabd51db55f0bd9af8a39cc237be') in 0.0117203 seconds
Number of updated asset objects reloaded before import = 0Number of asset objects unloaded after import = 1

========================================================================
Received Import Request.
  Time since last request: 0.000028 seconds.
  path: Assets/Materials/Texture Pack/128x128/Elements/Elements_04-128x128.png
  artifactKey: Guid(d7ccbc7ca0747394685f8970de9d60e1) Importer(2089858483,192608db42251d675da83286b1cce702)
Start importing Assets/Materials/Texture Pack/128x128/Elements/Elements_04-128x128.png using Guid(d7ccbc7ca0747394685f8970de9d60e1) Importer(2089858483,192608db42251d675da83286b1cce702) (ScriptedImporter) -> (artifact id: 'be1e91d750bab84981be0664fd74f6c3') in 0.0089116 seconds
Number of updated asset objects reloaded before import = 0Number of asset objects unloaded after import = 1

========================================================================
Received Import Request.
  Time since last request: 0.000025 seconds.
  path: Assets/Materials/Texture Pack/128x128/Wood/Wood_06-128x128.png
  artifactKey: Guid(f050eaa709c5e134f99a74bfe23ed802) Importer(2089858483,192608db42251d675da83286b1cce702)
Start importing Assets/Materials/Texture Pack/128x128/Wood/Wood_06-128x128.png using Guid(f050eaa709c5e134f99a74bfe23ed802) Importer(2089858483,192608db42251d675da83286b1cce702) (ScriptedImporter) -> (artifact id: 'e06716fd058b4735afa0ee8ecdd14c72') in 0.0090536 seconds
Number of updated asset objects reloaded before import = 0Number of asset objects unloaded after import = 1

========================================================================
Received Import Request.
  Time since last request: 0.000029 seconds.
  path: Assets/Materials/Texture Pack/128x128/Brick/Brick_12-128x128.png
  artifactKey: Guid(e4e05538dea91bf47b29d2cad4bbb6c3) Importer(2089858483,192608db42251d675da83286b1cce702)
Start importing Assets/Materials/Texture Pack/128x128/Brick/Brick_12-128x128.png using Guid(e4e05538dea91bf47b29d2cad4bbb6c3) Importer(2089858483,192608db42251d675da83286b1cce702) (ScriptedImporter) -> (artifact id: 'fc4fd864debd579bbdf3971f6d98a06c') in 0.0080776 seconds
Number of updated asset objects reloaded before import = 0Number of asset objects unloaded after import = 1

========================================================================
Received Import Request.
  Time since last request: 0.000041 seconds.
  path: Assets/Materials/Texture Pack/128x128/Dirt/Dirt_16-128x128.png
  artifactKey: Guid(d2711f911e4303143af1623dfe28ee28) Importer(2089858483,192608db42251d675da83286b1cce702)
Start importing Assets/Materials/Texture Pack/128x128/Dirt/Dirt_16-128x128.png using Guid(d2711f911e4303143af1623dfe28ee28) Importer(2089858483,192608db42251d675da83286b1cce702) (ScriptedImporter) -> (artifact id: '6c0988fb4c0d2016a11f1a96d287a0e6') in 0.0113633 seconds
Number of updated asset objects reloaded before import = 0Number of asset objects unloaded after import = 1

========================================================================
Received Import Request.
  Time since last request: 0.000073 seconds.
  path: Assets/Materials/Texture Pack/128x128 Horror/Dirt/Dirt_04-128x128.png
  artifactKey: Guid(2f1d8c7ce63878848a00fa051af665ba) Importer(2089858483,192608db42251d675da83286b1cce702)
Start importing Assets/Materials/Texture Pack/128x128 Horror/Dirt/Dirt_04-128x128.png using Guid(2f1d8c7ce63878848a00fa051af665ba) Importer(2089858483,192608db42251d675da83286b1cce702) (ScriptedImporter) -> (artifact id: '1565ad5e8eccbc4264fb9a0e077ad5a5') in 0.0103932 seconds
Number of updated asset objects reloaded before import = 0Number of asset objects unloaded after import = 1

========================================================================
Received Import Request.
  Time since last request: 0.000040 seconds.
  path: Assets/Materials/Texture Pack/128x128/Dirt/Dirt_04-128x128.png
  artifactKey: Guid(0cc71d2b71d08e9429d7e50c64815eed) Importer(2089858483,192608db42251d675da83286b1cce702)
Start importing Assets/Materials/Texture Pack/128x128/Dirt/Dirt_04-128x128.png using Guid(0cc71d2b71d08e9429d7e50c64815eed) Importer(2089858483,192608db42251d675da83286b1cce702) (ScriptedImporter) -> (artifact id: 'd9c4a52dc5b87e6385231fe6812e5af3') in 0.0102346 seconds
Number of updated asset objects reloaded before import = 0Number of asset objects unloaded after import = 1

========================================================================
Received Import Request.
  Time since last request: 0.000030 seconds.
  path: Assets/Materials/Texture Pack/128x128 Horror/Wood
  artifactKey: Guid(b013fedc8d2a57944be7f3bff0880139) Importer(2089858483,192608db42251d675da83286b1cce702)
Start importing Assets/Materials/Texture Pack/128x128 Horror/Wood using Guid(b013fedc8d2a57944be7f3bff0880139) Importer(2089858483,192608db42251d675da83286b1cce702) (ScriptedImporter) -> (artifact id: 'b6183bf49222ba05d9db742661b9486b') in 0.0047366 seconds
Number of updated asset objects reloaded before import = 0Number of asset objects unloaded after import = 1

========================================================================
Received Import Request.
  Time since last request: 0.000029 seconds.
  path: Assets/Materials/Texture Pack/128x128 Horror/Wood/Wood_18-128x128.png
  artifactKey: Guid(89b5ae490c9e8ee48a4cab090f5414ec) Importer(2089858483,192608db42251d675da83286b1cce702)
Start importing Assets/Materials/Texture Pack/128x128 Horror/Wood/Wood_18-128x128.png using Guid(89b5ae490c9e8ee48a4cab090f5414ec) Importer(2089858483,192608db42251d675da83286b1cce702) (ScriptedImporter) -> (artifact id: 'd24ec3eed54b16059a57e0eb41dc4f3c') in 0.0120876 seconds
Number of updated asset objects reloaded before import = 0Number of asset objects unloaded after import = 1

========================================================================
Received Import Request.
  Time since last request: 0.000111 seconds.
  path: Assets/Materials/Texture Pack/128x128/Metal/Metal_18-128x128.png
  artifactKey: Guid(3bbdbe10efac6854890c924914a7878e) Importer(2089858483,192608db42251d675da83286b1cce702)
Start importing Assets/Materials/Texture Pack/128x128/Metal/Metal_18-128x128.png using Guid(3bbdbe10efac6854890c924914a7878e) Importer(2089858483,192608db42251d675da83286b1cce702) (ScriptedImporter) -> (artifact id: '4a203fe12b6cbedbfeeb2d083a444cf7') in 0.0128035 seconds
Number of updated asset objects reloaded before import = 0Number of asset objects unloaded after import = 1

========================================================================
Received Import Request.
  Time since last request: 0.000032 seconds.
  path: Assets/Materials/Texture Pack/128x128 Horror/Plaster/Plaster_02-128x128.png
  artifactKey: Guid(ace4ac41959cdd54ab467d638e838fd7) Importer(2089858483,192608db42251d675da83286b1cce702)
Start importing Assets/Materials/Texture Pack/128x128 Horror/Plaster/Plaster_02-128x128.png using Guid(ace4ac41959cdd54ab467d638e838fd7) Importer(2089858483,192608db42251d675da83286b1cce702) (ScriptedImporter) -> (artifact id: '30591392efbae99664c77c39bd01dd32') in 0.0122937 seconds
Number of updated asset objects reloaded before import = 0Number of asset objects unloaded after import = 1

========================================================================
Received Import Request.
  Time since last request: 0.000033 seconds.
  path: Assets/Materials/Texture Pack/128x128 Horror/Brick/Brick_04-128x128.png
  artifactKey: Guid(854a768210ba5df4690b6be56cf96f7e) Importer(2089858483,192608db42251d675da83286b1cce702)
Start importing Assets/Materials/Texture Pack/128x128 Horror/Brick/Brick_04-128x128.png using Guid(854a768210ba5df4690b6be56cf96f7e) Importer(2089858483,192608db42251d675da83286b1cce702) (ScriptedImporter) -> (artifact id: '28a24b3f9fc02dbf41787407edbd543c') in 0.0094666 seconds
Number of updated asset objects reloaded before import = 0Number of asset objects unloaded after import = 1

========================================================================
Received Import Request.
  Time since last request: 0.000039 seconds.
  path: Assets/Materials/Texture Pack/128x128/Wood/Wood_19-128x128.png
  artifactKey: Guid(b15e83cbe6b92fc47b47588c5d855e81) Importer(2089858483,192608db42251d675da83286b1cce702)
Start importing Assets/Materials/Texture Pack/128x128/Wood/Wood_19-128x128.png using Guid(b15e83cbe6b92fc47b47588c5d855e81) Importer(2089858483,192608db42251d675da83286b1cce702) (ScriptedImporter) -> (artifact id: '5acba2ed7f9e08c7c8f4b3de83e9fc41') in 0.0081897 seconds
Number of updated asset objects reloaded before import = 0Number of asset objects unloaded after import = 1

========================================================================
Received Import Request.
  Time since last request: 0.000030 seconds.
  path: Assets/Materials/Texture Pack/128x128 Horror/Tile/Tile_05-128x128.png
  artifactKey: Guid(7f770f8d126cc734b82852dcb968ef29) Importer(2089858483,192608db42251d675da83286b1cce702)
Start importing Assets/Materials/Texture Pack/128x128 Horror/Tile/Tile_05-128x128.png using Guid(7f770f8d126cc734b82852dcb968ef29) Importer(2089858483,192608db42251d675da83286b1cce702) (ScriptedImporter) -> (artifact id: 'cce8726e8312e784e100ca5278bd6aaf') in 0.0095529 seconds
Number of updated asset objects reloaded before import = 0Number of asset objects unloaded after import = 1

========================================================================
Received Import Request.
  Time since last request: 0.000042 seconds.
  path: Assets/Materials/Texture Pack/128x128 Horror/Tile/Tile_17-128x128.png
  artifactKey: Guid(1e5976d0643487c46a03331e952416d5) Importer(2089858483,192608db42251d675da83286b1cce702)
Start importing Assets/Materials/Texture Pack/128x128 Horror/Tile/Tile_17-128x128.png using Guid(1e5976d0643487c46a03331e952416d5) Importer(2089858483,192608db42251d675da83286b1cce702) (ScriptedImporter) -> (artifact id: 'a20a1af742fb1b197736bfcf36193e3a') in 0.0093151 seconds
Number of updated asset objects reloaded before import = 0Number of asset objects unloaded after import = 1

========================================================================
Received Import Request.
  Time since last request: 0.000034 seconds.
  path: Assets/Materials/Texture Pack/128x128/Tile/Tile_04-128x128.png
  artifactKey: Guid(7e061bd9a672dac4d8f09ab86e2dcfb4) Importer(2089858483,192608db42251d675da83286b1cce702)
Start importing Assets/Materials/Texture Pack/128x128/Tile/Tile_04-128x128.png using Guid(7e061bd9a672dac4d8f09ab86e2dcfb4) Importer(2089858483,192608db42251d675da83286b1cce702) (ScriptedImporter) -> (artifact id: '453e9408d03fe93b37a49994579cbe38') in 0.0087597 seconds
Number of updated asset objects reloaded before import = 0Number of asset objects unloaded after import = 1

========================================================================
Received Import Request.
  Time since last request: 0.000025 seconds.
  path: Assets/Materials/Texture Pack/128x128 Horror/Wood/Wood_15-128x128.png
  artifactKey: Guid(7ee4dfb4ba294fe419a2a4cafd226116) Importer(2089858483,192608db42251d675da83286b1cce702)
Start importing Assets/Materials/Texture Pack/128x128 Horror/Wood/Wood_15-128x128.png using Guid(7ee4dfb4ba294fe419a2a4cafd226116) Importer(2089858483,192608db42251d675da83286b1cce702) (ScriptedImporter) -> (artifact id: 'e26bcef7d5256e5078f2aa5b055952c2') in 0.0102175 seconds
Number of updated asset objects reloaded before import = 0Number of asset objects unloaded after import = 1

========================================================================
Received Import Request.
  Time since last request: 0.000031 seconds.
  path: Assets/Materials/Texture Pack/128x128/Plaster/Plaster_14-128x128.png
  artifactKey: Guid(6f062f854bc43c142b52ef71b1bb74b5) Importer(2089858483,192608db42251d675da83286b1cce702)
Start importing Assets/Materials/Texture Pack/128x128/Plaster/Plaster_14-128x128.png using Guid(6f062f854bc43c142b52ef71b1bb74b5) Importer(2089858483,192608db42251d675da83286b1cce702) (ScriptedImporter) -> (artifact id: '26622e823730a3ede34e002efbbe43ce') in 0.0097817 seconds
Number of updated asset objects reloaded before import = 0Number of asset objects unloaded after import = 1

========================================================================
Received Import Request.
  Time since last request: 0.000028 seconds.
  path: Assets/Materials/Texture Pack/128x128 Horror/Brick/Brick_19-128x128.png
  artifactKey: Guid(966767e9adcc58b47846d7660ad80c2a) Importer(2089858483,192608db42251d675da83286b1cce702)
Start importing Assets/Materials/Texture Pack/128x128 Horror/Brick/Brick_19-128x128.png using Guid(966767e9adcc58b47846d7660ad80c2a) Importer(2089858483,192608db42251d675da83286b1cce702) (ScriptedImporter) -> (artifact id: '84ad362e5b2676c6e96069524db7c8fa') in 0.0094886 seconds
Number of updated asset objects reloaded before import = 0Number of asset objects unloaded after import = 1

========================================================================
Received Import Request.
  Time since last request: 0.000047 seconds.
  path: Assets/Materials/Texture Pack/128x128 Horror/Stone/Stone_13-128x128.png
  artifactKey: Guid(02b07ea20510b7548bb8cb447a63569e) Importer(2089858483,192608db42251d675da83286b1cce702)
Start importing Assets/Materials/Texture Pack/128x128 Horror/Stone/Stone_13-128x128.png using Guid(02b07ea20510b7548bb8cb447a63569e) Importer(2089858483,192608db42251d675da83286b1cce702) (ScriptedImporter) -> (artifact id: 'd2371c4fd815bbccedc62484fecabb5e') in 0.0081466 seconds
Number of updated asset objects reloaded before import = 0Number of asset objects unloaded after import = 1

========================================================================
Received Import Request.
  Time since last request: 0.000029 seconds.
  path: Assets/Materials/Texture Pack/128x128 Horror/Elements/Elements_12-128x128.png
  artifactKey: Guid(27557b10ba4cdd14c810aa5ebb4426d1) Importer(2089858483,192608db42251d675da83286b1cce702)
Start importing Assets/Materials/Texture Pack/128x128 Horror/Elements/Elements_12-128x128.png using Guid(27557b10ba4cdd14c810aa5ebb4426d1) Importer(2089858483,192608db42251d675da83286b1cce702) (ScriptedImporter) -> (artifact id: '4837abd294dca0096f48bf615d8a6ebe') in 0.0090934 seconds
Number of updated asset objects reloaded before import = 0Number of asset objects unloaded after import = 1

========================================================================
Received Import Request.
  Time since last request: 0.000032 seconds.
  path: Assets/Materials/Texture Pack/128x128 Horror/Brick/Brick_13-128x128.png
  artifactKey: Guid(65c9d34cb5fb94d4ca8b9bcaaeaff653) Importer(2089858483,192608db42251d675da83286b1cce702)
Start importing Assets/Materials/Texture Pack/128x128 Horror/Brick/Brick_13-128x128.png using Guid(65c9d34cb5fb94d4ca8b9bcaaeaff653) Importer(2089858483,192608db42251d675da83286b1cce702) (ScriptedImporter) -> (artifact id: '04e35dbde013ee857aa1da2022d777b8') in 0.0085799 seconds
Number of updated asset objects reloaded before import = 0Number of asset objects unloaded after import = 1

========================================================================
Received Import Request.
  Time since last request: 0.000035 seconds.
  path: Assets/Materials/Texture Pack/128x128 Horror/Wood/Wood_12-128x128.png
  artifactKey: Guid(69c51255509571c4f94d5e5a836e8e86) Importer(2089858483,192608db42251d675da83286b1cce702)
Start importing Assets/Materials/Texture Pack/128x128 Horror/Wood/Wood_12-128x128.png using Guid(69c51255509571c4f94d5e5a836e8e86) Importer(2089858483,192608db42251d675da83286b1cce702) (ScriptedImporter) -> (artifact id: 'a47f66c0a7fbcf06880d646d4636f216') in 0.0114129 seconds
Number of updated asset objects reloaded before import = 0Number of asset objects unloaded after import = 1

========================================================================
Received Import Request.
  Time since last request: 0.000037 seconds.
  path: Assets/Materials/Texture Pack/128x128 Horror/Stone/Materials
  artifactKey: Guid(a72ee5645b4143f4d97ad8ddf47016b3) Importer(2089858483,192608db42251d675da83286b1cce702)
Start importing Assets/Materials/Texture Pack/128x128 Horror/Stone/Materials using Guid(a72ee5645b4143f4d97ad8ddf47016b3) Importer(2089858483,192608db42251d675da83286b1cce702) (ScriptedImporter) -> (artifact id: '49b2b5bb502d44d3d090a2e88edcf33d') in 0.003821 seconds
Number of updated asset objects reloaded before import = 0Number of asset objects unloaded after import = 1

========================================================================
Received Import Request.
  Time since last request: 0.000055 seconds.
  path: Assets/Materials/Texture Pack/128x128 Horror/Brick/Brick_17-128x128.png
  artifactKey: Guid(99f37491fd23e964099af18fa030209b) Importer(2089858483,192608db42251d675da83286b1cce702)
Start importing Assets/Materials/Texture Pack/128x128 Horror/Brick/Brick_17-128x128.png using Guid(99f37491fd23e964099af18fa030209b) Importer(2089858483,192608db42251d675da83286b1cce702) (ScriptedImporter) -> (artifact id: 'd89c80ac8b94322844b726bf3b9d9981') in 0.0103532 seconds
Number of updated asset objects reloaded before import = 0Number of asset objects unloaded after import = 1

========================================================================
Received Import Request.
  Time since last request: 0.000031 seconds.
  path: Assets/Materials/Texture Pack/128x128 Horror/Wood/Wood_14-128x128.png
  artifactKey: Guid(f7bda270a15a88d4d874007e8e41e344) Importer(2089858483,192608db42251d675da83286b1cce702)
Start importing Assets/Materials/Texture Pack/128x128 Horror/Wood/Wood_14-128x128.png using Guid(f7bda270a15a88d4d874007e8e41e344) Importer(2089858483,192608db42251d675da83286b1cce702) (ScriptedImporter) -> (artifact id: '209b683ae566de5266d9bd4ada688436') in 0.0110555 seconds
Number of updated asset objects reloaded before import = 0Number of asset objects unloaded after import = 1

========================================================================
Received Import Request.
  Time since last request: 0.000038 seconds.
  path: Assets/Materials/Texture Pack/128x128 Horror
  artifactKey: Guid(95153345a03837444954ecf3b9872f74) Importer(2089858483,192608db42251d675da83286b1cce702)
Start importing Assets/Materials/Texture Pack/128x128 Horror using Guid(95153345a03837444954ecf3b9872f74) Importer(2089858483,192608db42251d675da83286b1cce702) (ScriptedImporter) -> (artifact id: '0a8791fa6e039610a04b995e7e173fec') in 0.0042952 seconds
Number of updated asset objects reloaded before import = 0Number of asset objects unloaded after import = 1

========================================================================
Received Import Request.
  Time since last request: 0.000047 seconds.
  path: Assets/Materials/Texture Pack/128x128 Horror/Dirt/Dirt_07-128x128.png
  artifactKey: Guid(ea470f427df873643a7d65e006e1b333) Importer(2089858483,192608db42251d675da83286b1cce702)
Start importing Assets/Materials/Texture Pack/128x128 Horror/Dirt/Dirt_07-128x128.png using Guid(ea470f427df873643a7d65e006e1b333) Importer(2089858483,192608db42251d675da83286b1cce702) (ScriptedImporter) -> (artifact id: '67faf6ae10f7f13e8e99cf4af3a4cfd7') in 0.0080948 seconds
Number of updated asset objects reloaded before import = 0Number of asset objects unloaded after import = 1

========================================================================
Received Import Request.
  Time since last request: 0.000036 seconds.
  path: Assets/Materials/Texture Pack/128x128/Plaster/Plaster_10-128x128.png
  artifactKey: Guid(ded3ba2688f792e4c95c96102c544532) Importer(2089858483,192608db42251d675da83286b1cce702)
Start importing Assets/Materials/Texture Pack/128x128/Plaster/Plaster_10-128x128.png using Guid(ded3ba2688f792e4c95c96102c544532) Importer(2089858483,192608db42251d675da83286b1cce702) (ScriptedImporter) -> (artifact id: '8e9853c8c3558b617f40f094bc6c7ecf') in 0.0109342 seconds
Number of updated asset objects reloaded before import = 0Number of asset objects unloaded after import = 1

========================================================================
Received Import Request.
  Time since last request: 0.000042 seconds.
  path: Assets/Materials/Texture Pack/128x128/Elements/Elements_10-128x128.png
  artifactKey: Guid(384f71fdab6a55e4b82375136527190f) Importer(2089858483,192608db42251d675da83286b1cce702)
Start importing Assets/Materials/Texture Pack/128x128/Elements/Elements_10-128x128.png using Guid(384f71fdab6a55e4b82375136527190f) Importer(2089858483,192608db42251d675da83286b1cce702) (ScriptedImporter) -> (artifact id: '3373c45f96453ca541570a9f904617e5') in 0.010248 seconds
Number of updated asset objects reloaded before import = 0Number of asset objects unloaded after import = 1

========================================================================
Received Import Request.
  Time since last request: 0.000039 seconds.
  path: Assets/Materials/Texture Pack/128x128/Wood/Wood_15-128x128.png
  artifactKey: Guid(a33f6b34357f9d04fbce4581a5a38544) Importer(2089858483,192608db42251d675da83286b1cce702)
Start importing Assets/Materials/Texture Pack/128x128/Wood/Wood_15-128x128.png using Guid(a33f6b34357f9d04fbce4581a5a38544) Importer(2089858483,192608db42251d675da83286b1cce702) (ScriptedImporter) -> (artifact id: 'e7ee2f26d10d2d7fd239134791310a8d') in 0.0126312 seconds
Number of updated asset objects reloaded before import = 0Number of asset objects unloaded after import = 1

========================================================================
Received Import Request.
  Time since last request: 0.000032 seconds.
  path: Assets/Materials/Texture Pack/128x128/Metal/Metal_16-128x128.png
  artifactKey: Guid(f808d578f32bf1c448abefe2b870479a) Importer(2089858483,192608db42251d675da83286b1cce702)
Start importing Assets/Materials/Texture Pack/128x128/Metal/Metal_16-128x128.png using Guid(f808d578f32bf1c448abefe2b870479a) Importer(2089858483,192608db42251d675da83286b1cce702) (ScriptedImporter) -> (artifact id: 'b323e41d663311b6c3f1178ad73df833') in 0.0084752 seconds
Number of updated asset objects reloaded before import = 0Number of asset objects unloaded after import = 1

========================================================================
Received Import Request.
  Time since last request: 0.000037 seconds.
  path: Assets/Materials/Texture Pack/128x128 Horror/Tile/Tile_04-128x128.png
  artifactKey: Guid(24736b6eb67b60947b82b2c6e7d88469) Importer(2089858483,192608db42251d675da83286b1cce702)
Start importing Assets/Materials/Texture Pack/128x128 Horror/Tile/Tile_04-128x128.png using Guid(24736b6eb67b60947b82b2c6e7d88469) Importer(2089858483,192608db42251d675da83286b1cce702) (ScriptedImporter) -> (artifact id: '627ee6725f6bf9ecfa59ecf5bf1b3b6a') in 0.010737 seconds
Number of updated asset objects reloaded before import = 0Number of asset objects unloaded after import = 1

========================================================================
Received Import Request.
  Time since last request: 0.000026 seconds.
  path: Assets/Materials/Texture Pack/128x128/Elements/Elements_18-128x128.png
  artifactKey: Guid(0e440efca96f5f64491891d33fe835ff) Importer(2089858483,192608db42251d675da83286b1cce702)
Start importing Assets/Materials/Texture Pack/128x128/Elements/Elements_18-128x128.png using Guid(0e440efca96f5f64491891d33fe835ff) Importer(2089858483,192608db42251d675da83286b1cce702) (ScriptedImporter) -> (artifact id: 'b7e41777105689d90f2dffbfa10aab8b') in 0.0106024 seconds
Number of updated asset objects reloaded before import = 0Number of asset objects unloaded after import = 1

========================================================================
Received Import Request.
  Time since last request: 0.000037 seconds.
  path: Assets/Materials/Texture Pack/128x128/Dirt/Dirt_06-128x128.png
  artifactKey: Guid(4ed888885a81db24aa261d3e7b0e589e) Importer(2089858483,192608db42251d675da83286b1cce702)
Start importing Assets/Materials/Texture Pack/128x128/Dirt/Dirt_06-128x128.png using Guid(4ed888885a81db24aa261d3e7b0e589e) Importer(2089858483,192608db42251d675da83286b1cce702) (ScriptedImporter) -> (artifact id: '24c3304f8a5731a40363ca8d97274c49') in 0.0105537 seconds
Number of updated asset objects reloaded before import = 0Number of asset objects unloaded after import = 1

========================================================================
Received Import Request.
  Time since last request: 0.000027 seconds.
  path: Assets/Materials/Texture Pack/128x128/Tile/Tile_16-128x128.png
  artifactKey: Guid(cfea748843e260742a3ea4fbe44c0996) Importer(2089858483,192608db42251d675da83286b1cce702)
Start importing Assets/Materials/Texture Pack/128x128/Tile/Tile_16-128x128.png using Guid(cfea748843e260742a3ea4fbe44c0996) Importer(2089858483,192608db42251d675da83286b1cce702) (ScriptedImporter) -> (artifact id: '46114aebf4d60d5fe1844288e0f0ec55') in 0.0103277 seconds
Number of updated asset objects reloaded before import = 0Number of asset objects unloaded after import = 1

========================================================================
Received Import Request.
  Time since last request: 0.000032 seconds.
  path: Assets/Materials/Texture Pack/128x128 Horror/Plaster/Plaster_12-128x128.png
  artifactKey: Guid(699c17c93541ce645acf367c20204ded) Importer(2089858483,192608db42251d675da83286b1cce702)
Start importing Assets/Materials/Texture Pack/128x128 Horror/Plaster/Plaster_12-128x128.png using Guid(699c17c93541ce645acf367c20204ded) Importer(2089858483,192608db42251d675da83286b1cce702) (ScriptedImporter) -> (artifact id: 'c6bd4b6f4975728ef8a52136f8792ea7') in 0.0077841 seconds
Number of updated asset objects reloaded before import = 0Number of asset objects unloaded after import = 1

========================================================================
Received Import Request.
  Time since last request: 0.000030 seconds.
  path: Assets/Materials/Texture Pack/128x128 Horror/Tile/Tile_02-128x128.png
  artifactKey: Guid(8d01da01f8d6ef54794e4a34d8e98367) Importer(2089858483,192608db42251d675da83286b1cce702)
Start importing Assets/Materials/Texture Pack/128x128 Horror/Tile/Tile_02-128x128.png using Guid(8d01da01f8d6ef54794e4a34d8e98367) Importer(2089858483,192608db42251d675da83286b1cce702) (ScriptedImporter) -> (artifact id: '9b35928811125618b538fac1510fc7c4') in 0.008134 seconds
Number of updated asset objects reloaded before import = 0Number of asset objects unloaded after import = 1

========================================================================
Received Import Request.
  Time since last request: 0.000027 seconds.
  path: Assets/Materials/Texture Pack/128x128/Metal/Metal_10-128x128.png
  artifactKey: Guid(d823bcbb215904a44be91f4957f2cf8f) Importer(2089858483,192608db42251d675da83286b1cce702)
Start importing Assets/Materials/Texture Pack/128x128/Metal/Metal_10-128x128.png using Guid(d823bcbb215904a44be91f4957f2cf8f) Importer(2089858483,192608db42251d675da83286b1cce702) (ScriptedImporter) -> (artifact id: 'b2df0e884ecbbf62511caf664bacd0c7') in 0.0078288 seconds
Number of updated asset objects reloaded before import = 0Number of asset objects unloaded after import = 1

========================================================================
Received Import Request.
  Time since last request: 0.000044 seconds.
  path: Assets/Materials/Texture Pack/128x128/Elements/Elements_06-128x128.png
  artifactKey: Guid(58fed74447fe771468dc6dec7335d1b8) Importer(2089858483,192608db42251d675da83286b1cce702)
Start importing Assets/Materials/Texture Pack/128x128/Elements/Elements_06-128x128.png using Guid(58fed74447fe771468dc6dec7335d1b8) Importer(2089858483,192608db42251d675da83286b1cce702) (ScriptedImporter) -> (artifact id: '0d0261eacba64133e0149a3bad5e2299') in 0.0085016 seconds
Number of updated asset objects reloaded before import = 0Number of asset objects unloaded after import = 1

========================================================================
Received Import Request.
  Time since last request: 0.000026 seconds.
  path: Assets/Materials/Texture Pack/128x128 Horror/Elements/Elements_08-128x128.png
  artifactKey: Guid(6cb6443dadd536444b65b935f8bd7a31) Importer(2089858483,192608db42251d675da83286b1cce702)
Start importing Assets/Materials/Texture Pack/128x128 Horror/Elements/Elements_08-128x128.png using Guid(6cb6443dadd536444b65b935f8bd7a31) Importer(2089858483,192608db42251d675da83286b1cce702) (ScriptedImporter) -> (artifact id: 'ed7a650512bcfdb20962418d323e7ea1') in 0.009977 seconds
Number of updated asset objects reloaded before import = 0Number of asset objects unloaded after import = 1

========================================================================
Received Import Request.
  Time since last request: 0.000028 seconds.
  path: Assets/Materials/Texture Pack/128x128 Horror/Stone/Stone_05-128x128.png
  artifactKey: Guid(29c40876d4568ad44929b4162747d75c) Importer(2089858483,192608db42251d675da83286b1cce702)
Start importing Assets/Materials/Texture Pack/128x128 Horror/Stone/Stone_05-128x128.png using Guid(29c40876d4568ad44929b4162747d75c) Importer(2089858483,192608db42251d675da83286b1cce702) (ScriptedImporter) -> (artifact id: '8310438b28bac4f7bd5b2f83d7d63546') in 0.0138038 seconds
Number of updated asset objects reloaded before import = 0Number of asset objects unloaded after import = 1

========================================================================
Received Import Request.
  Time since last request: 0.000040 seconds.
  path: Assets/Materials/Texture Pack/128x128 Horror/Stone
  artifactKey: Guid(16c658fed7b636c48a930db0ad4cb52a) Importer(2089858483,192608db42251d675da83286b1cce702)
Start importing Assets/Materials/Texture Pack/128x128 Horror/Stone using Guid(16c658fed7b636c48a930db0ad4cb52a) Importer(2089858483,192608db42251d675da83286b1cce702) (ScriptedImporter) -> (artifact id: '94ed99d00ff0f58bf131f35ca7029943') in 0.004725 seconds
Number of updated asset objects reloaded before import = 0Number of asset objects unloaded after import = 1

========================================================================
Received Import Request.
  Time since last request: 0.000052 seconds.
  path: Assets/Materials/Texture Pack/128x128 Horror/Brick/Brick_05-128x128.png
  artifactKey: Guid(9a942cb3c9605804caf51cb7fafccbf8) Importer(2089858483,192608db42251d675da83286b1cce702)
Start importing Assets/Materials/Texture Pack/128x128 Horror/Brick/Brick_05-128x128.png using Guid(9a942cb3c9605804caf51cb7fafccbf8) Importer(2089858483,192608db42251d675da83286b1cce702) (ScriptedImporter) -> (artifact id: '73fec71e4a205b6eff2e2fff2392050c') in 0.0100279 seconds
Number of updated asset objects reloaded before import = 0Number of asset objects unloaded after import = 1

========================================================================
Received Import Request.
  Time since last request: 0.000035 seconds.
  path: Assets/Materials/Texture Pack/128x128/Plaster/Plaster_20-128x128.png
  artifactKey: Guid(a7b94711f45f59242aca79f01424a36c) Importer(2089858483,192608db42251d675da83286b1cce702)
Start importing Assets/Materials/Texture Pack/128x128/Plaster/Plaster_20-128x128.png using Guid(a7b94711f45f59242aca79f01424a36c) Importer(2089858483,192608db42251d675da83286b1cce702) (ScriptedImporter) -> (artifact id: 'dcb6589baa5b2a9a7f23c70f23bd88c8') in 0.0073987 seconds
Number of updated asset objects reloaded before import = 0Number of asset objects unloaded after import = 1

========================================================================
Received Import Request.
  Time since last request: 0.000028 seconds.
  path: Assets/Materials/Texture Pack/128x128/Tile/Tile_01-128x128.png
  artifactKey: Guid(18c8866c05f56924d9cfeadf6fb1a73c) Importer(2089858483,192608db42251d675da83286b1cce702)
Start importing Assets/Materials/Texture Pack/128x128/Tile/Tile_01-128x128.png using Guid(18c8866c05f56924d9cfeadf6fb1a73c) Importer(2089858483,192608db42251d675da83286b1cce702) (ScriptedImporter) -> (artifact id: '92907f200d9188b0cd434d61ef6613d5') in 0.0086731 seconds
Number of updated asset objects reloaded before import = 0Number of asset objects unloaded after import = 1

========================================================================
Received Import Request.
  Time since last request: 0.000045 seconds.
  path: Assets/Materials/Texture Pack/128x128/Tile/Tile_20-128x128.png
  artifactKey: Guid(df128b14b0c4bcc4595b58cc5afdb246) Importer(2089858483,192608db42251d675da83286b1cce702)
Start importing Assets/Materials/Texture Pack/128x128/Tile/Tile_20-128x128.png using Guid(df128b14b0c4bcc4595b58cc5afdb246) Importer(2089858483,192608db42251d675da83286b1cce702) (ScriptedImporter) -> (artifact id: '9a133959e839822fa98b123c598e17d7') in 0.0088391 seconds
Number of updated asset objects reloaded before import = 0Number of asset objects unloaded after import = 1

========================================================================
Received Import Request.
  Time since last request: 0.000026 seconds.
  path: Assets/Materials/Texture Pack/128x128/Plaster/Plaster_17-128x128.png
  artifactKey: Guid(acae19a27dbe56a4595e68fe46af5c17) Importer(2089858483,192608db42251d675da83286b1cce702)
Start importing Assets/Materials/Texture Pack/128x128/Plaster/Plaster_17-128x128.png using Guid(acae19a27dbe56a4595e68fe46af5c17) Importer(2089858483,192608db42251d675da83286b1cce702) (ScriptedImporter) -> (artifact id: '2ea00ddeff0af595f623c0e99133bbfe') in 0.0101284 seconds
Number of updated asset objects reloaded before import = 0Number of asset objects unloaded after import = 1

========================================================================
Received Import Request.
  Time since last request: 0.000031 seconds.
  path: Assets/Materials/Texture Pack/128x128/Elements/Elements_17-128x128.png
  artifactKey: Guid(149b67c1eee7f1c4b97c649a65419013) Importer(2089858483,192608db42251d675da83286b1cce702)
Start importing Assets/Materials/Texture Pack/128x128/Elements/Elements_17-128x128.png using Guid(149b67c1eee7f1c4b97c649a65419013) Importer(2089858483,192608db42251d675da83286b1cce702) (ScriptedImporter) -> (artifact id: '6b93c75031ac55cd250c14d223c9ee4c') in 0.0102696 seconds
Number of updated asset objects reloaded before import = 0Number of asset objects unloaded after import = 1

========================================================================
Received Import Request.
  Time since last request: 0.000036 seconds.
  path: Assets/Materials/Texture Pack/128x128 Horror/Brick/Brick_01-128x128.png
  artifactKey: Guid(21377868a1fc9834aac56d55717a3c87) Importer(2089858483,192608db42251d675da83286b1cce702)
Start importing Assets/Materials/Texture Pack/128x128 Horror/Brick/Brick_01-128x128.png using Guid(21377868a1fc9834aac56d55717a3c87) Importer(2089858483,192608db42251d675da83286b1cce702) (ScriptedImporter) -> (artifact id: '12e7f3494b61e39373add48f1cf8e20a') in 0.0081348 seconds
Number of updated asset objects reloaded before import = 0Number of asset objects unloaded after import = 1

========================================================================
Received Import Request.
  Time since last request: 0.000033 seconds.
  path: Assets/Materials/Texture Pack/128x128/Brick/Brick_04-128x128.png
  artifactKey: Guid(5be62385f6d4dbb45a6a67003ff1d8e0) Importer(2089858483,192608db42251d675da83286b1cce702)
Start importing Assets/Materials/Texture Pack/128x128/Brick/Brick_04-128x128.png using Guid(5be62385f6d4dbb45a6a67003ff1d8e0) Importer(2089858483,192608db42251d675da83286b1cce702) (ScriptedImporter) -> (artifact id: '521c908993e730c959c64938c2e937a0') in 0.0101611 seconds
Number of updated asset objects reloaded before import = 0Number of asset objects unloaded after import = 1

========================================================================
Received Import Request.
  Time since last request: 0.000054 seconds.
  path: Assets/Materials/Texture Pack/128x128 Horror/Metal/Metal_10-128x128.png
  artifactKey: Guid(0cea57c214bf9914e9102470cc35a1c8) Importer(2089858483,192608db42251d675da83286b1cce702)
Start importing Assets/Materials/Texture Pack/128x128 Horror/Metal/Metal_10-128x128.png using Guid(0cea57c214bf9914e9102470cc35a1c8) Importer(2089858483,192608db42251d675da83286b1cce702) (ScriptedImporter) -> (artifact id: '09ba487f612b0d4cbb5687dbdfef7d5c') in 0.0096211 seconds
Number of updated asset objects reloaded before import = 0Number of asset objects unloaded after import = 1

========================================================================
Received Import Request.
  Time since last request: 0.000155 seconds.
  path: Assets/Materials/Texture Pack/128x128/Metal/Metal_08-128x128.png
  artifactKey: Guid(3861dcccaff705c41a06f8b4d714f18a) Importer(2089858483,192608db42251d675da83286b1cce702)
Start importing Assets/Materials/Texture Pack/128x128/Metal/Metal_08-128x128.png using Guid(3861dcccaff705c41a06f8b4d714f18a) Importer(2089858483,192608db42251d675da83286b1cce702) (ScriptedImporter) -> (artifact id: 'c4c9b2ecb594055ec8a4b6962e5c205f') in 0.0086503 seconds
Number of updated asset objects reloaded before import = 0Number of asset objects unloaded after import = 1

========================================================================
Received Import Request.
  Time since last request: 0.000027 seconds.
  path: Assets/Materials/Texture Pack/128x128/Dirt/Dirt_09-128x128.png
  artifactKey: Guid(08f0ce0bc6ea18240a554b040b08b7ff) Importer(2089858483,192608db42251d675da83286b1cce702)
Start importing Assets/Materials/Texture Pack/128x128/Dirt/Dirt_09-128x128.png using Guid(08f0ce0bc6ea18240a554b040b08b7ff) Importer(2089858483,192608db42251d675da83286b1cce702) (ScriptedImporter) -> (artifact id: 'eccb6f16d75e8aa0cd81d214d7d3f41f') in 0.0093647 seconds
Number of updated asset objects reloaded before import = 0Number of asset objects unloaded after import = 1

========================================================================
Received Import Request.
  Time since last request: 0.000031 seconds.
  path: Assets/Materials/Texture Pack/128x128/Elements/Elements_09-128x128.png
  artifactKey: Guid(afbb3cffb3bbda440a28ba6d03c23600) Importer(2089858483,192608db42251d675da83286b1cce702)
Start importing Assets/Materials/Texture Pack/128x128/Elements/Elements_09-128x128.png using Guid(afbb3cffb3bbda440a28ba6d03c23600) Importer(2089858483,192608db42251d675da83286b1cce702) (ScriptedImporter) -> (artifact id: '69c058c87e7cd43246a37e4873b09057') in 0.0123876 seconds
Number of updated asset objects reloaded before import = 0Number of asset objects unloaded after import = 1

========================================================================
Received Import Request.
  Time since last request: 0.000027 seconds.
  path: Assets/Materials/Texture Pack/128x128 Horror/Dirt/Dirt_09-128x128.png
  artifactKey: Guid(3f9c88a0b3d38e045918e079caaa1f08) Importer(2089858483,192608db42251d675da83286b1cce702)
Start importing Assets/Materials/Texture Pack/128x128 Horror/Dirt/Dirt_09-128x128.png using Guid(3f9c88a0b3d38e045918e079caaa1f08) Importer(2089858483,192608db42251d675da83286b1cce702) (ScriptedImporter) -> (artifact id: '05323951478b08c7f00364a25eb32632') in 0.0092078 seconds
Number of updated asset objects reloaded before import = 0Number of asset objects unloaded after import = 1

========================================================================
Received Import Request.
  Time since last request: 0.000039 seconds.
  path: Assets/Materials/Texture Pack/128x128/Dirt
  artifactKey: Guid(dab4a202f23b928478e104cd5a135a46) Importer(2089858483,192608db42251d675da83286b1cce702)
Start importing Assets/Materials/Texture Pack/128x128/Dirt using Guid(dab4a202f23b928478e104cd5a135a46) Importer(2089858483,192608db42251d675da83286b1cce702) (ScriptedImporter) -> (artifact id: 'a99bee266a417d8ba6c60102c0841283') in 0.004033 seconds
Number of updated asset objects reloaded before import = 0Number of asset objects unloaded after import = 1

========================================================================
Received Import Request.
  Time since last request: 0.000037 seconds.
  path: Assets/Materials/Texture Pack/128x128 Horror/Elements/Elements_10-128x128.png
  artifactKey: Guid(66a6e042c224c0647879ea6eccb9380a) Importer(2089858483,192608db42251d675da83286b1cce702)
Start importing Assets/Materials/Texture Pack/128x128 Horror/Elements/Elements_10-128x128.png using Guid(66a6e042c224c0647879ea6eccb9380a) Importer(2089858483,192608db42251d675da83286b1cce702) (ScriptedImporter) -> (artifact id: '027f3f38f8877be5c9d9fb0517a7053a') in 0.00876 seconds
Number of updated asset objects reloaded before import = 0Number of asset objects unloaded after import = 1

========================================================================
Received Import Request.
  Time since last request: 0.000038 seconds.
  path: Assets/Materials/Texture Pack/128x128/Wood/Wood_11-128x128.png
  artifactKey: Guid(8f2ee6343b68fad4fa9e489b83f8b739) Importer(2089858483,192608db42251d675da83286b1cce702)
Start importing Assets/Materials/Texture Pack/128x128/Wood/Wood_11-128x128.png using Guid(8f2ee6343b68fad4fa9e489b83f8b739) Importer(2089858483,192608db42251d675da83286b1cce702) (ScriptedImporter) -> (artifact id: '2ffad6817b5f7624b976db60a522bae9') in 0.0091887 seconds
Number of updated asset objects reloaded before import = 0Number of asset objects unloaded after import = 1

========================================================================
Received Import Request.
  Time since last request: 0.000033 seconds.
  path: Assets/Materials/Texture Pack/128x128 Horror/Wood/Wood_17-128x128.png
  artifactKey: Guid(3b5440b24309d1844be3afafd17abb15) Importer(2089858483,192608db42251d675da83286b1cce702)
Start importing Assets/Materials/Texture Pack/128x128 Horror/Wood/Wood_17-128x128.png using Guid(3b5440b24309d1844be3afafd17abb15) Importer(2089858483,192608db42251d675da83286b1cce702) (ScriptedImporter) -> (artifact id: 'c53e1d6a5dfedfbab12c11b29b9ae6c3') in 0.0079678 seconds
Number of updated asset objects reloaded before import = 0Number of asset objects unloaded after import = 1

========================================================================
Received Import Request.
  Time since last request: 0.000025 seconds.
  path: Assets/Materials/Texture Pack/128x128 Horror/Misc
  artifactKey: Guid(a4d4f29bf3030754296c14a06ad62741) Importer(2089858483,192608db42251d675da83286b1cce702)
Start importing Assets/Materials/Texture Pack/128x128 Horror/Misc using Guid(a4d4f29bf3030754296c14a06ad62741) Importer(2089858483,192608db42251d675da83286b1cce702) (ScriptedImporter) -> (artifact id: 'e8f3d805e3e37fddc617b5e7dc9d5019') in 0.0037369 seconds
Number of updated asset objects reloaded before import = 0Number of asset objects unloaded after import = 1

========================================================================
Received Import Request.
  Time since last request: 0.000040 seconds.
  path: Assets/Materials/Texture Pack/128x128/Tile/Tile_03-128x128.png
  artifactKey: Guid(8e7d20b44dfc65a4ebb7dfb062eb8333) Importer(2089858483,192608db42251d675da83286b1cce702)
Start importing Assets/Materials/Texture Pack/128x128/Tile/Tile_03-128x128.png using Guid(8e7d20b44dfc65a4ebb7dfb062eb8333) Importer(2089858483,192608db42251d675da83286b1cce702) (ScriptedImporter) -> (artifact id: 'b1bd1d92b826da2fac6992b51379edda') in 0.011338 seconds
Number of updated asset objects reloaded before import = 0Number of asset objects unloaded after import = 1

========================================================================
Received Import Request.
  Time since last request: 0.000040 seconds.
  path: Assets/Materials/Texture Pack/128x128 Horror/Plaster/Plaster_11-128x128.png
  artifactKey: Guid(9c149827e38b30841b3605d7464d06e3) Importer(2089858483,192608db42251d675da83286b1cce702)
Start importing Assets/Materials/Texture Pack/128x128 Horror/Plaster/Plaster_11-128x128.png using Guid(9c149827e38b30841b3605d7464d06e3) Importer(2089858483,192608db42251d675da83286b1cce702) (ScriptedImporter) -> (artifact id: '2e14b7e7faaa1075ad26aed6f029a4a5') in 0.0090255 seconds
Number of updated asset objects reloaded before import = 0Number of asset objects unloaded after import = 1

========================================================================
Received Import Request.
  Time since last request: 0.000028 seconds.
  path: Assets/Materials/Texture Pack/128x128/Elements/Elements_05-128x128.png
  artifactKey: Guid(64d5796c260562b45a3d56d1aba97cb1) Importer(2089858483,192608db42251d675da83286b1cce702)
Start importing Assets/Materials/Texture Pack/128x128/Elements/Elements_05-128x128.png using Guid(64d5796c260562b45a3d56d1aba97cb1) Importer(2089858483,192608db42251d675da83286b1cce702) (ScriptedImporter) -> (artifact id: 'a7f495ef8aa2369b8af2500ddfe1c42f') in 0.0093533 seconds
Number of updated asset objects reloaded before import = 0Number of asset objects unloaded after import = 1

========================================================================
Received Import Request.
  Time since last request: 0.000043 seconds.
  path: Assets/Materials/Texture Pack/128x128/Plaster/Plaster_15-128x128.png
  artifactKey: Guid(75a248fca1911824babf319d40417cc5) Importer(2089858483,192608db42251d675da83286b1cce702)
Start importing Assets/Materials/Texture Pack/128x128/Plaster/Plaster_15-128x128.png using Guid(75a248fca1911824babf319d40417cc5) Importer(2089858483,192608db42251d675da83286b1cce702) (ScriptedImporter) -> (artifact id: '2e1a6618f92c826f82951b89599c4fe2') in 0.0090829 seconds
Number of updated asset objects reloaded before import = 0Number of asset objects unloaded after import = 1

========================================================================
Received Import Request.
  Time since last request: 0.000031 seconds.
  path: Assets/Materials/Texture Pack/128x128 Horror/Tile/Tile_18-128x128.png
  artifactKey: Guid(2c6f90b06311450499314ad17483a2ed) Importer(2089858483,192608db42251d675da83286b1cce702)
Start importing Assets/Materials/Texture Pack/128x128 Horror/Tile/Tile_18-128x128.png using Guid(2c6f90b06311450499314ad17483a2ed) Importer(2089858483,192608db42251d675da83286b1cce702) (ScriptedImporter) -> (artifact id: '557c6221aa6b64cdbb9abdcdeb6c8a39') in 0.0099818 seconds
Number of updated asset objects reloaded before import = 0Number of asset objects unloaded after import = 1

========================================================================
Received Import Request.
  Time since last request: 0.000025 seconds.
  path: Assets/Materials/Texture Pack/128x128/Wood/Wood_20-128x128.png
  artifactKey: Guid(65ceae311d012724b814f6e1ec7b7825) Importer(2089858483,192608db42251d675da83286b1cce702)
Start importing Assets/Materials/Texture Pack/128x128/Wood/Wood_20-128x128.png using Guid(65ceae311d012724b814f6e1ec7b7825) Importer(2089858483,192608db42251d675da83286b1cce702) (ScriptedImporter) -> (artifact id: '296fca98de8d7f6803072a6005b344a1') in 0.0095181 seconds
Number of updated asset objects reloaded before import = 0Number of asset objects unloaded after import = 1

========================================================================
Received Import Request.
  Time since last request: 0.000024 seconds.
  path: Assets/Materials/Texture Pack/128x128 Horror/Brick/Brick_07-128x128.png
  artifactKey: Guid(5f465c1a85631a64dbef20845862281c) Importer(2089858483,192608db42251d675da83286b1cce702)
Start importing Assets/Materials/Texture Pack/128x128 Horror/Brick/Brick_07-128x128.png using Guid(5f465c1a85631a64dbef20845862281c) Importer(2089858483,192608db42251d675da83286b1cce702) (ScriptedImporter) -> (artifact id: '845c74b896195e3c5ee3aa5e80bcc1de') in 0.0085384 seconds
Number of updated asset objects reloaded before import = 0Number of asset objects unloaded after import = 1

========================================================================
Received Import Request.
  Time since last request: 0.000036 seconds.
  path: Assets/Materials/Texture Pack/128x128 Horror/Tile/Tile_16-128x128.png
  artifactKey: Guid(c113ed6cc834be04ba3b5d9ef72a9bbe) Importer(2089858483,192608db42251d675da83286b1cce702)
Start importing Assets/Materials/Texture Pack/128x128 Horror/Tile/Tile_16-128x128.png using Guid(c113ed6cc834be04ba3b5d9ef72a9bbe) Importer(2089858483,192608db42251d675da83286b1cce702) (ScriptedImporter) -> (artifact id: 'c7c8de678a0f260d1c2c641482eb19ea') in 0.0176153 seconds
Number of updated asset objects reloaded before import = 0Number of asset objects unloaded after import = 1

========================================================================
Received Import Request.
  Time since last request: 0.000035 seconds.
  path: Assets/Materials/Texture Pack/128x128 Horror/Plaster/Plaster_20-128x128.png
  artifactKey: Guid(175cc8c812935cd4c8f8cb8c939ecf46) Importer(2089858483,192608db42251d675da83286b1cce702)
Start importing Assets/Materials/Texture Pack/128x128 Horror/Plaster/Plaster_20-128x128.png using Guid(175cc8c812935cd4c8f8cb8c939ecf46) Importer(2089858483,192608db42251d675da83286b1cce702) (ScriptedImporter) -> (artifact id: '3523fab9e63f360040fd417284dcccd0') in 0.0194265 seconds
Number of updated asset objects reloaded before import = 0Number of asset objects unloaded after import = 1

========================================================================
Received Import Request.
  Time since last request: 0.000034 seconds.
  path: Assets/Materials/Texture Pack/128x128/Tile/Tile_14-128x128.png
  artifactKey: Guid(0cf9a8be752b30e4aa76749b274b1169) Importer(2089858483,192608db42251d675da83286b1cce702)
Start importing Assets/Materials/Texture Pack/128x128/Tile/Tile_14-128x128.png using Guid(0cf9a8be752b30e4aa76749b274b1169) Importer(2089858483,192608db42251d675da83286b1cce702) (ScriptedImporter) -> (artifact id: '47b79bf6d614a1a53f8622fbff04cca0') in 0.0087063 seconds
Number of updated asset objects reloaded before import = 0Number of asset objects unloaded after import = 1

========================================================================
Received Import Request.
  Time since last request: 0.000025 seconds.
  path: Assets/Materials/Texture Pack/128x128 Horror/Tile/Tile_10-128x128.png
  artifactKey: Guid(8be0ac3936f977344b41ef612e585914) Importer(2089858483,192608db42251d675da83286b1cce702)
Start importing Assets/Materials/Texture Pack/128x128 Horror/Tile/Tile_10-128x128.png using Guid(8be0ac3936f977344b41ef612e585914) Importer(2089858483,192608db42251d675da83286b1cce702) (ScriptedImporter) -> (artifact id: '118939432d729d30cf91935a1889fb39') in 0.0097068 seconds
Number of updated asset objects reloaded before import = 0Number of asset objects unloaded after import = 1

========================================================================
Received Import Request.
  Time since last request: 0.000026 seconds.
  path: Assets/Materials/Texture Pack/128x128 Horror/Stone/Stone_03-128x128.png
  artifactKey: Guid(6f024cfc0c982e8499d837f3df6b205e) Importer(2089858483,192608db42251d675da83286b1cce702)
Start importing Assets/Materials/Texture Pack/128x128 Horror/Stone/Stone_03-128x128.png using Guid(6f024cfc0c982e8499d837f3df6b205e) Importer(2089858483,192608db42251d675da83286b1cce702) (ScriptedImporter) -> (artifact id: 'c22f66f679fb3bcfbc994874a453dd34') in 0.009321 seconds
Number of updated asset objects reloaded before import = 0Number of asset objects unloaded after import = 1

========================================================================
Received Import Request.
  Time since last request: 0.000034 seconds.
  path: Assets/Materials/Texture Pack/128x128/Elements/Elements_20-128x128.png
  artifactKey: Guid(c718a994feca9a04b8f54d6568badca7) Importer(2089858483,192608db42251d675da83286b1cce702)
Start importing Assets/Materials/Texture Pack/128x128/Elements/Elements_20-128x128.png using Guid(c718a994feca9a04b8f54d6568badca7) Importer(2089858483,192608db42251d675da83286b1cce702) (ScriptedImporter) -> (artifact id: '6a35c51d363d8a83353e3998a180b31c') in 0.0093122 seconds
Number of updated asset objects reloaded before import = 0Number of asset objects unloaded after import = 1

========================================================================
Received Import Request.
  Time since last request: 0.000042 seconds.
  path: Assets/Materials/Texture Pack/128x128 Horror/Elements/Elements_01-128x128.png
  artifactKey: Guid(aa50c4a901371234d8f73a41c27796fc) Importer(2089858483,192608db42251d675da83286b1cce702)
Start importing Assets/Materials/Texture Pack/128x128 Horror/Elements/Elements_01-128x128.png using Guid(aa50c4a901371234d8f73a41c27796fc) Importer(2089858483,192608db42251d675da83286b1cce702) (ScriptedImporter) -> (artifact id: 'd657d5e2965880b2cc702dea6dbd17ab') in 0.0095899 seconds
Number of updated asset objects reloaded before import = 0Number of asset objects unloaded after import = 1

========================================================================
Received Import Request.
  Time since last request: 0.000029 seconds.
  path: Assets/Materials/Texture Pack/128x128/Brick/Brick_11-128x128.png
  artifactKey: Guid(7acd9db26224a744c871c27aa398572d) Importer(2089858483,192608db42251d675da83286b1cce702)
Start importing Assets/Materials/Texture Pack/128x128/Brick/Brick_11-128x128.png using Guid(7acd9db26224a744c871c27aa398572d) Importer(2089858483,192608db42251d675da83286b1cce702) (ScriptedImporter) -> (artifact id: '8858a05e1fb2e86f106a7f66e7ff5642') in 0.0113605 seconds
Number of updated asset objects reloaded before import = 0Number of asset objects unloaded after import = 1

========================================================================
Received Import Request.
  Time since last request: 0.000025 seconds.
  path: Assets/Materials/Texture Pack/128x128 Horror/Stains/Horror_Stain_11-128x128.png
  artifactKey: Guid(11420662b11742c4fb85c6535ceba1e1) Importer(2089858483,192608db42251d675da83286b1cce702)
Start importing Assets/Materials/Texture Pack/128x128 Horror/Stains/Horror_Stain_11-128x128.png using Guid(11420662b11742c4fb85c6535ceba1e1) Importer(2089858483,192608db42251d675da83286b1cce702) (ScriptedImporter) -> (artifact id: 'a19a50cdbceeb9e51fd556c2c4ac87bd') in 0.0088207 seconds
Number of updated asset objects reloaded before import = 0Number of asset objects unloaded after import = 1

========================================================================
Received Import Request.
  Time since last request: 0.000034 seconds.
  path: Assets/Materials/Texture Pack/128x128 Horror/Stains/Horror_Stain_05-128x128.png
  artifactKey: Guid(f8c442c278005c7469a59c6b5fb99e0c) Importer(2089858483,192608db42251d675da83286b1cce702)
Start importing Assets/Materials/Texture Pack/128x128 Horror/Stains/Horror_Stain_05-128x128.png using Guid(f8c442c278005c7469a59c6b5fb99e0c) Importer(2089858483,192608db42251d675da83286b1cce702) (ScriptedImporter) -> (artifact id: '43ae1987e9c513a82da8761d2e9a325a') in 0.008756 seconds
Number of updated asset objects reloaded before import = 0Number of asset objects unloaded after import = 1

========================================================================
Received Import Request.
  Time since last request: 0.000032 seconds.
  path: Assets/Materials/Texture Pack/128x128 Horror/Stone/Horror_Stone_03-128x128.png
  artifactKey: Guid(deb1a993b4a035447ad359c8035a7b1c) Importer(2089858483,192608db42251d675da83286b1cce702)
Start importing Assets/Materials/Texture Pack/128x128 Horror/Stone/Horror_Stone_03-128x128.png using Guid(deb1a993b4a035447ad359c8035a7b1c) Importer(2089858483,192608db42251d675da83286b1cce702) (ScriptedImporter) -> (artifact id: '285008484faf14ee65aa29cd99ff0a68') in 0.0083705 seconds
Number of updated asset objects reloaded before import = 0Number of asset objects unloaded after import = 1

========================================================================
Received Import Request.
  Time since last request: 0.000058 seconds.
  path: Assets/Materials/Texture Pack/128x128/Brick/Brick_14-128x128.png
  artifactKey: Guid(069eb757246dbc44985d792a3bf3e153) Importer(2089858483,192608db42251d675da83286b1cce702)
Start importing Assets/Materials/Texture Pack/128x128/Brick/Brick_14-128x128.png using Guid(069eb757246dbc44985d792a3bf3e153) Importer(2089858483,192608db42251d675da83286b1cce702) (ScriptedImporter) -> (artifact id: '58a4e237c4c2e6a4dd728864c41ed6fd') in 0.0095255 seconds
Number of updated asset objects reloaded before import = 0Number of asset objects unloaded after import = 1

========================================================================
Received Import Request.
  Time since last request: 0.000027 seconds.
  path: Assets/Materials/Texture Pack/128x128 Horror/Stone/Horror_Stone_02-128x128.png
  artifactKey: Guid(d910920033fe4674e9c7923fe029698f) Importer(2089858483,192608db42251d675da83286b1cce702)
Start importing Assets/Materials/Texture Pack/128x128 Horror/Stone/Horror_Stone_02-128x128.png using Guid(d910920033fe4674e9c7923fe029698f) Importer(2089858483,192608db42251d675da83286b1cce702) (ScriptedImporter) -> (artifact id: 'b0aff252e9afc4ae85ecea51818e28a2') in 0.008527 seconds
Number of updated asset objects reloaded before import = 0Number of asset objects unloaded after import = 1

========================================================================
Received Import Request.
  Time since last request: 0.000024 seconds.
  path: Assets/Materials/Texture Pack/128x128 Horror/Metal/Horror_Metal_07-128x128.png
  artifactKey: Guid(d8fb33c166bbb19499c1b11bd9992c68) Importer(2089858483,192608db42251d675da83286b1cce702)
Start importing Assets/Materials/Texture Pack/128x128 Horror/Metal/Horror_Metal_07-128x128.png using Guid(d8fb33c166bbb19499c1b11bd9992c68) Importer(2089858483,192608db42251d675da83286b1cce702) (ScriptedImporter) -> (artifact id: '22fe8743d97d7da2eb5fa231b8c92851') in 0.0122448 seconds
Number of updated asset objects reloaded before import = 0Number of asset objects unloaded after import = 1

========================================================================
Received Import Request.
  Time since last request: 0.000045 seconds.
  path: Assets/Materials/Texture Pack/128x128 Horror/Floor/Horror_Floor_13-128x128.png
  artifactKey: Guid(0861cc312b485d44cbbcb1665762aeb4) Importer(2089858483,192608db42251d675da83286b1cce702)
Start importing Assets/Materials/Texture Pack/128x128 Horror/Floor/Horror_Floor_13-128x128.png using Guid(0861cc312b485d44cbbcb1665762aeb4) Importer(2089858483,192608db42251d675da83286b1cce702) (ScriptedImporter) -> (artifact id: '24aeaeaa6a6918301a1358f4922df033') in 0.0091099 seconds
Number of updated asset objects reloaded before import = 0Number of asset objects unloaded after import = 1

========================================================================
Received Import Request.
  Time since last request: 0.000034 seconds.
  path: Assets/Materials/Texture Pack/128x128/Dirt/Dirt_02-128x128.png
  artifactKey: Guid(3c1f515868fbd6d4eb19592983b87dd9) Importer(2089858483,192608db42251d675da83286b1cce702)
Start importing Assets/Materials/Texture Pack/128x128/Dirt/Dirt_02-128x128.png using Guid(3c1f515868fbd6d4eb19592983b87dd9) Importer(2089858483,192608db42251d675da83286b1cce702) (ScriptedImporter) -> (artifact id: '15b92482add2589fd078e9e1e556ef7f') in 0.0089745 seconds
Number of updated asset objects reloaded before import = 0Number of asset objects unloaded after import = 1

========================================================================
Received Import Request.
  Time since last request: 0.000053 seconds.
  path: Assets/Materials/Texture Pack/128x128 Horror/Plaster/Plaster_13-128x128.png
  artifactKey: Guid(80325aa58524ae14d9c4a1225da03e7c) Importer(2089858483,192608db42251d675da83286b1cce702)
Start importing Assets/Materials/Texture Pack/128x128 Horror/Plaster/Plaster_13-128x128.png using Guid(80325aa58524ae14d9c4a1225da03e7c) Importer(2089858483,192608db42251d675da83286b1cce702) (ScriptedImporter) -> (artifact id: 'fb043711723013f7f7cfc829fb69c594') in 0.009379 seconds
Number of updated asset objects reloaded before import = 0Number of asset objects unloaded after import = 1

========================================================================
Received Import Request.
  Time since last request: 0.000026 seconds.
  path: Assets/Materials/Texture Pack/128x128 Horror/Stains/Horror_Stain_04-128x128.png
  artifactKey: Guid(487ad1e70c29971419c2c4fae82ae9d1) Importer(2089858483,192608db42251d675da83286b1cce702)
Start importing Assets/Materials/Texture Pack/128x128 Horror/Stains/Horror_Stain_04-128x128.png using Guid(487ad1e70c29971419c2c4fae82ae9d1) Importer(2089858483,192608db42251d675da83286b1cce702) (ScriptedImporter) -> (artifact id: '62791754134a4474f914b182bdfbda0e') in 0.0094189 seconds
Number of updated asset objects reloaded before import = 0Number of asset objects unloaded after import = 1

========================================================================
Received Import Request.
  Time since last request: 0.000031 seconds.
  path: Assets/Materials/Texture Pack/128x128 Horror/Floor/Horror_Floor_06-128x128.png
  artifactKey: Guid(34fd50f95467e8e47870f9c527e7a48c) Importer(2089858483,192608db42251d675da83286b1cce702)
Start importing Assets/Materials/Texture Pack/128x128 Horror/Floor/Horror_Floor_06-128x128.png using Guid(34fd50f95467e8e47870f9c527e7a48c) Importer(2089858483,192608db42251d675da83286b1cce702) (ScriptedImporter) -> (artifact id: '71eea5927ad4ce1a0d3503b869a1b2b9') in 0.008064 seconds
Number of updated asset objects reloaded before import = 0Number of asset objects unloaded after import = 1

========================================================================
Received Import Request.
  Time since last request: 0.000031 seconds.
  path: Assets/Materials/Texture Pack/128x128 Horror/Wall/Horror_Wall_01-128x128.png
  artifactKey: Guid(89884c89a67b8c04b86b03fe45ac4b0a) Importer(2089858483,192608db42251d675da83286b1cce702)
Start importing Assets/Materials/Texture Pack/128x128 Horror/Wall/Horror_Wall_01-128x128.png using Guid(89884c89a67b8c04b86b03fe45ac4b0a) Importer(2089858483,192608db42251d675da83286b1cce702) (ScriptedImporter) -> (artifact id: '2bb81a8731ecc2ebbbc56a829017159f') in 0.0108536 seconds
Number of updated asset objects reloaded before import = 0Number of asset objects unloaded after import = 1

========================================================================
Received Import Request.
  Time since last request: 0.000035 seconds.
  path: Assets/Materials/Texture Pack/128x128 Horror/Stains/Horror_Stain_12-128x128.png
  artifactKey: Guid(a257424a725dc8d4faf30ac1b6eab006) Importer(2089858483,192608db42251d675da83286b1cce702)
Start importing Assets/Materials/Texture Pack/128x128 Horror/Stains/Horror_Stain_12-128x128.png using Guid(a257424a725dc8d4faf30ac1b6eab006) Importer(2089858483,192608db42251d675da83286b1cce702) (ScriptedImporter) -> (artifact id: 'a1231cde2c06c44309da323e48694598') in 0.0089135 seconds
Number of updated asset objects reloaded before import = 0Number of asset objects unloaded after import = 1

========================================================================
Received Import Request.
  Time since last request: 0.000041 seconds.
  path: Assets/Materials/Texture Pack/128x128 Horror/Brick/Horror_Brick_06-128x128.png
  artifactKey: Guid(52815a283e992a94c8747edd1fe81f96) Importer(2089858483,192608db42251d675da83286b1cce702)
Start importing Assets/Materials/Texture Pack/128x128 Horror/Brick/Horror_Brick_06-128x128.png using Guid(52815a283e992a94c8747edd1fe81f96) Importer(2089858483,192608db42251d675da83286b1cce702) (ScriptedImporter) -> (artifact id: '2c2088af40c18dd336009298b5ee6413') in 0.0096651 seconds
Number of updated asset objects reloaded before import = 0Number of asset objects unloaded after import = 1

========================================================================
Received Import Request.
  Time since last request: 0.000030 seconds.
  path: Assets/Materials/Texture Pack/128x128 Horror/Metal/Horror_Metal_09-128x128.png
  artifactKey: Guid(7ca456a9bc3ffce4f80b2b4a8c0e9b61) Importer(2089858483,192608db42251d675da83286b1cce702)
Start importing Assets/Materials/Texture Pack/128x128 Horror/Metal/Horror_Metal_09-128x128.png using Guid(7ca456a9bc3ffce4f80b2b4a8c0e9b61) Importer(2089858483,192608db42251d675da83286b1cce702) (ScriptedImporter) -> (artifact id: '503884a1a23f041869da3ce911536cb1') in 0.0857947 seconds
Number of updated asset objects reloaded before import = 0Number of asset objects unloaded after import = 1

========================================================================
Received Import Request.
  Time since last request: 0.000028 seconds.
  path: Assets/Materials/Texture Pack/128x128 Horror/Brick/Horror_Brick_04-128x128.png
  artifactKey: Guid(7e372af9bfc61694f86d1eacde55fe2a) Importer(2089858483,192608db42251d675da83286b1cce702)
Start importing Assets/Materials/Texture Pack/128x128 Horror/Brick/Horror_Brick_04-128x128.png using Guid(7e372af9bfc61694f86d1eacde55fe2a) Importer(2089858483,192608db42251d675da83286b1cce702) (ScriptedImporter) -> (artifact id: '4d4c74f18fdf27f2ad10b7e38902dd4a') in 0.0084385 seconds
Number of updated asset objects reloaded before import = 0Number of asset objects unloaded after import = 1

========================================================================
Received Import Request.
  Time since last request: 0.000032 seconds.
  path: Assets/Materials/Texture Pack/128x128 Horror/Floor/Horror_Floor_09-128x128.png
  artifactKey: Guid(0e0b8be67dba0354c90fa8f1c00bb73b) Importer(2089858483,192608db42251d675da83286b1cce702)
Start importing Assets/Materials/Texture Pack/128x128 Horror/Floor/Horror_Floor_09-128x128.png using Guid(0e0b8be67dba0354c90fa8f1c00bb73b) Importer(2089858483,192608db42251d675da83286b1cce702) (ScriptedImporter) -> (artifact id: '3ec24ee42f8a7198cb160ceb8b336aae') in 0.0101562 seconds
Number of updated asset objects reloaded before import = 0Number of asset objects unloaded after import = 1

========================================================================
Received Import Request.
  Time since last request: 0.000037 seconds.
  path: Assets/Materials/Texture Pack/128x128 Horror/Stains/Horror_Stain_02-128x128.png
  artifactKey: Guid(7205c35f4684dec418d88254af3bc72c) Importer(2089858483,192608db42251d675da83286b1cce702)
Start importing Assets/Materials/Texture Pack/128x128 Horror/Stains/Horror_Stain_02-128x128.png using Guid(7205c35f4684dec418d88254af3bc72c) Importer(2089858483,192608db42251d675da83286b1cce702) (ScriptedImporter) -> (artifact id: '6c851d1c623f8c8f4f953977c49d9690') in 0.0077454 seconds
Number of updated asset objects reloaded before import = 0Number of asset objects unloaded after import = 1

========================================================================
Received Import Request.
  Time since last request: 0.000032 seconds.
  path: Assets/Materials/Texture Pack/128x128 Horror/Floor/Horror_Floor_08-128x128.png
  artifactKey: Guid(3669712c0a951a54ab1e4f3167fcb996) Importer(2089858483,192608db42251d675da83286b1cce702)
Start importing Assets/Materials/Texture Pack/128x128 Horror/Floor/Horror_Floor_08-128x128.png using Guid(3669712c0a951a54ab1e4f3167fcb996) Importer(2089858483,192608db42251d675da83286b1cce702) (ScriptedImporter) -> (artifact id: '7da8e594a6170276696f12cd850df151') in 0.0083477 seconds
Number of updated asset objects reloaded before import = 0Number of asset objects unloaded after import = 1

========================================================================
Received Import Request.
  Time since last request: 0.000033 seconds.
  path: Assets/Materials/Texture Pack/128x128 Horror/Wall/Horror_Wall_10-128x128.png
  artifactKey: Guid(5d75c57b8af5f474cbc3288fd6acb7bd) Importer(2089858483,192608db42251d675da83286b1cce702)
Start importing Assets/Materials/Texture Pack/128x128 Horror/Wall/Horror_Wall_10-128x128.png using Guid(5d75c57b8af5f474cbc3288fd6acb7bd) Importer(2089858483,192608db42251d675da83286b1cce702) (ScriptedImporter) -> (artifact id: '4c68cb04c06027e97cad598472887dfb') in 0.0079076 seconds
Number of updated asset objects reloaded before import = 0Number of asset objects unloaded after import = 1

========================================================================
Received Import Request.
  Time since last request: 0.000035 seconds.
  path: Assets/Materials/Texture Pack/128x128 Horror/Metal/Horror_Metal_02-128x128.png
  artifactKey: Guid(bcf3657bb744420408fd723db973361f) Importer(2089858483,192608db42251d675da83286b1cce702)
Start importing Assets/Materials/Texture Pack/128x128 Horror/Metal/Horror_Metal_02-128x128.png using Guid(bcf3657bb744420408fd723db973361f) Importer(2089858483,192608db42251d675da83286b1cce702) (ScriptedImporter) -> (artifact id: '0d8b9fc2b61ce718942ce8e6a14c276a') in 0.0080965 seconds
Number of updated asset objects reloaded before import = 0Number of asset objects unloaded after import = 1

========================================================================
Received Import Request.
  Time since last request: 0.000027 seconds.
  path: Assets/Materials/Texture Pack/128x128 Horror/Misc/Horror_Misc_05-128x128.png
  artifactKey: Guid(ffa108ac39e6cda4a9ce56764eb9e05c) Importer(2089858483,192608db42251d675da83286b1cce702)
Start importing Assets/Materials/Texture Pack/128x128 Horror/Misc/Horror_Misc_05-128x128.png using Guid(ffa108ac39e6cda4a9ce56764eb9e05c) Importer(2089858483,192608db42251d675da83286b1cce702) (ScriptedImporter) -> (artifact id: '68f0ddf5e203ab3aa2fe61243a5c78a7') in 0.0093763 seconds
Number of updated asset objects reloaded before import = 0Number of asset objects unloaded after import = 1

========================================================================
Received Import Request.
  Time since last request: 0.000036 seconds.
  path: Assets/Materials/Texture Pack/128x128 Horror/Stains/Horror_Stain_03-128x128.png
  artifactKey: Guid(d086a04b9b9ea8747b24382d8f2724ff) Importer(2089858483,192608db42251d675da83286b1cce702)
Start importing Assets/Materials/Texture Pack/128x128 Horror/Stains/Horror_Stain_03-128x128.png using Guid(d086a04b9b9ea8747b24382d8f2724ff) Importer(2089858483,192608db42251d675da83286b1cce702) (ScriptedImporter) -> (artifact id: '63e96215c97c9c77debc9e1f6abd3364') in 0.0102526 seconds
Number of updated asset objects reloaded before import = 0Number of asset objects unloaded after import = 1

========================================================================
Received Import Request.
  Time since last request: 0.000029 seconds.
  path: Assets/Materials/Texture Pack/128x128 Horror/Brick/Horror_Brick_09-128x128.png
  artifactKey: Guid(a1d2d70b0fc6f364798a6595ff587116) Importer(2089858483,192608db42251d675da83286b1cce702)
Start importing Assets/Materials/Texture Pack/128x128 Horror/Brick/Horror_Brick_09-128x128.png using Guid(a1d2d70b0fc6f364798a6595ff587116) Importer(2089858483,192608db42251d675da83286b1cce702) (ScriptedImporter) -> (artifact id: 'da8d18e051e372de4e5c37b16f035101') in 0.0079695 seconds
Number of updated asset objects reloaded before import = 0Number of asset objects unloaded after import = 1

========================================================================
Received Import Request.
  Time since last request: 0.000034 seconds.
  path: Assets/Materials/Texture Pack/128x128/Tile/Tile_17-128x128.png
  artifactKey: Guid(deab45ba11045d54c880cf2513b8e32a) Importer(2089858483,192608db42251d675da83286b1cce702)
Start importing Assets/Materials/Texture Pack/128x128/Tile/Tile_17-128x128.png using Guid(deab45ba11045d54c880cf2513b8e32a) Importer(2089858483,192608db42251d675da83286b1cce702) (ScriptedImporter) -> (artifact id: 'f97549aca89ff4426452b798ebeb12b2') in 0.0082385 seconds
Number of updated asset objects reloaded before import = 0Number of asset objects unloaded after import = 1

========================================================================
Received Import Request.
  Time since last request: 0.000025 seconds.
  path: Assets/Materials/Texture Pack/128x128 Horror/Metal
  artifactKey: Guid(bd7a2e88a91959448abc79438128c92c) Importer(2089858483,192608db42251d675da83286b1cce702)
Start importing Assets/Materials/Texture Pack/128x128 Horror/Metal using Guid(bd7a2e88a91959448abc79438128c92c) Importer(2089858483,192608db42251d675da83286b1cce702) (ScriptedImporter) -> (artifact id: 'd2d7165ae2492e6bdee377b34fb41105') in 0.0033683 seconds
Number of updated asset objects reloaded before import = 0Number of asset objects unloaded after import = 1

========================================================================
Received Import Request.
  Time since last request: 0.000029 seconds.
  path: Assets/Materials/Texture Pack/128x128/Plaster/Plaster_18-128x128.png
  artifactKey: Guid(cf1ef7b6954886e438b4aedf5fe0420a) Importer(2089858483,192608db42251d675da83286b1cce702)
Start importing Assets/Materials/Texture Pack/128x128/Plaster/Plaster_18-128x128.png using Guid(cf1ef7b6954886e438b4aedf5fe0420a) Importer(2089858483,192608db42251d675da83286b1cce702) (ScriptedImporter) -> (artifact id: 'cf67b2d135f07be0489c546d5d5c9b31') in 0.0073285 seconds
Number of updated asset objects reloaded before import = 0Number of asset objects unloaded after import = 1

========================================================================
Received Import Request.
  Time since last request: 0.000037 seconds.
  path: Assets/Materials/Texture Pack/128x128 Horror/Brick/Horror_Brick_07-128x128.png
  artifactKey: Guid(8b0cd8984bcc19a419dd2a11b1a5ac57) Importer(2089858483,192608db42251d675da83286b1cce702)
Start importing Assets/Materials/Texture Pack/128x128 Horror/Brick/Horror_Brick_07-128x128.png using Guid(8b0cd8984bcc19a419dd2a11b1a5ac57) Importer(2089858483,192608db42251d675da83286b1cce702) (ScriptedImporter) -> (artifact id: '0debd0b340a70031e28e43a1e0b932bd') in 0.0078108 seconds
Number of updated asset objects reloaded before import = 0Number of asset objects unloaded after import = 1

========================================================================
Received Import Request.
  Time since last request: 0.000027 seconds.
  path: Assets/Materials/Texture Pack/128x128/Wood/Wood_04-128x128.png
  artifactKey: Guid(a8a16d553d035bf48a42eef83cec091b) Importer(2089858483,192608db42251d675da83286b1cce702)
Start importing Assets/Materials/Texture Pack/128x128/Wood/Wood_04-128x128.png using Guid(a8a16d553d035bf48a42eef83cec091b) Importer(2089858483,192608db42251d675da83286b1cce702) (ScriptedImporter) -> (artifact id: '16d4b0caf9f9a96528e634b27f41a47e') in 0.0086853 seconds
Number of updated asset objects reloaded before import = 0Number of asset objects unloaded after import = 1

========================================================================
Received Import Request.
  Time since last request: 0.000042 seconds.
  path: Assets/Materials/Texture Pack/128x128 Horror/Brick/Brick_03-128x128.png
  artifactKey: Guid(eb6f7c40f168604438f9f31d770716bb) Importer(2089858483,192608db42251d675da83286b1cce702)
Start importing Assets/Materials/Texture Pack/128x128 Horror/Brick/Brick_03-128x128.png using Guid(eb6f7c40f168604438f9f31d770716bb) Importer(2089858483,192608db42251d675da83286b1cce702) (ScriptedImporter) -> (artifact id: '0c664ed9cb8e7e4465496cf03a005466') in 0.010155 seconds
Number of updated asset objects reloaded before import = 0Number of asset objects unloaded after import = 1

========================================================================
Received Import Request.
  Time since last request: 0.000026 seconds.
  path: Assets/Materials/Texture Pack/128x128/Elements/Elements_13-128x128.png
  artifactKey: Guid(e89b0c2c9b5117645be8bb28af6ae1f1) Importer(2089858483,192608db42251d675da83286b1cce702)
Start importing Assets/Materials/Texture Pack/128x128/Elements/Elements_13-128x128.png using Guid(e89b0c2c9b5117645be8bb28af6ae1f1) Importer(2089858483,192608db42251d675da83286b1cce702) (ScriptedImporter) -> (artifact id: 'd73a6aa168907dee1a493e80977dd0a3') in 0.0079972 seconds
Number of updated asset objects reloaded before import = 0Number of asset objects unloaded after import = 1

========================================================================
Received Import Request.
  Time since last request: 0.000031 seconds.
  path: Assets/Materials/Texture Pack/128x128 Horror/Brick/Horror_Brick_01-128x128.png
  artifactKey: Guid(82c241fb2d6f9c44f8d54fcf45da5038) Importer(2089858483,192608db42251d675da83286b1cce702)
Start importing Assets/Materials/Texture Pack/128x128 Horror/Brick/Horror_Brick_01-128x128.png using Guid(82c241fb2d6f9c44f8d54fcf45da5038) Importer(2089858483,192608db42251d675da83286b1cce702) (ScriptedImporter) -> (artifact id: '03e7062f5b74184cc892b3737b203628') in 0.008384 seconds
Number of updated asset objects reloaded before import = 0Number of asset objects unloaded after import = 1

========================================================================
Received Import Request.
  Time since last request: 0.000042 seconds.
  path: Assets/Materials/Texture Pack/128x128/Wood/Wood_03-128x128.png
  artifactKey: Guid(bb995208815fc08499f253d2a8b9b1d1) Importer(2089858483,192608db42251d675da83286b1cce702)
Start importing Assets/Materials/Texture Pack/128x128/Wood/Wood_03-128x128.png using Guid(bb995208815fc08499f253d2a8b9b1d1) Importer(2089858483,192608db42251d675da83286b1cce702) (ScriptedImporter) -> (artifact id: '5bbaf6d07d0bb5867fd77508af1dfe73') in 0.008403 seconds
Number of updated asset objects reloaded before import = 0Number of asset objects unloaded after import = 1

========================================================================
Received Import Request.
  Time since last request: 0.000025 seconds.
  path: Assets/Materials/Texture Pack/128x128 Horror/Dirt/Dirt_16-128x128.png
  artifactKey: Guid(53b654aad526cdf419c5fdfb5dc67240) Importer(2089858483,192608db42251d675da83286b1cce702)
Start importing Assets/Materials/Texture Pack/128x128 Horror/Dirt/Dirt_16-128x128.png using Guid(53b654aad526cdf419c5fdfb5dc67240) Importer(2089858483,192608db42251d675da83286b1cce702) (ScriptedImporter) -> (artifact id: 'd831b6f6933300fafbd7897b15c75bfd') in 0.0084461 seconds
Number of updated asset objects reloaded before import = 0Number of asset objects unloaded after import = 1

========================================================================
Received Import Request.
  Time since last request: 0.000023 seconds.
  path: Assets/Materials/Texture Pack/128x128 Horror/Dirt/Dirt_14-128x128.png
  artifactKey: Guid(dadf8bdf23c9f3847b4d64d0331195ac) Importer(2089858483,192608db42251d675da83286b1cce702)
Start importing Assets/Materials/Texture Pack/128x128 Horror/Dirt/Dirt_14-128x128.png using Guid(dadf8bdf23c9f3847b4d64d0331195ac) Importer(2089858483,192608db42251d675da83286b1cce702) (ScriptedImporter) -> (artifact id: '1aa14871d3fd65727796bca55dc42b81') in 0.0099135 seconds
Number of updated asset objects reloaded before import = 0Number of asset objects unloaded after import = 1

========================================================================
Received Import Request.
  Time since last request: 0.000024 seconds.
  path: Assets/Materials/Texture Pack/128x128 Horror/Plaster/Plaster_15-128x128.png
  artifactKey: Guid(fc909dc75850bb84e9f972b5e2a74b37) Importer(2089858483,192608db42251d675da83286b1cce702)
Start importing Assets/Materials/Texture Pack/128x128 Horror/Plaster/Plaster_15-128x128.png using Guid(fc909dc75850bb84e9f972b5e2a74b37) Importer(2089858483,192608db42251d675da83286b1cce702) (ScriptedImporter) -> (artifact id: '6d3fc54671d850f91c1a87ca599d9412') in 0.0102015 seconds
Number of updated asset objects reloaded before import = 0Number of asset objects unloaded after import = 1

========================================================================
Received Import Request.
  Time since last request: 0.000033 seconds.
  path: Assets/Materials/Texture Pack/128x128 Horror/Brick/Horror_Brick_08-128x128.png
  artifactKey: Guid(b8b21375f8b7cf8469174b9aa644924e) Importer(2089858483,192608db42251d675da83286b1cce702)
Start importing Assets/Materials/Texture Pack/128x128 Horror/Brick/Horror_Brick_08-128x128.png using Guid(b8b21375f8b7cf8469174b9aa644924e) Importer(2089858483,192608db42251d675da83286b1cce702) (ScriptedImporter) -> (artifact id: '1e5a7c75770d2fa723ec169fead4ad6e') in 0.0078205 seconds
Number of updated asset objects reloaded before import = 0Number of asset objects unloaded after import = 1

========================================================================
Received Import Request.
  Time since last request: 0.000039 seconds.
  path: Assets/Materials/Texture Pack/128x128 Horror/Brick/Horror_Brick_11-128x128.png
  artifactKey: Guid(213877383cfd4674597cf9f3bdeee6b9) Importer(2089858483,192608db42251d675da83286b1cce702)
Start importing Assets/Materials/Texture Pack/128x128 Horror/Brick/Horror_Brick_11-128x128.png using Guid(213877383cfd4674597cf9f3bdeee6b9) Importer(2089858483,192608db42251d675da83286b1cce702) (ScriptedImporter) -> (artifact id: 'c7608e10cb605498eea22e1aba11e687') in 0.0081322 seconds
Number of updated asset objects reloaded before import = 0Number of asset objects unloaded after import = 1

========================================================================
Received Import Request.
  Time since last request: 0.000037 seconds.
  path: Assets/Materials/Texture Pack/128x128 Horror/Stains/Horror_Stain_06-128x128.png
  artifactKey: Guid(b98d03e53fd5948479b82f7aa6ecd430) Importer(2089858483,192608db42251d675da83286b1cce702)
Start importing Assets/Materials/Texture Pack/128x128 Horror/Stains/Horror_Stain_06-128x128.png using Guid(b98d03e53fd5948479b82f7aa6ecd430) Importer(2089858483,192608db42251d675da83286b1cce702) (ScriptedImporter) -> (artifact id: '1c75e4d993fe6422ee1941d849124773') in 0.0077872 seconds
Number of updated asset objects reloaded before import = 0Number of asset objects unloaded after import = 1

========================================================================
Received Import Request.
  Time since last request: 0.000033 seconds.
  path: Assets/Materials/Texture Pack/128x128 Horror/Metal/Horror_Metal_12-128x128.png
  artifactKey: Guid(05f294a1098271c48862622020d3ffc8) Importer(2089858483,192608db42251d675da83286b1cce702)
Start importing Assets/Materials/Texture Pack/128x128 Horror/Metal/Horror_Metal_12-128x128.png using Guid(05f294a1098271c48862622020d3ffc8) Importer(2089858483,192608db42251d675da83286b1cce702) (ScriptedImporter) -> (artifact id: 'a49c710969b20469a55f07fb7bcddddc') in 0.0084223 seconds
Number of updated asset objects reloaded before import = 0Number of asset objects unloaded after import = 1

========================================================================
Received Import Request.
  Time since last request: 1.894429 seconds.
  path: Assets/Materials/Texture Pack/128x128/Elements/Elements_02-128x128.png
  artifactKey: Guid(9bb6e6cbb1845444faca2af8c998c619) Importer(815301076,1909f56bfc062723c751e8b465ee728b)
Start importing Assets/Materials/Texture Pack/128x128/Elements/Elements_02-128x128.png using Guid(9bb6e6cbb1845444faca2af8c998c619) Importer(815301076,1909f56bfc062723c751e8b465ee728b) (PreviewImporter) -> (artifact id: '7a229727bc0ed75f8de9321ca0a15e8b') in 0.015574 seconds
Number of updated asset objects reloaded before import = 0Number of asset objects unloaded after import = 2

========================================================================
Received Import Request.
  Time since last request: 0.000040 seconds.
  path: Assets/Materials/Texture Pack/128x128/Elements/Elements_08-128x128.png
  artifactKey: Guid(a4ae9affb7f61324fbc1541f52db5856) Importer(815301076,1909f56bfc062723c751e8b465ee728b)
Start importing Assets/Materials/Texture Pack/128x128/Elements/Elements_08-128x128.png using Guid(a4ae9affb7f61324fbc1541f52db5856) Importer(815301076,1909f56bfc062723c751e8b465ee728b) (PreviewImporter) -> (artifact id: 'e51258e6ee62dbea9690824911bb8c03') in 0.0072221 seconds
Number of updated asset objects reloaded before import = 0Number of asset objects unloaded after import = 2

========================================================================
Received Import Request.
  Time since last request: 0.000030 seconds.
  path: Assets/Materials/Texture Pack/128x128/Elements/Elements_17-128x128.png
  artifactKey: Guid(149b67c1eee7f1c4b97c649a65419013) Importer(815301076,1909f56bfc062723c751e8b465ee728b)
Start importing Assets/Materials/Texture Pack/128x128/Elements/Elements_17-128x128.png using Guid(149b67c1eee7f1c4b97c649a65419013) Importer(815301076,1909f56bfc062723c751e8b465ee728b) (PreviewImporter) -> (artifact id: '9df07decf52da83b4c5da913272341d9') in 0.0070348 seconds
Number of updated asset objects reloaded before import = 0Number of asset objects unloaded after import = 2

========================================================================
Received Import Request.
  Time since last request: 0.000042 seconds.
  path: Assets/Materials/Texture Pack/128x128/Elements/Elements_15-128x128.png
  artifactKey: Guid(0dfb3b1e145bc224e98ed53cdd594b23) Importer(815301076,1909f56bfc062723c751e8b465ee728b)
Start importing Assets/Materials/Texture Pack/128x128/Elements/Elements_15-128x128.png using Guid(0dfb3b1e145bc224e98ed53cdd594b23) Importer(815301076,1909f56bfc062723c751e8b465ee728b) (PreviewImporter) -> (artifact id: '24076f381b253952916288ff2519403f') in 0.0075237 seconds
Number of updated asset objects reloaded before import = 0Number of asset objects unloaded after import = 2

========================================================================
Received Import Request.
  Time since last request: 0.000043 seconds.
  path: Assets/Materials/Texture Pack/128x128/Elements/Elements_18-128x128.png
  artifactKey: Guid(0e440efca96f5f64491891d33fe835ff) Importer(815301076,1909f56bfc062723c751e8b465ee728b)
Start importing Assets/Materials/Texture Pack/128x128/Elements/Elements_18-128x128.png using Guid(0e440efca96f5f64491891d33fe835ff) Importer(815301076,1909f56bfc062723c751e8b465ee728b) (PreviewImporter) -> (artifact id: 'd86aa13b07cd82041cde6ca18415a4ff') in 0.0074299 seconds
Number of updated asset objects reloaded before import = 0Number of asset objects unloaded after import = 2

Editor requested this worker to shutdown with reason: Scaling down because of idle timeout
AssetImportWorker is now disconnected from the server
Process exiting
Exiting without the bug reporter. Application will terminate with return code 0