Using pre-set license
Built from '6000.0/respin/6000.0.60f1-f02d6f9f9009' branch; Version is '6000.0.60f1 (61dfb374e36f) revision 6414259'; Using compiler version '193933523'; Build Type 'Release'
OS: 'Windows 10  (10.0.19045) 64bit Core' Language: 'en' Physical Memory: 32682 MB
BatchMode: 1, IsHumanControllingUs: 0, StartBugReporterOnCrash: 0, Is64bit: 1
Date: 2026-08-17T00:15:39Z

COMMAND LINE ARGUMENTS:
C:\Program Files\Unity\Hub\Editor\6000.0.60f1\Editor\Unity.exe
-adb2
-batchMode
-noUpm
-name
AssetImportWorker8
-projectPath
C:/Users/frank/Documents/Github/StarDance Platformer/Stardance Project
-logFile
Logs/AssetImportWorker8.log
-srvPort
50724
-job-worker-count
7
-background-job-worker-count
8
-gc-helper-count
1
-name
AssetImport
Successfully changed project path to: C:/Users/frank/Documents/Github/StarDance Platformer/Stardance Project
C:/Users/frank/Documents/Github/StarDance Platformer/Stardance Project
[UnityMemory] Configuration Parameters - Can be set up in boot.config
    "memorysetup-bucket-allocator-granularity=16"
    "memorysetup-bucket-allocator-bucket-count=8"
    "memorysetup-bucket-allocator-block-size=33554432"
    "memorysetup-bucket-allocator-block-count=8"
    "memorysetup-main-allocator-block-size=16777216"
    "memorysetup-thread-allocator-block-size=16777216"
    "memorysetup-gfx-main-allocator-block-size=16777216"
    "memorysetup-gfx-thread-allocator-block-size=16777216"
    "memorysetup-cache-allocator-block-size=4194304"
    "memorysetup-typetree-allocator-block-size=2097152"
    "memorysetup-profiler-bucket-allocator-granularity=16"
    "memorysetup-profiler-bucket-allocator-bucket-count=8"
    "memorysetup-profiler-bucket-allocator-block-size=33554432"
    "memorysetup-profiler-bucket-allocator-block-count=8"
    "memorysetup-profiler-allocator-block-size=16777216"
    "memorysetup-profiler-editor-allocator-block-size=1048576"
    "memorysetup-temp-allocator-size-main=16777216"
    "memorysetup-job-temp-allocator-block-size=2097152"
    "memorysetup-job-temp-allocator-block-size-background=1048576"
    "memorysetup-job-temp-allocator-reduction-small-platforms=262144"
    "memorysetup-allocator-temp-initial-block-size-main=262144"
    "memorysetup-allocator-temp-initial-block-size-worker=262144"
    "memorysetup-temp-allocator-size-background-worker=32768"
    "memorysetup-temp-allocator-size-job-worker=262144"
    "memorysetup-temp-allocator-size-preload-manager=33554432"
    "memorysetup-temp-allocator-size-nav-mesh-worker=65536"
    "memorysetup-temp-allocator-size-audio-worker=65536"
    "memorysetup-temp-allocator-size-cloud-worker=32768"
    "memorysetup-temp-allocator-size-gi-baking-worker=262144"
    "memorysetup-temp-allocator-size-gi-baking-worker=262144"
    "memorysetup-temp-allocator-size-gi-baking-worker=262144"
    "memorysetup-temp-allocator-size-gi-baking-worker=262144"
    "memorysetup-temp-allocator-size-gi-baking-worker=262144"
    "memorysetup-temp-allocator-size-gfx=262144"
Player connection [11972]  Target information:

Player connection [11972]  * "[IP] 10.0.0.136 [Port] 0 [Flags] 2 [Guid] 2529305794 [EditorId] 2529305794 [Version] 1048832 [Id] WindowsEditor(7,DESKTOP-G03H8AT) [Debug] 1 [PackageName] WindowsEditor [ProjectName] Editor" 

Player connection [11972]  * "[IP] 26.71.94.48 [Port] 0 [Flags] 2 [Guid] 2529305794 [EditorId] 2529305794 [Version] 1048832 [Id] WindowsEditor(7,DESKTOP-G03H8AT) [Debug] 1 [PackageName] WindowsEditor [ProjectName] Editor" 

Player connection [11972]  * "[IP] 10.147.18.62 [Port] 0 [Flags] 2 [Guid] 2529305794 [EditorId] 2529305794 [Version] 1048832 [Id] WindowsEditor(7,DESKTOP-G03H8AT) [Debug] 1 [PackageName] WindowsEditor [ProjectName] Editor" 

Player connection [11972] Host joined multi-casting on [225.0.0.222:54997]...
Player connection [11972] Host joined alternative multi-casting on [225.0.0.222:34997]...
JobSystem: Creating JobQueue using job-worker-count value 7
Input System module state changed to: Initialized.
[Physics::Module] Initialized fallback backend.
[Physics::Module] Id: 0xdecafbad
Library Redirect Path: Library/
[Physics::Module] Selected backend.
[Physics::Module] Name: PhysX
[Physics::Module] Id: 0xf2b8ea05
[Physics::Module] SDK Version: 4.1.2
[Physics::Module] Integration Version: 1.0.0
[Physics::Module] Threading Mode: Multi-Threaded
Refreshing native plugins compatible for Editor in 1.54 ms, found 3 plugins.
Preloading 0 native plugins for Editor in 0.00 ms.
Initialize engine version: 6000.0.60f1 (61dfb374e36f)
[Subsystems] Discovering subsystems at path C:/Program Files/Unity/Hub/Editor/6000.0.60f1/Editor/Data/Resources/UnitySubsystems
[Subsystems] Discovering subsystems at path C:/Users/frank/Documents/Github/StarDance Platformer/Stardance Project/Assets
GfxDevice: creating device client; kGfxThreadingModeNonThreaded
Direct3D:
    Version:  Direct3D 11.0 [level 11.1]
    Renderer: NVIDIA GeForce RTX 3060 (ID=0x2504)
    Vendor:   NVIDIA
    VRAM:     12115 MB
    Driver:   32.0.15.9579
Initialize mono
Mono path[0] = 'C:/Program Files/Unity/Hub/Editor/6000.0.60f1/Editor/Data/Managed'
Mono path[1] = 'C:/Program Files/Unity/Hub/Editor/6000.0.60f1/Editor/Data/MonoBleedingEdge/lib/mono/unityjit-win32'
Mono config path = 'C:/Program Files/Unity/Hub/Editor/6000.0.60f1/Editor/Data/MonoBleedingEdge/etc'
Using monoOptions --debugger-agent=transport=dt_socket,embedding=1,server=y,suspend=n,address=127.0.0.1:56796
Begin MonoManager ReloadAssembly
Registering precompiled unity dll's ...
Register platform support module: C:/Program Files/Unity/Hub/Editor/6000.0.60f1/Editor/Data/PlaybackEngines/WebGLSupport/UnityEditor.WebGL.Extensions.dll
Register platform support module: C:/Program Files/Unity/Hub/Editor/6000.0.60f1/Editor/Data/PlaybackEngines/MacStandaloneSupport/UnityEditor.OSXStandalone.Extensions.dll
Register platform support module: C:/Program Files/Unity/Hub/Editor/6000.0.60f1/Editor/Data/PlaybackEngines/WindowsStandaloneSupport/UnityEditor.WindowsStandalone.Extensions.dll
Registered in 0.005152 seconds.
- Loaded All Assemblies, in  0.353 seconds
Native extension for WindowsStandalone target not found
Native extension for OSXStandalone target not found
Native extension for WebGL target not found
Mono: successfully reloaded assembly
- Finished resetting the current domain, in  0.294 seconds
Domain Reload Profiling: 645ms
	BeginReloadAssembly (122ms)
		ExecutionOrderSort (0ms)
		DisableScriptedObjects (0ms)
		BackupInstance (0ms)
		ReleaseScriptingObjects (0ms)
		CreateAndSetChildDomain (1ms)
	RebuildCommonClasses (37ms)
	RebuildNativeTypeToScriptingClass (10ms)
	initialDomainReloadingComplete (51ms)
	LoadAllAssembliesAndSetupDomain (131ms)
		LoadAssemblies (119ms)
		RebuildTransferFunctionScriptingTraits (0ms)
		AnalyzeDomain (128ms)
			TypeCache.Refresh (126ms)
				TypeCache.ScanAssembly (113ms)
			BuildScriptInfoCaches (0ms)
			ResolveRequiredComponents (0ms)
	FinalizeReload (294ms)
		ReleaseScriptCaches (0ms)
		RebuildScriptCaches (0ms)
		SetupLoadedEditorAssemblies (255ms)
			LogAssemblyErrors (0ms)
			InitializePlatformSupportModulesInManaged (40ms)
			SetLoadedEditorAssemblies (3ms)
			BeforeProcessingInitializeOnLoad (51ms)
			ProcessInitializeOnLoadAttributes (113ms)
			ProcessInitializeOnLoadMethodAttributes (48ms)
			AfterProcessingInitializeOnLoad (0ms)
			EditorAssembliesLoaded (0ms)
		ExecutionOrderSort2 (0ms)
		AwakeInstancesAfterBackupRestoration (0ms)
========================================================================
Worker process is ready to serve import requests
Import Worker Mode flag is 0x00
Begin MonoManager ReloadAssembly
- Loaded All Assemblies, in  0.729 seconds
Refreshing native plugins compatible for Editor in 0.90 ms, found 3 plugins.
Native extension for WindowsStandalone target not found
Native extension for OSXStandalone target not found
Native extension for WebGL target not found
Package Manager log level set to [2]
[Package Manager] Failed to launch server process. Reason: Unity was launched with the -noUpm command-line argument
[Package Manager] Unable to send message (not connected to server process).
[Package Manager] Cannot connect to Unity Package Manager local server
[MODES] ModeService[none].Initialize
[MODES] ModeService[none].LoadModes
[MODES] Loading mode Default (0) for mode-current-id-Stardance Project
Mono: successfully reloaded assembly
- Finished resetting the current domain, in  0.680 seconds
Domain Reload Profiling: 1404ms
	BeginReloadAssembly (161ms)
		ExecutionOrderSort (0ms)
		DisableScriptedObjects (6ms)
		BackupInstance (0ms)
		ReleaseScriptingObjects (0ms)
		CreateAndSetChildDomain (28ms)
	RebuildCommonClasses (31ms)
	RebuildNativeTypeToScriptingClass (10ms)
	initialDomainReloadingComplete (37ms)
	LoadAllAssembliesAndSetupDomain (486ms)
		LoadAssemblies (353ms)
		RebuildTransferFunctionScriptingTraits (0ms)
		AnalyzeDomain (224ms)
			TypeCache.Refresh (162ms)
				TypeCache.ScanAssembly (144ms)
			BuildScriptInfoCaches (49ms)
			ResolveRequiredComponents (9ms)
	FinalizeReload (680ms)
		ReleaseScriptCaches (0ms)
		RebuildScriptCaches (0ms)
		SetupLoadedEditorAssemblies (510ms)
			LogAssemblyErrors (0ms)
			InitializePlatformSupportModulesInManaged (4ms)
			SetLoadedEditorAssemblies (4ms)
			BeforeProcessingInitializeOnLoad (110ms)
			ProcessInitializeOnLoadAttributes (307ms)
			ProcessInitializeOnLoadMethodAttributes (78ms)
			AfterProcessingInitializeOnLoad (7ms)
			EditorAssembliesLoaded (0ms)
		ExecutionOrderSort2 (0ms)
		AwakeInstancesAfterBackupRestoration (9ms)
Launched and connected shader compiler UnityShaderCompiler.exe after 0.01 seconds
Refreshing native plugins compatible for Editor in 2.07 ms, found 3 plugins.
Preloading 0 native plugins for Editor in 0.00 ms.
Unloading 14 Unused Serialized files (Serialized files now loaded: 0)
Unloading 6462 unused Assets / (4.5 MB). Loaded Objects now: 7191.
Memory consumption went from 133.8 MB to 129.3 MB.
Total: 15.210700 ms (FindLiveObjects: 2.025800 ms CreateObjectMapping: 1.813100 ms MarkObjects: 7.556400 ms  DeleteObjects: 3.813800 ms)

========================================================================
Received Import Request.
  Time since last request: 9220.020915 seconds.
  path: Assets/Resources/Levels/1/2.prefab
  artifactKey: Guid(ed5b7495b667a6945872a3af5238cc4e) Importer(815301076,1909f56bfc062723c751e8b465ee728b)
Start importing Assets/Resources/Levels/1/2.prefab using Guid(ed5b7495b667a6945872a3af5238cc4e) Importer(815301076,1909f56bfc062723c751e8b465ee728b) (PreviewImporter) -> (artifact id: '7dc9b6899e03380a018d03deec8127de') in 0.4527001 seconds
Number of updated asset objects reloaded before import = 0Number of asset objects unloaded after import = 38

========================================================================
Received Import Request.
  Time since last request: 0.489262 seconds.
  path: Assets/Resources/Levels/1/2.prefab
  artifactKey: Guid(ed5b7495b667a6945872a3af5238cc4e) Importer(2089858483,192608db42251d675da83286b1cce702)
Start importing Assets/Resources/Levels/1/2.prefab using Guid(ed5b7495b667a6945872a3af5238cc4e) Importer(2089858483,192608db42251d675da83286b1cce702) (ScriptedImporter) -> (artifact id: '6e5f84f899e3f8dae13adf43cce8ee1c') in 0.1455407 seconds
Number of updated asset objects reloaded before import = 0Number of asset objects unloaded after import = 28

========================================================================
Received Import Request.
  Time since last request: 5.073932 seconds.
  path: Assets/Resources/Levels/1/2.prefab
  artifactKey: Guid(ed5b7495b667a6945872a3af5238cc4e) Importer(815301076,1909f56bfc062723c751e8b465ee728b)
Start importing Assets/Resources/Levels/1/2.prefab using Guid(ed5b7495b667a6945872a3af5238cc4e) Importer(815301076,1909f56bfc062723c751e8b465ee728b) (PreviewImporter) -> (artifact id: '8c6677893ea2225839c28f789dcf970b') in 0.0084651 seconds
Number of updated asset objects reloaded before import = 0Number of asset objects unloaded after import = 38

========================================================================
Received Import Request.
  Time since last request: 0.936990 seconds.
  path: Assets/Resources/Levels/1/2.prefab
  artifactKey: Guid(ed5b7495b667a6945872a3af5238cc4e) Importer(2089858483,192608db42251d675da83286b1cce702)
Start importing Assets/Resources/Levels/1/2.prefab using Guid(ed5b7495b667a6945872a3af5238cc4e) Importer(2089858483,192608db42251d675da83286b1cce702) (ScriptedImporter) -> (artifact id: '71574a728d7152588104d213319c1986') in 0.0046675 seconds
Number of updated asset objects reloaded before import = 0Number of asset objects unloaded after import = 28

========================================================================
Received Import Request.
  Time since last request: 4.210308 seconds.
  path: Assets/Resources/Levels/1/2.prefab
  artifactKey: Guid(ed5b7495b667a6945872a3af5238cc4e) Importer(815301076,1909f56bfc062723c751e8b465ee728b)
Start importing Assets/Resources/Levels/1/2.prefab using Guid(ed5b7495b667a6945872a3af5238cc4e) Importer(815301076,1909f56bfc062723c751e8b465ee728b) (PreviewImporter) -> (artifact id: '31bfcc07c5844b6d10523190df64b528') in 0.009537 seconds
Number of updated asset objects reloaded before import = 0Number of asset objects unloaded after import = 38

========================================================================
Received Import Request.
  Time since last request: 0.936908 seconds.
  path: Assets/Resources/Levels/1/2.prefab
  artifactKey: Guid(ed5b7495b667a6945872a3af5238cc4e) Importer(2089858483,192608db42251d675da83286b1cce702)
Start importing Assets/Resources/Levels/1/2.prefab using Guid(ed5b7495b667a6945872a3af5238cc4e) Importer(2089858483,192608db42251d675da83286b1cce702) (ScriptedImporter) -> (artifact id: 'c6d9c400482eeacb22f64e002ebd6cac') in 0.0042819 seconds
Number of updated asset objects reloaded before import = 0Number of asset objects unloaded after import = 28

========================================================================
Received Import Request.
  Time since last request: 2.178794 seconds.
  path: Assets/Resources/Levels/1/2.prefab
  artifactKey: Guid(ed5b7495b667a6945872a3af5238cc4e) Importer(815301076,1909f56bfc062723c751e8b465ee728b)
Start importing Assets/Resources/Levels/1/2.prefab using Guid(ed5b7495b667a6945872a3af5238cc4e) Importer(815301076,1909f56bfc062723c751e8b465ee728b) (PreviewImporter) -> (artifact id: '79351ab7e4310a7044c089ebecc2fbbc') in 0.008859 seconds
Number of updated asset objects reloaded before import = 0Number of asset objects unloaded after import = 38

========================================================================
Received Prepare
Begin MonoManager ReloadAssembly
- Loaded All Assemblies, in  0.877 seconds
Refreshing native plugins compatible for Editor in 0.86 ms, found 3 plugins.
Native extension for WindowsStandalone target not found
Native extension for OSXStandalone target not found
Native extension for WebGL target not found
[Package Manager] Failed to launch server process. Reason: Unity was launched with the -noUpm command-line argument
[Package Manager] Unable to send message (not connected to server process).
[Package Manager] Cannot connect to Unity Package Manager local server
[MODES] ModeService[none].Initialize
[MODES] ModeService[none].LoadModes
Mono: successfully reloaded assembly
- Finished resetting the current domain, in  0.766 seconds
Domain Reload Profiling: 1643ms
	BeginReloadAssembly (285ms)
		ExecutionOrderSort (0ms)
		DisableScriptedObjects (24ms)
		BackupInstance (0ms)
		ReleaseScriptingObjects (0ms)
		CreateAndSetChildDomain (100ms)
	RebuildCommonClasses (33ms)
	RebuildNativeTypeToScriptingClass (11ms)
	initialDomainReloadingComplete (31ms)
	LoadAllAssembliesAndSetupDomain (516ms)
		LoadAssemblies (437ms)
		RebuildTransferFunctionScriptingTraits (0ms)
		AnalyzeDomain (181ms)
			TypeCache.Refresh (12ms)
				TypeCache.ScanAssembly (0ms)
			BuildScriptInfoCaches (154ms)
			ResolveRequiredComponents (10ms)
	FinalizeReload (767ms)
		ReleaseScriptCaches (0ms)
		RebuildScriptCaches (0ms)
		SetupLoadedEditorAssemblies (605ms)
			LogAssemblyErrors (0ms)
			InitializePlatformSupportModulesInManaged (5ms)
			SetLoadedEditorAssemblies (5ms)
			BeforeProcessingInitializeOnLoad (150ms)
			ProcessInitializeOnLoadAttributes (349ms)
			ProcessInitializeOnLoadMethodAttributes (89ms)
			AfterProcessingInitializeOnLoad (7ms)
			EditorAssembliesLoaded (0ms)
		ExecutionOrderSort2 (0ms)
		AwakeInstancesAfterBackupRestoration (19ms)
Refreshing native plugins compatible for Editor in 1.14 ms, found 3 plugins.
Preloading 0 native plugins for Editor in 0.00 ms.
Unloading 14 Unused Serialized files (Serialized files now loaded: 0)
Unloading 6461 unused Assets / (4.2 MB). Loaded Objects now: 7240.
Memory consumption went from 158.0 MB to 153.8 MB.
Total: 10.433900 ms (FindLiveObjects: 0.969000 ms CreateObjectMapping: 0.432700 ms MarkObjects: 6.049300 ms  DeleteObjects: 2.981900 ms)

Prepare: number of updated asset objects reloaded= 0
========================================================================
Received Prepare
Begin MonoManager ReloadAssembly
- Loaded All Assemblies, in  0.696 seconds
Refreshing native plugins compatible for Editor in 0.88 ms, found 3 plugins.
Native extension for WindowsStandalone target not found
Native extension for OSXStandalone target not found
Native extension for WebGL target not found
[Package Manager] Failed to launch server process. Reason: Unity was launched with the -noUpm command-line argument
[Package Manager] Unable to send message (not connected to server process).
[Package Manager] Cannot connect to Unity Package Manager local server
[MODES] ModeService[none].Initialize
[MODES] ModeService[none].LoadModes
Mono: successfully reloaded assembly
- Finished resetting the current domain, in  0.660 seconds
Domain Reload Profiling: 1356ms
	BeginReloadAssembly (195ms)
		ExecutionOrderSort (0ms)
		DisableScriptedObjects (6ms)
		BackupInstance (0ms)
		ReleaseScriptingObjects (0ms)
		CreateAndSetChildDomain (45ms)
	RebuildCommonClasses (31ms)
	RebuildNativeTypeToScriptingClass (11ms)
	initialDomainReloadingComplete (29ms)
	LoadAllAssembliesAndSetupDomain (430ms)
		LoadAssemblies (354ms)
		RebuildTransferFunctionScriptingTraits (0ms)
		AnalyzeDomain (164ms)
			TypeCache.Refresh (10ms)
				TypeCache.ScanAssembly (0ms)
			BuildScriptInfoCaches (139ms)
			ResolveRequiredComponents (10ms)
	FinalizeReload (661ms)
		ReleaseScriptCaches (0ms)
		RebuildScriptCaches (0ms)
		SetupLoadedEditorAssemblies (513ms)
			LogAssemblyErrors (0ms)
			InitializePlatformSupportModulesInManaged (6ms)
			SetLoadedEditorAssemblies (5ms)
			BeforeProcessingInitializeOnLoad (113ms)
			ProcessInitializeOnLoadAttributes (303ms)
			ProcessInitializeOnLoadMethodAttributes (79ms)
			AfterProcessingInitializeOnLoad (7ms)
			EditorAssembliesLoaded (0ms)
		ExecutionOrderSort2 (0ms)
		AwakeInstancesAfterBackupRestoration (17ms)
Refreshing native plugins compatible for Editor in 0.91 ms, found 3 plugins.
Preloading 0 native plugins for Editor in 0.00 ms.
Unloading 14 Unused Serialized files (Serialized files now loaded: 0)
Unloading 6460 unused Assets / (4.2 MB). Loaded Objects now: 7242.
Memory consumption went from 157.8 MB to 153.7 MB.
Total: 9.060200 ms (FindLiveObjects: 0.970600 ms CreateObjectMapping: 0.430800 ms MarkObjects: 5.191300 ms  DeleteObjects: 2.466700 ms)

Prepare: number of updated asset objects reloaded= 0
========================================================================
Received Import Request.
  Time since last request: 129.444696 seconds.
  path: Assets/Resources/Levels/1/3.prefab
  artifactKey: Guid(f3cf4ce04b8389a4fb9a08212d7e6756) Importer(815301076,1909f56bfc062723c751e8b465ee728b)
Start importing Assets/Resources/Levels/1/3.prefab using Guid(f3cf4ce04b8389a4fb9a08212d7e6756) Importer(815301076,1909f56bfc062723c751e8b465ee728b) (PreviewImporter) -> (artifact id: 'e33c1565bf1c64e6b3dc3c63c1dd1751') in 0.4398919 seconds
Number of updated asset objects reloaded before import = 0Number of asset objects unloaded after import = 58

========================================================================
Received Import Request.
  Time since last request: 2.121659 seconds.
  path: Assets/Resources/Levels/1/3.prefab
  artifactKey: Guid(f3cf4ce04b8389a4fb9a08212d7e6756) Importer(815301076,1909f56bfc062723c751e8b465ee728b)
Start importing Assets/Resources/Levels/1/3.prefab using Guid(f3cf4ce04b8389a4fb9a08212d7e6756) Importer(815301076,1909f56bfc062723c751e8b465ee728b) (PreviewImporter) -> (artifact id: '622522d3945cab2f0d17326a2746925a') in 0.0083372 seconds
Number of updated asset objects reloaded before import = 0Number of asset objects unloaded after import = 58

========================================================================
Received Prepare
Begin MonoManager ReloadAssembly
- Loaded All Assemblies, in  0.718 seconds
Refreshing native plugins compatible for Editor in 0.88 ms, found 3 plugins.
Native extension for WindowsStandalone target not found
Native extension for OSXStandalone target not found
Native extension for WebGL target not found
[Package Manager] Failed to launch server process. Reason: Unity was launched with the -noUpm command-line argument
[Package Manager] Unable to send message (not connected to server process).
[Package Manager] Cannot connect to Unity Package Manager local server
[MODES] ModeService[none].Initialize
[MODES] ModeService[none].LoadModes
Mono: successfully reloaded assembly
- Finished resetting the current domain, in  0.656 seconds
Domain Reload Profiling: 1373ms
	BeginReloadAssembly (223ms)
		ExecutionOrderSort (0ms)
		DisableScriptedObjects (19ms)
		BackupInstance (0ms)
		ReleaseScriptingObjects (0ms)
		CreateAndSetChildDomain (62ms)
	RebuildCommonClasses (32ms)
	RebuildNativeTypeToScriptingClass (11ms)
	initialDomainReloadingComplete (29ms)
	LoadAllAssembliesAndSetupDomain (422ms)
		LoadAssemblies (353ms)
		RebuildTransferFunctionScriptingTraits (0ms)
		AnalyzeDomain (156ms)
			TypeCache.Refresh (7ms)
				TypeCache.ScanAssembly (0ms)
			BuildScriptInfoCaches (136ms)
			ResolveRequiredComponents (9ms)
	FinalizeReload (656ms)
		ReleaseScriptCaches (0ms)
		RebuildScriptCaches (0ms)
		SetupLoadedEditorAssemblies (516ms)
			LogAssemblyErrors (0ms)
			InitializePlatformSupportModulesInManaged (4ms)
			SetLoadedEditorAssemblies (5ms)
			BeforeProcessingInitializeOnLoad (112ms)
			ProcessInitializeOnLoadAttributes (314ms)
			ProcessInitializeOnLoadMethodAttributes (74ms)
			AfterProcessingInitializeOnLoad (7ms)
			EditorAssembliesLoaded (0ms)
		ExecutionOrderSort2 (0ms)
		AwakeInstancesAfterBackupRestoration (17ms)
Refreshing native plugins compatible for Editor in 0.96 ms, found 3 plugins.
Preloading 0 native plugins for Editor in 0.00 ms.
Unloading 14 Unused Serialized files (Serialized files now loaded: 0)
Unloading 6461 unused Assets / (3.5 MB). Loaded Objects now: 7264.
Memory consumption went from 158.0 MB to 154.5 MB.
Total: 7.383300 ms (FindLiveObjects: 0.788200 ms CreateObjectMapping: 0.372600 ms MarkObjects: 4.293300 ms  DeleteObjects: 1.928500 ms)

Prepare: number of updated asset objects reloaded= 0
========================================================================
Received Prepare
Begin MonoManager ReloadAssembly
- Loaded All Assemblies, in  0.693 seconds
Refreshing native plugins compatible for Editor in 1.00 ms, found 3 plugins.
Native extension for WindowsStandalone target not found
Native extension for OSXStandalone target not found
Native extension for WebGL target not found
[Package Manager] Failed to launch server process. Reason: Unity was launched with the -noUpm command-line argument
[Package Manager] Unable to send message (not connected to server process).
[Package Manager] Cannot connect to Unity Package Manager local server
[MODES] ModeService[none].Initialize
[MODES] ModeService[none].LoadModes
Mono: successfully reloaded assembly
- Finished resetting the current domain, in  0.655 seconds
Domain Reload Profiling: 1347ms
	BeginReloadAssembly (195ms)
		ExecutionOrderSort (0ms)
		DisableScriptedObjects (6ms)
		BackupInstance (0ms)
		ReleaseScriptingObjects (0ms)
		CreateAndSetChildDomain (47ms)
	RebuildCommonClasses (32ms)
	RebuildNativeTypeToScriptingClass (11ms)
	initialDomainReloadingComplete (32ms)
	LoadAllAssembliesAndSetupDomain (421ms)
		LoadAssemblies (349ms)
		RebuildTransferFunctionScriptingTraits (0ms)
		AnalyzeDomain (160ms)
			TypeCache.Refresh (11ms)
				TypeCache.ScanAssembly (0ms)
			BuildScriptInfoCaches (136ms)
			ResolveRequiredComponents (9ms)
	FinalizeReload (656ms)
		ReleaseScriptCaches (0ms)
		RebuildScriptCaches (0ms)
		SetupLoadedEditorAssemblies (519ms)
			LogAssemblyErrors (0ms)
			InitializePlatformSupportModulesInManaged (4ms)
			SetLoadedEditorAssemblies (5ms)
			BeforeProcessingInitializeOnLoad (115ms)
			ProcessInitializeOnLoadAttributes (309ms)
			ProcessInitializeOnLoadMethodAttributes (78ms)
			AfterProcessingInitializeOnLoad (7ms)
			EditorAssembliesLoaded (0ms)
		ExecutionOrderSort2 (0ms)
		AwakeInstancesAfterBackupRestoration (18ms)
Refreshing native plugins compatible for Editor in 0.93 ms, found 3 plugins.
Preloading 0 native plugins for Editor in 0.00 ms.
Unloading 14 Unused Serialized files (Serialized files now loaded: 0)
Unloading 6460 unused Assets / (4.1 MB). Loaded Objects now: 7266.
Memory consumption went from 157.9 MB to 153.8 MB.
Total: 8.695100 ms (FindLiveObjects: 0.888300 ms CreateObjectMapping: 0.398600 ms MarkObjects: 4.938100 ms  DeleteObjects: 2.469500 ms)

Prepare: number of updated asset objects reloaded= 0
========================================================================
Received Import Request.
  Time since last request: 136.376504 seconds.
  path: Assets/Resources/Levels/1/4.prefab
  artifactKey: Guid(a1788fa8bdb917f4482ebe581bc2ae79) Importer(815301076,1909f56bfc062723c751e8b465ee728b)
Start importing Assets/Resources/Levels/1/4.prefab using Guid(a1788fa8bdb917f4482ebe581bc2ae79) Importer(815301076,1909f56bfc062723c751e8b465ee728b) (PreviewImporter) -> (artifact id: 'af182e76d46241322e0ecc7bc34afd5f') in 0.3898375 seconds
Number of updated asset objects reloaded before import = 0Number of asset objects unloaded after import = 62

========================================================================
Received Import Request.
  Time since last request: 78.213333 seconds.
  path: Assets/Resources/Levels/1/4.prefab
  artifactKey: Guid(a1788fa8bdb917f4482ebe581bc2ae79) Importer(815301076,1909f56bfc062723c751e8b465ee728b)
Start importing Assets/Resources/Levels/1/4.prefab using Guid(a1788fa8bdb917f4482ebe581bc2ae79) Importer(815301076,1909f56bfc062723c751e8b465ee728b) (PreviewImporter) -> (artifact id: 'd5e90b31399bb79c926f60b823054f78') in 0.0093424 seconds
Number of updated asset objects reloaded before import = 0Number of asset objects unloaded after import = 67

========================================================================
Received Import Request.
  Time since last request: 1.155628 seconds.
  path: Assets/Resources/Levels/1/4.prefab
  artifactKey: Guid(a1788fa8bdb917f4482ebe581bc2ae79) Importer(815301076,1909f56bfc062723c751e8b465ee728b)
Start importing Assets/Resources/Levels/1/4.prefab using Guid(a1788fa8bdb917f4482ebe581bc2ae79) Importer(815301076,1909f56bfc062723c751e8b465ee728b) (PreviewImporter) -> (artifact id: '2971d2a351ed727282e4a46a371534f8') in 0.0083848 seconds
Number of updated asset objects reloaded before import = 0Number of asset objects unloaded after import = 67

========================================================================
Received Import Request.
  Time since last request: 3.179966 seconds.
  path: Assets/Resources/Levels/1/4.prefab
  artifactKey: Guid(a1788fa8bdb917f4482ebe581bc2ae79) Importer(815301076,1909f56bfc062723c751e8b465ee728b)
Start importing Assets/Resources/Levels/1/4.prefab using Guid(a1788fa8bdb917f4482ebe581bc2ae79) Importer(815301076,1909f56bfc062723c751e8b465ee728b) (PreviewImporter) -> (artifact id: '59f3f972ce8b69f13dc541d8d66285df') in 0.013977 seconds
Number of updated asset objects reloaded before import = 0Number of asset objects unloaded after import = 67

========================================================================
Received Import Request.
  Time since last request: 3.572987 seconds.
  path: Assets/Resources/Levels/1/4.prefab
  artifactKey: Guid(a1788fa8bdb917f4482ebe581bc2ae79) Importer(815301076,1909f56bfc062723c751e8b465ee728b)
Start importing Assets/Resources/Levels/1/4.prefab using Guid(a1788fa8bdb917f4482ebe581bc2ae79) Importer(815301076,1909f56bfc062723c751e8b465ee728b) (PreviewImporter) -> (artifact id: 'bdcaaf61e976cf3825669df8651b1ea6') in 0.0089622 seconds
Number of updated asset objects reloaded before import = 0Number of asset objects unloaded after import = 67

========================================================================
Received Import Request.
  Time since last request: 2.610486 seconds.
  path: Assets/Resources/Levels/1/4.prefab
  artifactKey: Guid(a1788fa8bdb917f4482ebe581bc2ae79) Importer(815301076,1909f56bfc062723c751e8b465ee728b)
Start importing Assets/Resources/Levels/1/4.prefab using Guid(a1788fa8bdb917f4482ebe581bc2ae79) Importer(815301076,1909f56bfc062723c751e8b465ee728b) (PreviewImporter) -> (artifact id: '8fa7f6b2279182e2529304c5f22004df') in 0.0081824 seconds
Number of updated asset objects reloaded before import = 0Number of asset objects unloaded after import = 67

========================================================================
Received Import Request.
  Time since last request: 0.776316 seconds.
  path: Assets/Resources/Levels/1/4.prefab
  artifactKey: Guid(a1788fa8bdb917f4482ebe581bc2ae79) Importer(815301076,1909f56bfc062723c751e8b465ee728b)
Start importing Assets/Resources/Levels/1/4.prefab using Guid(a1788fa8bdb917f4482ebe581bc2ae79) Importer(815301076,1909f56bfc062723c751e8b465ee728b) (PreviewImporter) -> (artifact id: 'b77b1ebe317caae0019104c2138c9675') in 0.0080714 seconds
Number of updated asset objects reloaded before import = 0Number of asset objects unloaded after import = 75

========================================================================
Received Import Request.
  Time since last request: 1.166181 seconds.
  path: Assets/Resources/Levels/1/4.prefab
  artifactKey: Guid(a1788fa8bdb917f4482ebe581bc2ae79) Importer(815301076,1909f56bfc062723c751e8b465ee728b)
Start importing Assets/Resources/Levels/1/4.prefab using Guid(a1788fa8bdb917f4482ebe581bc2ae79) Importer(815301076,1909f56bfc062723c751e8b465ee728b) (PreviewImporter) -> (artifact id: '8a00973ff0838ef5f5de692d7832d7a3') in 0.0079177 seconds
Number of updated asset objects reloaded before import = 0Number of asset objects unloaded after import = 75

========================================================================
Received Import Request.
  Time since last request: 1.371854 seconds.
  path: Assets/Resources/Levels/1/4.prefab
  artifactKey: Guid(a1788fa8bdb917f4482ebe581bc2ae79) Importer(815301076,1909f56bfc062723c751e8b465ee728b)
Start importing Assets/Resources/Levels/1/4.prefab using Guid(a1788fa8bdb917f4482ebe581bc2ae79) Importer(815301076,1909f56bfc062723c751e8b465ee728b) (PreviewImporter) -> (artifact id: '8d911ee9ff22031ad6af38070eba01fa') in 0.008691 seconds
Number of updated asset objects reloaded before import = 0Number of asset objects unloaded after import = 75

========================================================================
Received Import Request.
  Time since last request: 36.444648 seconds.
  path: Assets/Resources/Levels/1/4.prefab
  artifactKey: Guid(a1788fa8bdb917f4482ebe581bc2ae79) Importer(815301076,1909f56bfc062723c751e8b465ee728b)
Start importing Assets/Resources/Levels/1/4.prefab using Guid(a1788fa8bdb917f4482ebe581bc2ae79) Importer(815301076,1909f56bfc062723c751e8b465ee728b) (PreviewImporter) -> (artifact id: 'ea0178b98e546ccdb08249bca06fa672') in 0.0084954 seconds
Number of updated asset objects reloaded before import = 0Number of asset objects unloaded after import = 75

========================================================================
Received Import Request.
  Time since last request: 5.795584 seconds.
  path: Assets/Resources/Levels/1/4.prefab
  artifactKey: Guid(a1788fa8bdb917f4482ebe581bc2ae79) Importer(815301076,1909f56bfc062723c751e8b465ee728b)
Start importing Assets/Resources/Levels/1/4.prefab using Guid(a1788fa8bdb917f4482ebe581bc2ae79) Importer(815301076,1909f56bfc062723c751e8b465ee728b) (PreviewImporter) -> (artifact id: '989981e9cfadf48cd6b06169dcaa8fc6') in 0.0087403 seconds
Number of updated asset objects reloaded before import = 0Number of asset objects unloaded after import = 75

========================================================================
Received Import Request.
  Time since last request: 18.921713 seconds.
  path: Assets/Resources/Levels/1/4.prefab
  artifactKey: Guid(a1788fa8bdb917f4482ebe581bc2ae79) Importer(815301076,1909f56bfc062723c751e8b465ee728b)
Start importing Assets/Resources/Levels/1/4.prefab using Guid(a1788fa8bdb917f4482ebe581bc2ae79) Importer(815301076,1909f56bfc062723c751e8b465ee728b) (PreviewImporter) -> (artifact id: '79e2bfcf13b24022e349eefb02d3f8b4') in 0.0080223 seconds
Number of updated asset objects reloaded before import = 0Number of asset objects unloaded after import = 75

========================================================================
Received Import Request.
  Time since last request: 2.981341 seconds.
  path: Assets/Resources/Levels/1/4.prefab
  artifactKey: Guid(a1788fa8bdb917f4482ebe581bc2ae79) Importer(815301076,1909f56bfc062723c751e8b465ee728b)
Start importing Assets/Resources/Levels/1/4.prefab using Guid(a1788fa8bdb917f4482ebe581bc2ae79) Importer(815301076,1909f56bfc062723c751e8b465ee728b) (PreviewImporter) -> (artifact id: '285908ec976bc9b5751b3196763bc55c') in 0.0081151 seconds
Number of updated asset objects reloaded before import = 0Number of asset objects unloaded after import = 75

========================================================================
Received Import Request.
  Time since last request: 4.413331 seconds.
  path: Assets/Resources/Levels/1/4.prefab
  artifactKey: Guid(a1788fa8bdb917f4482ebe581bc2ae79) Importer(815301076,1909f56bfc062723c751e8b465ee728b)
Start importing Assets/Resources/Levels/1/4.prefab using Guid(a1788fa8bdb917f4482ebe581bc2ae79) Importer(815301076,1909f56bfc062723c751e8b465ee728b) (PreviewImporter) -> (artifact id: '839529b973e68e32a08b2a962ccbeeb3') in 0.008261 seconds
Number of updated asset objects reloaded before import = 0Number of asset objects unloaded after import = 80

========================================================================
Received Import Request.
  Time since last request: 3.384253 seconds.
  path: Assets/Resources/Levels/1/4.prefab
  artifactKey: Guid(a1788fa8bdb917f4482ebe581bc2ae79) Importer(815301076,1909f56bfc062723c751e8b465ee728b)
Start importing Assets/Resources/Levels/1/4.prefab using Guid(a1788fa8bdb917f4482ebe581bc2ae79) Importer(815301076,1909f56bfc062723c751e8b465ee728b) (PreviewImporter) -> (artifact id: 'a718472886851f356715e657f87b507d') in 0.0092092 seconds
Number of updated asset objects reloaded before import = 0Number of asset objects unloaded after import = 80

========================================================================
Received Import Request.
  Time since last request: 5.193094 seconds.
  path: Assets/Resources/Levels/1/4.prefab
  artifactKey: Guid(a1788fa8bdb917f4482ebe581bc2ae79) Importer(815301076,1909f56bfc062723c751e8b465ee728b)
Start importing Assets/Resources/Levels/1/4.prefab using Guid(a1788fa8bdb917f4482ebe581bc2ae79) Importer(815301076,1909f56bfc062723c751e8b465ee728b) (PreviewImporter) -> (artifact id: '555dc456906fa8fbfbc1e078290100bf') in 0.0082226 seconds
Number of updated asset objects reloaded before import = 0Number of asset objects unloaded after import = 80

========================================================================
Received Import Request.
  Time since last request: 2.777614 seconds.
  path: Assets/Resources/Levels/1/4.prefab
  artifactKey: Guid(a1788fa8bdb917f4482ebe581bc2ae79) Importer(815301076,1909f56bfc062723c751e8b465ee728b)
Start importing Assets/Resources/Levels/1/4.prefab using Guid(a1788fa8bdb917f4482ebe581bc2ae79) Importer(815301076,1909f56bfc062723c751e8b465ee728b) (PreviewImporter) -> (artifact id: 'c1232f7d852b84e4cf5fcbbc8ec3ba64') in 0.010466 seconds
Number of updated asset objects reloaded before import = 0Number of asset objects unloaded after import = 80

========================================================================
Received Import Request.
  Time since last request: 1.363230 seconds.
  path: Assets/Resources/Levels/1/4.prefab
  artifactKey: Guid(a1788fa8bdb917f4482ebe581bc2ae79) Importer(815301076,1909f56bfc062723c751e8b465ee728b)
Start importing Assets/Resources/Levels/1/4.prefab using Guid(a1788fa8bdb917f4482ebe581bc2ae79) Importer(815301076,1909f56bfc062723c751e8b465ee728b) (PreviewImporter) -> (artifact id: '9b11646cd331c053724fdbd3d141a92b') in 0.0096984 seconds
Number of updated asset objects reloaded before import = 0Number of asset objects unloaded after import = 80

========================================================================
Received Import Request.
  Time since last request: 3.386838 seconds.
  path: Assets/Resources/Levels/1/4.prefab
  artifactKey: Guid(a1788fa8bdb917f4482ebe581bc2ae79) Importer(815301076,1909f56bfc062723c751e8b465ee728b)
Start importing Assets/Resources/Levels/1/4.prefab using Guid(a1788fa8bdb917f4482ebe581bc2ae79) Importer(815301076,1909f56bfc062723c751e8b465ee728b) (PreviewImporter) -> (artifact id: '9a826e985e38ef5b4131db43ca6c3dec') in 0.0085417 seconds
Number of updated asset objects reloaded before import = 0Number of asset objects unloaded after import = 80

========================================================================
Received Import Request.
  Time since last request: 1.788001 seconds.
  path: Assets/Resources/Levels/1/4.prefab
  artifactKey: Guid(a1788fa8bdb917f4482ebe581bc2ae79) Importer(815301076,1909f56bfc062723c751e8b465ee728b)
Start importing Assets/Resources/Levels/1/4.prefab using Guid(a1788fa8bdb917f4482ebe581bc2ae79) Importer(815301076,1909f56bfc062723c751e8b465ee728b) (PreviewImporter) -> (artifact id: 'ea49efecc07f9905ba5108171e2fad58') in 0.0077891 seconds
Number of updated asset objects reloaded before import = 0Number of asset objects unloaded after import = 85

========================================================================
Received Import Request.
  Time since last request: 1.371115 seconds.
  path: Assets/Resources/Levels/1/4.prefab
  artifactKey: Guid(a1788fa8bdb917f4482ebe581bc2ae79) Importer(815301076,1909f56bfc062723c751e8b465ee728b)
Start importing Assets/Resources/Levels/1/4.prefab using Guid(a1788fa8bdb917f4482ebe581bc2ae79) Importer(815301076,1909f56bfc062723c751e8b465ee728b) (PreviewImporter) -> (artifact id: '0011d74d250fd8ad01c25bf33c5ed14d') in 0.0081936 seconds
Number of updated asset objects reloaded before import = 0Number of asset objects unloaded after import = 85

========================================================================
Received Import Request.
  Time since last request: 7.827909 seconds.
  path: Assets/Resources/Levels/1/4.prefab
  artifactKey: Guid(a1788fa8bdb917f4482ebe581bc2ae79) Importer(815301076,1909f56bfc062723c751e8b465ee728b)
Start importing Assets/Resources/Levels/1/4.prefab using Guid(a1788fa8bdb917f4482ebe581bc2ae79) Importer(815301076,1909f56bfc062723c751e8b465ee728b) (PreviewImporter) -> (artifact id: 'be340b590c9698b3fd445edb5cdd8ae0') in 0.0087509 seconds
Number of updated asset objects reloaded before import = 0Number of asset objects unloaded after import = 85

========================================================================
Received Import Request.
  Time since last request: 3.603620 seconds.
  path: Assets/Resources/Levels/1/4.prefab
  artifactKey: Guid(a1788fa8bdb917f4482ebe581bc2ae79) Importer(815301076,1909f56bfc062723c751e8b465ee728b)
Start importing Assets/Resources/Levels/1/4.prefab using Guid(a1788fa8bdb917f4482ebe581bc2ae79) Importer(815301076,1909f56bfc062723c751e8b465ee728b) (PreviewImporter) -> (artifact id: 'c2dad287851b7104aed4e300c9039704') in 0.0083414 seconds
Number of updated asset objects reloaded before import = 0Number of asset objects unloaded after import = 85

========================================================================
Received Prepare
Begin MonoManager ReloadAssembly
- Loaded All Assemblies, in  0.735 seconds
Refreshing native plugins compatible for Editor in 0.86 ms, found 3 plugins.
Native extension for WindowsStandalone target not found
Native extension for OSXStandalone target not found
Native extension for WebGL target not found
[Package Manager] Failed to launch server process. Reason: Unity was launched with the -noUpm command-line argument
[Package Manager] Unable to send message (not connected to server process).
[Package Manager] Cannot connect to Unity Package Manager local server
[MODES] ModeService[none].Initialize
[MODES] ModeService[none].LoadModes
Mono: successfully reloaded assembly
- Finished resetting the current domain, in  0.656 seconds
Domain Reload Profiling: 1391ms
	BeginReloadAssembly (235ms)
		ExecutionOrderSort (0ms)
		DisableScriptedObjects (20ms)
		BackupInstance (0ms)
		ReleaseScriptingObjects (0ms)
		CreateAndSetChildDomain (63ms)
	RebuildCommonClasses (32ms)
	RebuildNativeTypeToScriptingClass (11ms)
	initialDomainReloadingComplete (31ms)
	LoadAllAssembliesAndSetupDomain (425ms)
		LoadAssemblies (349ms)
		RebuildTransferFunctionScriptingTraits (0ms)
		AnalyzeDomain (163ms)
			TypeCache.Refresh (7ms)
				TypeCache.ScanAssembly (0ms)
			BuildScriptInfoCaches (142ms)
			ResolveRequiredComponents (10ms)
	FinalizeReload (656ms)
		ReleaseScriptCaches (0ms)
		RebuildScriptCaches (0ms)
		SetupLoadedEditorAssemblies (519ms)
			LogAssemblyErrors (0ms)
			InitializePlatformSupportModulesInManaged (4ms)
			SetLoadedEditorAssemblies (4ms)
			BeforeProcessingInitializeOnLoad (113ms)
			ProcessInitializeOnLoadAttributes (308ms)
			ProcessInitializeOnLoadMethodAttributes (82ms)
			AfterProcessingInitializeOnLoad (6ms)
			EditorAssembliesLoaded (0ms)
		ExecutionOrderSort2 (0ms)
		AwakeInstancesAfterBackupRestoration (15ms)
Refreshing native plugins compatible for Editor in 0.98 ms, found 3 plugins.
Preloading 0 native plugins for Editor in 0.00 ms.
Unloading 14 Unused Serialized files (Serialized files now loaded: 0)
Unloading 6463 unused Assets / (3.7 MB). Loaded Objects now: 7288.
Memory consumption went from 158.1 MB to 154.3 MB.
Total: 8.241200 ms (FindLiveObjects: 0.814000 ms CreateObjectMapping: 0.360300 ms MarkObjects: 4.725300 ms  DeleteObjects: 2.340600 ms)

Prepare: number of updated asset objects reloaded= 0
========================================================================
Received Prepare
Begin MonoManager ReloadAssembly
- Loaded All Assemblies, in  0.689 seconds
Refreshing native plugins compatible for Editor in 0.82 ms, found 3 plugins.
Native extension for WindowsStandalone target not found
Native extension for OSXStandalone target not found
Native extension for WebGL target not found
[Package Manager] Failed to launch server process. Reason: Unity was launched with the -noUpm command-line argument
[Package Manager] Unable to send message (not connected to server process).
[Package Manager] Cannot connect to Unity Package Manager local server
[MODES] ModeService[none].Initialize
[MODES] ModeService[none].LoadModes
Mono: successfully reloaded assembly
- Finished resetting the current domain, in  0.638 seconds
Domain Reload Profiling: 1327ms
	BeginReloadAssembly (195ms)
		ExecutionOrderSort (0ms)
		DisableScriptedObjects (6ms)
		BackupInstance (0ms)
		ReleaseScriptingObjects (0ms)
		CreateAndSetChildDomain (49ms)
	RebuildCommonClasses (29ms)
	RebuildNativeTypeToScriptingClass (11ms)
	initialDomainReloadingComplete (27ms)
	LoadAllAssembliesAndSetupDomain (427ms)
		LoadAssemblies (352ms)
		RebuildTransferFunctionScriptingTraits (0ms)
		AnalyzeDomain (159ms)
			TypeCache.Refresh (8ms)
				TypeCache.ScanAssembly (0ms)
			BuildScriptInfoCaches (138ms)
			ResolveRequiredComponents (10ms)
	FinalizeReload (638ms)
		ReleaseScriptCaches (0ms)
		RebuildScriptCaches (0ms)
		SetupLoadedEditorAssemblies (507ms)
			LogAssemblyErrors (0ms)
			InitializePlatformSupportModulesInManaged (4ms)
			SetLoadedEditorAssemblies (5ms)
			BeforeProcessingInitializeOnLoad (112ms)
			ProcessInitializeOnLoadAttributes (304ms)
			ProcessInitializeOnLoadMethodAttributes (75ms)
			AfterProcessingInitializeOnLoad (6ms)
			EditorAssembliesLoaded (0ms)
		ExecutionOrderSort2 (0ms)
		AwakeInstancesAfterBackupRestoration (15ms)
Refreshing native plugins compatible for Editor in 0.92 ms, found 3 plugins.
Preloading 0 native plugins for Editor in 0.00 ms.
Unloading 14 Unused Serialized files (Serialized files now loaded: 0)
Unloading 6460 unused Assets / (4.1 MB). Loaded Objects now: 7290.
Memory consumption went from 158.0 MB to 153.8 MB.
Total: 10.183900 ms (FindLiveObjects: 0.931100 ms CreateObjectMapping: 0.420000 ms MarkObjects: 5.488200 ms  DeleteObjects: 3.343700 ms)

Prepare: number of updated asset objects reloaded= 0
========================================================================
Received Import Request.
  Time since last request: 195.079125 seconds.
  path: Assets/Resources/Levels/1/4.prefab
  artifactKey: Guid(a1788fa8bdb917f4482ebe581bc2ae79) Importer(815301076,1909f56bfc062723c751e8b465ee728b)
Start importing Assets/Resources/Levels/1/4.prefab using Guid(a1788fa8bdb917f4482ebe581bc2ae79) Importer(815301076,1909f56bfc062723c751e8b465ee728b) (PreviewImporter) -> (artifact id: '027d15487fa9287ee1424fcdb3327168') in 0.3948415 seconds
Number of updated asset objects reloaded before import = 0Number of asset objects unloaded after import = 85

========================================================================
Received Import Request.
  Time since last request: 4.383567 seconds.
  path: Assets/Resources/Levels/1/4.prefab
  artifactKey: Guid(a1788fa8bdb917f4482ebe581bc2ae79) Importer(815301076,1909f56bfc062723c751e8b465ee728b)
Start importing Assets/Resources/Levels/1/4.prefab using Guid(a1788fa8bdb917f4482ebe581bc2ae79) Importer(815301076,1909f56bfc062723c751e8b465ee728b) (PreviewImporter) -> (artifact id: 'cda1cb9a2c4a183e59c5e5594c13a24f') in 0.009301 seconds
Number of updated asset objects reloaded before import = 0Number of asset objects unloaded after import = 85

========================================================================
Received Import Request.
  Time since last request: 13.504791 seconds.
  path: Assets/Resources/Levels/1/4.prefab
  artifactKey: Guid(a1788fa8bdb917f4482ebe581bc2ae79) Importer(815301076,1909f56bfc062723c751e8b465ee728b)
Start importing Assets/Resources/Levels/1/4.prefab using Guid(a1788fa8bdb917f4482ebe581bc2ae79) Importer(815301076,1909f56bfc062723c751e8b465ee728b) (PreviewImporter) -> (artifact id: '2c31fd4a153d73f9be53b467e8a26a8f') in 0.0083019 seconds
Number of updated asset objects reloaded before import = 0Number of asset objects unloaded after import = 85

========================================================================
Received Import Request.
  Time since last request: 0.555923 seconds.
  path: Assets/Resources/Levels/1/4.prefab
  artifactKey: Guid(a1788fa8bdb917f4482ebe581bc2ae79) Importer(815301076,1909f56bfc062723c751e8b465ee728b)
Start importing Assets/Resources/Levels/1/4.prefab using Guid(a1788fa8bdb917f4482ebe581bc2ae79) Importer(815301076,1909f56bfc062723c751e8b465ee728b) (PreviewImporter) -> (artifact id: '869a32d3305cfd870fd97ef9de1d1322') in 0.01102 seconds
Number of updated asset objects reloaded before import = 0Number of asset objects unloaded after import = 85

========================================================================
Received Import Request.
  Time since last request: 3.383971 seconds.
  path: Assets/Resources/Levels/1/4.prefab
  artifactKey: Guid(a1788fa8bdb917f4482ebe581bc2ae79) Importer(815301076,1909f56bfc062723c751e8b465ee728b)
Start importing Assets/Resources/Levels/1/4.prefab using Guid(a1788fa8bdb917f4482ebe581bc2ae79) Importer(815301076,1909f56bfc062723c751e8b465ee728b) (PreviewImporter) -> (artifact id: '0d4d9a64a58d922e5eb23c399f3d1950') in 0.0083124 seconds
Number of updated asset objects reloaded before import = 0Number of asset objects unloaded after import = 85

========================================================================
Received Import Request.
  Time since last request: 3.393755 seconds.
  path: Assets/Resources/Levels/1/4.prefab
  artifactKey: Guid(a1788fa8bdb917f4482ebe581bc2ae79) Importer(815301076,1909f56bfc062723c751e8b465ee728b)
Start importing Assets/Resources/Levels/1/4.prefab using Guid(a1788fa8bdb917f4482ebe581bc2ae79) Importer(815301076,1909f56bfc062723c751e8b465ee728b) (PreviewImporter) -> (artifact id: '85a16a8f89b7e6fcc904dc6272993362') in 0.0084717 seconds
Number of updated asset objects reloaded before import = 0Number of asset objects unloaded after import = 93

========================================================================
Received Import Request.
  Time since last request: 1.162402 seconds.
  path: Assets/Resources/Levels/1/4.prefab
  artifactKey: Guid(a1788fa8bdb917f4482ebe581bc2ae79) Importer(815301076,1909f56bfc062723c751e8b465ee728b)
Start importing Assets/Resources/Levels/1/4.prefab using Guid(a1788fa8bdb917f4482ebe581bc2ae79) Importer(815301076,1909f56bfc062723c751e8b465ee728b) (PreviewImporter) -> (artifact id: 'a316229731c44d8e7f118b0511de6f92') in 0.0081982 seconds
Number of updated asset objects reloaded before import = 0Number of asset objects unloaded after import = 93

========================================================================
Received Import Request.
  Time since last request: 10.039546 seconds.
  path: Assets/Resources/Levels/1/4.prefab
  artifactKey: Guid(a1788fa8bdb917f4482ebe581bc2ae79) Importer(815301076,1909f56bfc062723c751e8b465ee728b)
Start importing Assets/Resources/Levels/1/4.prefab using Guid(a1788fa8bdb917f4482ebe581bc2ae79) Importer(815301076,1909f56bfc062723c751e8b465ee728b) (PreviewImporter) -> (artifact id: 'ce218c3eeb657b72ee1c93928857dd03') in 0.0086698 seconds
Number of updated asset objects reloaded before import = 0Number of asset objects unloaded after import = 93

========================================================================
Received Import Request.
  Time since last request: 5.311432 seconds.
  path: Assets/Resources/Levels/1/4.prefab
  artifactKey: Guid(a1788fa8bdb917f4482ebe581bc2ae79) Importer(815301076,1909f56bfc062723c751e8b465ee728b)
Start importing Assets/Resources/Levels/1/4.prefab using Guid(a1788fa8bdb917f4482ebe581bc2ae79) Importer(815301076,1909f56bfc062723c751e8b465ee728b) (PreviewImporter) -> (artifact id: 'bff3e90783ba1c302220e27ab44db53f') in 0.0089626 seconds
Number of updated asset objects reloaded before import = 0Number of asset objects unloaded after import = 93

========================================================================
Received Prepare
Begin MonoManager ReloadAssembly
- Loaded All Assemblies, in  0.712 seconds
Refreshing native plugins compatible for Editor in 1.23 ms, found 3 plugins.
Native extension for WindowsStandalone target not found
Native extension for OSXStandalone target not found
Native extension for WebGL target not found
[Package Manager] Failed to launch server process. Reason: Unity was launched with the -noUpm command-line argument
[Package Manager] Unable to send message (not connected to server process).
[Package Manager] Cannot connect to Unity Package Manager local server
[MODES] ModeService[none].Initialize
[MODES] ModeService[none].LoadModes
Mono: successfully reloaded assembly
- Finished resetting the current domain, in  0.662 seconds
Domain Reload Profiling: 1374ms
	BeginReloadAssembly (223ms)
		ExecutionOrderSort (0ms)
		DisableScriptedObjects (18ms)
		BackupInstance (0ms)
		ReleaseScriptingObjects (0ms)
		CreateAndSetChildDomain (66ms)
	RebuildCommonClasses (32ms)
	RebuildNativeTypeToScriptingClass (11ms)
	initialDomainReloadingComplete (27ms)
	LoadAllAssembliesAndSetupDomain (418ms)
		LoadAssemblies (343ms)
		RebuildTransferFunctionScriptingTraits (0ms)
		AnalyzeDomain (159ms)
			TypeCache.Refresh (8ms)
				TypeCache.ScanAssembly (0ms)
			BuildScriptInfoCaches (137ms)
			ResolveRequiredComponents (9ms)
	FinalizeReload (663ms)
		ReleaseScriptCaches (0ms)
		RebuildScriptCaches (0ms)
		SetupLoadedEditorAssemblies (506ms)
			LogAssemblyErrors (0ms)
			InitializePlatformSupportModulesInManaged (4ms)
			SetLoadedEditorAssemblies (5ms)
			BeforeProcessingInitializeOnLoad (113ms)
			ProcessInitializeOnLoadAttributes (302ms)
			ProcessInitializeOnLoadMethodAttributes (76ms)
			AfterProcessingInitializeOnLoad (6ms)
			EditorAssembliesLoaded (0ms)
		ExecutionOrderSort2 (0ms)
		AwakeInstancesAfterBackupRestoration (16ms)
Refreshing native plugins compatible for Editor in 0.96 ms, found 3 plugins.
Preloading 0 native plugins for Editor in 0.00 ms.
Unloading 14 Unused Serialized files (Serialized files now loaded: 0)
Unloading 6463 unused Assets / (3.8 MB). Loaded Objects now: 7312.
Memory consumption went from 158.2 MB to 154.4 MB.
Total: 7.676600 ms (FindLiveObjects: 0.833200 ms CreateObjectMapping: 0.362800 ms MarkObjects: 4.360100 ms  DeleteObjects: 2.119700 ms)

Prepare: number of updated asset objects reloaded= 0
========================================================================
Received Import Request.
  Time since last request: 45.695214 seconds.
  path: Assets/Resources/Levels/1/4.prefab
  artifactKey: Guid(a1788fa8bdb917f4482ebe581bc2ae79) Importer(815301076,1909f56bfc062723c751e8b465ee728b)
Start importing Assets/Resources/Levels/1/4.prefab using Guid(a1788fa8bdb917f4482ebe581bc2ae79) Importer(815301076,1909f56bfc062723c751e8b465ee728b) (PreviewImporter) -> (artifact id: '0977b5635f477f3813586ec61422f927') in 0.4313424 seconds
Number of updated asset objects reloaded before import = 0Number of asset objects unloaded after import = 93

========================================================================
Received Import Request.
  Time since last request: 10.539515 seconds.
  path: Assets/Resources/Levels/1/4.prefab
  artifactKey: Guid(a1788fa8bdb917f4482ebe581bc2ae79) Importer(815301076,1909f56bfc062723c751e8b465ee728b)
Start importing Assets/Resources/Levels/1/4.prefab using Guid(a1788fa8bdb917f4482ebe581bc2ae79) Importer(815301076,1909f56bfc062723c751e8b465ee728b) (PreviewImporter) -> (artifact id: '4bcab4a7f0d50b46bbe69511a0b50a4f') in 0.0088335 seconds
Number of updated asset objects reloaded before import = 0Number of asset objects unloaded after import = 93

========================================================================
Received Import Request.
  Time since last request: 2.381352 seconds.
  path: Assets/Resources/Levels/1/4.prefab
  artifactKey: Guid(a1788fa8bdb917f4482ebe581bc2ae79) Importer(815301076,1909f56bfc062723c751e8b465ee728b)
Start importing Assets/Resources/Levels/1/4.prefab using Guid(a1788fa8bdb917f4482ebe581bc2ae79) Importer(815301076,1909f56bfc062723c751e8b465ee728b) (PreviewImporter) -> (artifact id: '7fa02748d7234cc986cb1996c412a8d4') in 0.0087916 seconds
Number of updated asset objects reloaded before import = 0Number of asset objects unloaded after import = 93

========================================================================
Received Import Request.
  Time since last request: 2.387086 seconds.
  path: Assets/Resources/Levels/1/4.prefab
  artifactKey: Guid(a1788fa8bdb917f4482ebe581bc2ae79) Importer(815301076,1909f56bfc062723c751e8b465ee728b)
Start importing Assets/Resources/Levels/1/4.prefab using Guid(a1788fa8bdb917f4482ebe581bc2ae79) Importer(815301076,1909f56bfc062723c751e8b465ee728b) (PreviewImporter) -> (artifact id: '1ef27bb126f41ad598dbe6424629a9c7') in 0.0093325 seconds
Number of updated asset objects reloaded before import = 0Number of asset objects unloaded after import = 93

========================================================================
Received Import Request.
  Time since last request: 1.365941 seconds.
  path: Assets/Resources/Levels/1/4.prefab
  artifactKey: Guid(a1788fa8bdb917f4482ebe581bc2ae79) Importer(815301076,1909f56bfc062723c751e8b465ee728b)
Start importing Assets/Resources/Levels/1/4.prefab using Guid(a1788fa8bdb917f4482ebe581bc2ae79) Importer(815301076,1909f56bfc062723c751e8b465ee728b) (PreviewImporter) -> (artifact id: '0fb332e36e6ee078db310822016d2917') in 0.0083999 seconds
Number of updated asset objects reloaded before import = 0Number of asset objects unloaded after import = 93

========================================================================
Received Prepare
Begin MonoManager ReloadAssembly
- Loaded All Assemblies, in  0.726 seconds
Refreshing native plugins compatible for Editor in 0.93 ms, found 3 plugins.
Native extension for WindowsStandalone target not found
Native extension for OSXStandalone target not found
Native extension for WebGL target not found
[Package Manager] Failed to launch server process. Reason: Unity was launched with the -noUpm command-line argument
[Package Manager] Unable to send message (not connected to server process).
[Package Manager] Cannot connect to Unity Package Manager local server
[MODES] ModeService[none].Initialize
[MODES] ModeService[none].LoadModes
Mono: successfully reloaded assembly
- Finished resetting the current domain, in  0.642 seconds
Domain Reload Profiling: 1366ms
	BeginReloadAssembly (223ms)
		ExecutionOrderSort (0ms)
		DisableScriptedObjects (18ms)
		BackupInstance (0ms)
		ReleaseScriptingObjects (0ms)
		CreateAndSetChildDomain (60ms)
	RebuildCommonClasses (34ms)
	RebuildNativeTypeToScriptingClass (11ms)
	initialDomainReloadingComplete (29ms)
	LoadAllAssembliesAndSetupDomain (427ms)
		LoadAssemblies (351ms)
		RebuildTransferFunctionScriptingTraits (0ms)
		AnalyzeDomain (163ms)
			TypeCache.Refresh (7ms)
				TypeCache.ScanAssembly (0ms)
			BuildScriptInfoCaches (142ms)
			ResolveRequiredComponents (9ms)
	FinalizeReload (642ms)
		ReleaseScriptCaches (0ms)
		RebuildScriptCaches (0ms)
		SetupLoadedEditorAssemblies (507ms)
			LogAssemblyErrors (0ms)
			InitializePlatformSupportModulesInManaged (4ms)
			SetLoadedEditorAssemblies (5ms)
			BeforeProcessingInitializeOnLoad (113ms)
			ProcessInitializeOnLoadAttributes (299ms)
			ProcessInitializeOnLoadMethodAttributes (79ms)
			AfterProcessingInitializeOnLoad (6ms)
			EditorAssembliesLoaded (0ms)
		ExecutionOrderSort2 (0ms)
		AwakeInstancesAfterBackupRestoration (16ms)
Refreshing native plugins compatible for Editor in 1.02 ms, found 3 plugins.
Preloading 0 native plugins for Editor in 0.00 ms.
Unloading 14 Unused Serialized files (Serialized files now loaded: 0)
Unloading 6463 unused Assets / (3.9 MB). Loaded Objects now: 7334.
Memory consumption went from 158.2 MB to 154.3 MB.
Total: 7.899800 ms (FindLiveObjects: 0.846300 ms CreateObjectMapping: 0.377200 ms MarkObjects: 4.523100 ms  DeleteObjects: 2.152100 ms)

Prepare: number of updated asset objects reloaded= 0
========================================================================
Received Prepare
Begin MonoManager ReloadAssembly
- Loaded All Assemblies, in  0.693 seconds
Refreshing native plugins compatible for Editor in 0.97 ms, found 3 plugins.
Native extension for WindowsStandalone target not found
Native extension for OSXStandalone target not found
Native extension for WebGL target not found
[Package Manager] Failed to launch server process. Reason: Unity was launched with the -noUpm command-line argument
[Package Manager] Unable to send message (not connected to server process).
[Package Manager] Cannot connect to Unity Package Manager local server
[MODES] ModeService[none].Initialize
[MODES] ModeService[none].LoadModes
Mono: successfully reloaded assembly
- Finished resetting the current domain, in  0.650 seconds
Domain Reload Profiling: 1343ms
	BeginReloadAssembly (200ms)
		ExecutionOrderSort (0ms)
		DisableScriptedObjects (8ms)
		BackupInstance (0ms)
		ReleaseScriptingObjects (0ms)
		CreateAndSetChildDomain (45ms)
	RebuildCommonClasses (31ms)
	RebuildNativeTypeToScriptingClass (12ms)
	initialDomainReloadingComplete (28ms)
	LoadAllAssembliesAndSetupDomain (422ms)
		LoadAssemblies (356ms)
		RebuildTransferFunctionScriptingTraits (0ms)
		AnalyzeDomain (156ms)
			TypeCache.Refresh (7ms)
				TypeCache.ScanAssembly (0ms)
			BuildScriptInfoCaches (136ms)
			ResolveRequiredComponents (9ms)
	FinalizeReload (650ms)
		ReleaseScriptCaches (0ms)
		RebuildScriptCaches (0ms)
		SetupLoadedEditorAssemblies (512ms)
			LogAssemblyErrors (0ms)
			InitializePlatformSupportModulesInManaged (4ms)
			SetLoadedEditorAssemblies (5ms)
			BeforeProcessingInitializeOnLoad (113ms)
			ProcessInitializeOnLoadAttributes (301ms)
			ProcessInitializeOnLoadMethodAttributes (81ms)
			AfterProcessingInitializeOnLoad (7ms)
			EditorAssembliesLoaded (0ms)
		ExecutionOrderSort2 (0ms)
		AwakeInstancesAfterBackupRestoration (16ms)
Refreshing native plugins compatible for Editor in 0.97 ms, found 3 plugins.
Preloading 0 native plugins for Editor in 0.00 ms.
Unloading 14 Unused Serialized files (Serialized files now loaded: 0)
Unloading 6460 unused Assets / (4.3 MB). Loaded Objects now: 7336.
Memory consumption went from 158.1 MB to 153.8 MB.
Total: 8.078500 ms (FindLiveObjects: 0.931900 ms CreateObjectMapping: 0.365700 ms MarkObjects: 4.428100 ms  DeleteObjects: 2.352000 ms)

Prepare: number of updated asset objects reloaded= 0
========================================================================
Received Prepare
Refreshing native plugins compatible for Editor in 1.03 ms, found 3 plugins.
Preloading 0 native plugins for Editor in 0.00 ms.
Unloading 14 Unused Serialized files (Serialized files now loaded: 0)
Unloading 6453 unused Assets / (4.0 MB). Loaded Objects now: 7336.
Memory consumption went from 158.3 MB to 154.3 MB.
Total: 12.516800 ms (FindLiveObjects: 1.038300 ms CreateObjectMapping: 0.470600 ms MarkObjects: 5.562800 ms  DeleteObjects: 5.444500 ms)

Prepare: number of updated asset objects reloaded= 0
========================================================================
Received Prepare
Begin MonoManager ReloadAssembly
- Loaded All Assemblies, in  0.701 seconds
Refreshing native plugins compatible for Editor in 0.84 ms, found 3 plugins.
Native extension for WindowsStandalone target not found
Native extension for OSXStandalone target not found
Native extension for WebGL target not found
[Package Manager] Failed to launch server process. Reason: Unity was launched with the -noUpm command-line argument
[Package Manager] Unable to send message (not connected to server process).
[Package Manager] Cannot connect to Unity Package Manager local server
[MODES] ModeService[none].Initialize
[MODES] ModeService[none].LoadModes
Mono: successfully reloaded assembly
- Finished resetting the current domain, in  0.658 seconds
Domain Reload Profiling: 1359ms
	BeginReloadAssembly (199ms)
		ExecutionOrderSort (0ms)
		DisableScriptedObjects (6ms)
		BackupInstance (0ms)
		ReleaseScriptingObjects (0ms)
		CreateAndSetChildDomain (44ms)
	RebuildCommonClasses (32ms)
	RebuildNativeTypeToScriptingClass (12ms)
	initialDomainReloadingComplete (30ms)
	LoadAllAssembliesAndSetupDomain (427ms)
		LoadAssemblies (362ms)
		RebuildTransferFunctionScriptingTraits (0ms)
		AnalyzeDomain (157ms)
			TypeCache.Refresh (10ms)
				TypeCache.ScanAssembly (0ms)
			BuildScriptInfoCaches (134ms)
			ResolveRequiredComponents (9ms)
	FinalizeReload (658ms)
		ReleaseScriptCaches (0ms)
		RebuildScriptCaches (0ms)
		SetupLoadedEditorAssemblies (523ms)
			LogAssemblyErrors (0ms)
			InitializePlatformSupportModulesInManaged (4ms)
			SetLoadedEditorAssemblies (4ms)
			BeforeProcessingInitializeOnLoad (127ms)
			ProcessInitializeOnLoadAttributes (303ms)
			ProcessInitializeOnLoadMethodAttributes (77ms)
			AfterProcessingInitializeOnLoad (6ms)
			EditorAssembliesLoaded (0ms)
		ExecutionOrderSort2 (0ms)
		AwakeInstancesAfterBackupRestoration (16ms)
Refreshing native plugins compatible for Editor in 0.93 ms, found 3 plugins.
Preloading 0 native plugins for Editor in 0.00 ms.
Unloading 14 Unused Serialized files (Serialized files now loaded: 0)
Unloading 6460 unused Assets / (4.0 MB). Loaded Objects now: 7338.
Memory consumption went from 158.2 MB to 154.2 MB.
Total: 8.072400 ms (FindLiveObjects: 0.807200 ms CreateObjectMapping: 0.392400 ms MarkObjects: 4.738700 ms  DeleteObjects: 2.133400 ms)

Prepare: number of updated asset objects reloaded= 0
========================================================================
Received Prepare
Refreshing native plugins compatible for Editor in 1.06 ms, found 3 plugins.
Preloading 0 native plugins for Editor in 0.00 ms.
Unloading 14 Unused Serialized files (Serialized files now loaded: 0)
Unloading 6453 unused Assets / (4.3 MB). Loaded Objects now: 7338.
Memory consumption went from 158.4 MB to 154.1 MB.
Total: 10.627600 ms (FindLiveObjects: 0.935900 ms CreateObjectMapping: 0.434300 ms MarkObjects: 5.725800 ms  DeleteObjects: 3.530800 ms)

Prepare: number of updated asset objects reloaded= 0
========================================================================
Received Prepare
Begin MonoManager ReloadAssembly
- Loaded All Assemblies, in  0.693 seconds
Refreshing native plugins compatible for Editor in 0.87 ms, found 3 plugins.
Native extension for WindowsStandalone target not found
Native extension for OSXStandalone target not found
Native extension for WebGL target not found
[Package Manager] Failed to launch server process. Reason: Unity was launched with the -noUpm command-line argument
[Package Manager] Unable to send message (not connected to server process).
[Package Manager] Cannot connect to Unity Package Manager local server
[MODES] ModeService[none].Initialize
[MODES] ModeService[none].LoadModes
Mono: successfully reloaded assembly
- Finished resetting the current domain, in  0.667 seconds
Domain Reload Profiling: 1360ms
	BeginReloadAssembly (186ms)
		ExecutionOrderSort (0ms)
		DisableScriptedObjects (5ms)
		BackupInstance (0ms)
		ReleaseScriptingObjects (0ms)
		CreateAndSetChildDomain (44ms)
	RebuildCommonClasses (30ms)
	RebuildNativeTypeToScriptingClass (11ms)
	initialDomainReloadingComplete (28ms)
	LoadAllAssembliesAndSetupDomain (437ms)
		LoadAssemblies (339ms)
		RebuildTransferFunctionScriptingTraits (0ms)
		AnalyzeDomain (180ms)
			TypeCache.Refresh (12ms)
				TypeCache.ScanAssembly (1ms)
			BuildScriptInfoCaches (151ms)
			ResolveRequiredComponents (13ms)
	FinalizeReload (667ms)
		ReleaseScriptCaches (0ms)
		RebuildScriptCaches (0ms)
		SetupLoadedEditorAssemblies (525ms)
			LogAssemblyErrors (0ms)
			InitializePlatformSupportModulesInManaged (5ms)
			SetLoadedEditorAssemblies (6ms)
			BeforeProcessingInitializeOnLoad (115ms)
			ProcessInitializeOnLoadAttributes (318ms)
			ProcessInitializeOnLoadMethodAttributes (75ms)
			AfterProcessingInitializeOnLoad (6ms)
			EditorAssembliesLoaded (0ms)
		ExecutionOrderSort2 (0ms)
		AwakeInstancesAfterBackupRestoration (16ms)
Refreshing native plugins compatible for Editor in 1.15 ms, found 3 plugins.
Preloading 0 native plugins for Editor in 0.00 ms.
Unloading 14 Unused Serialized files (Serialized files now loaded: 0)
Unloading 6460 unused Assets / (4.2 MB). Loaded Objects now: 7340.
Memory consumption went from 158.2 MB to 154.0 MB.
Total: 9.340400 ms (FindLiveObjects: 0.920700 ms CreateObjectMapping: 0.817900 ms MarkObjects: 5.009700 ms  DeleteObjects: 2.591200 ms)

Prepare: number of updated asset objects reloaded= 0
========================================================================
Received Prepare
Begin MonoManager ReloadAssembly
- Loaded All Assemblies, in  0.700 seconds
Refreshing native plugins compatible for Editor in 0.86 ms, found 3 plugins.
Native extension for WindowsStandalone target not found
Native extension for OSXStandalone target not found
Native extension for WebGL target not found
[Package Manager] Failed to launch server process. Reason: Unity was launched with the -noUpm command-line argument
[Package Manager] Unable to send message (not connected to server process).
[Package Manager] Cannot connect to Unity Package Manager local server
[MODES] ModeService[none].Initialize
[MODES] ModeService[none].LoadModes
Mono: successfully reloaded assembly
- Finished resetting the current domain, in  0.653 seconds
Domain Reload Profiling: 1351ms
	BeginReloadAssembly (191ms)
		ExecutionOrderSort (0ms)
		DisableScriptedObjects (5ms)
		BackupInstance (0ms)
		ReleaseScriptingObjects (0ms)
		CreateAndSetChildDomain (45ms)
	RebuildCommonClasses (31ms)
	RebuildNativeTypeToScriptingClass (11ms)
	initialDomainReloadingComplete (30ms)
	LoadAllAssembliesAndSetupDomain (436ms)
		LoadAssemblies (347ms)
		RebuildTransferFunctionScriptingTraits (0ms)
		AnalyzeDomain (174ms)
			TypeCache.Refresh (11ms)
				TypeCache.ScanAssembly (0ms)
			BuildScriptInfoCaches (149ms)
			ResolveRequiredComponents (9ms)
	FinalizeReload (653ms)
		ReleaseScriptCaches (0ms)
		RebuildScriptCaches (0ms)
		SetupLoadedEditorAssemblies (519ms)
			LogAssemblyErrors (0ms)
			InitializePlatformSupportModulesInManaged (4ms)
			SetLoadedEditorAssemblies (5ms)
			BeforeProcessingInitializeOnLoad (113ms)
			ProcessInitializeOnLoadAttributes (308ms)
			ProcessInitializeOnLoadMethodAttributes (82ms)
			AfterProcessingInitializeOnLoad (8ms)
			EditorAssembliesLoaded (0ms)
		ExecutionOrderSort2 (0ms)
		AwakeInstancesAfterBackupRestoration (19ms)
Refreshing native plugins compatible for Editor in 1.02 ms, found 3 plugins.
Preloading 0 native plugins for Editor in 0.00 ms.
Unloading 14 Unused Serialized files (Serialized files now loaded: 0)
Unloading 6460 unused Assets / (3.8 MB). Loaded Objects now: 7342.
Memory consumption went from 158.3 MB to 154.5 MB.
Total: 7.654900 ms (FindLiveObjects: 0.858300 ms CreateObjectMapping: 0.364300 ms MarkObjects: 4.471800 ms  DeleteObjects: 1.959900 ms)

Prepare: number of updated asset objects reloaded= 0
========================================================================
Received Prepare
Refreshing native plugins compatible for Editor in 0.94 ms, found 3 plugins.
Preloading 0 native plugins for Editor in 0.00 ms.
Unloading 14 Unused Serialized files (Serialized files now loaded: 0)
Unloading 6453 unused Assets / (4.4 MB). Loaded Objects now: 7342.
Memory consumption went from 158.4 MB to 154.1 MB.
Total: 10.831400 ms (FindLiveObjects: 0.972000 ms CreateObjectMapping: 0.687200 ms MarkObjects: 5.411000 ms  DeleteObjects: 3.760000 ms)

Prepare: number of updated asset objects reloaded= 0
========================================================================
Received Prepare
Begin MonoManager ReloadAssembly
- Loaded All Assemblies, in  0.697 seconds
Refreshing native plugins compatible for Editor in 0.82 ms, found 3 plugins.
Native extension for WindowsStandalone target not found
Native extension for OSXStandalone target not found
Native extension for WebGL target not found
[Package Manager] Failed to launch server process. Reason: Unity was launched with the -noUpm command-line argument
[Package Manager] Unable to send message (not connected to server process).
[Package Manager] Cannot connect to Unity Package Manager local server
[MODES] ModeService[none].Initialize
[MODES] ModeService[none].LoadModes
Mono: successfully reloaded assembly
- Finished resetting the current domain, in  0.655 seconds
Domain Reload Profiling: 1352ms
	BeginReloadAssembly (196ms)
		ExecutionOrderSort (0ms)
		DisableScriptedObjects (5ms)
		BackupInstance (0ms)
		ReleaseScriptingObjects (0ms)
		CreateAndSetChildDomain (48ms)
	RebuildCommonClasses (31ms)
	RebuildNativeTypeToScriptingClass (11ms)
	initialDomainReloadingComplete (30ms)
	LoadAllAssembliesAndSetupDomain (427ms)
		LoadAssemblies (353ms)
		RebuildTransferFunctionScriptingTraits (0ms)
		AnalyzeDomain (161ms)
			TypeCache.Refresh (13ms)
				TypeCache.ScanAssembly (0ms)
			BuildScriptInfoCaches (135ms)
			ResolveRequiredComponents (9ms)
	FinalizeReload (656ms)
		ReleaseScriptCaches (0ms)
		RebuildScriptCaches (0ms)
		SetupLoadedEditorAssemblies (509ms)
			LogAssemblyErrors (0ms)
			InitializePlatformSupportModulesInManaged (4ms)
			SetLoadedEditorAssemblies (6ms)
			BeforeProcessingInitializeOnLoad (116ms)
			ProcessInitializeOnLoadAttributes (298ms)
			ProcessInitializeOnLoadMethodAttributes (79ms)
			AfterProcessingInitializeOnLoad (7ms)
			EditorAssembliesLoaded (0ms)
		ExecutionOrderSort2 (0ms)
		AwakeInstancesAfterBackupRestoration (16ms)
Refreshing native plugins compatible for Editor in 0.94 ms, found 3 plugins.
Preloading 0 native plugins for Editor in 0.00 ms.
Unloading 14 Unused Serialized files (Serialized files now loaded: 0)
Unloading 6460 unused Assets / (3.8 MB). Loaded Objects now: 7344.
Memory consumption went from 158.3 MB to 154.5 MB.
Total: 7.348700 ms (FindLiveObjects: 0.802900 ms CreateObjectMapping: 0.359200 ms MarkObjects: 4.259900 ms  DeleteObjects: 1.925600 ms)

Prepare: number of updated asset objects reloaded= 0
========================================================================
Received Prepare
Begin MonoManager ReloadAssembly
- Loaded All Assemblies, in  0.690 seconds
Refreshing native plugins compatible for Editor in 0.84 ms, found 3 plugins.
Native extension for WindowsStandalone target not found
Native extension for OSXStandalone target not found
Native extension for WebGL target not found
[Package Manager] Failed to launch server process. Reason: Unity was launched with the -noUpm command-line argument
[Package Manager] Unable to send message (not connected to server process).
[Package Manager] Cannot connect to Unity Package Manager local server
[MODES] ModeService[none].Initialize
[MODES] ModeService[none].LoadModes
Mono: successfully reloaded assembly
- Finished resetting the current domain, in  0.638 seconds
Domain Reload Profiling: 1329ms
	BeginReloadAssembly (194ms)
		ExecutionOrderSort (0ms)
		DisableScriptedObjects (5ms)
		BackupInstance (0ms)
		ReleaseScriptingObjects (0ms)
		CreateAndSetChildDomain (48ms)
	RebuildCommonClasses (30ms)
	RebuildNativeTypeToScriptingClass (11ms)
	initialDomainReloadingComplete (28ms)
	LoadAllAssembliesAndSetupDomain (427ms)
		LoadAssemblies (342ms)
		RebuildTransferFunctionScriptingTraits (0ms)
		AnalyzeDomain (171ms)
			TypeCache.Refresh (11ms)
				TypeCache.ScanAssembly (0ms)
			BuildScriptInfoCaches (147ms)
			ResolveRequiredComponents (9ms)
	FinalizeReload (639ms)
		ReleaseScriptCaches (0ms)
		RebuildScriptCaches (0ms)
		SetupLoadedEditorAssemblies (503ms)
			LogAssemblyErrors (0ms)
			InitializePlatformSupportModulesInManaged (4ms)
			SetLoadedEditorAssemblies (4ms)
			BeforeProcessingInitializeOnLoad (110ms)
			ProcessInitializeOnLoadAttributes (299ms)
			ProcessInitializeOnLoadMethodAttributes (78ms)
			AfterProcessingInitializeOnLoad (7ms)
			EditorAssembliesLoaded (0ms)
		ExecutionOrderSort2 (0ms)
		AwakeInstancesAfterBackupRestoration (18ms)
Refreshing native plugins compatible for Editor in 0.98 ms, found 3 plugins.
Preloading 0 native plugins for Editor in 0.00 ms.
Unloading 14 Unused Serialized files (Serialized files now loaded: 0)
Unloading 6460 unused Assets / (3.9 MB). Loaded Objects now: 7346.
Memory consumption went from 158.3 MB to 154.4 MB.
Total: 8.726000 ms (FindLiveObjects: 0.940400 ms CreateObjectMapping: 0.424800 ms MarkObjects: 4.953700 ms  DeleteObjects: 2.406500 ms)

Prepare: number of updated asset objects reloaded= 0
========================================================================
Received Import Request.
  Time since last request: 344.474391 seconds.
  path: Assets/Resources/Levels/1/4.prefab
  artifactKey: Guid(a1788fa8bdb917f4482ebe581bc2ae79) Importer(815301076,1909f56bfc062723c751e8b465ee728b)
Start importing Assets/Resources/Levels/1/4.prefab using Guid(a1788fa8bdb917f4482ebe581bc2ae79) Importer(815301076,1909f56bfc062723c751e8b465ee728b) (PreviewImporter) -> (artifact id: '59c4abf2b585375566bc1c4e23ba3d14') in 0.4446292 seconds
Number of updated asset objects reloaded before import = 0Number of asset objects unloaded after import = 93

========================================================================
Received Import Request.
  Time since last request: 1.931686 seconds.
  path: Assets/Resources/Levels/1/4.prefab
  artifactKey: Guid(a1788fa8bdb917f4482ebe581bc2ae79) Importer(815301076,1909f56bfc062723c751e8b465ee728b)
Start importing Assets/Resources/Levels/1/4.prefab using Guid(a1788fa8bdb917f4482ebe581bc2ae79) Importer(815301076,1909f56bfc062723c751e8b465ee728b) (PreviewImporter) -> (artifact id: 'fc04ab4376fc00ba2c3344ff2b3e9a28') in 0.0095011 seconds
Number of updated asset objects reloaded before import = 0Number of asset objects unloaded after import = 93

========================================================================
Received Import Request.
  Time since last request: 5.646686 seconds.
  path: Assets/Resources/Levels/1/4.prefab
  artifactKey: Guid(a1788fa8bdb917f4482ebe581bc2ae79) Importer(815301076,1909f56bfc062723c751e8b465ee728b)
Start importing Assets/Resources/Levels/1/4.prefab using Guid(a1788fa8bdb917f4482ebe581bc2ae79) Importer(815301076,1909f56bfc062723c751e8b465ee728b) (PreviewImporter) -> (artifact id: 'e85fa4813c629f48ecd6bff3b97775dd') in 0.00878 seconds
Number of updated asset objects reloaded before import = 0Number of asset objects unloaded after import = 93

========================================================================
Received Import Request.
  Time since last request: 12.258252 seconds.
  path: Assets/Resources/Levels/1/4.prefab
  artifactKey: Guid(a1788fa8bdb917f4482ebe581bc2ae79) Importer(815301076,1909f56bfc062723c751e8b465ee728b)
Start importing Assets/Resources/Levels/1/4.prefab using Guid(a1788fa8bdb917f4482ebe581bc2ae79) Importer(815301076,1909f56bfc062723c751e8b465ee728b) (PreviewImporter) -> (artifact id: '0e5c7990fb41412f348e3299de96dba1') in 0.0099839 seconds
Number of updated asset objects reloaded before import = 0Number of asset objects unloaded after import = 93

========================================================================
Received Import Request.
  Time since last request: 2.588534 seconds.
  path: Assets/Resources/Levels/1/4.prefab
  artifactKey: Guid(a1788fa8bdb917f4482ebe581bc2ae79) Importer(815301076,1909f56bfc062723c751e8b465ee728b)
Start importing Assets/Resources/Levels/1/4.prefab using Guid(a1788fa8bdb917f4482ebe581bc2ae79) Importer(815301076,1909f56bfc062723c751e8b465ee728b) (PreviewImporter) -> (artifact id: '83a50c9cc5a1a6716af37ac829897838') in 0.0089003 seconds
Number of updated asset objects reloaded before import = 0Number of asset objects unloaded after import = 93

========================================================================
Received Import Request.
  Time since last request: 0.958687 seconds.
  path: Assets/Resources/Levels/1/4.prefab
  artifactKey: Guid(a1788fa8bdb917f4482ebe581bc2ae79) Importer(815301076,1909f56bfc062723c751e8b465ee728b)
Start importing Assets/Resources/Levels/1/4.prefab using Guid(a1788fa8bdb917f4482ebe581bc2ae79) Importer(815301076,1909f56bfc062723c751e8b465ee728b) (PreviewImporter) -> (artifact id: '245186bbbd2a4841e6c3644111ff7370') in 0.008465 seconds
Number of updated asset objects reloaded before import = 0Number of asset objects unloaded after import = 93

========================================================================
Received Prepare
Begin MonoManager ReloadAssembly
- Loaded All Assemblies, in  0.738 seconds
Refreshing native plugins compatible for Editor in 0.91 ms, found 3 plugins.
Native extension for WindowsStandalone target not found
Native extension for OSXStandalone target not found
Native extension for WebGL target not found
[Package Manager] Failed to launch server process. Reason: Unity was launched with the -noUpm command-line argument
[Package Manager] Unable to send message (not connected to server process).
[Package Manager] Cannot connect to Unity Package Manager local server
[MODES] ModeService[none].Initialize
[MODES] ModeService[none].LoadModes
Mono: successfully reloaded assembly
- Finished resetting the current domain, in  0.661 seconds
Domain Reload Profiling: 1399ms
	BeginReloadAssembly (230ms)
		ExecutionOrderSort (0ms)
		DisableScriptedObjects (19ms)
		BackupInstance (0ms)
		ReleaseScriptingObjects (0ms)
		CreateAndSetChildDomain (66ms)
	RebuildCommonClasses (33ms)
	RebuildNativeTypeToScriptingClass (11ms)
	initialDomainReloadingComplete (29ms)
	LoadAllAssembliesAndSetupDomain (434ms)
		LoadAssemblies (352ms)
		RebuildTransferFunctionScriptingTraits (0ms)
		AnalyzeDomain (169ms)
			TypeCache.Refresh (7ms)
				TypeCache.ScanAssembly (0ms)
			BuildScriptInfoCaches (144ms)
			ResolveRequiredComponents (13ms)
	FinalizeReload (661ms)
		ReleaseScriptCaches (0ms)
		RebuildScriptCaches (0ms)
		SetupLoadedEditorAssemblies (516ms)
			LogAssemblyErrors (0ms)
			InitializePlatformSupportModulesInManaged (4ms)
			SetLoadedEditorAssemblies (3ms)
			BeforeProcessingInitializeOnLoad (113ms)
			ProcessInitializeOnLoadAttributes (313ms)
			ProcessInitializeOnLoadMethodAttributes (76ms)
			AfterProcessingInitializeOnLoad (7ms)
			EditorAssembliesLoaded (0ms)
		ExecutionOrderSort2 (0ms)
		AwakeInstancesAfterBackupRestoration (19ms)
Refreshing native plugins compatible for Editor in 0.96 ms, found 3 plugins.
Preloading 0 native plugins for Editor in 0.00 ms.
Unloading 14 Unused Serialized files (Serialized files now loaded: 0)
Unloading 6463 unused Assets / (4.1 MB). Loaded Objects now: 7368.
Memory consumption went from 158.6 MB to 154.5 MB.
Total: 9.196300 ms (FindLiveObjects: 1.050900 ms CreateObjectMapping: 0.935300 ms MarkObjects: 4.815900 ms  DeleteObjects: 2.393400 ms)

Prepare: number of updated asset objects reloaded= 0
========================================================================
Received Import Request.
  Time since last request: 143.592687 seconds.
  path: Assets/Resources/Levels/1/5.prefab
  artifactKey: Guid(15b1499904d2ba14f8578e7d05132837) Importer(815301076,1909f56bfc062723c751e8b465ee728b)
Start importing Assets/Resources/Levels/1/5.prefab using Guid(15b1499904d2ba14f8578e7d05132837) Importer(815301076,1909f56bfc062723c751e8b465ee728b) (PreviewImporter) -> (artifact id: '0e5484d4903fa7c14f082bb1596606f8') in 0.4406267 seconds
Number of updated asset objects reloaded before import = 0Number of asset objects unloaded after import = 99

========================================================================
Received Import Request.
  Time since last request: 0.658749 seconds.
  path: Assets/Resources/Levels/1/5.prefab
  artifactKey: Guid(15b1499904d2ba14f8578e7d05132837) Importer(815301076,1909f56bfc062723c751e8b465ee728b)
Start importing Assets/Resources/Levels/1/5.prefab using Guid(15b1499904d2ba14f8578e7d05132837) Importer(815301076,1909f56bfc062723c751e8b465ee728b) (PreviewImporter) -> (artifact id: '05727ddcff7a687f24f2121b66f052d7') in 0.0128353 seconds
Number of updated asset objects reloaded before import = 0Number of asset objects unloaded after import = 99

========================================================================
Received Import Request.
  Time since last request: 1.964664 seconds.
  path: Assets/Resources/Levels/1/5.prefab
  artifactKey: Guid(15b1499904d2ba14f8578e7d05132837) Importer(815301076,1909f56bfc062723c751e8b465ee728b)
Start importing Assets/Resources/Levels/1/5.prefab using Guid(15b1499904d2ba14f8578e7d05132837) Importer(815301076,1909f56bfc062723c751e8b465ee728b) (PreviewImporter) -> (artifact id: '70da4f74dbe851bb3895a72458f82cf8') in 0.0112811 seconds
Number of updated asset objects reloaded before import = 0Number of asset objects unloaded after import = 99

========================================================================
Received Prepare
Begin MonoManager ReloadAssembly
- Loaded All Assemblies, in  0.731 seconds
Refreshing native plugins compatible for Editor in 1.42 ms, found 3 plugins.
Native extension for WindowsStandalone target not found
Native extension for OSXStandalone target not found
Native extension for WebGL target not found
[Package Manager] Failed to launch server process. Reason: Unity was launched with the -noUpm command-line argument
[Package Manager] Unable to send message (not connected to server process).
[Package Manager] Cannot connect to Unity Package Manager local server
[MODES] ModeService[none].Initialize
[MODES] ModeService[none].LoadModes
Mono: successfully reloaded assembly
- Finished resetting the current domain, in  0.657 seconds
Domain Reload Profiling: 1388ms
	BeginReloadAssembly (230ms)
		ExecutionOrderSort (0ms)
		DisableScriptedObjects (19ms)
		BackupInstance (0ms)
		ReleaseScriptingObjects (0ms)
		CreateAndSetChildDomain (70ms)
	RebuildCommonClasses (30ms)
	RebuildNativeTypeToScriptingClass (12ms)
	initialDomainReloadingComplete (28ms)
	LoadAllAssembliesAndSetupDomain (430ms)
		LoadAssemblies (347ms)
		RebuildTransferFunctionScriptingTraits (0ms)
		AnalyzeDomain (169ms)
			TypeCache.Refresh (8ms)
				TypeCache.ScanAssembly (0ms)
			BuildScriptInfoCaches (147ms)
			ResolveRequiredComponents (10ms)
	FinalizeReload (657ms)
		ReleaseScriptCaches (0ms)
		RebuildScriptCaches (0ms)
		SetupLoadedEditorAssemblies (512ms)
			LogAssemblyErrors (0ms)
			InitializePlatformSupportModulesInManaged (4ms)
			SetLoadedEditorAssemblies (4ms)
			BeforeProcessingInitializeOnLoad (112ms)
			ProcessInitializeOnLoadAttributes (305ms)
			ProcessInitializeOnLoadMethodAttributes (79ms)
			AfterProcessingInitializeOnLoad (7ms)
			EditorAssembliesLoaded (0ms)
		ExecutionOrderSort2 (0ms)
		AwakeInstancesAfterBackupRestoration (18ms)
Refreshing native plugins compatible for Editor in 0.99 ms, found 3 plugins.
Preloading 0 native plugins for Editor in 0.00 ms.
Unloading 14 Unused Serialized files (Serialized files now loaded: 0)
Unloading 6463 unused Assets / (4.0 MB). Loaded Objects now: 7391.
Memory consumption went from 158.6 MB to 154.6 MB.
Total: 7.867400 ms (FindLiveObjects: 0.879400 ms CreateObjectMapping: 0.393600 ms MarkObjects: 4.427000 ms  DeleteObjects: 2.166700 ms)

Prepare: number of updated asset objects reloaded= 0
========================================================================
Received Import Request.
  Time since last request: 137.047085 seconds.
  path: Assets/Resources/Levels/2/1.prefab
  artifactKey: Guid(3e9b9d19383048f4184033225f993f46) Importer(815301076,1909f56bfc062723c751e8b465ee728b)
Start importing Assets/Resources/Levels/2/1.prefab using Guid(3e9b9d19383048f4184033225f993f46) Importer(815301076,1909f56bfc062723c751e8b465ee728b) (PreviewImporter) -> (artifact id: 'd6f6406c2bb56dd003dd5d685abb1f27') in 0.3948133 seconds
Number of updated asset objects reloaded before import = 0Number of asset objects unloaded after import = 33

========================================================================
Received Import Request.
  Time since last request: 145.061022 seconds.
  path: Assets/Resources/Levels/2/1.prefab
  artifactKey: Guid(3e9b9d19383048f4184033225f993f46) Importer(815301076,1909f56bfc062723c751e8b465ee728b)
Start importing Assets/Resources/Levels/2/1.prefab using Guid(3e9b9d19383048f4184033225f993f46) Importer(815301076,1909f56bfc062723c751e8b465ee728b) (PreviewImporter) -> (artifact id: '3d019de4effbdc3602a06b4b73c53225') in 0.0084466 seconds
Number of updated asset objects reloaded before import = 0Number of asset objects unloaded after import = 33

========================================================================
Received Import Request.
  Time since last request: 0.916082 seconds.
  path: Assets/Resources/Levels/2/1.prefab
  artifactKey: Guid(3e9b9d19383048f4184033225f993f46) Importer(815301076,1909f56bfc062723c751e8b465ee728b)
Start importing Assets/Resources/Levels/2/1.prefab using Guid(3e9b9d19383048f4184033225f993f46) Importer(815301076,1909f56bfc062723c751e8b465ee728b) (PreviewImporter) -> (artifact id: '5810984956d1586ea5a9ff200a605fb0') in 0.0075417 seconds
Number of updated asset objects reloaded before import = 0Number of asset objects unloaded after import = 33

========================================================================
Received Import Request.
  Time since last request: 7.751575 seconds.
  path: Assets/Resources/Levels/2/1.prefab
  artifactKey: Guid(3e9b9d19383048f4184033225f993f46) Importer(815301076,1909f56bfc062723c751e8b465ee728b)
Start importing Assets/Resources/Levels/2/1.prefab using Guid(3e9b9d19383048f4184033225f993f46) Importer(815301076,1909f56bfc062723c751e8b465ee728b) (PreviewImporter) -> (artifact id: '7e9971e3cee53cd95cad07aa9013147e') in 0.0120224 seconds
Number of updated asset objects reloaded before import = 0Number of asset objects unloaded after import = 35

========================================================================
Received Import Request.
  Time since last request: 2.988704 seconds.
  path: Assets/Resources/Levels/2/1.prefab
  artifactKey: Guid(3e9b9d19383048f4184033225f993f46) Importer(815301076,1909f56bfc062723c751e8b465ee728b)
Start importing Assets/Resources/Levels/2/1.prefab using Guid(3e9b9d19383048f4184033225f993f46) Importer(815301076,1909f56bfc062723c751e8b465ee728b) (PreviewImporter) -> (artifact id: '236e29b1f370bfee4eec1754b8b7bfa5') in 0.0083852 seconds
Number of updated asset objects reloaded before import = 0Number of asset objects unloaded after import = 35

========================================================================
Received Import Request.
  Time since last request: 4.582724 seconds.
  path: Assets/Resources/Levels/2/1.prefab
  artifactKey: Guid(3e9b9d19383048f4184033225f993f46) Importer(815301076,1909f56bfc062723c751e8b465ee728b)
Start importing Assets/Resources/Levels/2/1.prefab using Guid(3e9b9d19383048f4184033225f993f46) Importer(815301076,1909f56bfc062723c751e8b465ee728b) (PreviewImporter) -> (artifact id: '46eb1553e5e39f3e083991ec20da8678') in 0.0079638 seconds
Number of updated asset objects reloaded before import = 0Number of asset objects unloaded after import = 35

========================================================================
Received Import Request.
  Time since last request: 17.472105 seconds.
  path: Assets/Resources/Levels/2/1.prefab
  artifactKey: Guid(3e9b9d19383048f4184033225f993f46) Importer(815301076,1909f56bfc062723c751e8b465ee728b)
Start importing Assets/Resources/Levels/2/1.prefab using Guid(3e9b9d19383048f4184033225f993f46) Importer(815301076,1909f56bfc062723c751e8b465ee728b) (PreviewImporter) -> (artifact id: '4ad037711be853846c305bf6583d238a') in 0.0077962 seconds
Number of updated asset objects reloaded before import = 0Number of asset objects unloaded after import = 35

========================================================================
Received Import Request.
  Time since last request: 3.772526 seconds.
  path: Assets/Resources/Levels/2/1.prefab
  artifactKey: Guid(3e9b9d19383048f4184033225f993f46) Importer(815301076,1909f56bfc062723c751e8b465ee728b)
Start importing Assets/Resources/Levels/2/1.prefab using Guid(3e9b9d19383048f4184033225f993f46) Importer(815301076,1909f56bfc062723c751e8b465ee728b) (PreviewImporter) -> (artifact id: 'b2e6571e224883c4fb6f6f2ef273d22f') in 0.0079896 seconds
Number of updated asset objects reloaded before import = 0Number of asset objects unloaded after import = 35

========================================================================
Received Import Request.
  Time since last request: 2.572972 seconds.
  path: Assets/Resources/Levels/2/1.prefab
  artifactKey: Guid(3e9b9d19383048f4184033225f993f46) Importer(815301076,1909f56bfc062723c751e8b465ee728b)
Start importing Assets/Resources/Levels/2/1.prefab using Guid(3e9b9d19383048f4184033225f993f46) Importer(815301076,1909f56bfc062723c751e8b465ee728b) (PreviewImporter) -> (artifact id: '8b1ff4c6cea3466a85a1843e3be46fa4') in 0.008182 seconds
Number of updated asset objects reloaded before import = 0Number of asset objects unloaded after import = 35

========================================================================
Received Import Request.
  Time since last request: 8.829264 seconds.
  path: Assets/Resources/Levels/2/1.prefab
  artifactKey: Guid(3e9b9d19383048f4184033225f993f46) Importer(815301076,1909f56bfc062723c751e8b465ee728b)
Start importing Assets/Resources/Levels/2/1.prefab using Guid(3e9b9d19383048f4184033225f993f46) Importer(815301076,1909f56bfc062723c751e8b465ee728b) (PreviewImporter) -> (artifact id: 'e4d0295844964679ff933ec4e79df224') in 0.0081912 seconds
Number of updated asset objects reloaded before import = 0Number of asset objects unloaded after import = 35

========================================================================
Received Import Request.
  Time since last request: 13.056488 seconds.
  path: Assets/Resources/Levels/2/1.prefab
  artifactKey: Guid(3e9b9d19383048f4184033225f993f46) Importer(815301076,1909f56bfc062723c751e8b465ee728b)
Start importing Assets/Resources/Levels/2/1.prefab using Guid(3e9b9d19383048f4184033225f993f46) Importer(815301076,1909f56bfc062723c751e8b465ee728b) (PreviewImporter) -> (artifact id: 'bbeeba77c4d06c4ca6e10d91a0b9118c') in 0.0080188 seconds
Number of updated asset objects reloaded before import = 0Number of asset objects unloaded after import = 35

========================================================================
Received Import Request.
  Time since last request: 53.115742 seconds.
  path: Assets/Resources/Levels/2/1.prefab
  artifactKey: Guid(3e9b9d19383048f4184033225f993f46) Importer(815301076,1909f56bfc062723c751e8b465ee728b)
Start importing Assets/Resources/Levels/2/1.prefab using Guid(3e9b9d19383048f4184033225f993f46) Importer(815301076,1909f56bfc062723c751e8b465ee728b) (PreviewImporter) -> (artifact id: '91c33d61fb1277ff11a5b585f46db80d') in 0.0474425 seconds
Number of updated asset objects reloaded before import = 0Number of asset objects unloaded after import = 44

========================================================================
Received Import Request.
  Time since last request: 4.085588 seconds.
  path: Assets/Resources/Levels/2/1.prefab
  artifactKey: Guid(3e9b9d19383048f4184033225f993f46) Importer(815301076,1909f56bfc062723c751e8b465ee728b)
Start importing Assets/Resources/Levels/2/1.prefab using Guid(3e9b9d19383048f4184033225f993f46) Importer(815301076,1909f56bfc062723c751e8b465ee728b) (PreviewImporter) -> (artifact id: '0dbed8b568374e5a2762556ede75d52a') in 0.009429 seconds
Number of updated asset objects reloaded before import = 0Number of asset objects unloaded after import = 44

========================================================================
Received Import Request.
  Time since last request: 2.880188 seconds.
  path: Assets/Resources/Levels/2/1.prefab
  artifactKey: Guid(3e9b9d19383048f4184033225f993f46) Importer(815301076,1909f56bfc062723c751e8b465ee728b)
Start importing Assets/Resources/Levels/2/1.prefab using Guid(3e9b9d19383048f4184033225f993f46) Importer(815301076,1909f56bfc062723c751e8b465ee728b) (PreviewImporter) -> (artifact id: '27a88124bdff1289becf1cf150dc3e45') in 0.0095667 seconds
Number of updated asset objects reloaded before import = 0Number of asset objects unloaded after import = 44

========================================================================
Received Import Request.
  Time since last request: 3.486162 seconds.
  path: Assets/Resources/Levels/2/1.prefab
  artifactKey: Guid(3e9b9d19383048f4184033225f993f46) Importer(815301076,1909f56bfc062723c751e8b465ee728b)
Start importing Assets/Resources/Levels/2/1.prefab using Guid(3e9b9d19383048f4184033225f993f46) Importer(815301076,1909f56bfc062723c751e8b465ee728b) (PreviewImporter) -> (artifact id: '980b4756318d362b21d60867bdd3918e') in 0.0093564 seconds
Number of updated asset objects reloaded before import = 0Number of asset objects unloaded after import = 44

========================================================================
Received Import Request.
  Time since last request: 2.568813 seconds.
  path: Assets/Resources/Levels/2/1.prefab
  artifactKey: Guid(3e9b9d19383048f4184033225f993f46) Importer(815301076,1909f56bfc062723c751e8b465ee728b)
Start importing Assets/Resources/Levels/2/1.prefab using Guid(3e9b9d19383048f4184033225f993f46) Importer(815301076,1909f56bfc062723c751e8b465ee728b) (PreviewImporter) -> (artifact id: 'f275a3f7a69eff46ff347f766b545a0b') in 0.0114231 seconds
Number of updated asset objects reloaded before import = 0Number of asset objects unloaded after import = 44

========================================================================
Received Import Request.
  Time since last request: 1.361644 seconds.
  path: Assets/Resources/Levels/2/1.prefab
  artifactKey: Guid(3e9b9d19383048f4184033225f993f46) Importer(815301076,1909f56bfc062723c751e8b465ee728b)
Start importing Assets/Resources/Levels/2/1.prefab using Guid(3e9b9d19383048f4184033225f993f46) Importer(815301076,1909f56bfc062723c751e8b465ee728b) (PreviewImporter) -> (artifact id: '1ab588ac55fb3638a680d1e264f0041d') in 0.0085574 seconds
Number of updated asset objects reloaded before import = 0Number of asset objects unloaded after import = 44

========================================================================
Received Import Request.
  Time since last request: 5.387006 seconds.
  path: Assets/Resources/Levels/2/1.prefab
  artifactKey: Guid(3e9b9d19383048f4184033225f993f46) Importer(815301076,1909f56bfc062723c751e8b465ee728b)
Start importing Assets/Resources/Levels/2/1.prefab using Guid(3e9b9d19383048f4184033225f993f46) Importer(815301076,1909f56bfc062723c751e8b465ee728b) (PreviewImporter) -> (artifact id: '1c93e3cd7c9f693b05cde59cb84eba79') in 0.0091803 seconds
Number of updated asset objects reloaded before import = 0Number of asset objects unloaded after import = 44

========================================================================
Received Import Request.
  Time since last request: 43.718793 seconds.
  path: Assets/Resources/Levels/2/1.prefab
  artifactKey: Guid(3e9b9d19383048f4184033225f993f46) Importer(815301076,1909f56bfc062723c751e8b465ee728b)
Start importing Assets/Resources/Levels/2/1.prefab using Guid(3e9b9d19383048f4184033225f993f46) Importer(815301076,1909f56bfc062723c751e8b465ee728b) (PreviewImporter) -> (artifact id: 'd63aab8b7403e10821484259d0958b5c') in 0.0094038 seconds
Number of updated asset objects reloaded before import = 0Number of asset objects unloaded after import = 51

========================================================================
Received Import Request.
  Time since last request: 2.776115 seconds.
  path: Assets/Resources/Levels/2/1.prefab
  artifactKey: Guid(3e9b9d19383048f4184033225f993f46) Importer(815301076,1909f56bfc062723c751e8b465ee728b)
Start importing Assets/Resources/Levels/2/1.prefab using Guid(3e9b9d19383048f4184033225f993f46) Importer(815301076,1909f56bfc062723c751e8b465ee728b) (PreviewImporter) -> (artifact id: '196d5f9638e6d48510236f50b1735a3f') in 0.0089172 seconds
Number of updated asset objects reloaded before import = 0Number of asset objects unloaded after import = 51

========================================================================
Received Import Request.
  Time since last request: 7.416193 seconds.
  path: Assets/Resources/Levels/2/1.prefab
  artifactKey: Guid(3e9b9d19383048f4184033225f993f46) Importer(815301076,1909f56bfc062723c751e8b465ee728b)
Start importing Assets/Resources/Levels/2/1.prefab using Guid(3e9b9d19383048f4184033225f993f46) Importer(815301076,1909f56bfc062723c751e8b465ee728b) (PreviewImporter) -> (artifact id: '52a074c8ec97ab3d40e91ac39f4baa4b') in 0.009114 seconds
Number of updated asset objects reloaded before import = 0Number of asset objects unloaded after import = 51

========================================================================
Received Import Request.
  Time since last request: 2.571911 seconds.
  path: Assets/Resources/Levels/2/1.prefab
  artifactKey: Guid(3e9b9d19383048f4184033225f993f46) Importer(815301076,1909f56bfc062723c751e8b465ee728b)
Start importing Assets/Resources/Levels/2/1.prefab using Guid(3e9b9d19383048f4184033225f993f46) Importer(815301076,1909f56bfc062723c751e8b465ee728b) (PreviewImporter) -> (artifact id: 'aa7a056f282f93d97d7ffe9e258b3eff') in 0.0094434 seconds
Number of updated asset objects reloaded before import = 0Number of asset objects unloaded after import = 51

========================================================================
Received Import Request.
  Time since last request: 30.207458 seconds.
  path: Assets/Prefabs/Glider.prefab
  artifactKey: Guid(c3cf8d460ad41574290aafd21ba9b8f3) Importer(815301076,1909f56bfc062723c751e8b465ee728b)
Start importing Assets/Prefabs/Glider.prefab using Guid(c3cf8d460ad41574290aafd21ba9b8f3) Importer(815301076,1909f56bfc062723c751e8b465ee728b) (PreviewImporter) -> (artifact id: 'f3be70afacde7edc405753c426b98353') in 0.0061215 seconds
Number of updated asset objects reloaded before import = 0Number of asset objects unloaded after import = 9

========================================================================
Received Prepare
Begin MonoManager ReloadAssembly
- Loaded All Assemblies, in  0.716 seconds
Refreshing native plugins compatible for Editor in 0.87 ms, found 3 plugins.
Native extension for WindowsStandalone target not found
Native extension for OSXStandalone target not found
Native extension for WebGL target not found
[Package Manager] Failed to launch server process. Reason: Unity was launched with the -noUpm command-line argument
[Package Manager] Unable to send message (not connected to server process).
[Package Manager] Cannot connect to Unity Package Manager local server
[MODES] ModeService[none].Initialize
[MODES] ModeService[none].LoadModes
Mono: successfully reloaded assembly
- Finished resetting the current domain, in  0.641 seconds
Domain Reload Profiling: 1356ms
	BeginReloadAssembly (215ms)
		ExecutionOrderSort (0ms)
		DisableScriptedObjects (18ms)
		BackupInstance (0ms)
		ReleaseScriptingObjects (0ms)
		CreateAndSetChildDomain (52ms)
	RebuildCommonClasses (32ms)
	RebuildNativeTypeToScriptingClass (11ms)
	initialDomainReloadingComplete (28ms)
	LoadAllAssembliesAndSetupDomain (428ms)
		LoadAssemblies (340ms)
		RebuildTransferFunctionScriptingTraits (0ms)
		AnalyzeDomain (173ms)
			TypeCache.Refresh (14ms)
				TypeCache.ScanAssembly (0ms)
			BuildScriptInfoCaches (146ms)
			ResolveRequiredComponents (9ms)
	FinalizeReload (641ms)
		ReleaseScriptCaches (0ms)
		RebuildScriptCaches (0ms)
		SetupLoadedEditorAssemblies (502ms)
			LogAssemblyErrors (0ms)
			InitializePlatformSupportModulesInManaged (4ms)
			SetLoadedEditorAssemblies (3ms)
			BeforeProcessingInitializeOnLoad (108ms)
			ProcessInitializeOnLoadAttributes (299ms)
			ProcessInitializeOnLoadMethodAttributes (80ms)
			AfterProcessingInitializeOnLoad (7ms)
			EditorAssembliesLoaded (0ms)
		ExecutionOrderSort2 (0ms)
		AwakeInstancesAfterBackupRestoration (16ms)
Refreshing native plugins compatible for Editor in 1.15 ms, found 3 plugins.
Preloading 0 native plugins for Editor in 0.00 ms.
Unloading 14 Unused Serialized files (Serialized files now loaded: 0)
Unloading 6461 unused Assets / (3.7 MB). Loaded Objects now: 7413.
Memory consumption went from 158.6 MB to 154.9 MB.
Total: 8.745700 ms (FindLiveObjects: 0.960300 ms CreateObjectMapping: 0.586100 ms MarkObjects: 4.797300 ms  DeleteObjects: 2.401100 ms)

Prepare: number of updated asset objects reloaded= 0
========================================================================
Received Import Request.
  Time since last request: 888.706795 seconds.
  path: Assets/TutorialInfo
  artifactKey: Guid(ba062aa6c92b140379dbc06b43dd3b9b) Importer(815301076,1909f56bfc062723c751e8b465ee728b)
Start importing Assets/TutorialInfo using Guid(ba062aa6c92b140379dbc06b43dd3b9b) Importer(815301076,1909f56bfc062723c751e8b465ee728b) (PreviewImporter) -> (artifact id: 'bd0ce3b9fb2b0078fcd59af112aef3b6') in 0.0078907 seconds
Number of updated asset objects reloaded before import = 0Number of asset objects unloaded after import = 0

========================================================================
Received Import Request.
  Time since last request: 0.554068 seconds.
  path: Assets/Settings
  artifactKey: Guid(709f11a7f3c4041caa4ef136ea32d874) Importer(815301076,1909f56bfc062723c751e8b465ee728b)
Start importing Assets/Settings using Guid(709f11a7f3c4041caa4ef136ea32d874) Importer(815301076,1909f56bfc062723c751e8b465ee728b) (PreviewImporter) -> (artifact id: 'c4b47d252bc4e8d77fd6334abcf5e3e8') in 0.0006439 seconds
Number of updated asset objects reloaded before import = 0Number of asset objects unloaded after import = 0

========================================================================
Received Import Request.
  Time since last request: 3.123272 seconds.
  path: Assets/Resources/Levels/2/1.prefab
  artifactKey: Guid(3e9b9d19383048f4184033225f993f46) Importer(815301076,1909f56bfc062723c751e8b465ee728b)
Start importing Assets/Resources/Levels/2/1.prefab using Guid(3e9b9d19383048f4184033225f993f46) Importer(815301076,1909f56bfc062723c751e8b465ee728b) (PreviewImporter) -> (artifact id: '49d663935cce076ddc2197499228b78a') in 0.410414 seconds
Number of updated asset objects reloaded before import = 0Number of asset objects unloaded after import = 120

========================================================================
Received Import Request.
  Time since last request: 30.551804 seconds.
  path: Assets/Resources/Levels/2/1.prefab
  artifactKey: Guid(3e9b9d19383048f4184033225f993f46) Importer(815301076,1909f56bfc062723c751e8b465ee728b)
Start importing Assets/Resources/Levels/2/1.prefab using Guid(3e9b9d19383048f4184033225f993f46) Importer(815301076,1909f56bfc062723c751e8b465ee728b) (PreviewImporter) -> (artifact id: '7a1da5b9c4f83bb182ce23de7390b287') in 0.0127448 seconds
Number of updated asset objects reloaded before import = 0Number of asset objects unloaded after import = 120

========================================================================
Received Import Request.
  Time since last request: 23.412736 seconds.
  path: Assets/Resources/Levels/2/1.prefab
  artifactKey: Guid(3e9b9d19383048f4184033225f993f46) Importer(815301076,1909f56bfc062723c751e8b465ee728b)
Start importing Assets/Resources/Levels/2/1.prefab using Guid(3e9b9d19383048f4184033225f993f46) Importer(815301076,1909f56bfc062723c751e8b465ee728b) (PreviewImporter) -> (artifact id: 'd9cdde2740f0314b55e54f18b5778eb7') in 0.0127421 seconds
Number of updated asset objects reloaded before import = 0Number of asset objects unloaded after import = 120

========================================================================
Received Prepare
Begin MonoManager ReloadAssembly
- Loaded All Assemblies, in  0.759 seconds
Refreshing native plugins compatible for Editor in 1.00 ms, found 3 plugins.
Native extension for WindowsStandalone target not found
Native extension for OSXStandalone target not found
Native extension for WebGL target not found
[Package Manager] Failed to launch server process. Reason: Unity was launched with the -noUpm command-line argument
[Package Manager] Unable to send message (not connected to server process).
[Package Manager] Cannot connect to Unity Package Manager local server
[MODES] ModeService[none].Initialize
[MODES] ModeService[none].LoadModes
Mono: successfully reloaded assembly
- Finished resetting the current domain, in  0.651 seconds
Domain Reload Profiling: 1409ms
	BeginReloadAssembly (224ms)
		ExecutionOrderSort (0ms)
		DisableScriptedObjects (19ms)
		BackupInstance (0ms)
		ReleaseScriptingObjects (0ms)
		CreateAndSetChildDomain (59ms)
	RebuildCommonClasses (32ms)
	RebuildNativeTypeToScriptingClass (11ms)
	initialDomainReloadingComplete (28ms)
	LoadAllAssembliesAndSetupDomain (463ms)
		LoadAssemblies (363ms)
		RebuildTransferFunctionScriptingTraits (0ms)
		AnalyzeDomain (190ms)
			TypeCache.Refresh (8ms)
				TypeCache.ScanAssembly (0ms)
			BuildScriptInfoCaches (169ms)
			ResolveRequiredComponents (9ms)
	FinalizeReload (651ms)
		ReleaseScriptCaches (0ms)
		RebuildScriptCaches (0ms)
		SetupLoadedEditorAssemblies (510ms)
			LogAssemblyErrors (0ms)
			InitializePlatformSupportModulesInManaged (4ms)
			SetLoadedEditorAssemblies (3ms)
			BeforeProcessingInitializeOnLoad (110ms)
			ProcessInitializeOnLoadAttributes (299ms)
			ProcessInitializeOnLoadMethodAttributes (87ms)
			AfterProcessingInitializeOnLoad (7ms)
			EditorAssembliesLoaded (0ms)
		ExecutionOrderSort2 (0ms)
		AwakeInstancesAfterBackupRestoration (17ms)
Refreshing native plugins compatible for Editor in 1.16 ms, found 3 plugins.
Preloading 0 native plugins for Editor in 0.00 ms.
Unloading 14 Unused Serialized files (Serialized files now loaded: 0)
Unloading 6463 unused Assets / (4.1 MB). Loaded Objects now: 7435.
Memory consumption went from 158.7 MB to 154.7 MB.
Total: 9.824300 ms (FindLiveObjects: 1.218400 ms CreateObjectMapping: 0.518500 ms MarkObjects: 5.403400 ms  DeleteObjects: 2.682800 ms)

Prepare: number of updated asset objects reloaded= 0
========================================================================
Received Import Request.
  Time since last request: 23.573158 seconds.
  path: Assets/Resources/Levels/2/1.prefab
  artifactKey: Guid(3e9b9d19383048f4184033225f993f46) Importer(815301076,1909f56bfc062723c751e8b465ee728b)
Start importing Assets/Resources/Levels/2/1.prefab using Guid(3e9b9d19383048f4184033225f993f46) Importer(815301076,1909f56bfc062723c751e8b465ee728b) (PreviewImporter) -> (artifact id: '5ff157bb2bb973d8015d8a274e3fc844') in 0.4296297 seconds
Number of updated asset objects reloaded before import = 0Number of asset objects unloaded after import = 120

========================================================================
Received Import Request.
  Time since last request: 4.684379 seconds.
  path: Assets/Resources/Levels/2/1.prefab
  artifactKey: Guid(3e9b9d19383048f4184033225f993f46) Importer(815301076,1909f56bfc062723c751e8b465ee728b)
Start importing Assets/Resources/Levels/2/1.prefab using Guid(3e9b9d19383048f4184033225f993f46) Importer(815301076,1909f56bfc062723c751e8b465ee728b) (PreviewImporter) -> (artifact id: '086853ac51d5ef73ef308c5cfd8ec730') in 0.0134437 seconds
Number of updated asset objects reloaded before import = 0Number of asset objects unloaded after import = 120

========================================================================
Received Import Request.
  Time since last request: 3.056128 seconds.
  path: Assets/Resources/Levels/2/1.prefab
  artifactKey: Guid(3e9b9d19383048f4184033225f993f46) Importer(815301076,1909f56bfc062723c751e8b465ee728b)
Start importing Assets/Resources/Levels/2/1.prefab using Guid(3e9b9d19383048f4184033225f993f46) Importer(815301076,1909f56bfc062723c751e8b465ee728b) (PreviewImporter) -> (artifact id: '0601b940f9695265c5be889c8bd96449') in 0.0119021 seconds
Number of updated asset objects reloaded before import = 0Number of asset objects unloaded after import = 120

========================================================================
Received Import Request.
  Time since last request: 4.034074 seconds.
  path: Assets/Resources/Levels/2/1.prefab
  artifactKey: Guid(3e9b9d19383048f4184033225f993f46) Importer(815301076,1909f56bfc062723c751e8b465ee728b)
Start importing Assets/Resources/Levels/2/1.prefab using Guid(3e9b9d19383048f4184033225f993f46) Importer(815301076,1909f56bfc062723c751e8b465ee728b) (PreviewImporter) -> (artifact id: 'afa7da7d49c7ee8f8507de08e43cc8e2') in 0.0116236 seconds
Number of updated asset objects reloaded before import = 0Number of asset objects unloaded after import = 120

========================================================================
Received Import Request.
  Time since last request: 16.169906 seconds.
  path: Assets/Resources/Levels/2/1.prefab
  artifactKey: Guid(3e9b9d19383048f4184033225f993f46) Importer(815301076,1909f56bfc062723c751e8b465ee728b)
Start importing Assets/Resources/Levels/2/1.prefab using Guid(3e9b9d19383048f4184033225f993f46) Importer(815301076,1909f56bfc062723c751e8b465ee728b) (PreviewImporter) -> (artifact id: '302a29dabfe1c3dddf9d61dc449eb006') in 0.0125544 seconds
Number of updated asset objects reloaded before import = 0Number of asset objects unloaded after import = 120

========================================================================
Received Import Request.
  Time since last request: 12.924300 seconds.
  path: Assets/Resources/Levels/2/1.prefab
  artifactKey: Guid(3e9b9d19383048f4184033225f993f46) Importer(815301076,1909f56bfc062723c751e8b465ee728b)
Start importing Assets/Resources/Levels/2/1.prefab using Guid(3e9b9d19383048f4184033225f993f46) Importer(815301076,1909f56bfc062723c751e8b465ee728b) (PreviewImporter) -> (artifact id: '800643aa3335e20ea7ae781d2a20ec8a') in 0.0123223 seconds
Number of updated asset objects reloaded before import = 0Number of asset objects unloaded after import = 120

========================================================================
Received Prepare
Begin MonoManager ReloadAssembly
- Loaded All Assemblies, in  0.724 seconds
Refreshing native plugins compatible for Editor in 0.85 ms, found 3 plugins.
Native extension for WindowsStandalone target not found
Native extension for OSXStandalone target not found
Native extension for WebGL target not found
[Package Manager] Failed to launch server process. Reason: Unity was launched with the -noUpm command-line argument
[Package Manager] Unable to send message (not connected to server process).
[Package Manager] Cannot connect to Unity Package Manager local server
[MODES] ModeService[none].Initialize
[MODES] ModeService[none].LoadModes
Mono: successfully reloaded assembly
- Finished resetting the current domain, in  0.668 seconds
Domain Reload Profiling: 1391ms
	BeginReloadAssembly (220ms)
		ExecutionOrderSort (0ms)
		DisableScriptedObjects (18ms)
		BackupInstance (0ms)
		ReleaseScriptingObjects (0ms)
		CreateAndSetChildDomain (58ms)
	RebuildCommonClasses (31ms)
	RebuildNativeTypeToScriptingClass (11ms)
	initialDomainReloadingComplete (28ms)
	LoadAllAssembliesAndSetupDomain (432ms)
		LoadAssemblies (347ms)
		RebuildTransferFunctionScriptingTraits (0ms)
		AnalyzeDomain (168ms)
			TypeCache.Refresh (8ms)
				TypeCache.ScanAssembly (0ms)
			BuildScriptInfoCaches (147ms)
			ResolveRequiredComponents (9ms)
	FinalizeReload (669ms)
		ReleaseScriptCaches (0ms)
		RebuildScriptCaches (0ms)
		SetupLoadedEditorAssemblies (514ms)
			LogAssemblyErrors (0ms)
			InitializePlatformSupportModulesInManaged (5ms)
			SetLoadedEditorAssemblies (3ms)
			BeforeProcessingInitializeOnLoad (110ms)
			ProcessInitializeOnLoadAttributes (309ms)
			ProcessInitializeOnLoadMethodAttributes (80ms)
			AfterProcessingInitializeOnLoad (8ms)
			EditorAssembliesLoaded (1ms)
		ExecutionOrderSort2 (0ms)
		AwakeInstancesAfterBackupRestoration (20ms)
Refreshing native plugins compatible for Editor in 0.97 ms, found 3 plugins.
Preloading 0 native plugins for Editor in 0.00 ms.
Unloading 14 Unused Serialized files (Serialized files now loaded: 0)
Unloading 6463 unused Assets / (3.7 MB). Loaded Objects now: 7457.
Memory consumption went from 158.7 MB to 155.0 MB.
Total: 8.240000 ms (FindLiveObjects: 0.835100 ms CreateObjectMapping: 0.380700 ms MarkObjects: 4.933900 ms  DeleteObjects: 2.089500 ms)

Prepare: number of updated asset objects reloaded= 0
========================================================================
Received Import Request.
  Time since last request: 136.148695 seconds.
  path: Assets/Resources/Levels/2/1.prefab
  artifactKey: Guid(3e9b9d19383048f4184033225f993f46) Importer(815301076,1909f56bfc062723c751e8b465ee728b)
Start importing Assets/Resources/Levels/2/1.prefab using Guid(3e9b9d19383048f4184033225f993f46) Importer(815301076,1909f56bfc062723c751e8b465ee728b) (PreviewImporter) -> (artifact id: '8e1b17e51c6e453ec57681feeb930c24') in 0.4476322 seconds
Number of updated asset objects reloaded before import = 0Number of asset objects unloaded after import = 120

========================================================================
Received Import Request.
  Time since last request: 4.897514 seconds.
  path: Assets/Resources/Levels/2/1.prefab
  artifactKey: Guid(3e9b9d19383048f4184033225f993f46) Importer(815301076,1909f56bfc062723c751e8b465ee728b)
Start importing Assets/Resources/Levels/2/1.prefab using Guid(3e9b9d19383048f4184033225f993f46) Importer(815301076,1909f56bfc062723c751e8b465ee728b) (PreviewImporter) -> (artifact id: '70cc975359252bf9ea001fdbf3f08bc7') in 0.0124841 seconds
Number of updated asset objects reloaded before import = 0Number of asset objects unloaded after import = 120

========================================================================
Received Import Request.
  Time since last request: 4.550586 seconds.
  path: Assets/Resources/Levels/2/1.prefab
  artifactKey: Guid(3e9b9d19383048f4184033225f993f46) Importer(815301076,1909f56bfc062723c751e8b465ee728b)
Start importing Assets/Resources/Levels/2/1.prefab using Guid(3e9b9d19383048f4184033225f993f46) Importer(815301076,1909f56bfc062723c751e8b465ee728b) (PreviewImporter) -> (artifact id: 'acf2d9c40ef368acb8d28a6279edfcc0') in 0.0112533 seconds
Number of updated asset objects reloaded before import = 0Number of asset objects unloaded after import = 120

========================================================================
Received Prepare
Begin MonoManager ReloadAssembly
- Loaded All Assemblies, in  0.741 seconds
Refreshing native plugins compatible for Editor in 0.93 ms, found 3 plugins.
Native extension for WindowsStandalone target not found
Native extension for OSXStandalone target not found
Native extension for WebGL target not found
[Package Manager] Failed to launch server process. Reason: Unity was launched with the -noUpm command-line argument
[Package Manager] Unable to send message (not connected to server process).
[Package Manager] Cannot connect to Unity Package Manager local server
[MODES] ModeService[none].Initialize
[MODES] ModeService[none].LoadModes
Mono: successfully reloaded assembly
- Finished resetting the current domain, in  0.639 seconds
Domain Reload Profiling: 1380ms
	BeginReloadAssembly (219ms)
		ExecutionOrderSort (0ms)
		DisableScriptedObjects (18ms)
		BackupInstance (0ms)
		ReleaseScriptingObjects (0ms)
		CreateAndSetChildDomain (57ms)
	RebuildCommonClasses (33ms)
	RebuildNativeTypeToScriptingClass (11ms)
	initialDomainReloadingComplete (30ms)
	LoadAllAssembliesAndSetupDomain (448ms)
		LoadAssemblies (357ms)
		RebuildTransferFunctionScriptingTraits (0ms)
		AnalyzeDomain (177ms)
			TypeCache.Refresh (11ms)
				TypeCache.ScanAssembly (0ms)
			BuildScriptInfoCaches (153ms)
			ResolveRequiredComponents (10ms)
	FinalizeReload (640ms)
		ReleaseScriptCaches (0ms)
		RebuildScriptCaches (0ms)
		SetupLoadedEditorAssemblies (502ms)
			LogAssemblyErrors (0ms)
			InitializePlatformSupportModulesInManaged (4ms)
			SetLoadedEditorAssemblies (3ms)
			BeforeProcessingInitializeOnLoad (111ms)
			ProcessInitializeOnLoadAttributes (301ms)
			ProcessInitializeOnLoadMethodAttributes (77ms)
			AfterProcessingInitializeOnLoad (7ms)
			EditorAssembliesLoaded (0ms)
		ExecutionOrderSort2 (0ms)
		AwakeInstancesAfterBackupRestoration (17ms)
Refreshing native plugins compatible for Editor in 1.18 ms, found 3 plugins.
Preloading 0 native plugins for Editor in 0.00 ms.
Unloading 14 Unused Serialized files (Serialized files now loaded: 0)
Unloading 6463 unused Assets / (4.2 MB). Loaded Objects now: 7479.
Memory consumption went from 158.8 MB to 154.5 MB.
Total: 8.877300 ms (FindLiveObjects: 0.892600 ms CreateObjectMapping: 0.413500 ms MarkObjects: 4.871900 ms  DeleteObjects: 2.698700 ms)

Prepare: number of updated asset objects reloaded= 0
========================================================================
Received Prepare
Refreshing native plugins compatible for Editor in 1.31 ms, found 3 plugins.
Preloading 0 native plugins for Editor in 0.00 ms.
Unloading 14 Unused Serialized files (Serialized files now loaded: 0)
Unloading 6453 unused Assets / (4.2 MB). Loaded Objects now: 7479.
Memory consumption went from 158.8 MB to 154.5 MB.
Total: 15.153300 ms (FindLiveObjects: 1.079300 ms CreateObjectMapping: 0.574600 ms MarkObjects: 9.139000 ms  DeleteObjects: 4.359000 ms)

Prepare: number of updated asset objects reloaded= 0
========================================================================
Received Import Request.
  Time since last request: 41.575570 seconds.
  path: Assets/Resources/Levels/2/1.prefab
  artifactKey: Guid(3e9b9d19383048f4184033225f993f46) Importer(815301076,1909f56bfc062723c751e8b465ee728b)
Start importing Assets/Resources/Levels/2/1.prefab using Guid(3e9b9d19383048f4184033225f993f46) Importer(815301076,1909f56bfc062723c751e8b465ee728b) (PreviewImporter) -> (artifact id: '49b7b9b6e9925ff632580940117ef660') in 0.5124346 seconds
Number of updated asset objects reloaded before import = 0Number of asset objects unloaded after import = 120

========================================================================
Received Prepare
Begin MonoManager ReloadAssembly
- Loaded All Assemblies, in  0.756 seconds
Refreshing native plugins compatible for Editor in 0.88 ms, found 3 plugins.
Native extension for WindowsStandalone target not found
Native extension for OSXStandalone target not found
Native extension for WebGL target not found
[Package Manager] Failed to launch server process. Reason: Unity was launched with the -noUpm command-line argument
[Package Manager] Unable to send message (not connected to server process).
[Package Manager] Cannot connect to Unity Package Manager local server
[MODES] ModeService[none].Initialize
[MODES] ModeService[none].LoadModes
Mono: successfully reloaded assembly
- Finished resetting the current domain, in  0.689 seconds
Domain Reload Profiling: 1444ms
	BeginReloadAssembly (230ms)
		ExecutionOrderSort (0ms)
		DisableScriptedObjects (18ms)
		BackupInstance (0ms)
		ReleaseScriptingObjects (0ms)
		CreateAndSetChildDomain (69ms)
	RebuildCommonClasses (33ms)
	RebuildNativeTypeToScriptingClass (11ms)
	initialDomainReloadingComplete (27ms)
	LoadAllAssembliesAndSetupDomain (453ms)
		LoadAssemblies (371ms)
		RebuildTransferFunctionScriptingTraits (0ms)
		AnalyzeDomain (170ms)
			TypeCache.Refresh (11ms)
				TypeCache.ScanAssembly (0ms)
			BuildScriptInfoCaches (145ms)
			ResolveRequiredComponents (9ms)
	FinalizeReload (689ms)
		ReleaseScriptCaches (0ms)
		RebuildScriptCaches (0ms)
		SetupLoadedEditorAssemblies (551ms)
			LogAssemblyErrors (0ms)
			InitializePlatformSupportModulesInManaged (4ms)
			SetLoadedEditorAssemblies (3ms)
			BeforeProcessingInitializeOnLoad (113ms)
			ProcessInitializeOnLoadAttributes (334ms)
			ProcessInitializeOnLoadMethodAttributes (88ms)
			AfterProcessingInitializeOnLoad (8ms)
			EditorAssembliesLoaded (0ms)
		ExecutionOrderSort2 (0ms)
		AwakeInstancesAfterBackupRestoration (17ms)
Refreshing native plugins compatible for Editor in 0.97 ms, found 3 plugins.
Preloading 0 native plugins for Editor in 0.00 ms.
Unloading 14 Unused Serialized files (Serialized files now loaded: 0)
Unloading 6463 unused Assets / (4.2 MB). Loaded Objects now: 7501.
Memory consumption went from 159.1 MB to 154.9 MB.
Total: 8.324200 ms (FindLiveObjects: 0.960400 ms CreateObjectMapping: 0.449100 ms MarkObjects: 4.577400 ms  DeleteObjects: 2.336500 ms)

Prepare: number of updated asset objects reloaded= 0
========================================================================
Received Prepare
Refreshing native plugins compatible for Editor in 1.30 ms, found 3 plugins.
Preloading 0 native plugins for Editor in 0.00 ms.
Unloading 14 Unused Serialized files (Serialized files now loaded: 0)
Unloading 6453 unused Assets / (4.0 MB). Loaded Objects now: 7501.
Memory consumption went from 159.1 MB to 155.1 MB.
Total: 10.488300 ms (FindLiveObjects: 1.280000 ms CreateObjectMapping: 0.752100 ms MarkObjects: 5.505400 ms  DeleteObjects: 2.950200 ms)

Prepare: number of updated asset objects reloaded= 0
========================================================================
Received Prepare
Begin MonoManager ReloadAssembly
- Loaded All Assemblies, in  0.692 seconds
Refreshing native plugins compatible for Editor in 0.94 ms, found 3 plugins.
Native extension for WindowsStandalone target not found
Native extension for OSXStandalone target not found
Native extension for WebGL target not found
[Package Manager] Failed to launch server process. Reason: Unity was launched with the -noUpm command-line argument
[Package Manager] Unable to send message (not connected to server process).
[Package Manager] Cannot connect to Unity Package Manager local server
[MODES] ModeService[none].Initialize
[MODES] ModeService[none].LoadModes
Mono: successfully reloaded assembly
- Finished resetting the current domain, in  0.685 seconds
Domain Reload Profiling: 1377ms
	BeginReloadAssembly (197ms)
		ExecutionOrderSort (0ms)
		DisableScriptedObjects (5ms)
		BackupInstance (0ms)
		ReleaseScriptingObjects (0ms)
		CreateAndSetChildDomain (49ms)
	RebuildCommonClasses (32ms)
	RebuildNativeTypeToScriptingClass (11ms)
	initialDomainReloadingComplete (29ms)
	LoadAllAssembliesAndSetupDomain (423ms)
		LoadAssemblies (345ms)
		RebuildTransferFunctionScriptingTraits (0ms)
		AnalyzeDomain (163ms)
			TypeCache.Refresh (13ms)
				TypeCache.ScanAssembly (1ms)
			BuildScriptInfoCaches (136ms)
			ResolveRequiredComponents (9ms)
	FinalizeReload (685ms)
		ReleaseScriptCaches (0ms)
		RebuildScriptCaches (0ms)
		SetupLoadedEditorAssemblies (553ms)
			LogAssemblyErrors (0ms)
			InitializePlatformSupportModulesInManaged (4ms)
			SetLoadedEditorAssemblies (3ms)
			BeforeProcessingInitializeOnLoad (109ms)
			ProcessInitializeOnLoadAttributes (345ms)
			ProcessInitializeOnLoadMethodAttributes (87ms)
			AfterProcessingInitializeOnLoad (6ms)
			EditorAssembliesLoaded (0ms)
		ExecutionOrderSort2 (0ms)
		AwakeInstancesAfterBackupRestoration (17ms)
Refreshing native plugins compatible for Editor in 0.89 ms, found 3 plugins.
Preloading 0 native plugins for Editor in 0.00 ms.
Unloading 14 Unused Serialized files (Serialized files now loaded: 0)
Unloading 6460 unused Assets / (3.8 MB). Loaded Objects now: 7503.
Memory consumption went from 158.9 MB to 155.1 MB.
Total: 9.052600 ms (FindLiveObjects: 1.015100 ms CreateObjectMapping: 0.488200 ms MarkObjects: 5.003300 ms  DeleteObjects: 2.545300 ms)

Prepare: number of updated asset objects reloaded= 0
========================================================================
Received Prepare
Begin MonoManager ReloadAssembly
- Loaded All Assemblies, in  0.685 seconds
Refreshing native plugins compatible for Editor in 0.80 ms, found 3 plugins.
Native extension for WindowsStandalone target not found
Native extension for OSXStandalone target not found
Native extension for WebGL target not found
[Package Manager] Failed to launch server process. Reason: Unity was launched with the -noUpm command-line argument
[Package Manager] Unable to send message (not connected to server process).
[Package Manager] Cannot connect to Unity Package Manager local server
[MODES] ModeService[none].Initialize
[MODES] ModeService[none].LoadModes
Mono: successfully reloaded assembly
- Finished resetting the current domain, in  0.660 seconds
Domain Reload Profiling: 1345ms
	BeginReloadAssembly (194ms)
		ExecutionOrderSort (0ms)
		DisableScriptedObjects (6ms)
		BackupInstance (0ms)
		ReleaseScriptingObjects (0ms)
		CreateAndSetChildDomain (46ms)
	RebuildCommonClasses (32ms)
	RebuildNativeTypeToScriptingClass (11ms)
	initialDomainReloadingComplete (27ms)
	LoadAllAssembliesAndSetupDomain (421ms)
		LoadAssemblies (341ms)
		RebuildTransferFunctionScriptingTraits (0ms)
		AnalyzeDomain (162ms)
			TypeCache.Refresh (11ms)
				TypeCache.ScanAssembly (0ms)
			BuildScriptInfoCaches (138ms)
			ResolveRequiredComponents (9ms)
	FinalizeReload (660ms)
		ReleaseScriptCaches (0ms)
		RebuildScriptCaches (0ms)
		SetupLoadedEditorAssemblies (523ms)
			LogAssemblyErrors (0ms)
			InitializePlatformSupportModulesInManaged (4ms)
			SetLoadedEditorAssemblies (4ms)
			BeforeProcessingInitializeOnLoad (116ms)
			ProcessInitializeOnLoadAttributes (314ms)
			ProcessInitializeOnLoadMethodAttributes (79ms)
			AfterProcessingInitializeOnLoad (6ms)
			EditorAssembliesLoaded (0ms)
		ExecutionOrderSort2 (0ms)
		AwakeInstancesAfterBackupRestoration (17ms)
Refreshing native plugins compatible for Editor in 0.93 ms, found 3 plugins.
Preloading 0 native plugins for Editor in 0.00 ms.
Unloading 14 Unused Serialized files (Serialized files now loaded: 0)
Unloading 6460 unused Assets / (4.0 MB). Loaded Objects now: 7505.
Memory consumption went from 159.0 MB to 154.9 MB.
Total: 7.914800 ms (FindLiveObjects: 0.856800 ms CreateObjectMapping: 0.359300 ms MarkObjects: 4.415400 ms  DeleteObjects: 2.282500 ms)

Prepare: number of updated asset objects reloaded= 0
========================================================================
Received Prepare
Refreshing native plugins compatible for Editor in 1.51 ms, found 3 plugins.
Preloading 0 native plugins for Editor in 0.00 ms.
Unloading 14 Unused Serialized files (Serialized files now loaded: 0)
Unloading 6453 unused Assets / (4.0 MB). Loaded Objects now: 7505.
Memory consumption went from 159.1 MB to 155.2 MB.
Total: 12.348900 ms (FindLiveObjects: 1.003100 ms CreateObjectMapping: 1.221800 ms MarkObjects: 5.247300 ms  DeleteObjects: 4.875000 ms)

Prepare: number of updated asset objects reloaded= 0
========================================================================
Received Prepare
Begin MonoManager ReloadAssembly
- Loaded All Assemblies, in  0.681 seconds
Refreshing native plugins compatible for Editor in 0.91 ms, found 3 plugins.
Native extension for WindowsStandalone target not found
Native extension for OSXStandalone target not found
Native extension for WebGL target not found
[Package Manager] Failed to launch server process. Reason: Unity was launched with the -noUpm command-line argument
[Package Manager] Unable to send message (not connected to server process).
[Package Manager] Cannot connect to Unity Package Manager local server
[MODES] ModeService[none].Initialize
[MODES] ModeService[none].LoadModes
Mono: successfully reloaded assembly
- Finished resetting the current domain, in  0.651 seconds
Domain Reload Profiling: 1332ms
	BeginReloadAssembly (193ms)
		ExecutionOrderSort (0ms)
		DisableScriptedObjects (6ms)
		BackupInstance (0ms)
		ReleaseScriptingObjects (0ms)
		CreateAndSetChildDomain (47ms)
	RebuildCommonClasses (30ms)
	RebuildNativeTypeToScriptingClass (11ms)
	initialDomainReloadingComplete (28ms)
	LoadAllAssembliesAndSetupDomain (418ms)
		LoadAssemblies (336ms)
		RebuildTransferFunctionScriptingTraits (0ms)
		AnalyzeDomain (165ms)
			TypeCache.Refresh (13ms)
				TypeCache.ScanAssembly (0ms)
			BuildScriptInfoCaches (139ms)
			ResolveRequiredComponents (9ms)
	FinalizeReload (651ms)
		ReleaseScriptCaches (0ms)
		RebuildScriptCaches (0ms)
		SetupLoadedEditorAssemblies (507ms)
			LogAssemblyErrors (0ms)
			InitializePlatformSupportModulesInManaged (4ms)
			SetLoadedEditorAssemblies (3ms)
			BeforeProcessingInitializeOnLoad (109ms)
			ProcessInitializeOnLoadAttributes (307ms)
			ProcessInitializeOnLoadMethodAttributes (77ms)
			AfterProcessingInitializeOnLoad (7ms)
			EditorAssembliesLoaded (0ms)
		ExecutionOrderSort2 (0ms)
		AwakeInstancesAfterBackupRestoration (19ms)
Refreshing native plugins compatible for Editor in 1.25 ms, found 3 plugins.
Preloading 0 native plugins for Editor in 0.00 ms.
Unloading 14 Unused Serialized files (Serialized files now loaded: 0)
Unloading 6460 unused Assets / (4.2 MB). Loaded Objects now: 7507.
Memory consumption went from 159.0 MB to 154.8 MB.
Total: 9.432200 ms (FindLiveObjects: 1.001400 ms CreateObjectMapping: 0.536700 ms MarkObjects: 5.276100 ms  DeleteObjects: 2.617100 ms)

Prepare: number of updated asset objects reloaded= 0
========================================================================
Received Prepare
Begin MonoManager ReloadAssembly
- Loaded All Assemblies, in  0.711 seconds
Refreshing native plugins compatible for Editor in 0.87 ms, found 3 plugins.
Native extension for WindowsStandalone target not found
Native extension for OSXStandalone target not found
Native extension for WebGL target not found
[Package Manager] Failed to launch server process. Reason: Unity was launched with the -noUpm command-line argument
[Package Manager] Unable to send message (not connected to server process).
[Package Manager] Cannot connect to Unity Package Manager local server
[MODES] ModeService[none].Initialize
[MODES] ModeService[none].LoadModes
Mono: successfully reloaded assembly
- Finished resetting the current domain, in  0.643 seconds
Domain Reload Profiling: 1354ms
	BeginReloadAssembly (196ms)
		ExecutionOrderSort (0ms)
		DisableScriptedObjects (6ms)
		BackupInstance (0ms)
		ReleaseScriptingObjects (0ms)
		CreateAndSetChildDomain (46ms)
	RebuildCommonClasses (32ms)
	RebuildNativeTypeToScriptingClass (11ms)
	initialDomainReloadingComplete (28ms)
	LoadAllAssembliesAndSetupDomain (445ms)
		LoadAssemblies (354ms)
		RebuildTransferFunctionScriptingTraits (0ms)
		AnalyzeDomain (176ms)
			TypeCache.Refresh (11ms)
				TypeCache.ScanAssembly (0ms)
			BuildScriptInfoCaches (148ms)
			ResolveRequiredComponents (11ms)
	FinalizeReload (643ms)
		ReleaseScriptCaches (0ms)
		RebuildScriptCaches (0ms)
		SetupLoadedEditorAssemblies (504ms)
			LogAssemblyErrors (0ms)
			InitializePlatformSupportModulesInManaged (4ms)
			SetLoadedEditorAssemblies (3ms)
			BeforeProcessingInitializeOnLoad (110ms)
			ProcessInitializeOnLoadAttributes (304ms)
			ProcessInitializeOnLoadMethodAttributes (76ms)
			AfterProcessingInitializeOnLoad (6ms)
			EditorAssembliesLoaded (0ms)
		ExecutionOrderSort2 (0ms)
		AwakeInstancesAfterBackupRestoration (17ms)
Refreshing native plugins compatible for Editor in 1.32 ms, found 3 plugins.
Preloading 0 native plugins for Editor in 0.00 ms.
Unloading 14 Unused Serialized files (Serialized files now loaded: 0)
Unloading 6460 unused Assets / (4.1 MB). Loaded Objects now: 7509.
Memory consumption went from 159.0 MB to 154.9 MB.
Total: 9.206000 ms (FindLiveObjects: 1.027200 ms CreateObjectMapping: 0.500000 ms MarkObjects: 4.821500 ms  DeleteObjects: 2.856400 ms)

Prepare: number of updated asset objects reloaded= 0
========================================================================
Received Prepare
Refreshing native plugins compatible for Editor in 1.15 ms, found 3 plugins.
Preloading 0 native plugins for Editor in 0.00 ms.
Unloading 14 Unused Serialized files (Serialized files now loaded: 0)
Unloading 6453 unused Assets / (4.2 MB). Loaded Objects now: 7509.
Memory consumption went from 159.2 MB to 155.0 MB.
Total: 9.817000 ms (FindLiveObjects: 1.033700 ms CreateObjectMapping: 0.444700 ms MarkObjects: 5.543200 ms  DeleteObjects: 2.794400 ms)

Prepare: number of updated asset objects reloaded= 0
========================================================================
Received Prepare
Begin MonoManager ReloadAssembly
- Loaded All Assemblies, in  0.725 seconds
Refreshing native plugins compatible for Editor in 0.86 ms, found 3 plugins.
Native extension for WindowsStandalone target not found
Native extension for OSXStandalone target not found
Native extension for WebGL target not found
[Package Manager] Failed to launch server process. Reason: Unity was launched with the -noUpm command-line argument
[Package Manager] Unable to send message (not connected to server process).
[Package Manager] Cannot connect to Unity Package Manager local server
[MODES] ModeService[none].Initialize
[MODES] ModeService[none].LoadModes
Mono: successfully reloaded assembly
- Finished resetting the current domain, in  0.709 seconds
Domain Reload Profiling: 1435ms
	BeginReloadAssembly (196ms)
		ExecutionOrderSort (0ms)
		DisableScriptedObjects (6ms)
		BackupInstance (0ms)
		ReleaseScriptingObjects (0ms)
		CreateAndSetChildDomain (48ms)
	RebuildCommonClasses (31ms)
	RebuildNativeTypeToScriptingClass (11ms)
	initialDomainReloadingComplete (28ms)
	LoadAllAssembliesAndSetupDomain (460ms)
		LoadAssemblies (369ms)
		RebuildTransferFunctionScriptingTraits (0ms)
		AnalyzeDomain (174ms)
			TypeCache.Refresh (12ms)
				TypeCache.ScanAssembly (0ms)
			BuildScriptInfoCaches (144ms)
			ResolveRequiredComponents (13ms)
	FinalizeReload (709ms)
		ReleaseScriptCaches (0ms)
		RebuildScriptCaches (0ms)
		SetupLoadedEditorAssemblies (567ms)
			LogAssemblyErrors (0ms)
			InitializePlatformSupportModulesInManaged (4ms)
			SetLoadedEditorAssemblies (3ms)
			BeforeProcessingInitializeOnLoad (143ms)
			ProcessInitializeOnLoadAttributes (327ms)
			ProcessInitializeOnLoadMethodAttributes (82ms)
			AfterProcessingInitializeOnLoad (7ms)
			EditorAssembliesLoaded (0ms)
		ExecutionOrderSort2 (0ms)
		AwakeInstancesAfterBackupRestoration (20ms)
Refreshing native plugins compatible for Editor in 1.24 ms, found 3 plugins.
Preloading 0 native plugins for Editor in 0.00 ms.
Unloading 14 Unused Serialized files (Serialized files now loaded: 0)
Unloading 6460 unused Assets / (4.1 MB). Loaded Objects now: 7511.
Memory consumption went from 159.1 MB to 155.1 MB.
Total: 10.281000 ms (FindLiveObjects: 1.025900 ms CreateObjectMapping: 0.683600 ms MarkObjects: 5.743900 ms  DeleteObjects: 2.826800 ms)

Prepare: number of updated asset objects reloaded= 0
========================================================================
Received Prepare
Refreshing native plugins compatible for Editor in 1.20 ms, found 3 plugins.
Preloading 0 native plugins for Editor in 0.00 ms.
Unloading 14 Unused Serialized files (Serialized files now loaded: 0)
Unloading 6453 unused Assets / (4.0 MB). Loaded Objects now: 7511.
Memory consumption went from 159.3 MB to 155.3 MB.
Total: 9.115300 ms (FindLiveObjects: 0.849800 ms CreateObjectMapping: 0.517000 ms MarkObjects: 5.131300 ms  DeleteObjects: 2.616400 ms)

Prepare: number of updated asset objects reloaded= 0
========================================================================
Received Prepare
Begin MonoManager ReloadAssembly
- Loaded All Assemblies, in  0.755 seconds
Refreshing native plugins compatible for Editor in 0.92 ms, found 3 plugins.
Native extension for WindowsStandalone target not found
Native extension for OSXStandalone target not found
Native extension for WebGL target not found
[Package Manager] Failed to launch server process. Reason: Unity was launched with the -noUpm command-line argument
[Package Manager] Unable to send message (not connected to server process).
[Package Manager] Cannot connect to Unity Package Manager local server
[MODES] ModeService[none].Initialize
[MODES] ModeService[none].LoadModes
Mono: successfully reloaded assembly
- Finished resetting the current domain, in  0.687 seconds
Domain Reload Profiling: 1443ms
	BeginReloadAssembly (220ms)
		ExecutionOrderSort (0ms)
		DisableScriptedObjects (6ms)
		BackupInstance (0ms)
		ReleaseScriptingObjects (0ms)
		CreateAndSetChildDomain (59ms)
	RebuildCommonClasses (30ms)
	RebuildNativeTypeToScriptingClass (11ms)
	initialDomainReloadingComplete (29ms)
	LoadAllAssembliesAndSetupDomain (465ms)
		LoadAssemblies (376ms)
		RebuildTransferFunctionScriptingTraits (0ms)
		AnalyzeDomain (183ms)
			TypeCache.Refresh (18ms)
				TypeCache.ScanAssembly (1ms)
			BuildScriptInfoCaches (152ms)
			ResolveRequiredComponents (9ms)
	FinalizeReload (688ms)
		ReleaseScriptCaches (0ms)
		RebuildScriptCaches (0ms)
		SetupLoadedEditorAssemblies (535ms)
			LogAssemblyErrors (0ms)
			InitializePlatformSupportModulesInManaged (4ms)
			SetLoadedEditorAssemblies (3ms)
			BeforeProcessingInitializeOnLoad (118ms)
			ProcessInitializeOnLoadAttributes (326ms)
			ProcessInitializeOnLoadMethodAttributes (75ms)
			AfterProcessingInitializeOnLoad (8ms)
			EditorAssembliesLoaded (0ms)
		ExecutionOrderSort2 (0ms)
		AwakeInstancesAfterBackupRestoration (17ms)
Refreshing native plugins compatible for Editor in 1.22 ms, found 3 plugins.
Preloading 0 native plugins for Editor in 0.00 ms.
Unloading 14 Unused Serialized files (Serialized files now loaded: 0)
Unloading 6460 unused Assets / (4.6 MB). Loaded Objects now: 7513.
Memory consumption went from 159.1 MB to 154.5 MB.
Total: 14.718000 ms (FindLiveObjects: 1.078500 ms CreateObjectMapping: 1.018100 ms MarkObjects: 8.188000 ms  DeleteObjects: 4.431300 ms)

Prepare: number of updated asset objects reloaded= 0
========================================================================
Received Prepare
Refreshing native plugins compatible for Editor in 1.06 ms, found 3 plugins.
Preloading 0 native plugins for Editor in 0.00 ms.
Unloading 14 Unused Serialized files (Serialized files now loaded: 0)
Unloading 6453 unused Assets / (4.0 MB). Loaded Objects now: 7513.
Memory consumption went from 159.3 MB to 155.3 MB.
Total: 9.931100 ms (FindLiveObjects: 1.219200 ms CreateObjectMapping: 0.542300 ms MarkObjects: 5.224000 ms  DeleteObjects: 2.945000 ms)

Prepare: number of updated asset objects reloaded= 0
========================================================================
Received Prepare
Begin MonoManager ReloadAssembly
- Loaded All Assemblies, in  0.706 seconds
Refreshing native plugins compatible for Editor in 0.94 ms, found 3 plugins.
Native extension for WindowsStandalone target not found
Native extension for OSXStandalone target not found
Native extension for WebGL target not found
[Package Manager] Failed to launch server process. Reason: Unity was launched with the -noUpm command-line argument
[Package Manager] Unable to send message (not connected to server process).
[Package Manager] Cannot connect to Unity Package Manager local server
[MODES] ModeService[none].Initialize
[MODES] ModeService[none].LoadModes
Mono: successfully reloaded assembly
- Finished resetting the current domain, in  0.665 seconds
Domain Reload Profiling: 1372ms
	BeginReloadAssembly (193ms)
		ExecutionOrderSort (0ms)
		DisableScriptedObjects (5ms)
		BackupInstance (0ms)
		ReleaseScriptingObjects (0ms)
		CreateAndSetChildDomain (44ms)
	RebuildCommonClasses (33ms)
	RebuildNativeTypeToScriptingClass (11ms)
	initialDomainReloadingComplete (29ms)
	LoadAllAssembliesAndSetupDomain (441ms)
		LoadAssemblies (354ms)
		RebuildTransferFunctionScriptingTraits (0ms)
		AnalyzeDomain (173ms)
			TypeCache.Refresh (14ms)
				TypeCache.ScanAssembly (1ms)
			BuildScriptInfoCaches (144ms)
			ResolveRequiredComponents (10ms)
	FinalizeReload (665ms)
		ReleaseScriptCaches (0ms)
		RebuildScriptCaches (0ms)
		SetupLoadedEditorAssemblies (520ms)
			LogAssemblyErrors (0ms)
			InitializePlatformSupportModulesInManaged (4ms)
			SetLoadedEditorAssemblies (3ms)
			BeforeProcessingInitializeOnLoad (116ms)
			ProcessInitializeOnLoadAttributes (302ms)
			ProcessInitializeOnLoadMethodAttributes (88ms)
			AfterProcessingInitializeOnLoad (7ms)
			EditorAssembliesLoaded (0ms)
		ExecutionOrderSort2 (0ms)
		AwakeInstancesAfterBackupRestoration (21ms)
Refreshing native plugins compatible for Editor in 1.16 ms, found 3 plugins.
Preloading 0 native plugins for Editor in 0.00 ms.
Unloading 14 Unused Serialized files (Serialized files now loaded: 0)
Unloading 6460 unused Assets / (4.1 MB). Loaded Objects now: 7515.
Memory consumption went from 159.2 MB to 155.1 MB.
Total: 9.193300 ms (FindLiveObjects: 0.983900 ms CreateObjectMapping: 0.455500 ms MarkObjects: 5.049600 ms  DeleteObjects: 2.703400 ms)

Prepare: number of updated asset objects reloaded= 0
========================================================================
Received Prepare
Begin MonoManager ReloadAssembly
- Loaded All Assemblies, in  0.699 seconds
Refreshing native plugins compatible for Editor in 0.90 ms, found 3 plugins.
Native extension for WindowsStandalone target not found
Native extension for OSXStandalone target not found
Native extension for WebGL target not found
[Package Manager] Failed to launch server process. Reason: Unity was launched with the -noUpm command-line argument
[Package Manager] Unable to send message (not connected to server process).
[Package Manager] Cannot connect to Unity Package Manager local server
[MODES] ModeService[none].Initialize
[MODES] ModeService[none].LoadModes
Mono: successfully reloaded assembly
- Finished resetting the current domain, in  0.635 seconds
Domain Reload Profiling: 1334ms
	BeginReloadAssembly (199ms)
		ExecutionOrderSort (0ms)
		DisableScriptedObjects (6ms)
		BackupInstance (0ms)
		ReleaseScriptingObjects (0ms)
		CreateAndSetChildDomain (46ms)
	RebuildCommonClasses (31ms)
	RebuildNativeTypeToScriptingClass (11ms)
	initialDomainReloadingComplete (28ms)
	LoadAllAssembliesAndSetupDomain (429ms)
		LoadAssemblies (354ms)
		RebuildTransferFunctionScriptingTraits (0ms)
		AnalyzeDomain (163ms)
			TypeCache.Refresh (10ms)
				TypeCache.ScanAssembly (0ms)
			BuildScriptInfoCaches (140ms)
			ResolveRequiredComponents (9ms)
	FinalizeReload (636ms)
		ReleaseScriptCaches (0ms)
		RebuildScriptCaches (0ms)
		SetupLoadedEditorAssemblies (501ms)
			LogAssemblyErrors (0ms)
			InitializePlatformSupportModulesInManaged (4ms)
			SetLoadedEditorAssemblies (3ms)
			BeforeProcessingInitializeOnLoad (108ms)
			ProcessInitializeOnLoadAttributes (302ms)
			ProcessInitializeOnLoadMethodAttributes (77ms)
			AfterProcessingInitializeOnLoad (7ms)
			EditorAssembliesLoaded (0ms)
		ExecutionOrderSort2 (0ms)
		AwakeInstancesAfterBackupRestoration (17ms)
Refreshing native plugins compatible for Editor in 1.24 ms, found 3 plugins.
Preloading 0 native plugins for Editor in 0.00 ms.
Unloading 14 Unused Serialized files (Serialized files now loaded: 0)
Unloading 6460 unused Assets / (4.2 MB). Loaded Objects now: 7517.
Memory consumption went from 159.2 MB to 155.0 MB.
Total: 9.613000 ms (FindLiveObjects: 0.993600 ms CreateObjectMapping: 0.433200 ms MarkObjects: 5.282100 ms  DeleteObjects: 2.903300 ms)

Prepare: number of updated asset objects reloaded= 0
========================================================================
Received Prepare
Refreshing native plugins compatible for Editor in 1.04 ms, found 3 plugins.
Preloading 0 native plugins for Editor in 0.00 ms.
Unloading 14 Unused Serialized files (Serialized files now loaded: 0)
Unloading 6453 unused Assets / (4.2 MB). Loaded Objects now: 7517.
Memory consumption went from 159.4 MB to 155.2 MB.
Total: 9.227000 ms (FindLiveObjects: 1.023900 ms CreateObjectMapping: 0.417400 ms MarkObjects: 4.865600 ms  DeleteObjects: 2.919400 ms)

Prepare: number of updated asset objects reloaded= 0
========================================================================
Received Prepare
Begin MonoManager ReloadAssembly
- Loaded All Assemblies, in  0.721 seconds
Refreshing native plugins compatible for Editor in 0.90 ms, found 3 plugins.
Native extension for WindowsStandalone target not found
Native extension for OSXStandalone target not found
Native extension for WebGL target not found
[Package Manager] Failed to launch server process. Reason: Unity was launched with the -noUpm command-line argument
[Package Manager] Unable to send message (not connected to server process).
[Package Manager] Cannot connect to Unity Package Manager local server
[MODES] ModeService[none].Initialize
[MODES] ModeService[none].LoadModes
Mono: successfully reloaded assembly
- Finished resetting the current domain, in  0.652 seconds
Domain Reload Profiling: 1373ms
	BeginReloadAssembly (200ms)
		ExecutionOrderSort (0ms)
		DisableScriptedObjects (5ms)
		BackupInstance (0ms)
		ReleaseScriptingObjects (0ms)
		CreateAndSetChildDomain (45ms)
	RebuildCommonClasses (31ms)
	RebuildNativeTypeToScriptingClass (12ms)
	initialDomainReloadingComplete (31ms)
	LoadAllAssembliesAndSetupDomain (446ms)
		LoadAssemblies (369ms)
		RebuildTransferFunctionScriptingTraits (0ms)
		AnalyzeDomain (170ms)
			TypeCache.Refresh (12ms)
				TypeCache.ScanAssembly (1ms)
			BuildScriptInfoCaches (145ms)
			ResolveRequiredComponents (10ms)
	FinalizeReload (653ms)
		ReleaseScriptCaches (0ms)
		RebuildScriptCaches (0ms)
		SetupLoadedEditorAssemblies (507ms)
			LogAssemblyErrors (0ms)
			InitializePlatformSupportModulesInManaged (5ms)
			SetLoadedEditorAssemblies (3ms)
			BeforeProcessingInitializeOnLoad (108ms)
			ProcessInitializeOnLoadAttributes (308ms)
			ProcessInitializeOnLoadMethodAttributes (78ms)
			AfterProcessingInitializeOnLoad (6ms)
			EditorAssembliesLoaded (0ms)
		ExecutionOrderSort2 (0ms)
		AwakeInstancesAfterBackupRestoration (17ms)
Refreshing native plugins compatible for Editor in 1.19 ms, found 3 plugins.
Preloading 0 native plugins for Editor in 0.00 ms.
Unloading 14 Unused Serialized files (Serialized files now loaded: 0)
Unloading 6460 unused Assets / (3.9 MB). Loaded Objects now: 7519.
Memory consumption went from 159.3 MB to 155.4 MB.
Total: 8.655700 ms (FindLiveObjects: 0.906800 ms CreateObjectMapping: 0.444200 ms MarkObjects: 4.903000 ms  DeleteObjects: 2.400900 ms)

Prepare: number of updated asset objects reloaded= 0
========================================================================
Received Prepare
Refreshing native plugins compatible for Editor in 1.33 ms, found 3 plugins.
Preloading 0 native plugins for Editor in 0.00 ms.
Unloading 14 Unused Serialized files (Serialized files now loaded: 0)
Unloading 6453 unused Assets / (3.9 MB). Loaded Objects now: 7519.
Memory consumption went from 159.4 MB to 155.5 MB.
Total: 9.675500 ms (FindLiveObjects: 1.110100 ms CreateObjectMapping: 0.535000 ms MarkObjects: 5.322500 ms  DeleteObjects: 2.707300 ms)

Prepare: number of updated asset objects reloaded= 0
========================================================================
Received Prepare
Begin MonoManager ReloadAssembly
- Loaded All Assemblies, in  0.710 seconds
Refreshing native plugins compatible for Editor in 0.98 ms, found 3 plugins.
Native extension for WindowsStandalone target not found
Native extension for OSXStandalone target not found
Native extension for WebGL target not found
[Package Manager] Failed to launch server process. Reason: Unity was launched with the -noUpm command-line argument
[Package Manager] Unable to send message (not connected to server process).
[Package Manager] Cannot connect to Unity Package Manager local server
[MODES] ModeService[none].Initialize
[MODES] ModeService[none].LoadModes
Mono: successfully reloaded assembly
- Finished resetting the current domain, in  0.648 seconds
Domain Reload Profiling: 1358ms
	BeginReloadAssembly (205ms)
		ExecutionOrderSort (0ms)
		DisableScriptedObjects (6ms)
		BackupInstance (0ms)
		ReleaseScriptingObjects (0ms)
		CreateAndSetChildDomain (50ms)
	RebuildCommonClasses (30ms)
	RebuildNativeTypeToScriptingClass (11ms)
	initialDomainReloadingComplete (29ms)
	LoadAllAssembliesAndSetupDomain (434ms)
		LoadAssemblies (361ms)
		RebuildTransferFunctionScriptingTraits (0ms)
		AnalyzeDomain (161ms)
			TypeCache.Refresh (11ms)
				TypeCache.ScanAssembly (1ms)
			BuildScriptInfoCaches (138ms)
			ResolveRequiredComponents (10ms)
	FinalizeReload (649ms)
		ReleaseScriptCaches (0ms)
		RebuildScriptCaches (0ms)
		SetupLoadedEditorAssemblies (508ms)
			LogAssemblyErrors (0ms)
			InitializePlatformSupportModulesInManaged (4ms)
			SetLoadedEditorAssemblies (3ms)
			BeforeProcessingInitializeOnLoad (110ms)
			ProcessInitializeOnLoadAttributes (308ms)
			ProcessInitializeOnLoadMethodAttributes (76ms)
			AfterProcessingInitializeOnLoad (6ms)
			EditorAssembliesLoaded (0ms)
		ExecutionOrderSort2 (0ms)
		AwakeInstancesAfterBackupRestoration (18ms)
Refreshing native plugins compatible for Editor in 0.93 ms, found 3 plugins.
Preloading 0 native plugins for Editor in 0.00 ms.
Unloading 14 Unused Serialized files (Serialized files now loaded: 0)
Unloading 6460 unused Assets / (4.0 MB). Loaded Objects now: 7521.
Memory consumption went from 159.3 MB to 155.3 MB.
Total: 10.096000 ms (FindLiveObjects: 1.100900 ms CreateObjectMapping: 0.928000 ms MarkObjects: 5.253000 ms  DeleteObjects: 2.813200 ms)

Prepare: number of updated asset objects reloaded= 0
========================================================================
Received Prepare
Begin MonoManager ReloadAssembly
- Loaded All Assemblies, in  0.721 seconds
Refreshing native plugins compatible for Editor in 0.80 ms, found 3 plugins.
Native extension for WindowsStandalone target not found
Native extension for OSXStandalone target not found
Native extension for WebGL target not found
[Package Manager] Failed to launch server process. Reason: Unity was launched with the -noUpm command-line argument
[Package Manager] Unable to send message (not connected to server process).
[Package Manager] Cannot connect to Unity Package Manager local server
[MODES] ModeService[none].Initialize
[MODES] ModeService[none].LoadModes
Mono: successfully reloaded assembly
- Finished resetting the current domain, in  0.661 seconds
Domain Reload Profiling: 1382ms
	BeginReloadAssembly (198ms)
		ExecutionOrderSort (0ms)
		DisableScriptedObjects (5ms)
		BackupInstance (0ms)
		ReleaseScriptingObjects (0ms)
		CreateAndSetChildDomain (46ms)
	RebuildCommonClasses (29ms)
	RebuildNativeTypeToScriptingClass (10ms)
	initialDomainReloadingComplete (28ms)
	LoadAllAssembliesAndSetupDomain (455ms)
		LoadAssemblies (353ms)
		RebuildTransferFunctionScriptingTraits (0ms)
		AnalyzeDomain (192ms)
			TypeCache.Refresh (11ms)
				TypeCache.ScanAssembly (0ms)
			BuildScriptInfoCaches (169ms)
			ResolveRequiredComponents (10ms)
	FinalizeReload (662ms)
		ReleaseScriptCaches (0ms)
		RebuildScriptCaches (0ms)
		SetupLoadedEditorAssemblies (516ms)
			LogAssemblyErrors (0ms)
			InitializePlatformSupportModulesInManaged (4ms)
			SetLoadedEditorAssemblies (3ms)
			BeforeProcessingInitializeOnLoad (112ms)
			ProcessInitializeOnLoadAttributes (314ms)
			ProcessInitializeOnLoadMethodAttributes (76ms)
			AfterProcessingInitializeOnLoad (8ms)
			EditorAssembliesLoaded (0ms)
		ExecutionOrderSort2 (0ms)
		AwakeInstancesAfterBackupRestoration (17ms)
Refreshing native plugins compatible for Editor in 0.96 ms, found 3 plugins.
Preloading 0 native plugins for Editor in 0.00 ms.
Unloading 14 Unused Serialized files (Serialized files now loaded: 0)
Unloading 6460 unused Assets / (4.2 MB). Loaded Objects now: 7523.
Memory consumption went from 159.3 MB to 155.2 MB.
Total: 7.988800 ms (FindLiveObjects: 0.945700 ms CreateObjectMapping: 0.395100 ms MarkObjects: 4.434900 ms  DeleteObjects: 2.212400 ms)

Prepare: number of updated asset objects reloaded= 0
========================================================================
Received Prepare
Refreshing native plugins compatible for Editor in 0.99 ms, found 3 plugins.
Preloading 0 native plugins for Editor in 0.00 ms.
Unloading 14 Unused Serialized files (Serialized files now loaded: 0)
Unloading 6453 unused Assets / (4.2 MB). Loaded Objects now: 7523.
Memory consumption went from 159.5 MB to 155.3 MB.
Total: 9.825400 ms (FindLiveObjects: 1.138700 ms CreateObjectMapping: 0.472900 ms MarkObjects: 5.025300 ms  DeleteObjects: 3.187800 ms)

Prepare: number of updated asset objects reloaded= 0
========================================================================
Received Prepare
Begin MonoManager ReloadAssembly
- Loaded All Assemblies, in  0.709 seconds
Refreshing native plugins compatible for Editor in 0.99 ms, found 3 plugins.
Native extension for WindowsStandalone target not found
Native extension for OSXStandalone target not found
Native extension for WebGL target not found
[Package Manager] Failed to launch server process. Reason: Unity was launched with the -noUpm command-line argument
[Package Manager] Unable to send message (not connected to server process).
[Package Manager] Cannot connect to Unity Package Manager local server
[MODES] ModeService[none].Initialize
[MODES] ModeService[none].LoadModes
Mono: successfully reloaded assembly
- Finished resetting the current domain, in  0.648 seconds
Domain Reload Profiling: 1358ms
	BeginReloadAssembly (206ms)
		ExecutionOrderSort (0ms)
		DisableScriptedObjects (6ms)
		BackupInstance (0ms)
		ReleaseScriptingObjects (0ms)
		CreateAndSetChildDomain (55ms)
	RebuildCommonClasses (29ms)
	RebuildNativeTypeToScriptingClass (11ms)
	initialDomainReloadingComplete (28ms)
	LoadAllAssembliesAndSetupDomain (436ms)
		LoadAssemblies (356ms)
		RebuildTransferFunctionScriptingTraits (0ms)
		AnalyzeDomain (166ms)
			TypeCache.Refresh (14ms)
				TypeCache.ScanAssembly (1ms)
			BuildScriptInfoCaches (139ms)
			ResolveRequiredComponents (9ms)
	FinalizeReload (648ms)
		ReleaseScriptCaches (0ms)
		RebuildScriptCaches (0ms)
		SetupLoadedEditorAssemblies (509ms)
			LogAssemblyErrors (0ms)
			InitializePlatformSupportModulesInManaged (4ms)
			SetLoadedEditorAssemblies (3ms)
			BeforeProcessingInitializeOnLoad (107ms)
			ProcessInitializeOnLoadAttributes (309ms)
			ProcessInitializeOnLoadMethodAttributes (79ms)
			AfterProcessingInitializeOnLoad (7ms)
			EditorAssembliesLoaded (0ms)
		ExecutionOrderSort2 (0ms)
		AwakeInstancesAfterBackupRestoration (17ms)
Refreshing native plugins compatible for Editor in 0.92 ms, found 3 plugins.
Preloading 0 native plugins for Editor in 0.00 ms.
Unloading 14 Unused Serialized files (Serialized files now loaded: 0)
Unloading 6460 unused Assets / (4.0 MB). Loaded Objects now: 7525.
Memory consumption went from 159.4 MB to 155.4 MB.
Total: 9.176200 ms (FindLiveObjects: 0.942400 ms CreateObjectMapping: 0.934000 ms MarkObjects: 4.950700 ms  DeleteObjects: 2.348300 ms)

Prepare: number of updated asset objects reloaded= 0
========================================================================
Received Prepare
Refreshing native plugins compatible for Editor in 1.07 ms, found 3 plugins.
Preloading 0 native plugins for Editor in 0.00 ms.
Unloading 14 Unused Serialized files (Serialized files now loaded: 0)
Unloading 6453 unused Assets / (4.1 MB). Loaded Objects now: 7525.
Memory consumption went from 159.6 MB to 155.4 MB.
Total: 9.381900 ms (FindLiveObjects: 1.055300 ms CreateObjectMapping: 0.459100 ms MarkObjects: 4.894100 ms  DeleteObjects: 2.972700 ms)

Prepare: number of updated asset objects reloaded= 0
========================================================================
Received Prepare
Begin MonoManager ReloadAssembly
- Loaded All Assemblies, in  0.688 seconds
Refreshing native plugins compatible for Editor in 0.90 ms, found 3 plugins.
Native extension for WindowsStandalone target not found
Native extension for OSXStandalone target not found
Native extension for WebGL target not found
[Package Manager] Failed to launch server process. Reason: Unity was launched with the -noUpm command-line argument
[Package Manager] Unable to send message (not connected to server process).
[Package Manager] Cannot connect to Unity Package Manager local server
[MODES] ModeService[none].Initialize
[MODES] ModeService[none].LoadModes
Mono: successfully reloaded assembly
- Finished resetting the current domain, in  0.637 seconds
Domain Reload Profiling: 1325ms
	BeginReloadAssembly (199ms)
		ExecutionOrderSort (0ms)
		DisableScriptedObjects (6ms)
		BackupInstance (0ms)
		ReleaseScriptingObjects (0ms)
		CreateAndSetChildDomain (51ms)
	RebuildCommonClasses (31ms)
	RebuildNativeTypeToScriptingClass (11ms)
	initialDomainReloadingComplete (29ms)
	LoadAllAssembliesAndSetupDomain (417ms)
		LoadAssemblies (345ms)
		RebuildTransferFunctionScriptingTraits (0ms)
		AnalyzeDomain (159ms)
			TypeCache.Refresh (10ms)
				TypeCache.ScanAssembly (0ms)
			BuildScriptInfoCaches (135ms)
			ResolveRequiredComponents (9ms)
	FinalizeReload (637ms)
		ReleaseScriptCaches (0ms)
		RebuildScriptCaches (0ms)
		SetupLoadedEditorAssemblies (503ms)
			LogAssemblyErrors (0ms)
			InitializePlatformSupportModulesInManaged (4ms)
			SetLoadedEditorAssemblies (3ms)
			BeforeProcessingInitializeOnLoad (108ms)
			ProcessInitializeOnLoadAttributes (304ms)
			ProcessInitializeOnLoadMethodAttributes (76ms)
			AfterProcessingInitializeOnLoad (8ms)
			EditorAssembliesLoaded (0ms)
		ExecutionOrderSort2 (0ms)
		AwakeInstancesAfterBackupRestoration (16ms)
Refreshing native plugins compatible for Editor in 1.37 ms, found 3 plugins.
Preloading 0 native plugins for Editor in 0.00 ms.
Unloading 14 Unused Serialized files (Serialized files now loaded: 0)
Unloading 6460 unused Assets / (4.1 MB). Loaded Objects now: 7527.
Memory consumption went from 159.3 MB to 155.2 MB.
Total: 9.611400 ms (FindLiveObjects: 1.036500 ms CreateObjectMapping: 0.477800 ms MarkObjects: 5.262500 ms  DeleteObjects: 2.833900 ms)

Prepare: number of updated asset objects reloaded= 0
========================================================================
Received Prepare
Refreshing native plugins compatible for Editor in 1.17 ms, found 3 plugins.
Preloading 0 native plugins for Editor in 0.00 ms.
Unloading 14 Unused Serialized files (Serialized files now loaded: 0)
Unloading 6453 unused Assets / (4.4 MB). Loaded Objects now: 7527.
Memory consumption went from 159.5 MB to 155.1 MB.
Total: 11.467800 ms (FindLiveObjects: 0.895200 ms CreateObjectMapping: 0.362400 ms MarkObjects: 6.195000 ms  DeleteObjects: 4.013800 ms)

Prepare: number of updated asset objects reloaded= 0
========================================================================
Received Prepare
Begin MonoManager ReloadAssembly
- Loaded All Assemblies, in  0.711 seconds
Refreshing native plugins compatible for Editor in 0.90 ms, found 3 plugins.
Native extension for WindowsStandalone target not found
Native extension for OSXStandalone target not found
Native extension for WebGL target not found
[Package Manager] Failed to launch server process. Reason: Unity was launched with the -noUpm command-line argument
[Package Manager] Unable to send message (not connected to server process).
[Package Manager] Cannot connect to Unity Package Manager local server
[MODES] ModeService[none].Initialize
[MODES] ModeService[none].LoadModes
Mono: successfully reloaded assembly
- Finished resetting the current domain, in  0.645 seconds
Domain Reload Profiling: 1356ms
	BeginReloadAssembly (196ms)
		ExecutionOrderSort (0ms)
		DisableScriptedObjects (6ms)
		BackupInstance (0ms)
		ReleaseScriptingObjects (0ms)
		CreateAndSetChildDomain (50ms)
	RebuildCommonClasses (32ms)
	RebuildNativeTypeToScriptingClass (11ms)
	initialDomainReloadingComplete (29ms)
	LoadAllAssembliesAndSetupDomain (442ms)
		LoadAssemblies (355ms)
		RebuildTransferFunctionScriptingTraits (0ms)
		AnalyzeDomain (168ms)
			TypeCache.Refresh (14ms)
				TypeCache.ScanAssembly (0ms)
			BuildScriptInfoCaches (140ms)
			ResolveRequiredComponents (9ms)
	FinalizeReload (645ms)
		ReleaseScriptCaches (0ms)
		RebuildScriptCaches (0ms)
		SetupLoadedEditorAssemblies (502ms)
			LogAssemblyErrors (0ms)
			InitializePlatformSupportModulesInManaged (4ms)
			SetLoadedEditorAssemblies (3ms)
			BeforeProcessingInitializeOnLoad (108ms)
			ProcessInitializeOnLoadAttributes (304ms)
			ProcessInitializeOnLoadMethodAttributes (77ms)
			AfterProcessingInitializeOnLoad (6ms)
			EditorAssembliesLoaded (0ms)
		ExecutionOrderSort2 (0ms)
		AwakeInstancesAfterBackupRestoration (20ms)
Refreshing native plugins compatible for Editor in 1.27 ms, found 3 plugins.
Preloading 0 native plugins for Editor in 0.00 ms.
Unloading 14 Unused Serialized files (Serialized files now loaded: 0)
Unloading 6460 unused Assets / (4.5 MB). Loaded Objects now: 7529.
Memory consumption went from 159.4 MB to 154.9 MB.
Total: 12.203900 ms (FindLiveObjects: 1.573700 ms CreateObjectMapping: 0.735800 ms MarkObjects: 6.719000 ms  DeleteObjects: 3.174000 ms)

Prepare: number of updated asset objects reloaded= 0
========================================================================
Received Prepare
Refreshing native plugins compatible for Editor in 1.29 ms, found 3 plugins.
Preloading 0 native plugins for Editor in 0.00 ms.
Unloading 14 Unused Serialized files (Serialized files now loaded: 0)
Unloading 6453 unused Assets / (4.4 MB). Loaded Objects now: 7529.
Memory consumption went from 159.6 MB to 155.2 MB.
Total: 13.974700 ms (FindLiveObjects: 1.161400 ms CreateObjectMapping: 1.372300 ms MarkObjects: 6.970500 ms  DeleteObjects: 4.468900 ms)

Prepare: number of updated asset objects reloaded= 0
========================================================================
Received Prepare
Begin MonoManager ReloadAssembly
- Loaded All Assemblies, in  0.878 seconds
Refreshing native plugins compatible for Editor in 0.84 ms, found 3 plugins.
Native extension for WindowsStandalone target not found
Native extension for OSXStandalone target not found
Native extension for WebGL target not found
[Package Manager] Failed to launch server process. Reason: Unity was launched with the -noUpm command-line argument
[Package Manager] Unable to send message (not connected to server process).
[Package Manager] Cannot connect to Unity Package Manager local server
[MODES] ModeService[none].Initialize
[MODES] ModeService[none].LoadModes
Mono: successfully reloaded assembly
- Finished resetting the current domain, in  0.677 seconds
Domain Reload Profiling: 1556ms
	BeginReloadAssembly (276ms)
		ExecutionOrderSort (0ms)
		DisableScriptedObjects (6ms)
		BackupInstance (0ms)
		ReleaseScriptingObjects (0ms)
		CreateAndSetChildDomain (54ms)
	RebuildCommonClasses (79ms)
	RebuildNativeTypeToScriptingClass (25ms)
	initialDomainReloadingComplete (27ms)
	LoadAllAssembliesAndSetupDomain (471ms)
		LoadAssemblies (431ms)
		RebuildTransferFunctionScriptingTraits (0ms)
		AnalyzeDomain (192ms)
			TypeCache.Refresh (13ms)
				TypeCache.ScanAssembly (1ms)
			BuildScriptInfoCaches (163ms)
			ResolveRequiredComponents (12ms)
	FinalizeReload (677ms)
		ReleaseScriptCaches (0ms)
		RebuildScriptCaches (0ms)
		SetupLoadedEditorAssemblies (529ms)
			LogAssemblyErrors (0ms)
			InitializePlatformSupportModulesInManaged (5ms)
			SetLoadedEditorAssemblies (3ms)
			BeforeProcessingInitializeOnLoad (124ms)
			ProcessInitializeOnLoadAttributes (310ms)
			ProcessInitializeOnLoadMethodAttributes (77ms)
			AfterProcessingInitializeOnLoad (9ms)
			EditorAssembliesLoaded (0ms)
		ExecutionOrderSort2 (0ms)
		AwakeInstancesAfterBackupRestoration (20ms)
Refreshing native plugins compatible for Editor in 0.97 ms, found 3 plugins.
Preloading 0 native plugins for Editor in 0.00 ms.
Unloading 14 Unused Serialized files (Serialized files now loaded: 0)
Unloading 6460 unused Assets / (4.4 MB). Loaded Objects now: 7531.
Memory consumption went from 159.4 MB to 155.0 MB.
Total: 10.368600 ms (FindLiveObjects: 1.410000 ms CreateObjectMapping: 0.829200 ms MarkObjects: 4.767500 ms  DeleteObjects: 3.361300 ms)

Prepare: number of updated asset objects reloaded= 0
========================================================================
Received Prepare
Refreshing native plugins compatible for Editor in 1.20 ms, found 3 plugins.
Preloading 0 native plugins for Editor in 0.00 ms.
Unloading 14 Unused Serialized files (Serialized files now loaded: 0)
Unloading 6453 unused Assets / (4.4 MB). Loaded Objects now: 7531.
Memory consumption went from 159.6 MB to 155.2 MB.
Total: 11.309700 ms (FindLiveObjects: 1.082000 ms CreateObjectMapping: 0.449400 ms MarkObjects: 5.890200 ms  DeleteObjects: 3.887200 ms)

Prepare: number of updated asset objects reloaded= 0
========================================================================
Received Prepare
Refreshing native plugins compatible for Editor in 1.19 ms, found 3 plugins.
Preloading 0 native plugins for Editor in 0.00 ms.
Unloading 14 Unused Serialized files (Serialized files now loaded: 0)
Unloading 6453 unused Assets / (4.0 MB). Loaded Objects now: 7531.
Memory consumption went from 159.6 MB to 155.6 MB.
Total: 10.558200 ms (FindLiveObjects: 1.160500 ms CreateObjectMapping: 0.578800 ms MarkObjects: 5.844500 ms  DeleteObjects: 2.973700 ms)

Prepare: number of updated asset objects reloaded= 0
========================================================================
Received Prepare
Begin MonoManager ReloadAssembly
- Loaded All Assemblies, in  0.695 seconds
Refreshing native plugins compatible for Editor in 0.82 ms, found 3 plugins.
Native extension for WindowsStandalone target not found
Native extension for OSXStandalone target not found
Native extension for WebGL target not found
[Package Manager] Failed to launch server process. Reason: Unity was launched with the -noUpm command-line argument
[Package Manager] Unable to send message (not connected to server process).
[Package Manager] Cannot connect to Unity Package Manager local server
[MODES] ModeService[none].Initialize
[MODES] ModeService[none].LoadModes
Mono: successfully reloaded assembly
- Finished resetting the current domain, in  0.636 seconds
Domain Reload Profiling: 1332ms
	BeginReloadAssembly (192ms)
		ExecutionOrderSort (0ms)
		DisableScriptedObjects (5ms)
		BackupInstance (0ms)
		ReleaseScriptingObjects (0ms)
		CreateAndSetChildDomain (47ms)
	RebuildCommonClasses (29ms)
	RebuildNativeTypeToScriptingClass (10ms)
	initialDomainReloadingComplete (28ms)
	LoadAllAssembliesAndSetupDomain (436ms)
		LoadAssemblies (348ms)
		RebuildTransferFunctionScriptingTraits (0ms)
		AnalyzeDomain (171ms)
			TypeCache.Refresh (13ms)
				TypeCache.ScanAssembly (1ms)
			BuildScriptInfoCaches (142ms)
			ResolveRequiredComponents (11ms)
	FinalizeReload (636ms)
		ReleaseScriptCaches (0ms)
		RebuildScriptCaches (0ms)
		SetupLoadedEditorAssemblies (496ms)
			LogAssemblyErrors (0ms)
			InitializePlatformSupportModulesInManaged (4ms)
			SetLoadedEditorAssemblies (3ms)
			BeforeProcessingInitializeOnLoad (108ms)
			ProcessInitializeOnLoadAttributes (297ms)
			ProcessInitializeOnLoadMethodAttributes (77ms)
			AfterProcessingInitializeOnLoad (6ms)
			EditorAssembliesLoaded (0ms)
		ExecutionOrderSort2 (0ms)
		AwakeInstancesAfterBackupRestoration (19ms)
Refreshing native plugins compatible for Editor in 1.15 ms, found 3 plugins.
Preloading 0 native plugins for Editor in 0.00 ms.
Unloading 14 Unused Serialized files (Serialized files now loaded: 0)
Unloading 6460 unused Assets / (3.9 MB). Loaded Objects now: 7533.
Memory consumption went from 159.5 MB to 155.6 MB.
Total: 8.671400 ms (FindLiveObjects: 1.103000 ms CreateObjectMapping: 0.466700 ms MarkObjects: 4.653100 ms  DeleteObjects: 2.447900 ms)

Prepare: number of updated asset objects reloaded= 0
========================================================================
Received Prepare
Refreshing native plugins compatible for Editor in 1.24 ms, found 3 plugins.
Preloading 0 native plugins for Editor in 0.00 ms.
Unloading 14 Unused Serialized files (Serialized files now loaded: 0)
Unloading 6453 unused Assets / (4.1 MB). Loaded Objects now: 7533.
Memory consumption went from 159.7 MB to 155.6 MB.
Total: 10.213200 ms (FindLiveObjects: 1.121700 ms CreateObjectMapping: 0.495400 ms MarkObjects: 5.218000 ms  DeleteObjects: 3.377300 ms)

Prepare: number of updated asset objects reloaded= 0
========================================================================
Received Prepare
Refreshing native plugins compatible for Editor in 1.23 ms, found 3 plugins.
Preloading 0 native plugins for Editor in 0.00 ms.
Unloading 14 Unused Serialized files (Serialized files now loaded: 0)
Unloading 6453 unused Assets / (4.1 MB). Loaded Objects now: 7533.
Memory consumption went from 159.7 MB to 155.6 MB.
Total: 10.694700 ms (FindLiveObjects: 1.239400 ms CreateObjectMapping: 0.622600 ms MarkObjects: 5.664500 ms  DeleteObjects: 3.167400 ms)

Prepare: number of updated asset objects reloaded= 0
========================================================================
Received Prepare
Refreshing native plugins compatible for Editor in 1.16 ms, found 3 plugins.
Preloading 0 native plugins for Editor in 0.00 ms.
Unloading 14 Unused Serialized files (Serialized files now loaded: 0)
Unloading 6453 unused Assets / (4.0 MB). Loaded Objects now: 7533.
Memory consumption went from 159.7 MB to 155.7 MB.
Total: 9.431600 ms (FindLiveObjects: 1.110100 ms CreateObjectMapping: 0.457200 ms MarkObjects: 5.124300 ms  DeleteObjects: 2.739300 ms)

Prepare: number of updated asset objects reloaded= 0
========================================================================
Received Prepare
Begin MonoManager ReloadAssembly
- Loaded All Assemblies, in  0.693 seconds
Refreshing native plugins compatible for Editor in 0.97 ms, found 3 plugins.
Native extension for WindowsStandalone target not found
Native extension for OSXStandalone target not found
Native extension for WebGL target not found
[Package Manager] Failed to launch server process. Reason: Unity was launched with the -noUpm command-line argument
[Package Manager] Unable to send message (not connected to server process).
[Package Manager] Cannot connect to Unity Package Manager local server
[MODES] ModeService[none].Initialize
[MODES] ModeService[none].LoadModes
Mono: successfully reloaded assembly
- Finished resetting the current domain, in  0.650 seconds
Domain Reload Profiling: 1343ms
	BeginReloadAssembly (204ms)
		ExecutionOrderSort (0ms)
		DisableScriptedObjects (6ms)
		BackupInstance (0ms)
		ReleaseScriptingObjects (0ms)
		CreateAndSetChildDomain (61ms)
	RebuildCommonClasses (30ms)
	RebuildNativeTypeToScriptingClass (11ms)
	initialDomainReloadingComplete (28ms)
	LoadAllAssembliesAndSetupDomain (420ms)
		LoadAssemblies (338ms)
		RebuildTransferFunctionScriptingTraits (0ms)
		AnalyzeDomain (161ms)
			TypeCache.Refresh (10ms)
				TypeCache.ScanAssembly (0ms)
			BuildScriptInfoCaches (139ms)
			ResolveRequiredComponents (9ms)
	FinalizeReload (650ms)
		ReleaseScriptCaches (0ms)
		RebuildScriptCaches (0ms)
		SetupLoadedEditorAssemblies (502ms)
			LogAssemblyErrors (0ms)
			InitializePlatformSupportModulesInManaged (4ms)
			SetLoadedEditorAssemblies (3ms)
			BeforeProcessingInitializeOnLoad (111ms)
			ProcessInitializeOnLoadAttributes (296ms)
			ProcessInitializeOnLoadMethodAttributes (81ms)
			AfterProcessingInitializeOnLoad (7ms)
			EditorAssembliesLoaded (0ms)
		ExecutionOrderSort2 (0ms)
		AwakeInstancesAfterBackupRestoration (22ms)
Refreshing native plugins compatible for Editor in 1.21 ms, found 3 plugins.
Preloading 0 native plugins for Editor in 0.00 ms.
Unloading 14 Unused Serialized files (Serialized files now loaded: 0)
Unloading 6460 unused Assets / (4.1 MB). Loaded Objects now: 7535.
Memory consumption went from 159.6 MB to 155.5 MB.
Total: 9.222500 ms (FindLiveObjects: 1.026600 ms CreateObjectMapping: 0.409900 ms MarkObjects: 5.190500 ms  DeleteObjects: 2.594700 ms)

Prepare: number of updated asset objects reloaded= 0
========================================================================
Received Prepare
Begin MonoManager ReloadAssembly
- Loaded All Assemblies, in  0.701 seconds
Refreshing native plugins compatible for Editor in 1.24 ms, found 3 plugins.
Native extension for WindowsStandalone target not found
Native extension for OSXStandalone target not found
Native extension for WebGL target not found
[Package Manager] Failed to launch server process. Reason: Unity was launched with the -noUpm command-line argument
[Package Manager] Unable to send message (not connected to server process).
[Package Manager] Cannot connect to Unity Package Manager local server
[MODES] ModeService[none].Initialize
[MODES] ModeService[none].LoadModes
Mono: successfully reloaded assembly
- Finished resetting the current domain, in  0.684 seconds
Domain Reload Profiling: 1386ms
	BeginReloadAssembly (200ms)
		ExecutionOrderSort (0ms)
		DisableScriptedObjects (6ms)
		BackupInstance (0ms)
		ReleaseScriptingObjects (1ms)
		CreateAndSetChildDomain (48ms)
	RebuildCommonClasses (30ms)
	RebuildNativeTypeToScriptingClass (11ms)
	initialDomainReloadingComplete (29ms)
	LoadAllAssembliesAndSetupDomain (431ms)
		LoadAssemblies (343ms)
		RebuildTransferFunctionScriptingTraits (0ms)
		AnalyzeDomain (171ms)
			TypeCache.Refresh (10ms)
				TypeCache.ScanAssembly (0ms)
			BuildScriptInfoCaches (146ms)
			ResolveRequiredComponents (11ms)
	FinalizeReload (684ms)
		ReleaseScriptCaches (0ms)
		RebuildScriptCaches (0ms)
		SetupLoadedEditorAssemblies (533ms)
			LogAssemblyErrors (0ms)
			InitializePlatformSupportModulesInManaged (4ms)
			SetLoadedEditorAssemblies (3ms)
			BeforeProcessingInitializeOnLoad (112ms)
			ProcessInitializeOnLoadAttributes (330ms)
			ProcessInitializeOnLoadMethodAttributes (77ms)
			AfterProcessingInitializeOnLoad (7ms)
			EditorAssembliesLoaded (0ms)
		ExecutionOrderSort2 (0ms)
		AwakeInstancesAfterBackupRestoration (19ms)
Refreshing native plugins compatible for Editor in 1.36 ms, found 3 plugins.
Preloading 0 native plugins for Editor in 0.00 ms.
Unloading 14 Unused Serialized files (Serialized files now loaded: 0)
Unloading 6460 unused Assets / (4.0 MB). Loaded Objects now: 7537.
Memory consumption went from 159.6 MB to 155.6 MB.
Total: 9.535300 ms (FindLiveObjects: 1.009800 ms CreateObjectMapping: 0.479200 ms MarkObjects: 5.176400 ms  DeleteObjects: 2.869400 ms)

Prepare: number of updated asset objects reloaded= 0
========================================================================
Received Prepare
Refreshing native plugins compatible for Editor in 1.12 ms, found 3 plugins.
Preloading 0 native plugins for Editor in 0.00 ms.
Unloading 14 Unused Serialized files (Serialized files now loaded: 0)
Unloading 6453 unused Assets / (4.4 MB). Loaded Objects now: 7537.
Memory consumption went from 159.8 MB to 155.4 MB.
Total: 15.540700 ms (FindLiveObjects: 1.057500 ms CreateObjectMapping: 0.630800 ms MarkObjects: 9.566000 ms  DeleteObjects: 4.284500 ms)

Prepare: number of updated asset objects reloaded= 0
========================================================================
Received Prepare
Begin MonoManager ReloadAssembly
- Loaded All Assemblies, in  0.706 seconds
Refreshing native plugins compatible for Editor in 1.24 ms, found 3 plugins.
Native extension for WindowsStandalone target not found
Native extension for OSXStandalone target not found
Native extension for WebGL target not found
[Package Manager] Failed to launch server process. Reason: Unity was launched with the -noUpm command-line argument
[Package Manager] Unable to send message (not connected to server process).
[Package Manager] Cannot connect to Unity Package Manager local server
[MODES] ModeService[none].Initialize
[MODES] ModeService[none].LoadModes
Mono: successfully reloaded assembly
- Finished resetting the current domain, in  0.628 seconds
Domain Reload Profiling: 1335ms
	BeginReloadAssembly (208ms)
		ExecutionOrderSort (0ms)
		DisableScriptedObjects (6ms)
		BackupInstance (0ms)
		ReleaseScriptingObjects (0ms)
		CreateAndSetChildDomain (50ms)
	RebuildCommonClasses (31ms)
	RebuildNativeTypeToScriptingClass (11ms)
	initialDomainReloadingComplete (29ms)
	LoadAllAssembliesAndSetupDomain (427ms)
		LoadAssemblies (351ms)
		RebuildTransferFunctionScriptingTraits (0ms)
		AnalyzeDomain (170ms)
			TypeCache.Refresh (13ms)
				TypeCache.ScanAssembly (0ms)
			BuildScriptInfoCaches (142ms)
			ResolveRequiredComponents (11ms)
	FinalizeReload (629ms)
		ReleaseScriptCaches (0ms)
		RebuildScriptCaches (0ms)
		SetupLoadedEditorAssemblies (496ms)
			LogAssemblyErrors (0ms)
			InitializePlatformSupportModulesInManaged (4ms)
			SetLoadedEditorAssemblies (3ms)
			BeforeProcessingInitializeOnLoad (107ms)
			ProcessInitializeOnLoadAttributes (301ms)
			ProcessInitializeOnLoadMethodAttributes (73ms)
			AfterProcessingInitializeOnLoad (8ms)
			EditorAssembliesLoaded (0ms)
		ExecutionOrderSort2 (0ms)
		AwakeInstancesAfterBackupRestoration (17ms)
Refreshing native plugins compatible for Editor in 1.18 ms, found 3 plugins.
Preloading 0 native plugins for Editor in 0.00 ms.
Unloading 14 Unused Serialized files (Serialized files now loaded: 0)
Unloading 6460 unused Assets / (4.1 MB). Loaded Objects now: 7539.
Memory consumption went from 159.6 MB to 155.5 MB.
Total: 9.640800 ms (FindLiveObjects: 0.930700 ms CreateObjectMapping: 0.438000 ms MarkObjects: 5.580500 ms  DeleteObjects: 2.690500 ms)

Prepare: number of updated asset objects reloaded= 0
========================================================================
Received Prepare
Begin MonoManager ReloadAssembly
- Loaded All Assemblies, in  0.707 seconds
Refreshing native plugins compatible for Editor in 0.86 ms, found 3 plugins.
Native extension for WindowsStandalone target not found
Native extension for OSXStandalone target not found
Native extension for WebGL target not found
[Package Manager] Failed to launch server process. Reason: Unity was launched with the -noUpm command-line argument
[Package Manager] Unable to send message (not connected to server process).
[Package Manager] Cannot connect to Unity Package Manager local server
[MODES] ModeService[none].Initialize
[MODES] ModeService[none].LoadModes
Mono: successfully reloaded assembly
- Finished resetting the current domain, in  0.646 seconds
Domain Reload Profiling: 1354ms
	BeginReloadAssembly (208ms)
		ExecutionOrderSort (0ms)
		DisableScriptedObjects (6ms)
		BackupInstance (0ms)
		ReleaseScriptingObjects (0ms)
		CreateAndSetChildDomain (47ms)
	RebuildCommonClasses (30ms)
	RebuildNativeTypeToScriptingClass (11ms)
	initialDomainReloadingComplete (29ms)
	LoadAllAssembliesAndSetupDomain (429ms)
		LoadAssemblies (352ms)
		RebuildTransferFunctionScriptingTraits (0ms)
		AnalyzeDomain (165ms)
			TypeCache.Refresh (9ms)
				TypeCache.ScanAssembly (0ms)
			BuildScriptInfoCaches (142ms)
			ResolveRequiredComponents (10ms)
	FinalizeReload (647ms)
		ReleaseScriptCaches (0ms)
		RebuildScriptCaches (0ms)
		SetupLoadedEditorAssemblies (507ms)
			LogAssemblyErrors (0ms)
			InitializePlatformSupportModulesInManaged (4ms)
			SetLoadedEditorAssemblies (3ms)
			BeforeProcessingInitializeOnLoad (107ms)
			ProcessInitializeOnLoadAttributes (310ms)
			ProcessInitializeOnLoadMethodAttributes (76ms)
			AfterProcessingInitializeOnLoad (6ms)
			EditorAssembliesLoaded (0ms)
		ExecutionOrderSort2 (0ms)
		AwakeInstancesAfterBackupRestoration (19ms)
Refreshing native plugins compatible for Editor in 0.98 ms, found 3 plugins.
Preloading 0 native plugins for Editor in 0.00 ms.
Unloading 14 Unused Serialized files (Serialized files now loaded: 0)
Unloading 6460 unused Assets / (4.1 MB). Loaded Objects now: 7541.
Memory consumption went from 159.6 MB to 155.5 MB.
Total: 9.453500 ms (FindLiveObjects: 1.168200 ms CreateObjectMapping: 0.438000 ms MarkObjects: 4.955200 ms  DeleteObjects: 2.891500 ms)

Prepare: number of updated asset objects reloaded= 0
========================================================================
Received Prepare
Refreshing native plugins compatible for Editor in 1.45 ms, found 3 plugins.
Preloading 0 native plugins for Editor in 0.00 ms.
Unloading 14 Unused Serialized files (Serialized files now loaded: 0)
Unloading 6453 unused Assets / (4.0 MB). Loaded Objects now: 7541.
Memory consumption went from 159.8 MB to 155.8 MB.
Total: 10.826900 ms (FindLiveObjects: 1.049200 ms CreateObjectMapping: 0.471200 ms MarkObjects: 5.563700 ms  DeleteObjects: 3.741700 ms)

Prepare: number of updated asset objects reloaded= 0
========================================================================
Received Prepare
Begin MonoManager ReloadAssembly
- Loaded All Assemblies, in  0.910 seconds
Refreshing native plugins compatible for Editor in 0.82 ms, found 3 plugins.
Native extension for WindowsStandalone target not found
Native extension for OSXStandalone target not found
Native extension for WebGL target not found
[Package Manager] Failed to launch server process. Reason: Unity was launched with the -noUpm command-line argument
[Package Manager] Unable to send message (not connected to server process).
[Package Manager] Cannot connect to Unity Package Manager local server
[MODES] ModeService[none].Initialize
[MODES] ModeService[none].LoadModes
Mono: successfully reloaded assembly
- Finished resetting the current domain, in  0.670 seconds
Domain Reload Profiling: 1573ms
	BeginReloadAssembly (264ms)
		ExecutionOrderSort (0ms)
		DisableScriptedObjects (5ms)
		BackupInstance (0ms)
		ReleaseScriptingObjects (0ms)
		CreateAndSetChildDomain (88ms)
	RebuildCommonClasses (82ms)
	RebuildNativeTypeToScriptingClass (26ms)
	initialDomainReloadingComplete (63ms)
	LoadAllAssembliesAndSetupDomain (467ms)
		LoadAssemblies (388ms)
		RebuildTransferFunctionScriptingTraits (0ms)
		AnalyzeDomain (181ms)
			TypeCache.Refresh (12ms)
				TypeCache.ScanAssembly (1ms)
			BuildScriptInfoCaches (157ms)
			ResolveRequiredComponents (9ms)
	FinalizeReload (671ms)
		ReleaseScriptCaches (0ms)
		RebuildScriptCaches (0ms)
		SetupLoadedEditorAssemblies (525ms)
			LogAssemblyErrors (0ms)
			InitializePlatformSupportModulesInManaged (4ms)
			SetLoadedEditorAssemblies (3ms)
			BeforeProcessingInitializeOnLoad (108ms)
			ProcessInitializeOnLoadAttributes (325ms)
			ProcessInitializeOnLoadMethodAttributes (77ms)
			AfterProcessingInitializeOnLoad (7ms)
			EditorAssembliesLoaded (0ms)
		ExecutionOrderSort2 (0ms)
		AwakeInstancesAfterBackupRestoration (19ms)
Refreshing native plugins compatible for Editor in 1.37 ms, found 3 plugins.
Preloading 0 native plugins for Editor in 0.00 ms.
Unloading 14 Unused Serialized files (Serialized files now loaded: 0)
Unloading 6460 unused Assets / (4.3 MB). Loaded Objects now: 7543.
Memory consumption went from 159.6 MB to 155.3 MB.
Total: 11.470300 ms (FindLiveObjects: 1.035600 ms CreateObjectMapping: 1.195800 ms MarkObjects: 5.837600 ms  DeleteObjects: 3.400200 ms)

Prepare: number of updated asset objects reloaded= 0
========================================================================
Received Prepare
Refreshing native plugins compatible for Editor in 1.04 ms, found 3 plugins.
Preloading 0 native plugins for Editor in 0.00 ms.
Unloading 14 Unused Serialized files (Serialized files now loaded: 0)
Unloading 6453 unused Assets / (3.9 MB). Loaded Objects now: 7543.
Memory consumption went from 159.8 MB to 155.9 MB.
Total: 8.163400 ms (FindLiveObjects: 0.950000 ms CreateObjectMapping: 0.413700 ms MarkObjects: 4.385300 ms  DeleteObjects: 2.413500 ms)

Prepare: number of updated asset objects reloaded= 0
========================================================================
Received Prepare
Begin MonoManager ReloadAssembly
- Loaded All Assemblies, in  0.747 seconds
Refreshing native plugins compatible for Editor in 0.82 ms, found 3 plugins.
Native extension for WindowsStandalone target not found
Native extension for OSXStandalone target not found
Native extension for WebGL target not found
[Package Manager] Failed to launch server process. Reason: Unity was launched with the -noUpm command-line argument
[Package Manager] Unable to send message (not connected to server process).
[Package Manager] Cannot connect to Unity Package Manager local server
[MODES] ModeService[none].Initialize
[MODES] ModeService[none].LoadModes
Mono: successfully reloaded assembly
- Finished resetting the current domain, in  0.659 seconds
Domain Reload Profiling: 1407ms
	BeginReloadAssembly (216ms)
		ExecutionOrderSort (0ms)
		DisableScriptedObjects (6ms)
		BackupInstance (0ms)
		ReleaseScriptingObjects (0ms)
		CreateAndSetChildDomain (55ms)
	RebuildCommonClasses (33ms)
	RebuildNativeTypeToScriptingClass (12ms)
	initialDomainReloadingComplete (30ms)
	LoadAllAssembliesAndSetupDomain (457ms)
		LoadAssemblies (366ms)
		RebuildTransferFunctionScriptingTraits (0ms)
		AnalyzeDomain (185ms)
			TypeCache.Refresh (14ms)
				TypeCache.ScanAssembly (1ms)
			BuildScriptInfoCaches (158ms)
			ResolveRequiredComponents (10ms)
	FinalizeReload (660ms)
		ReleaseScriptCaches (0ms)
		RebuildScriptCaches (0ms)
		SetupLoadedEditorAssemblies (515ms)
			LogAssemblyErrors (0ms)
			InitializePlatformSupportModulesInManaged (4ms)
			SetLoadedEditorAssemblies (3ms)
			BeforeProcessingInitializeOnLoad (113ms)
			ProcessInitializeOnLoadAttributes (313ms)
			ProcessInitializeOnLoadMethodAttributes (76ms)
			AfterProcessingInitializeOnLoad (6ms)
			EditorAssembliesLoaded (0ms)
		ExecutionOrderSort2 (0ms)
		AwakeInstancesAfterBackupRestoration (19ms)
Refreshing native plugins compatible for Editor in 0.93 ms, found 3 plugins.
Preloading 0 native plugins for Editor in 0.00 ms.
Unloading 14 Unused Serialized files (Serialized files now loaded: 0)
Unloading 6460 unused Assets / (4.1 MB). Loaded Objects now: 7545.
Memory consumption went from 159.7 MB to 155.6 MB.
Total: 9.963500 ms (FindLiveObjects: 1.148100 ms CreateObjectMapping: 0.423000 ms MarkObjects: 5.703200 ms  DeleteObjects: 2.688600 ms)

Prepare: number of updated asset objects reloaded= 0
========================================================================
Received Prepare
Refreshing native plugins compatible for Editor in 1.14 ms, found 3 plugins.
Preloading 0 native plugins for Editor in 0.00 ms.
Unloading 14 Unused Serialized files (Serialized files now loaded: 0)
Unloading 6453 unused Assets / (4.1 MB). Loaded Objects now: 7545.
Memory consumption went from 159.8 MB to 155.7 MB.
Total: 9.457000 ms (FindLiveObjects: 1.005000 ms CreateObjectMapping: 0.435300 ms MarkObjects: 5.107100 ms  DeleteObjects: 2.908700 ms)

Prepare: number of updated asset objects reloaded= 0
========================================================================
Received Prepare
Begin MonoManager ReloadAssembly
- Loaded All Assemblies, in  0.696 seconds
Refreshing native plugins compatible for Editor in 1.49 ms, found 3 plugins.
Native extension for WindowsStandalone target not found
Native extension for OSXStandalone target not found
Native extension for WebGL target not found
[Package Manager] Failed to launch server process. Reason: Unity was launched with the -noUpm command-line argument
[Package Manager] Unable to send message (not connected to server process).
[Package Manager] Cannot connect to Unity Package Manager local server
[MODES] ModeService[none].Initialize
[MODES] ModeService[none].LoadModes
Mono: successfully reloaded assembly
- Finished resetting the current domain, in  0.656 seconds
Domain Reload Profiling: 1352ms
	BeginReloadAssembly (196ms)
		ExecutionOrderSort (0ms)
		DisableScriptedObjects (5ms)
		BackupInstance (0ms)
		ReleaseScriptingObjects (0ms)
		CreateAndSetChildDomain (51ms)
	RebuildCommonClasses (30ms)
	RebuildNativeTypeToScriptingClass (11ms)
	initialDomainReloadingComplete (27ms)
	LoadAllAssembliesAndSetupDomain (433ms)
		LoadAssemblies (350ms)
		RebuildTransferFunctionScriptingTraits (0ms)
		AnalyzeDomain (166ms)
			TypeCache.Refresh (13ms)
				TypeCache.ScanAssembly (0ms)
			BuildScriptInfoCaches (140ms)
			ResolveRequiredComponents (9ms)
	FinalizeReload (656ms)
		ReleaseScriptCaches (0ms)
		RebuildScriptCaches (0ms)
		SetupLoadedEditorAssemblies (499ms)
			LogAssemblyErrors (0ms)
			InitializePlatformSupportModulesInManaged (4ms)
			SetLoadedEditorAssemblies (3ms)
			BeforeProcessingInitializeOnLoad (109ms)
			ProcessInitializeOnLoadAttributes (303ms)
			ProcessInitializeOnLoadMethodAttributes (73ms)
			AfterProcessingInitializeOnLoad (7ms)
			EditorAssembliesLoaded (0ms)
		ExecutionOrderSort2 (0ms)
		AwakeInstancesAfterBackupRestoration (18ms)
Refreshing native plugins compatible for Editor in 1.18 ms, found 3 plugins.
Preloading 0 native plugins for Editor in 0.00 ms.
Unloading 14 Unused Serialized files (Serialized files now loaded: 0)
Unloading 6460 unused Assets / (3.9 MB). Loaded Objects now: 7547.
Memory consumption went from 159.8 MB to 155.8 MB.
Total: 8.685700 ms (FindLiveObjects: 0.888700 ms CreateObjectMapping: 0.607400 ms MarkObjects: 4.720000 ms  DeleteObjects: 2.468700 ms)

Prepare: number of updated asset objects reloaded= 0
========================================================================
Received Prepare
Refreshing native plugins compatible for Editor in 1.30 ms, found 3 plugins.
Preloading 0 native plugins for Editor in 0.00 ms.
Unloading 14 Unused Serialized files (Serialized files now loaded: 0)
Unloading 6453 unused Assets / (4.1 MB). Loaded Objects now: 7547.
Memory consumption went from 159.9 MB to 155.8 MB.
Total: 10.258900 ms (FindLiveObjects: 1.090900 ms CreateObjectMapping: 0.426800 ms MarkObjects: 5.850100 ms  DeleteObjects: 2.890100 ms)

Prepare: number of updated asset objects reloaded= 0
========================================================================
Received Prepare
Begin MonoManager ReloadAssembly
- Loaded All Assemblies, in  0.720 seconds
Refreshing native plugins compatible for Editor in 0.90 ms, found 3 plugins.
Native extension for WindowsStandalone target not found
Native extension for OSXStandalone target not found
Native extension for WebGL target not found
[Package Manager] Failed to launch server process. Reason: Unity was launched with the -noUpm command-line argument
[Package Manager] Unable to send message (not connected to server process).
[Package Manager] Cannot connect to Unity Package Manager local server
[MODES] ModeService[none].Initialize
[MODES] ModeService[none].LoadModes
Mono: successfully reloaded assembly
- Finished resetting the current domain, in  0.689 seconds
Domain Reload Profiling: 1410ms
	BeginReloadAssembly (196ms)
		ExecutionOrderSort (0ms)
		DisableScriptedObjects (5ms)
		BackupInstance (0ms)
		ReleaseScriptingObjects (0ms)
		CreateAndSetChildDomain (50ms)
	RebuildCommonClasses (29ms)
	RebuildNativeTypeToScriptingClass (11ms)
	initialDomainReloadingComplete (28ms)
	LoadAllAssembliesAndSetupDomain (456ms)
		LoadAssemblies (348ms)
		RebuildTransferFunctionScriptingTraits (0ms)
		AnalyzeDomain (190ms)
			TypeCache.Refresh (14ms)
				TypeCache.ScanAssembly (0ms)
			BuildScriptInfoCaches (158ms)
			ResolveRequiredComponents (13ms)
	FinalizeReload (689ms)
		ReleaseScriptCaches (0ms)
		RebuildScriptCaches (0ms)
		SetupLoadedEditorAssemblies (543ms)
			LogAssemblyErrors (0ms)
			InitializePlatformSupportModulesInManaged (4ms)
			SetLoadedEditorAssemblies (3ms)
			BeforeProcessingInitializeOnLoad (114ms)
			ProcessInitializeOnLoadAttributes (321ms)
			ProcessInitializeOnLoadMethodAttributes (93ms)
			AfterProcessingInitializeOnLoad (6ms)
			EditorAssembliesLoaded (0ms)
		ExecutionOrderSort2 (0ms)
		AwakeInstancesAfterBackupRestoration (21ms)
Refreshing native plugins compatible for Editor in 1.18 ms, found 3 plugins.
Preloading 0 native plugins for Editor in 0.00 ms.
Unloading 14 Unused Serialized files (Serialized files now loaded: 0)
Unloading 6460 unused Assets / (4.1 MB). Loaded Objects now: 7549.
Memory consumption went from 159.8 MB to 155.7 MB.
Total: 8.959100 ms (FindLiveObjects: 0.940100 ms CreateObjectMapping: 0.441600 ms MarkObjects: 4.914500 ms  DeleteObjects: 2.662100 ms)

Prepare: number of updated asset objects reloaded= 0
========================================================================
Received Prepare
Refreshing native plugins compatible for Editor in 1.31 ms, found 3 plugins.
Preloading 0 native plugins for Editor in 0.00 ms.
Unloading 14 Unused Serialized files (Serialized files now loaded: 0)
Unloading 6453 unused Assets / (4.1 MB). Loaded Objects now: 7549.
Memory consumption went from 160.0 MB to 155.9 MB.
Total: 10.039600 ms (FindLiveObjects: 1.064400 ms CreateObjectMapping: 0.707600 ms MarkObjects: 5.049100 ms  DeleteObjects: 3.217700 ms)

Prepare: number of updated asset objects reloaded= 0
========================================================================
Received Prepare
Begin MonoManager ReloadAssembly
- Loaded All Assemblies, in  0.704 seconds
Refreshing native plugins compatible for Editor in 0.91 ms, found 3 plugins.
Native extension for WindowsStandalone target not found
Native extension for OSXStandalone target not found
Native extension for WebGL target not found
[Package Manager] Failed to launch server process. Reason: Unity was launched with the -noUpm command-line argument
[Package Manager] Unable to send message (not connected to server process).
[Package Manager] Cannot connect to Unity Package Manager local server
[MODES] ModeService[none].Initialize
[MODES] ModeService[none].LoadModes
Mono: successfully reloaded assembly
- Finished resetting the current domain, in  0.671 seconds
Domain Reload Profiling: 1377ms
	BeginReloadAssembly (202ms)
		ExecutionOrderSort (0ms)
		DisableScriptedObjects (6ms)
		BackupInstance (0ms)
		ReleaseScriptingObjects (0ms)
		CreateAndSetChildDomain (51ms)
	RebuildCommonClasses (30ms)
	RebuildNativeTypeToScriptingClass (11ms)
	initialDomainReloadingComplete (28ms)
	LoadAllAssembliesAndSetupDomain (436ms)
		LoadAssemblies (351ms)
		RebuildTransferFunctionScriptingTraits (0ms)
		AnalyzeDomain (169ms)
			TypeCache.Refresh (14ms)
				TypeCache.ScanAssembly (0ms)
			BuildScriptInfoCaches (142ms)
			ResolveRequiredComponents (9ms)
	FinalizeReload (671ms)
		ReleaseScriptCaches (0ms)
		RebuildScriptCaches (0ms)
		SetupLoadedEditorAssemblies (524ms)
			LogAssemblyErrors (0ms)
			InitializePlatformSupportModulesInManaged (4ms)
			SetLoadedEditorAssemblies (3ms)
			BeforeProcessingInitializeOnLoad (109ms)
			ProcessInitializeOnLoadAttributes (319ms)
			ProcessInitializeOnLoadMethodAttributes (81ms)
			AfterProcessingInitializeOnLoad (7ms)
			EditorAssembliesLoaded (0ms)
		ExecutionOrderSort2 (0ms)
		AwakeInstancesAfterBackupRestoration (19ms)
Refreshing native plugins compatible for Editor in 0.96 ms, found 3 plugins.
Preloading 0 native plugins for Editor in 0.00 ms.
Unloading 14 Unused Serialized files (Serialized files now loaded: 0)
Unloading 6460 unused Assets / (4.2 MB). Loaded Objects now: 7551.
Memory consumption went from 159.8 MB to 155.6 MB.
Total: 9.675800 ms (FindLiveObjects: 1.060200 ms CreateObjectMapping: 0.434600 ms MarkObjects: 5.069000 ms  DeleteObjects: 3.111300 ms)

Prepare: number of updated asset objects reloaded= 0
========================================================================
Received Prepare
Begin MonoManager ReloadAssembly
- Loaded All Assemblies, in  0.703 seconds
Refreshing native plugins compatible for Editor in 0.91 ms, found 3 plugins.
Native extension for WindowsStandalone target not found
Native extension for OSXStandalone target not found
Native extension for WebGL target not found
[Package Manager] Failed to launch server process. Reason: Unity was launched with the -noUpm command-line argument
[Package Manager] Unable to send message (not connected to server process).
[Package Manager] Cannot connect to Unity Package Manager local server
[MODES] ModeService[none].Initialize
[MODES] ModeService[none].LoadModes
Mono: successfully reloaded assembly
- Finished resetting the current domain, in  0.648 seconds
Domain Reload Profiling: 1352ms
	BeginReloadAssembly (193ms)
		ExecutionOrderSort (0ms)
		DisableScriptedObjects (5ms)
		BackupInstance (0ms)
		ReleaseScriptingObjects (0ms)
		CreateAndSetChildDomain (50ms)
	RebuildCommonClasses (33ms)
	RebuildNativeTypeToScriptingClass (11ms)
	initialDomainReloadingComplete (28ms)
	LoadAllAssembliesAndSetupDomain (439ms)
		LoadAssemblies (348ms)
		RebuildTransferFunctionScriptingTraits (0ms)
		AnalyzeDomain (169ms)
			TypeCache.Refresh (11ms)
				TypeCache.ScanAssembly (0ms)
			BuildScriptInfoCaches (144ms)
			ResolveRequiredComponents (10ms)
	FinalizeReload (649ms)
		ReleaseScriptCaches (0ms)
		RebuildScriptCaches (0ms)
		SetupLoadedEditorAssemblies (507ms)
			LogAssemblyErrors (0ms)
			InitializePlatformSupportModulesInManaged (4ms)
			SetLoadedEditorAssemblies (3ms)
			BeforeProcessingInitializeOnLoad (109ms)
			ProcessInitializeOnLoadAttributes (308ms)
			ProcessInitializeOnLoadMethodAttributes (76ms)
			AfterProcessingInitializeOnLoad (7ms)
			EditorAssembliesLoaded (0ms)
		ExecutionOrderSort2 (0ms)
		AwakeInstancesAfterBackupRestoration (19ms)
Refreshing native plugins compatible for Editor in 0.90 ms, found 3 plugins.
Preloading 0 native plugins for Editor in 0.00 ms.
Unloading 14 Unused Serialized files (Serialized files now loaded: 0)
Unloading 6460 unused Assets / (4.3 MB). Loaded Objects now: 7553.
Memory consumption went from 159.9 MB to 155.6 MB.
Total: 9.517800 ms (FindLiveObjects: 1.089900 ms CreateObjectMapping: 0.516300 ms MarkObjects: 4.787000 ms  DeleteObjects: 3.124000 ms)

Prepare: number of updated asset objects reloaded= 0
========================================================================
Received Prepare
Begin MonoManager ReloadAssembly
- Loaded All Assemblies, in  0.687 seconds
Refreshing native plugins compatible for Editor in 0.86 ms, found 3 plugins.
Native extension for WindowsStandalone target not found
Native extension for OSXStandalone target not found
Native extension for WebGL target not found
[Package Manager] Failed to launch server process. Reason: Unity was launched with the -noUpm command-line argument
[Package Manager] Unable to send message (not connected to server process).
[Package Manager] Cannot connect to Unity Package Manager local server
[MODES] ModeService[none].Initialize
[MODES] ModeService[none].LoadModes
Mono: successfully reloaded assembly
- Finished resetting the current domain, in  0.643 seconds
Domain Reload Profiling: 1332ms
	BeginReloadAssembly (195ms)
		ExecutionOrderSort (0ms)
		DisableScriptedObjects (6ms)
		BackupInstance (0ms)
		ReleaseScriptingObjects (0ms)
		CreateAndSetChildDomain (49ms)
	RebuildCommonClasses (31ms)
	RebuildNativeTypeToScriptingClass (12ms)
	initialDomainReloadingComplete (29ms)
	LoadAllAssembliesAndSetupDomain (422ms)
		LoadAssemblies (343ms)
		RebuildTransferFunctionScriptingTraits (0ms)
		AnalyzeDomain (160ms)
			TypeCache.Refresh (8ms)
				TypeCache.ScanAssembly (0ms)
			BuildScriptInfoCaches (139ms)
			ResolveRequiredComponents (9ms)
	FinalizeReload (644ms)
		ReleaseScriptCaches (0ms)
		RebuildScriptCaches (0ms)
		SetupLoadedEditorAssemblies (506ms)
			LogAssemblyErrors (0ms)
			InitializePlatformSupportModulesInManaged (4ms)
			SetLoadedEditorAssemblies (3ms)
			BeforeProcessingInitializeOnLoad (110ms)
			ProcessInitializeOnLoadAttributes (307ms)
			ProcessInitializeOnLoadMethodAttributes (76ms)
			AfterProcessingInitializeOnLoad (7ms)
			EditorAssembliesLoaded (0ms)
		ExecutionOrderSort2 (0ms)
		AwakeInstancesAfterBackupRestoration (18ms)
Refreshing native plugins compatible for Editor in 1.10 ms, found 3 plugins.
Preloading 0 native plugins for Editor in 0.00 ms.
Unloading 14 Unused Serialized files (Serialized files now loaded: 0)
Unloading 6460 unused Assets / (4.4 MB). Loaded Objects now: 7555.
Memory consumption went from 159.9 MB to 155.6 MB.
Total: 10.079100 ms (FindLiveObjects: 0.948400 ms CreateObjectMapping: 0.660000 ms MarkObjects: 5.400000 ms  DeleteObjects: 3.069700 ms)

Prepare: number of updated asset objects reloaded= 0
========================================================================
Received Prepare
Refreshing native plugins compatible for Editor in 1.30 ms, found 3 plugins.
Preloading 0 native plugins for Editor in 0.00 ms.
Unloading 14 Unused Serialized files (Serialized files now loaded: 0)
Unloading 6453 unused Assets / (4.0 MB). Loaded Objects now: 7555.
Memory consumption went from 160.1 MB to 156.1 MB.
Total: 9.455200 ms (FindLiveObjects: 1.044000 ms CreateObjectMapping: 0.463200 ms MarkObjects: 4.930500 ms  DeleteObjects: 3.016600 ms)

Prepare: number of updated asset objects reloaded= 0
========================================================================
Received Prepare
Refreshing native plugins compatible for Editor in 1.16 ms, found 3 plugins.
Preloading 0 native plugins for Editor in 0.00 ms.
Unloading 14 Unused Serialized files (Serialized files now loaded: 0)
Unloading 6453 unused Assets / (4.3 MB). Loaded Objects now: 7555.
Memory consumption went from 160.1 MB to 155.8 MB.
Total: 9.636800 ms (FindLiveObjects: 1.064000 ms CreateObjectMapping: 0.406300 ms MarkObjects: 5.510700 ms  DeleteObjects: 2.654800 ms)

Prepare: number of updated asset objects reloaded= 0
========================================================================
Received Prepare
Begin MonoManager ReloadAssembly
- Loaded All Assemblies, in  0.770 seconds
Refreshing native plugins compatible for Editor in 0.79 ms, found 3 plugins.
Native extension for WindowsStandalone target not found
Native extension for OSXStandalone target not found
Native extension for WebGL target not found
[Package Manager] Failed to launch server process. Reason: Unity was launched with the -noUpm command-line argument
[Package Manager] Unable to send message (not connected to server process).
[Package Manager] Cannot connect to Unity Package Manager local server
[MODES] ModeService[none].Initialize
[MODES] ModeService[none].LoadModes
Mono: successfully reloaded assembly
- Finished resetting the current domain, in  0.656 seconds
Domain Reload Profiling: 1427ms
	BeginReloadAssembly (198ms)
		ExecutionOrderSort (0ms)
		DisableScriptedObjects (5ms)
		BackupInstance (0ms)
		ReleaseScriptingObjects (0ms)
		CreateAndSetChildDomain (48ms)
	RebuildCommonClasses (30ms)
	RebuildNativeTypeToScriptingClass (11ms)
	initialDomainReloadingComplete (32ms)
	LoadAllAssembliesAndSetupDomain (500ms)
		LoadAssemblies (386ms)
		RebuildTransferFunctionScriptingTraits (0ms)
		AnalyzeDomain (198ms)
			TypeCache.Refresh (16ms)
				TypeCache.ScanAssembly (0ms)
			BuildScriptInfoCaches (168ms)
			ResolveRequiredComponents (9ms)
	FinalizeReload (656ms)
		ReleaseScriptCaches (0ms)
		RebuildScriptCaches (0ms)
		SetupLoadedEditorAssemblies (517ms)
			LogAssemblyErrors (0ms)
			InitializePlatformSupportModulesInManaged (4ms)
			SetLoadedEditorAssemblies (4ms)
			BeforeProcessingInitializeOnLoad (113ms)
			ProcessInitializeOnLoadAttributes (310ms)
			ProcessInitializeOnLoadMethodAttributes (80ms)
			AfterProcessingInitializeOnLoad (6ms)
			EditorAssembliesLoaded (0ms)
		ExecutionOrderSort2 (0ms)
		AwakeInstancesAfterBackupRestoration (16ms)
Refreshing native plugins compatible for Editor in 0.93 ms, found 3 plugins.
Preloading 0 native plugins for Editor in 0.00 ms.
Unloading 14 Unused Serialized files (Serialized files now loaded: 0)
Unloading 6460 unused Assets / (4.3 MB). Loaded Objects now: 7557.
Memory consumption went from 159.9 MB to 155.7 MB.
Total: 7.887800 ms (FindLiveObjects: 0.909800 ms CreateObjectMapping: 0.359100 ms MarkObjects: 4.338900 ms  DeleteObjects: 2.279400 ms)

Prepare: number of updated asset objects reloaded= 0
========================================================================
Received Prepare
Begin MonoManager ReloadAssembly
- Loaded All Assemblies, in  0.703 seconds
Refreshing native plugins compatible for Editor in 0.85 ms, found 3 plugins.
Native extension for WindowsStandalone target not found
Native extension for OSXStandalone target not found
Native extension for WebGL target not found
[Package Manager] Failed to launch server process. Reason: Unity was launched with the -noUpm command-line argument
[Package Manager] Unable to send message (not connected to server process).
[Package Manager] Cannot connect to Unity Package Manager local server
[MODES] ModeService[none].Initialize
[MODES] ModeService[none].LoadModes
Mono: successfully reloaded assembly
- Finished resetting the current domain, in  0.645 seconds
Domain Reload Profiling: 1351ms
	BeginReloadAssembly (195ms)
		ExecutionOrderSort (0ms)
		DisableScriptedObjects (6ms)
		BackupInstance (0ms)
		ReleaseScriptingObjects (0ms)
		CreateAndSetChildDomain (51ms)
	RebuildCommonClasses (31ms)
	RebuildNativeTypeToScriptingClass (11ms)
	initialDomainReloadingComplete (28ms)
	LoadAllAssembliesAndSetupDomain (440ms)
		LoadAssemblies (347ms)
		RebuildTransferFunctionScriptingTraits (0ms)
		AnalyzeDomain (174ms)
			TypeCache.Refresh (11ms)
				TypeCache.ScanAssembly (0ms)
			BuildScriptInfoCaches (148ms)
			ResolveRequiredComponents (12ms)
	FinalizeReload (646ms)
		ReleaseScriptCaches (0ms)
		RebuildScriptCaches (0ms)
		SetupLoadedEditorAssemblies (504ms)
			LogAssemblyErrors (0ms)
			InitializePlatformSupportModulesInManaged (4ms)
			SetLoadedEditorAssemblies (3ms)
			BeforeProcessingInitializeOnLoad (109ms)
			ProcessInitializeOnLoadAttributes (300ms)
			ProcessInitializeOnLoadMethodAttributes (82ms)
			AfterProcessingInitializeOnLoad (6ms)
			EditorAssembliesLoaded (0ms)
		ExecutionOrderSort2 (0ms)
		AwakeInstancesAfterBackupRestoration (18ms)
Refreshing native plugins compatible for Editor in 0.99 ms, found 3 plugins.
Preloading 0 native plugins for Editor in 0.00 ms.
Unloading 14 Unused Serialized files (Serialized files now loaded: 0)
Unloading 6460 unused Assets / (3.9 MB). Loaded Objects now: 7559.
Memory consumption went from 160.0 MB to 156.1 MB.
Total: 8.518200 ms (FindLiveObjects: 0.957000 ms CreateObjectMapping: 0.497300 ms MarkObjects: 4.850400 ms  DeleteObjects: 2.212800 ms)

Prepare: number of updated asset objects reloaded= 0
========================================================================
Received Prepare
Refreshing native plugins compatible for Editor in 1.27 ms, found 3 plugins.
Preloading 0 native plugins for Editor in 0.00 ms.
Unloading 14 Unused Serialized files (Serialized files now loaded: 0)
Unloading 6453 unused Assets / (4.2 MB). Loaded Objects now: 7559.
Memory consumption went from 160.1 MB to 156.0 MB.
Total: 9.494800 ms (FindLiveObjects: 1.163400 ms CreateObjectMapping: 0.423100 ms MarkObjects: 5.141500 ms  DeleteObjects: 2.765900 ms)

Prepare: number of updated asset objects reloaded= 0
========================================================================
Received Prepare
Begin MonoManager ReloadAssembly
- Loaded All Assemblies, in  0.703 seconds
Refreshing native plugins compatible for Editor in 1.00 ms, found 3 plugins.
Native extension for WindowsStandalone target not found
Native extension for OSXStandalone target not found
Native extension for WebGL target not found
[Package Manager] Failed to launch server process. Reason: Unity was launched with the -noUpm command-line argument
[Package Manager] Unable to send message (not connected to server process).
[Package Manager] Cannot connect to Unity Package Manager local server
[MODES] ModeService[none].Initialize
[MODES] ModeService[none].LoadModes
Mono: successfully reloaded assembly
- Finished resetting the current domain, in  0.656 seconds
Domain Reload Profiling: 1362ms
	BeginReloadAssembly (194ms)
		ExecutionOrderSort (0ms)
		DisableScriptedObjects (5ms)
		BackupInstance (0ms)
		ReleaseScriptingObjects (0ms)
		CreateAndSetChildDomain (51ms)
	RebuildCommonClasses (30ms)
	RebuildNativeTypeToScriptingClass (11ms)
	initialDomainReloadingComplete (28ms)
	LoadAllAssembliesAndSetupDomain (442ms)
		LoadAssemblies (348ms)
		RebuildTransferFunctionScriptingTraits (0ms)
		AnalyzeDomain (170ms)
			TypeCache.Refresh (13ms)
				TypeCache.ScanAssembly (0ms)
			BuildScriptInfoCaches (143ms)
			ResolveRequiredComponents (10ms)
	FinalizeReload (657ms)
		ReleaseScriptCaches (0ms)
		RebuildScriptCaches (0ms)
		SetupLoadedEditorAssemblies (506ms)
			LogAssemblyErrors (0ms)
			InitializePlatformSupportModulesInManaged (4ms)
			SetLoadedEditorAssemblies (3ms)
			BeforeProcessingInitializeOnLoad (109ms)
			ProcessInitializeOnLoadAttributes (306ms)
			ProcessInitializeOnLoadMethodAttributes (77ms)
			AfterProcessingInitializeOnLoad (7ms)
			EditorAssembliesLoaded (0ms)
		ExecutionOrderSort2 (0ms)
		AwakeInstancesAfterBackupRestoration (20ms)
Refreshing native plugins compatible for Editor in 1.20 ms, found 3 plugins.
Preloading 0 native plugins for Editor in 0.00 ms.
Unloading 14 Unused Serialized files (Serialized files now loaded: 0)
Unloading 6460 unused Assets / (3.8 MB). Loaded Objects now: 7561.
Memory consumption went from 160.0 MB to 156.2 MB.
Total: 9.589200 ms (FindLiveObjects: 0.912700 ms CreateObjectMapping: 0.415300 ms MarkObjects: 5.615600 ms  DeleteObjects: 2.644600 ms)

Prepare: number of updated asset objects reloaded= 0
========================================================================
Received Prepare
Begin MonoManager ReloadAssembly
- Loaded All Assemblies, in  0.697 seconds
Refreshing native plugins compatible for Editor in 0.93 ms, found 3 plugins.
Native extension for WindowsStandalone target not found
Native extension for OSXStandalone target not found
Native extension for WebGL target not found
[Package Manager] Failed to launch server process. Reason: Unity was launched with the -noUpm command-line argument
[Package Manager] Unable to send message (not connected to server process).
[Package Manager] Cannot connect to Unity Package Manager local server
[MODES] ModeService[none].Initialize
[MODES] ModeService[none].LoadModes
Mono: successfully reloaded assembly
- Finished resetting the current domain, in  0.673 seconds
Domain Reload Profiling: 1371ms
	BeginReloadAssembly (197ms)
		ExecutionOrderSort (0ms)
		DisableScriptedObjects (6ms)
		BackupInstance (0ms)
		ReleaseScriptingObjects (0ms)
		CreateAndSetChildDomain (55ms)
	RebuildCommonClasses (32ms)
	RebuildNativeTypeToScriptingClass (11ms)
	initialDomainReloadingComplete (28ms)
	LoadAllAssembliesAndSetupDomain (430ms)
		LoadAssemblies (341ms)
		RebuildTransferFunctionScriptingTraits (0ms)
		AnalyzeDomain (167ms)
			TypeCache.Refresh (11ms)
				TypeCache.ScanAssembly (0ms)
			BuildScriptInfoCaches (143ms)
			ResolveRequiredComponents (10ms)
	FinalizeReload (673ms)
		ReleaseScriptCaches (0ms)
		RebuildScriptCaches (0ms)
		SetupLoadedEditorAssemblies (527ms)
			LogAssemblyErrors (0ms)
			InitializePlatformSupportModulesInManaged (4ms)
			SetLoadedEditorAssemblies (3ms)
			BeforeProcessingInitializeOnLoad (113ms)
			ProcessInitializeOnLoadAttributes (319ms)
			ProcessInitializeOnLoadMethodAttributes (81ms)
			AfterProcessingInitializeOnLoad (6ms)
			EditorAssembliesLoaded (0ms)
		ExecutionOrderSort2 (0ms)
		AwakeInstancesAfterBackupRestoration (19ms)
Refreshing native plugins compatible for Editor in 0.95 ms, found 3 plugins.
Preloading 0 native plugins for Editor in 0.00 ms.
Unloading 14 Unused Serialized files (Serialized files now loaded: 0)
Unloading 6460 unused Assets / (4.4 MB). Loaded Objects now: 7563.
Memory consumption went from 160.0 MB to 155.5 MB.
Total: 9.726800 ms (FindLiveObjects: 0.959800 ms CreateObjectMapping: 0.439100 ms MarkObjects: 5.414500 ms  DeleteObjects: 2.912400 ms)

Prepare: number of updated asset objects reloaded= 0
========================================================================
Received Import Request.
  Time since last request: 2070.924783 seconds.
  path: Assets/Resources/Levels/2/1.prefab
  artifactKey: Guid(3e9b9d19383048f4184033225f993f46) Importer(815301076,1909f56bfc062723c751e8b465ee728b)
Start importing Assets/Resources/Levels/2/1.prefab using Guid(3e9b9d19383048f4184033225f993f46) Importer(815301076,1909f56bfc062723c751e8b465ee728b) (PreviewImporter) -> (artifact id: '83df5b92b97db14ef448909815194a9d') in 1.063587 seconds
Number of updated asset objects reloaded before import = 0Number of asset objects unloaded after import = 120

========================================================================
Received Import Request.
  Time since last request: 8.561503 seconds.
  path: Assets/Resources/Levels/2/1.prefab
  artifactKey: Guid(3e9b9d19383048f4184033225f993f46) Importer(815301076,1909f56bfc062723c751e8b465ee728b)
Start importing Assets/Resources/Levels/2/1.prefab using Guid(3e9b9d19383048f4184033225f993f46) Importer(815301076,1909f56bfc062723c751e8b465ee728b) (PreviewImporter) -> (artifact id: 'f30d7fc18fb4fba0b18dadf194f49d98') in 0.0128555 seconds
Number of updated asset objects reloaded before import = 0Number of asset objects unloaded after import = 120

========================================================================
Received Prepare
Begin MonoManager ReloadAssembly
- Loaded All Assemblies, in  0.767 seconds
Refreshing native plugins compatible for Editor in 0.92 ms, found 3 plugins.
Native extension for WindowsStandalone target not found
Native extension for OSXStandalone target not found
Native extension for WebGL target not found
[Package Manager] Failed to launch server process. Reason: Unity was launched with the -noUpm command-line argument
[Package Manager] Unable to send message (not connected to server process).
[Package Manager] Cannot connect to Unity Package Manager local server
[MODES] ModeService[none].Initialize
[MODES] ModeService[none].LoadModes
Mono: successfully reloaded assembly
- Finished resetting the current domain, in  0.669 seconds
Domain Reload Profiling: 1436ms
	BeginReloadAssembly (249ms)
		ExecutionOrderSort (0ms)
		DisableScriptedObjects (19ms)
		BackupInstance (0ms)
		ReleaseScriptingObjects (0ms)
		CreateAndSetChildDomain (82ms)
	RebuildCommonClasses (31ms)
	RebuildNativeTypeToScriptingClass (11ms)
	initialDomainReloadingComplete (30ms)
	LoadAllAssembliesAndSetupDomain (447ms)
		LoadAssemblies (369ms)
		RebuildTransferFunctionScriptingTraits (0ms)
		AnalyzeDomain (166ms)
			TypeCache.Refresh (11ms)
				TypeCache.ScanAssembly (0ms)
			BuildScriptInfoCaches (141ms)
			ResolveRequiredComponents (9ms)
	FinalizeReload (669ms)
		ReleaseScriptCaches (0ms)
		RebuildScriptCaches (0ms)
		SetupLoadedEditorAssemblies (528ms)
			LogAssemblyErrors (0ms)
			InitializePlatformSupportModulesInManaged (4ms)
			SetLoadedEditorAssemblies (6ms)
			BeforeProcessingInitializeOnLoad (116ms)
			ProcessInitializeOnLoadAttributes (314ms)
			ProcessInitializeOnLoadMethodAttributes (80ms)
			AfterProcessingInitializeOnLoad (7ms)
			EditorAssembliesLoaded (0ms)
		ExecutionOrderSort2 (0ms)
		AwakeInstancesAfterBackupRestoration (19ms)
Refreshing native plugins compatible for Editor in 1.17 ms, found 3 plugins.
Preloading 0 native plugins for Editor in 0.00 ms.
Unloading 14 Unused Serialized files (Serialized files now loaded: 0)
Unloading 6463 unused Assets / (4.0 MB). Loaded Objects now: 7585.
Memory consumption went from 160.2 MB to 156.2 MB.
Total: 9.178300 ms (FindLiveObjects: 1.047700 ms CreateObjectMapping: 0.537400 ms MarkObjects: 4.919600 ms  DeleteObjects: 2.672300 ms)

Prepare: number of updated asset objects reloaded= 0
========================================================================
Received Import Request.
  Time since last request: 78.164934 seconds.
  path: Assets/Resources/Levels/2/1.prefab
  artifactKey: Guid(3e9b9d19383048f4184033225f993f46) Importer(815301076,1909f56bfc062723c751e8b465ee728b)
Start importing Assets/Resources/Levels/2/1.prefab using Guid(3e9b9d19383048f4184033225f993f46) Importer(815301076,1909f56bfc062723c751e8b465ee728b) (PreviewImporter) -> (artifact id: '0ab946f1c3c5a50176c7dd0e79a52403') in 0.4533925 seconds
Number of updated asset objects reloaded before import = 0Number of asset objects unloaded after import = 120

========================================================================
Received Import Request.
  Time since last request: 1.660797 seconds.
  path: Assets/Resources/Levels/2/1.prefab
  artifactKey: Guid(3e9b9d19383048f4184033225f993f46) Importer(815301076,1909f56bfc062723c751e8b465ee728b)
Start importing Assets/Resources/Levels/2/1.prefab using Guid(3e9b9d19383048f4184033225f993f46) Importer(815301076,1909f56bfc062723c751e8b465ee728b) (PreviewImporter) -> (artifact id: 'dac3cb0997305c46d35e1673c2cda53a') in 0.0139091 seconds
Number of updated asset objects reloaded before import = 0Number of asset objects unloaded after import = 120

========================================================================
Received Import Request.
  Time since last request: 3.974483 seconds.
  path: Assets/Resources/Levels/2/1.prefab
  artifactKey: Guid(3e9b9d19383048f4184033225f993f46) Importer(815301076,1909f56bfc062723c751e8b465ee728b)
Start importing Assets/Resources/Levels/2/1.prefab using Guid(3e9b9d19383048f4184033225f993f46) Importer(815301076,1909f56bfc062723c751e8b465ee728b) (PreviewImporter) -> (artifact id: '9b6cbf88ef460ece3e94f837f1a5db9d') in 0.0138879 seconds
Number of updated asset objects reloaded before import = 0Number of asset objects unloaded after import = 120

========================================================================
Received Import Request.
  Time since last request: 2.969744 seconds.
  path: Assets/Resources/Levels/2/1.prefab
  artifactKey: Guid(3e9b9d19383048f4184033225f993f46) Importer(815301076,1909f56bfc062723c751e8b465ee728b)
Start importing Assets/Resources/Levels/2/1.prefab using Guid(3e9b9d19383048f4184033225f993f46) Importer(815301076,1909f56bfc062723c751e8b465ee728b) (PreviewImporter) -> (artifact id: '66f186a40ebaf57f398aa6992e1db5ee') in 0.013023 seconds
Number of updated asset objects reloaded before import = 0Number of asset objects unloaded after import = 120

========================================================================
Received Prepare
Begin MonoManager ReloadAssembly
- Loaded All Assemblies, in  0.759 seconds
Refreshing native plugins compatible for Editor in 0.88 ms, found 3 plugins.
Native extension for WindowsStandalone target not found
Native extension for OSXStandalone target not found
Native extension for WebGL target not found
[Package Manager] Failed to launch server process. Reason: Unity was launched with the -noUpm command-line argument
[Package Manager] Unable to send message (not connected to server process).
[Package Manager] Cannot connect to Unity Package Manager local server
[MODES] ModeService[none].Initialize
[MODES] ModeService[none].LoadModes
Mono: successfully reloaded assembly
- Finished resetting the current domain, in  0.674 seconds
Domain Reload Profiling: 1433ms
	BeginReloadAssembly (242ms)
		ExecutionOrderSort (0ms)
		DisableScriptedObjects (19ms)
		BackupInstance (0ms)
		ReleaseScriptingObjects (0ms)
		CreateAndSetChildDomain (78ms)
	RebuildCommonClasses (31ms)
	RebuildNativeTypeToScriptingClass (11ms)
	initialDomainReloadingComplete (28ms)
	LoadAllAssembliesAndSetupDomain (447ms)
		LoadAssemblies (360ms)
		RebuildTransferFunctionScriptingTraits (0ms)
		AnalyzeDomain (173ms)
			TypeCache.Refresh (7ms)
				TypeCache.ScanAssembly (0ms)
			BuildScriptInfoCaches (152ms)
			ResolveRequiredComponents (9ms)
	FinalizeReload (674ms)
		ReleaseScriptCaches (0ms)
		RebuildScriptCaches (0ms)
		SetupLoadedEditorAssemblies (531ms)
			LogAssemblyErrors (0ms)
			InitializePlatformSupportModulesInManaged (5ms)
			SetLoadedEditorAssemblies (5ms)
			BeforeProcessingInitializeOnLoad (118ms)
			ProcessInitializeOnLoadAttributes (321ms)
			ProcessInitializeOnLoadMethodAttributes (75ms)
			AfterProcessingInitializeOnLoad (8ms)
			EditorAssembliesLoaded (0ms)
		ExecutionOrderSort2 (0ms)
		AwakeInstancesAfterBackupRestoration (17ms)
Refreshing native plugins compatible for Editor in 0.94 ms, found 3 plugins.
Preloading 0 native plugins for Editor in 0.00 ms.
Unloading 14 Unused Serialized files (Serialized files now loaded: 0)
Unloading 6463 unused Assets / (4.2 MB). Loaded Objects now: 7607.
Memory consumption went from 160.2 MB to 156.0 MB.
Total: 8.051200 ms (FindLiveObjects: 0.920600 ms CreateObjectMapping: 0.371300 ms MarkObjects: 4.436200 ms  DeleteObjects: 2.322100 ms)

Prepare: number of updated asset objects reloaded= 0
========================================================================
Received Import Request.
  Time since last request: 137.804298 seconds.
  path: Assets/Resources/Levels/2/1.prefab
  artifactKey: Guid(3e9b9d19383048f4184033225f993f46) Importer(815301076,1909f56bfc062723c751e8b465ee728b)
Start importing Assets/Resources/Levels/2/1.prefab using Guid(3e9b9d19383048f4184033225f993f46) Importer(815301076,1909f56bfc062723c751e8b465ee728b) (PreviewImporter) -> (artifact id: 'a49edd11e98d4d228df9e186bf94faab') in 0.4352487 seconds
Number of updated asset objects reloaded before import = 0Number of asset objects unloaded after import = 120

========================================================================
Received Prepare
Begin MonoManager ReloadAssembly
- Loaded All Assemblies, in  0.739 seconds
Refreshing native plugins compatible for Editor in 0.88 ms, found 3 plugins.
Native extension for WindowsStandalone target not found
Native extension for OSXStandalone target not found
Native extension for WebGL target not found
[Package Manager] Failed to launch server process. Reason: Unity was launched with the -noUpm command-line argument
[Package Manager] Unable to send message (not connected to server process).
[Package Manager] Cannot connect to Unity Package Manager local server
[MODES] ModeService[none].Initialize
[MODES] ModeService[none].LoadModes
Mono: successfully reloaded assembly
- Finished resetting the current domain, in  0.674 seconds
Domain Reload Profiling: 1412ms
	BeginReloadAssembly (236ms)
		ExecutionOrderSort (0ms)
		DisableScriptedObjects (23ms)
		BackupInstance (0ms)
		ReleaseScriptingObjects (0ms)
		CreateAndSetChildDomain (75ms)
	RebuildCommonClasses (31ms)
	RebuildNativeTypeToScriptingClass (11ms)
	initialDomainReloadingComplete (28ms)
	LoadAllAssembliesAndSetupDomain (432ms)
		LoadAssemblies (350ms)
		RebuildTransferFunctionScriptingTraits (0ms)
		AnalyzeDomain (165ms)
			TypeCache.Refresh (7ms)
				TypeCache.ScanAssembly (0ms)
			BuildScriptInfoCaches (144ms)
			ResolveRequiredComponents (9ms)
	FinalizeReload (674ms)
		ReleaseScriptCaches (0ms)
		RebuildScriptCaches (0ms)
		SetupLoadedEditorAssemblies (533ms)
			LogAssemblyErrors (0ms)
			InitializePlatformSupportModulesInManaged (4ms)
			SetLoadedEditorAssemblies (4ms)
			BeforeProcessingInitializeOnLoad (117ms)
			ProcessInitializeOnLoadAttributes (315ms)
			ProcessInitializeOnLoadMethodAttributes (86ms)
			AfterProcessingInitializeOnLoad (7ms)
			EditorAssembliesLoaded (0ms)
		ExecutionOrderSort2 (0ms)
		AwakeInstancesAfterBackupRestoration (18ms)
Refreshing native plugins compatible for Editor in 0.98 ms, found 3 plugins.
Preloading 0 native plugins for Editor in 0.00 ms.
Unloading 14 Unused Serialized files (Serialized files now loaded: 0)
Unloading 6463 unused Assets / (4.1 MB). Loaded Objects now: 7629.
Memory consumption went from 160.3 MB to 156.1 MB.
Total: 8.072900 ms (FindLiveObjects: 0.899700 ms CreateObjectMapping: 0.390100 ms MarkObjects: 4.523100 ms  DeleteObjects: 2.259300 ms)

Prepare: number of updated asset objects reloaded= 0
========================================================================
Received Prepare
Refreshing native plugins compatible for Editor in 1.09 ms, found 3 plugins.
Preloading 0 native plugins for Editor in 0.00 ms.
Unloading 14 Unused Serialized files (Serialized files now loaded: 0)
Unloading 6453 unused Assets / (4.3 MB). Loaded Objects now: 7629.
Memory consumption went from 160.3 MB to 156.0 MB.
Total: 10.630300 ms (FindLiveObjects: 0.875200 ms CreateObjectMapping: 0.373000 ms MarkObjects: 6.924600 ms  DeleteObjects: 2.456600 ms)

Prepare: number of updated asset objects reloaded= 0
========================================================================
Received Prepare
Begin MonoManager ReloadAssembly
- Loaded All Assemblies, in  0.709 seconds
Refreshing native plugins compatible for Editor in 0.83 ms, found 3 plugins.
Native extension for WindowsStandalone target not found
Native extension for OSXStandalone target not found
Native extension for WebGL target not found
[Package Manager] Failed to launch server process. Reason: Unity was launched with the -noUpm command-line argument
[Package Manager] Unable to send message (not connected to server process).
[Package Manager] Cannot connect to Unity Package Manager local server
[MODES] ModeService[none].Initialize
[MODES] ModeService[none].LoadModes
Mono: successfully reloaded assembly
- Finished resetting the current domain, in  0.660 seconds
Domain Reload Profiling: 1369ms
	BeginReloadAssembly (207ms)
		ExecutionOrderSort (0ms)
		DisableScriptedObjects (6ms)
		BackupInstance (0ms)
		ReleaseScriptingObjects (0ms)
		CreateAndSetChildDomain (51ms)
	RebuildCommonClasses (30ms)
	RebuildNativeTypeToScriptingClass (11ms)
	initialDomainReloadingComplete (29ms)
	LoadAllAssembliesAndSetupDomain (431ms)
		LoadAssemblies (355ms)
		RebuildTransferFunctionScriptingTraits (0ms)
		AnalyzeDomain (164ms)
			TypeCache.Refresh (13ms)
				TypeCache.ScanAssembly (1ms)
			BuildScriptInfoCaches (137ms)
			ResolveRequiredComponents (9ms)
	FinalizeReload (660ms)
		ReleaseScriptCaches (0ms)
		RebuildScriptCaches (0ms)
		SetupLoadedEditorAssemblies (512ms)
			LogAssemblyErrors (0ms)
			InitializePlatformSupportModulesInManaged (4ms)
			SetLoadedEditorAssemblies (4ms)
			BeforeProcessingInitializeOnLoad (111ms)
			ProcessInitializeOnLoadAttributes (307ms)
			ProcessInitializeOnLoadMethodAttributes (80ms)
			AfterProcessingInitializeOnLoad (6ms)
			EditorAssembliesLoaded (0ms)
		ExecutionOrderSort2 (0ms)
		AwakeInstancesAfterBackupRestoration (18ms)
Refreshing native plugins compatible for Editor in 0.92 ms, found 3 plugins.
Preloading 0 native plugins for Editor in 0.00 ms.
Unloading 14 Unused Serialized files (Serialized files now loaded: 0)
Unloading 6460 unused Assets / (4.3 MB). Loaded Objects now: 7631.
Memory consumption went from 160.1 MB to 155.9 MB.
Total: 9.674000 ms (FindLiveObjects: 1.003000 ms CreateObjectMapping: 0.357300 ms MarkObjects: 5.476400 ms  DeleteObjects: 2.836500 ms)

Prepare: number of updated asset objects reloaded= 0
========================================================================
Received Prepare
Refreshing native plugins compatible for Editor in 0.93 ms, found 3 plugins.
Preloading 0 native plugins for Editor in 0.00 ms.
Unloading 14 Unused Serialized files (Serialized files now loaded: 0)
Unloading 6453 unused Assets / (4.5 MB). Loaded Objects now: 7631.
Memory consumption went from 160.3 MB to 155.9 MB.
Total: 10.523400 ms (FindLiveObjects: 1.089400 ms CreateObjectMapping: 0.387400 ms MarkObjects: 5.823900 ms  DeleteObjects: 3.222100 ms)

Prepare: number of updated asset objects reloaded= 0
========================================================================
Received Prepare
Begin MonoManager ReloadAssembly
- Loaded All Assemblies, in  0.749 seconds
Refreshing native plugins compatible for Editor in 0.89 ms, found 3 plugins.
Native extension for WindowsStandalone target not found
Native extension for OSXStandalone target not found
Native extension for WebGL target not found
[Package Manager] Failed to launch server process. Reason: Unity was launched with the -noUpm command-line argument
[Package Manager] Unable to send message (not connected to server process).
[Package Manager] Cannot connect to Unity Package Manager local server
[MODES] ModeService[none].Initialize
[MODES] ModeService[none].LoadModes
Mono: successfully reloaded assembly
- Finished resetting the current domain, in  0.663 seconds
Domain Reload Profiling: 1412ms
	BeginReloadAssembly (207ms)
		ExecutionOrderSort (0ms)
		DisableScriptedObjects (6ms)
		BackupInstance (0ms)
		ReleaseScriptingObjects (0ms)
		CreateAndSetChildDomain (54ms)
	RebuildCommonClasses (31ms)
	RebuildNativeTypeToScriptingClass (11ms)
	initialDomainReloadingComplete (29ms)
	LoadAllAssembliesAndSetupDomain (470ms)
		LoadAssemblies (357ms)
		RebuildTransferFunctionScriptingTraits (0ms)
		AnalyzeDomain (204ms)
			TypeCache.Refresh (14ms)
				TypeCache.ScanAssembly (1ms)
			BuildScriptInfoCaches (174ms)
			ResolveRequiredComponents (11ms)
	FinalizeReload (664ms)
		ReleaseScriptCaches (0ms)
		RebuildScriptCaches (0ms)
		SetupLoadedEditorAssemblies (521ms)
			LogAssemblyErrors (0ms)
			InitializePlatformSupportModulesInManaged (4ms)
			SetLoadedEditorAssemblies (3ms)
			BeforeProcessingInitializeOnLoad (116ms)
			ProcessInitializeOnLoadAttributes (310ms)
			ProcessInitializeOnLoadMethodAttributes (80ms)
			AfterProcessingInitializeOnLoad (7ms)
			EditorAssembliesLoaded (0ms)
		ExecutionOrderSort2 (0ms)
		AwakeInstancesAfterBackupRestoration (18ms)
Refreshing native plugins compatible for Editor in 1.10 ms, found 3 plugins.
Preloading 0 native plugins for Editor in 0.00 ms.
Unloading 14 Unused Serialized files (Serialized files now loaded: 0)
Unloading 6460 unused Assets / (4.3 MB). Loaded Objects now: 7633.
Memory consumption went from 160.2 MB to 155.8 MB.
Total: 8.995300 ms (FindLiveObjects: 1.280000 ms CreateObjectMapping: 0.496200 ms MarkObjects: 4.626300 ms  DeleteObjects: 2.591900 ms)

Prepare: number of updated asset objects reloaded= 0
========================================================================
Received Prepare
Refreshing native plugins compatible for Editor in 1.13 ms, found 3 plugins.
Preloading 0 native plugins for Editor in 0.00 ms.
Unloading 14 Unused Serialized files (Serialized files now loaded: 0)
Unloading 6453 unused Assets / (4.1 MB). Loaded Objects now: 7633.
Memory consumption went from 160.3 MB to 156.3 MB.
Total: 9.961700 ms (FindLiveObjects: 1.055200 ms CreateObjectMapping: 0.482100 ms MarkObjects: 5.281800 ms  DeleteObjects: 3.141500 ms)

Prepare: number of updated asset objects reloaded= 0
========================================================================
Received Prepare
Begin MonoManager ReloadAssembly
- Loaded All Assemblies, in  0.729 seconds
Refreshing native plugins compatible for Editor in 0.93 ms, found 3 plugins.
Native extension for WindowsStandalone target not found
Native extension for OSXStandalone target not found
Native extension for WebGL target not found
[Package Manager] Failed to launch server process. Reason: Unity was launched with the -noUpm command-line argument
[Package Manager] Unable to send message (not connected to server process).
[Package Manager] Cannot connect to Unity Package Manager local server
[MODES] ModeService[none].Initialize
[MODES] ModeService[none].LoadModes
Mono: successfully reloaded assembly
- Finished resetting the current domain, in  0.722 seconds
Domain Reload Profiling: 1451ms
	BeginReloadAssembly (213ms)
		ExecutionOrderSort (0ms)
		DisableScriptedObjects (7ms)
		BackupInstance (0ms)
		ReleaseScriptingObjects (0ms)
		CreateAndSetChildDomain (54ms)
	RebuildCommonClasses (30ms)
	RebuildNativeTypeToScriptingClass (11ms)
	initialDomainReloadingComplete (32ms)
	LoadAllAssembliesAndSetupDomain (443ms)
		LoadAssemblies (358ms)
		RebuildTransferFunctionScriptingTraits (0ms)
		AnalyzeDomain (175ms)
			TypeCache.Refresh (13ms)
				TypeCache.ScanAssembly (0ms)
			BuildScriptInfoCaches (143ms)
			ResolveRequiredComponents (13ms)
	FinalizeReload (722ms)
		ReleaseScriptCaches (0ms)
		RebuildScriptCaches (0ms)
		SetupLoadedEditorAssemblies (567ms)
			LogAssemblyErrors (0ms)
			InitializePlatformSupportModulesInManaged (4ms)
			SetLoadedEditorAssemblies (4ms)
			BeforeProcessingInitializeOnLoad (116ms)
			ProcessInitializeOnLoadAttributes (328ms)
			ProcessInitializeOnLoadMethodAttributes (108ms)
			AfterProcessingInitializeOnLoad (6ms)
			EditorAssembliesLoaded (0ms)
		ExecutionOrderSort2 (0ms)
		AwakeInstancesAfterBackupRestoration (18ms)
Refreshing native plugins compatible for Editor in 1.11 ms, found 3 plugins.
Preloading 0 native plugins for Editor in 0.00 ms.
Unloading 14 Unused Serialized files (Serialized files now loaded: 0)
Unloading 6460 unused Assets / (4.2 MB). Loaded Objects now: 7635.
Memory consumption went from 160.2 MB to 156.0 MB.
Total: 9.447000 ms (FindLiveObjects: 0.916800 ms CreateObjectMapping: 0.417800 ms MarkObjects: 5.373100 ms  DeleteObjects: 2.738500 ms)

Prepare: number of updated asset objects reloaded= 0
========================================================================
Received Prepare
Refreshing native plugins compatible for Editor in 1.25 ms, found 3 plugins.
Preloading 0 native plugins for Editor in 0.00 ms.
Unloading 14 Unused Serialized files (Serialized files now loaded: 0)
Unloading 6453 unused Assets / (4.0 MB). Loaded Objects now: 7635.
Memory consumption went from 160.4 MB to 156.4 MB.
Total: 9.983400 ms (FindLiveObjects: 1.650900 ms CreateObjectMapping: 0.649400 ms MarkObjects: 4.963300 ms  DeleteObjects: 2.718600 ms)

Prepare: number of updated asset objects reloaded= 0
========================================================================
Received Prepare
Begin MonoManager ReloadAssembly
- Loaded All Assemblies, in  0.703 seconds
Refreshing native plugins compatible for Editor in 0.94 ms, found 3 plugins.
Native extension for WindowsStandalone target not found
Native extension for OSXStandalone target not found
Native extension for WebGL target not found
[Package Manager] Failed to launch server process. Reason: Unity was launched with the -noUpm command-line argument
[Package Manager] Unable to send message (not connected to server process).
[Package Manager] Cannot connect to Unity Package Manager local server
[MODES] ModeService[none].Initialize
[MODES] ModeService[none].LoadModes
Mono: successfully reloaded assembly
- Finished resetting the current domain, in  0.648 seconds
Domain Reload Profiling: 1350ms
	BeginReloadAssembly (196ms)
		ExecutionOrderSort (0ms)
		DisableScriptedObjects (5ms)
		BackupInstance (0ms)
		ReleaseScriptingObjects (0ms)
		CreateAndSetChildDomain (51ms)
	RebuildCommonClasses (33ms)
	RebuildNativeTypeToScriptingClass (11ms)
	initialDomainReloadingComplete (28ms)
	LoadAllAssembliesAndSetupDomain (435ms)
		LoadAssemblies (350ms)
		RebuildTransferFunctionScriptingTraits (0ms)
		AnalyzeDomain (169ms)
			TypeCache.Refresh (13ms)
				TypeCache.ScanAssembly (0ms)
			BuildScriptInfoCaches (143ms)
			ResolveRequiredComponents (9ms)
	FinalizeReload (648ms)
		ReleaseScriptCaches (0ms)
		RebuildScriptCaches (0ms)
		SetupLoadedEditorAssemblies (508ms)
			LogAssemblyErrors (0ms)
			InitializePlatformSupportModulesInManaged (4ms)
			SetLoadedEditorAssemblies (5ms)
			BeforeProcessingInitializeOnLoad (115ms)
			ProcessInitializeOnLoadAttributes (302ms)
			ProcessInitializeOnLoadMethodAttributes (76ms)
			AfterProcessingInitializeOnLoad (6ms)
			EditorAssembliesLoaded (0ms)
		ExecutionOrderSort2 (0ms)
		AwakeInstancesAfterBackupRestoration (17ms)
Refreshing native plugins compatible for Editor in 0.89 ms, found 3 plugins.
Preloading 0 native plugins for Editor in 0.00 ms.
Unloading 14 Unused Serialized files (Serialized files now loaded: 0)
Unloading 6460 unused Assets / (4.1 MB). Loaded Objects now: 7637.
Memory consumption went from 160.2 MB to 156.1 MB.
Total: 8.937400 ms (FindLiveObjects: 1.094900 ms CreateObjectMapping: 0.487100 ms MarkObjects: 4.700000 ms  DeleteObjects: 2.654700 ms)

Prepare: number of updated asset objects reloaded= 0
========================================================================
Received Prepare
Refreshing native plugins compatible for Editor in 1.06 ms, found 3 plugins.
Preloading 0 native plugins for Editor in 0.00 ms.
Unloading 14 Unused Serialized files (Serialized files now loaded: 0)
Unloading 6453 unused Assets / (4.1 MB). Loaded Objects now: 7637.
Memory consumption went from 160.4 MB to 156.3 MB.
Total: 10.422500 ms (FindLiveObjects: 0.988900 ms CreateObjectMapping: 0.521800 ms MarkObjects: 5.952300 ms  DeleteObjects: 2.958600 ms)

Prepare: number of updated asset objects reloaded= 0
========================================================================
Received Prepare
Begin MonoManager ReloadAssembly
- Loaded All Assemblies, in  0.717 seconds
Refreshing native plugins compatible for Editor in 0.79 ms, found 3 plugins.
Native extension for WindowsStandalone target not found
Native extension for OSXStandalone target not found
Native extension for WebGL target not found
[Package Manager] Failed to launch server process. Reason: Unity was launched with the -noUpm command-line argument
[Package Manager] Unable to send message (not connected to server process).
[Package Manager] Cannot connect to Unity Package Manager local server
[MODES] ModeService[none].Initialize
[MODES] ModeService[none].LoadModes
Mono: successfully reloaded assembly
- Finished resetting the current domain, in  0.656 seconds
Domain Reload Profiling: 1373ms
	BeginReloadAssembly (208ms)
		ExecutionOrderSort (0ms)
		DisableScriptedObjects (6ms)
		BackupInstance (0ms)
		ReleaseScriptingObjects (0ms)
		CreateAndSetChildDomain (55ms)
	RebuildCommonClasses (31ms)
	RebuildNativeTypeToScriptingClass (11ms)
	initialDomainReloadingComplete (29ms)
	LoadAllAssembliesAndSetupDomain (437ms)
		LoadAssemblies (356ms)
		RebuildTransferFunctionScriptingTraits (0ms)
		AnalyzeDomain (173ms)
			TypeCache.Refresh (14ms)
				TypeCache.ScanAssembly (0ms)
			BuildScriptInfoCaches (144ms)
			ResolveRequiredComponents (11ms)
	FinalizeReload (656ms)
		ReleaseScriptCaches (0ms)
		RebuildScriptCaches (0ms)
		SetupLoadedEditorAssemblies (512ms)
			LogAssemblyErrors (0ms)
			InitializePlatformSupportModulesInManaged (4ms)
			SetLoadedEditorAssemblies (5ms)
			BeforeProcessingInitializeOnLoad (116ms)
			ProcessInitializeOnLoadAttributes (304ms)
			ProcessInitializeOnLoadMethodAttributes (77ms)
			AfterProcessingInitializeOnLoad (6ms)
			EditorAssembliesLoaded (0ms)
		ExecutionOrderSort2 (0ms)
		AwakeInstancesAfterBackupRestoration (18ms)
Refreshing native plugins compatible for Editor in 1.22 ms, found 3 plugins.
Preloading 0 native plugins for Editor in 0.00 ms.
Unloading 14 Unused Serialized files (Serialized files now loaded: 0)
Unloading 6460 unused Assets / (4.4 MB). Loaded Objects now: 7639.
Memory consumption went from 160.3 MB to 155.9 MB.
Total: 9.444800 ms (FindLiveObjects: 0.958200 ms CreateObjectMapping: 0.424100 ms MarkObjects: 4.973400 ms  DeleteObjects: 3.088200 ms)

Prepare: number of updated asset objects reloaded= 0
========================================================================
Received Prepare
Begin MonoManager ReloadAssembly
- Loaded All Assemblies, in  0.722 seconds
Refreshing native plugins compatible for Editor in 0.83 ms, found 3 plugins.
Native extension for WindowsStandalone target not found
Native extension for OSXStandalone target not found
Native extension for WebGL target not found
[Package Manager] Failed to launch server process. Reason: Unity was launched with the -noUpm command-line argument
[Package Manager] Unable to send message (not connected to server process).
[Package Manager] Cannot connect to Unity Package Manager local server
[MODES] ModeService[none].Initialize
[MODES] ModeService[none].LoadModes
Mono: successfully reloaded assembly
- Finished resetting the current domain, in  0.686 seconds
Domain Reload Profiling: 1408ms
	BeginReloadAssembly (206ms)
		ExecutionOrderSort (0ms)
		DisableScriptedObjects (6ms)
		BackupInstance (0ms)
		ReleaseScriptingObjects (0ms)
		CreateAndSetChildDomain (47ms)
	RebuildCommonClasses (32ms)
	RebuildNativeTypeToScriptingClass (11ms)
	initialDomainReloadingComplete (29ms)
	LoadAllAssembliesAndSetupDomain (444ms)
		LoadAssemblies (356ms)
		RebuildTransferFunctionScriptingTraits (0ms)
		AnalyzeDomain (173ms)
			TypeCache.Refresh (14ms)
				TypeCache.ScanAssembly (1ms)
			BuildScriptInfoCaches (146ms)
			ResolveRequiredComponents (9ms)
	FinalizeReload (686ms)
		ReleaseScriptCaches (0ms)
		RebuildScriptCaches (0ms)
		SetupLoadedEditorAssemblies (534ms)
			LogAssemblyErrors (0ms)
			InitializePlatformSupportModulesInManaged (4ms)
			SetLoadedEditorAssemblies (5ms)
			BeforeProcessingInitializeOnLoad (117ms)
			ProcessInitializeOnLoadAttributes (318ms)
			ProcessInitializeOnLoadMethodAttributes (84ms)
			AfterProcessingInitializeOnLoad (6ms)
			EditorAssembliesLoaded (0ms)
		ExecutionOrderSort2 (0ms)
		AwakeInstancesAfterBackupRestoration (18ms)
Refreshing native plugins compatible for Editor in 1.00 ms, found 3 plugins.
Preloading 0 native plugins for Editor in 0.00 ms.
Unloading 14 Unused Serialized files (Serialized files now loaded: 0)
Unloading 6460 unused Assets / (3.9 MB). Loaded Objects now: 7641.
Memory consumption went from 160.4 MB to 156.5 MB.
Total: 7.748200 ms (FindLiveObjects: 0.852500 ms CreateObjectMapping: 0.384500 ms MarkObjects: 4.382200 ms  DeleteObjects: 2.128100 ms)

Prepare: number of updated asset objects reloaded= 0
========================================================================
Received Prepare
Begin MonoManager ReloadAssembly
- Loaded All Assemblies, in  0.700 seconds
Refreshing native plugins compatible for Editor in 0.95 ms, found 3 plugins.
Native extension for WindowsStandalone target not found
Native extension for OSXStandalone target not found
Native extension for WebGL target not found
[Package Manager] Failed to launch server process. Reason: Unity was launched with the -noUpm command-line argument
[Package Manager] Unable to send message (not connected to server process).
[Package Manager] Cannot connect to Unity Package Manager local server
[MODES] ModeService[none].Initialize
[MODES] ModeService[none].LoadModes
Mono: successfully reloaded assembly
- Finished resetting the current domain, in  0.686 seconds
Domain Reload Profiling: 1387ms
	BeginReloadAssembly (194ms)
		ExecutionOrderSort (0ms)
		DisableScriptedObjects (6ms)
		BackupInstance (0ms)
		ReleaseScriptingObjects (0ms)
		CreateAndSetChildDomain (50ms)
	RebuildCommonClasses (29ms)
	RebuildNativeTypeToScriptingClass (11ms)
	initialDomainReloadingComplete (28ms)
	LoadAllAssembliesAndSetupDomain (438ms)
		LoadAssemblies (348ms)
		RebuildTransferFunctionScriptingTraits (0ms)
		AnalyzeDomain (170ms)
			TypeCache.Refresh (12ms)
				TypeCache.ScanAssembly (0ms)
			BuildScriptInfoCaches (144ms)
			ResolveRequiredComponents (9ms)
	FinalizeReload (687ms)
		ReleaseScriptCaches (0ms)
		RebuildScriptCaches (0ms)
		SetupLoadedEditorAssemblies (543ms)
			LogAssemblyErrors (0ms)
			InitializePlatformSupportModulesInManaged (4ms)
			SetLoadedEditorAssemblies (5ms)
			BeforeProcessingInitializeOnLoad (124ms)
			ProcessInitializeOnLoadAttributes (323ms)
			ProcessInitializeOnLoadMethodAttributes (81ms)
			AfterProcessingInitializeOnLoad (6ms)
			EditorAssembliesLoaded (0ms)
		ExecutionOrderSort2 (0ms)
		AwakeInstancesAfterBackupRestoration (21ms)
Refreshing native plugins compatible for Editor in 0.98 ms, found 3 plugins.
Preloading 0 native plugins for Editor in 0.00 ms.
Unloading 14 Unused Serialized files (Serialized files now loaded: 0)
Unloading 6460 unused Assets / (4.0 MB). Loaded Objects now: 7643.
Memory consumption went from 160.4 MB to 156.5 MB.
Total: 7.827500 ms (FindLiveObjects: 0.904200 ms CreateObjectMapping: 0.399100 ms MarkObjects: 4.470400 ms  DeleteObjects: 2.053100 ms)

Prepare: number of updated asset objects reloaded= 0
========================================================================
Received Prepare
Refreshing native plugins compatible for Editor in 1.09 ms, found 3 plugins.
Preloading 0 native plugins for Editor in 0.00 ms.
Unloading 14 Unused Serialized files (Serialized files now loaded: 0)
Unloading 6453 unused Assets / (4.1 MB). Loaded Objects now: 7643.
Memory consumption went from 160.6 MB to 156.5 MB.
Total: 8.798700 ms (FindLiveObjects: 0.984000 ms CreateObjectMapping: 0.494900 ms MarkObjects: 4.703000 ms  DeleteObjects: 2.615900 ms)

Prepare: number of updated asset objects reloaded= 0
========================================================================
Received Prepare
Begin MonoManager ReloadAssembly
- Loaded All Assemblies, in  0.715 seconds
Refreshing native plugins compatible for Editor in 1.31 ms, found 3 plugins.
Native extension for WindowsStandalone target not found
Native extension for OSXStandalone target not found
Native extension for WebGL target not found
[Package Manager] Failed to launch server process. Reason: Unity was launched with the -noUpm command-line argument
[Package Manager] Unable to send message (not connected to server process).
[Package Manager] Cannot connect to Unity Package Manager local server
[MODES] ModeService[none].Initialize
[MODES] ModeService[none].LoadModes
Mono: successfully reloaded assembly
- Finished resetting the current domain, in  0.665 seconds
Domain Reload Profiling: 1380ms
	BeginReloadAssembly (205ms)
		ExecutionOrderSort (0ms)
		DisableScriptedObjects (6ms)
		BackupInstance (0ms)
		ReleaseScriptingObjects (0ms)
		CreateAndSetChildDomain (51ms)
	RebuildCommonClasses (29ms)
	RebuildNativeTypeToScriptingClass (11ms)
	initialDomainReloadingComplete (29ms)
	LoadAllAssembliesAndSetupDomain (441ms)
		LoadAssemblies (360ms)
		RebuildTransferFunctionScriptingTraits (0ms)
		AnalyzeDomain (169ms)
			TypeCache.Refresh (14ms)
				TypeCache.ScanAssembly (0ms)
			BuildScriptInfoCaches (141ms)
			ResolveRequiredComponents (10ms)
	FinalizeReload (666ms)
		ReleaseScriptCaches (0ms)
		RebuildScriptCaches (0ms)
		SetupLoadedEditorAssemblies (522ms)
			LogAssemblyErrors (0ms)
			InitializePlatformSupportModulesInManaged (4ms)
			SetLoadedEditorAssemblies (5ms)
			BeforeProcessingInitializeOnLoad (116ms)
			ProcessInitializeOnLoadAttributes (312ms)
			ProcessInitializeOnLoadMethodAttributes (79ms)
			AfterProcessingInitializeOnLoad (6ms)
			EditorAssembliesLoaded (0ms)
		ExecutionOrderSort2 (0ms)
		AwakeInstancesAfterBackupRestoration (17ms)
Refreshing native plugins compatible for Editor in 1.20 ms, found 3 plugins.
Preloading 0 native plugins for Editor in 0.00 ms.
Unloading 14 Unused Serialized files (Serialized files now loaded: 0)
Unloading 6460 unused Assets / (4.2 MB). Loaded Objects now: 7645.
Memory consumption went from 160.4 MB to 156.2 MB.
Total: 11.407900 ms (FindLiveObjects: 1.276000 ms CreateObjectMapping: 0.794500 ms MarkObjects: 6.238400 ms  DeleteObjects: 3.097900 ms)

Prepare: number of updated asset objects reloaded= 0
========================================================================
Received Prepare
Refreshing native plugins compatible for Editor in 1.51 ms, found 3 plugins.
Preloading 0 native plugins for Editor in 0.00 ms.
Unloading 14 Unused Serialized files (Serialized files now loaded: 0)
Unloading 6453 unused Assets / (4.0 MB). Loaded Objects now: 7645.
Memory consumption went from 160.6 MB to 156.6 MB.
Total: 9.400600 ms (FindLiveObjects: 1.191400 ms CreateObjectMapping: 0.677100 ms MarkObjects: 4.828600 ms  DeleteObjects: 2.702900 ms)

Prepare: number of updated asset objects reloaded= 0
========================================================================
Received Prepare
Begin MonoManager ReloadAssembly
- Loaded All Assemblies, in  0.712 seconds
Refreshing native plugins compatible for Editor in 0.84 ms, found 3 plugins.
Native extension for WindowsStandalone target not found
Native extension for OSXStandalone target not found
Native extension for WebGL target not found
[Package Manager] Failed to launch server process. Reason: Unity was launched with the -noUpm command-line argument
[Package Manager] Unable to send message (not connected to server process).
[Package Manager] Cannot connect to Unity Package Manager local server
[MODES] ModeService[none].Initialize
[MODES] ModeService[none].LoadModes
Mono: successfully reloaded assembly
- Finished resetting the current domain, in  0.688 seconds
Domain Reload Profiling: 1399ms
	BeginReloadAssembly (197ms)
		ExecutionOrderSort (0ms)
		DisableScriptedObjects (6ms)
		BackupInstance (0ms)
		ReleaseScriptingObjects (0ms)
		CreateAndSetChildDomain (49ms)
	RebuildCommonClasses (30ms)
	RebuildNativeTypeToScriptingClass (11ms)
	initialDomainReloadingComplete (30ms)
	LoadAllAssembliesAndSetupDomain (443ms)
		LoadAssemblies (356ms)
		RebuildTransferFunctionScriptingTraits (0ms)
		AnalyzeDomain (173ms)
			TypeCache.Refresh (16ms)
				TypeCache.ScanAssembly (0ms)
			BuildScriptInfoCaches (144ms)
			ResolveRequiredComponents (9ms)
	FinalizeReload (688ms)
		ReleaseScriptCaches (0ms)
		RebuildScriptCaches (0ms)
		SetupLoadedEditorAssemblies (543ms)
			LogAssemblyErrors (0ms)
			InitializePlatformSupportModulesInManaged (4ms)
			SetLoadedEditorAssemblies (3ms)
			BeforeProcessingInitializeOnLoad (110ms)
			ProcessInitializeOnLoadAttributes (333ms)
			ProcessInitializeOnLoadMethodAttributes (86ms)
			AfterProcessingInitializeOnLoad (7ms)
			EditorAssembliesLoaded (0ms)
		ExecutionOrderSort2 (0ms)
		AwakeInstancesAfterBackupRestoration (19ms)
Refreshing native plugins compatible for Editor in 1.09 ms, found 3 plugins.
Preloading 0 native plugins for Editor in 0.00 ms.
Unloading 14 Unused Serialized files (Serialized files now loaded: 0)
Unloading 6460 unused Assets / (4.2 MB). Loaded Objects now: 7647.
Memory consumption went from 160.5 MB to 156.3 MB.
Total: 8.392500 ms (FindLiveObjects: 0.993900 ms CreateObjectMapping: 0.476100 ms MarkObjects: 4.595600 ms  DeleteObjects: 2.326100 ms)

Prepare: number of updated asset objects reloaded= 0
========================================================================
Received Prepare
Refreshing native plugins compatible for Editor in 1.25 ms, found 3 plugins.
Preloading 0 native plugins for Editor in 0.00 ms.
Unloading 14 Unused Serialized files (Serialized files now loaded: 0)
Unloading 6453 unused Assets / (4.1 MB). Loaded Objects now: 7647.
Memory consumption went from 160.7 MB to 156.6 MB.
Total: 9.513300 ms (FindLiveObjects: 1.148200 ms CreateObjectMapping: 0.769700 ms MarkObjects: 5.008400 ms  DeleteObjects: 2.586300 ms)

Prepare: number of updated asset objects reloaded= 0
========================================================================
Received Prepare
Begin MonoManager ReloadAssembly
- Loaded All Assemblies, in  0.718 seconds
Refreshing native plugins compatible for Editor in 0.94 ms, found 3 plugins.
Native extension for WindowsStandalone target not found
Native extension for OSXStandalone target not found
Native extension for WebGL target not found
[Package Manager] Failed to launch server process. Reason: Unity was launched with the -noUpm command-line argument
[Package Manager] Unable to send message (not connected to server process).
[Package Manager] Cannot connect to Unity Package Manager local server
[MODES] ModeService[none].Initialize
[MODES] ModeService[none].LoadModes
Mono: successfully reloaded assembly
- Finished resetting the current domain, in  0.687 seconds
Domain Reload Profiling: 1404ms
	BeginReloadAssembly (195ms)
		ExecutionOrderSort (0ms)
		DisableScriptedObjects (6ms)
		BackupInstance (0ms)
		ReleaseScriptingObjects (0ms)
		CreateAndSetChildDomain (50ms)
	RebuildCommonClasses (30ms)
	RebuildNativeTypeToScriptingClass (11ms)
	initialDomainReloadingComplete (29ms)
	LoadAllAssembliesAndSetupDomain (452ms)
		LoadAssemblies (360ms)
		RebuildTransferFunctionScriptingTraits (0ms)
		AnalyzeDomain (175ms)
			TypeCache.Refresh (15ms)
				TypeCache.ScanAssembly (1ms)
			BuildScriptInfoCaches (146ms)
			ResolveRequiredComponents (10ms)
	FinalizeReload (687ms)
		ReleaseScriptCaches (0ms)
		RebuildScriptCaches (0ms)
		SetupLoadedEditorAssemblies (528ms)
			LogAssemblyErrors (0ms)
			InitializePlatformSupportModulesInManaged (4ms)
			SetLoadedEditorAssemblies (3ms)
			BeforeProcessingInitializeOnLoad (110ms)
			ProcessInitializeOnLoadAttributes (321ms)
			ProcessInitializeOnLoadMethodAttributes (83ms)
			AfterProcessingInitializeOnLoad (7ms)
			EditorAssembliesLoaded (1ms)
		ExecutionOrderSort2 (0ms)
		AwakeInstancesAfterBackupRestoration (27ms)
Refreshing native plugins compatible for Editor in 1.23 ms, found 3 plugins.
Preloading 0 native plugins for Editor in 0.00 ms.
Unloading 14 Unused Serialized files (Serialized files now loaded: 0)
Unloading 6460 unused Assets / (4.1 MB). Loaded Objects now: 7649.
Memory consumption went from 160.4 MB to 156.4 MB.
Total: 9.476100 ms (FindLiveObjects: 0.920500 ms CreateObjectMapping: 0.371500 ms MarkObjects: 5.128800 ms  DeleteObjects: 3.054700 ms)

Prepare: number of updated asset objects reloaded= 0
========================================================================
Received Prepare
Refreshing native plugins compatible for Editor in 1.22 ms, found 3 plugins.
Preloading 0 native plugins for Editor in 0.00 ms.
Unloading 14 Unused Serialized files (Serialized files now loaded: 0)
Unloading 6453 unused Assets / (4.0 MB). Loaded Objects now: 7649.
Memory consumption went from 160.6 MB to 156.6 MB.
Total: 10.217400 ms (FindLiveObjects: 1.395400 ms CreateObjectMapping: 0.596500 ms MarkObjects: 5.289600 ms  DeleteObjects: 2.935100 ms)

Prepare: number of updated asset objects reloaded= 0
========================================================================
Received Prepare
Begin MonoManager ReloadAssembly
- Loaded All Assemblies, in  0.707 seconds
Refreshing native plugins compatible for Editor in 0.89 ms, found 3 plugins.
Native extension for WindowsStandalone target not found
Native extension for OSXStandalone target not found
Native extension for WebGL target not found
[Package Manager] Failed to launch server process. Reason: Unity was launched with the -noUpm command-line argument
[Package Manager] Unable to send message (not connected to server process).
[Package Manager] Cannot connect to Unity Package Manager local server
[MODES] ModeService[none].Initialize
[MODES] ModeService[none].LoadModes
Mono: successfully reloaded assembly
- Finished resetting the current domain, in  0.648 seconds
Domain Reload Profiling: 1356ms
	BeginReloadAssembly (195ms)
		ExecutionOrderSort (0ms)
		DisableScriptedObjects (6ms)
		BackupInstance (0ms)
		ReleaseScriptingObjects (0ms)
		CreateAndSetChildDomain (48ms)
	RebuildCommonClasses (31ms)
	RebuildNativeTypeToScriptingClass (11ms)
	initialDomainReloadingComplete (30ms)
	LoadAllAssembliesAndSetupDomain (440ms)
		LoadAssemblies (354ms)
		RebuildTransferFunctionScriptingTraits (0ms)
		AnalyzeDomain (167ms)
			TypeCache.Refresh (12ms)
				TypeCache.ScanAssembly (1ms)
			BuildScriptInfoCaches (141ms)
			ResolveRequiredComponents (9ms)
	FinalizeReload (649ms)
		ReleaseScriptCaches (0ms)
		RebuildScriptCaches (0ms)
		SetupLoadedEditorAssemblies (511ms)
			LogAssemblyErrors (0ms)
			InitializePlatformSupportModulesInManaged (4ms)
			SetLoadedEditorAssemblies (3ms)
			BeforeProcessingInitializeOnLoad (110ms)
			ProcessInitializeOnLoadAttributes (307ms)
			ProcessInitializeOnLoadMethodAttributes (80ms)
			AfterProcessingInitializeOnLoad (7ms)
			EditorAssembliesLoaded (0ms)
		ExecutionOrderSort2 (0ms)
		AwakeInstancesAfterBackupRestoration (18ms)
Refreshing native plugins compatible for Editor in 1.55 ms, found 3 plugins.
Preloading 0 native plugins for Editor in 0.00 ms.
Unloading 14 Unused Serialized files (Serialized files now loaded: 0)
Unloading 6460 unused Assets / (4.4 MB). Loaded Objects now: 7651.
Memory consumption went from 160.5 MB to 156.1 MB.
Total: 10.703800 ms (FindLiveObjects: 0.992100 ms CreateObjectMapping: 0.435400 ms MarkObjects: 5.678700 ms  DeleteObjects: 3.595800 ms)

Prepare: number of updated asset objects reloaded= 0
========================================================================
Received Prepare
Begin MonoManager ReloadAssembly
- Loaded All Assemblies, in  0.726 seconds
Refreshing native plugins compatible for Editor in 0.98 ms, found 3 plugins.
Native extension for WindowsStandalone target not found
Native extension for OSXStandalone target not found
Native extension for WebGL target not found
[Package Manager] Failed to launch server process. Reason: Unity was launched with the -noUpm command-line argument
[Package Manager] Unable to send message (not connected to server process).
[Package Manager] Cannot connect to Unity Package Manager local server
[MODES] ModeService[none].Initialize
[MODES] ModeService[none].LoadModes
Mono: successfully reloaded assembly
- Finished resetting the current domain, in  0.661 seconds
Domain Reload Profiling: 1386ms
	BeginReloadAssembly (219ms)
		ExecutionOrderSort (0ms)
		DisableScriptedObjects (6ms)
		BackupInstance (0ms)
		ReleaseScriptingObjects (0ms)
		CreateAndSetChildDomain (61ms)
	RebuildCommonClasses (30ms)
	RebuildNativeTypeToScriptingClass (10ms)
	initialDomainReloadingComplete (30ms)
	LoadAllAssembliesAndSetupDomain (435ms)
		LoadAssemblies (361ms)
		RebuildTransferFunctionScriptingTraits (0ms)
		AnalyzeDomain (168ms)
			TypeCache.Refresh (11ms)
				TypeCache.ScanAssembly (0ms)
			BuildScriptInfoCaches (144ms)
			ResolveRequiredComponents (9ms)
	FinalizeReload (662ms)
		ReleaseScriptCaches (0ms)
		RebuildScriptCaches (0ms)
		SetupLoadedEditorAssemblies (520ms)
			LogAssemblyErrors (0ms)
			InitializePlatformSupportModulesInManaged (4ms)
			SetLoadedEditorAssemblies (3ms)
			BeforeProcessingInitializeOnLoad (113ms)
			ProcessInitializeOnLoadAttributes (313ms)
			ProcessInitializeOnLoadMethodAttributes (80ms)
			AfterProcessingInitializeOnLoad (6ms)
			EditorAssembliesLoaded (0ms)
		ExecutionOrderSort2 (0ms)
		AwakeInstancesAfterBackupRestoration (18ms)
Refreshing native plugins compatible for Editor in 1.20 ms, found 3 plugins.
Preloading 0 native plugins for Editor in 0.00 ms.
Unloading 14 Unused Serialized files (Serialized files now loaded: 0)
Unloading 6460 unused Assets / (4.0 MB). Loaded Objects now: 7653.
Memory consumption went from 160.5 MB to 156.5 MB.
Total: 9.233400 ms (FindLiveObjects: 1.068600 ms CreateObjectMapping: 0.493100 ms MarkObjects: 4.930500 ms  DeleteObjects: 2.740600 ms)

Prepare: number of updated asset objects reloaded= 0
========================================================================
Received Prepare
Refreshing native plugins compatible for Editor in 1.10 ms, found 3 plugins.
Preloading 0 native plugins for Editor in 0.00 ms.
Unloading 14 Unused Serialized files (Serialized files now loaded: 0)
Unloading 6453 unused Assets / (4.1 MB). Loaded Objects now: 7653.
Memory consumption went from 160.8 MB to 156.6 MB.
Total: 8.939200 ms (FindLiveObjects: 1.020500 ms CreateObjectMapping: 0.421900 ms MarkObjects: 4.859500 ms  DeleteObjects: 2.635100 ms)

Prepare: number of updated asset objects reloaded= 0
========================================================================
Received Prepare
Begin MonoManager ReloadAssembly
- Loaded All Assemblies, in  0.735 seconds
Refreshing native plugins compatible for Editor in 0.93 ms, found 3 plugins.
Native extension for WindowsStandalone target not found
Native extension for OSXStandalone target not found
Native extension for WebGL target not found
[Package Manager] Failed to launch server process. Reason: Unity was launched with the -noUpm command-line argument
[Package Manager] Unable to send message (not connected to server process).
[Package Manager] Cannot connect to Unity Package Manager local server
[MODES] ModeService[none].Initialize
[MODES] ModeService[none].LoadModes
Mono: successfully reloaded assembly
- Finished resetting the current domain, in  0.685 seconds
Domain Reload Profiling: 1420ms
	BeginReloadAssembly (197ms)
		ExecutionOrderSort (0ms)
		DisableScriptedObjects (6ms)
		BackupInstance (0ms)
		ReleaseScriptingObjects (0ms)
		CreateAndSetChildDomain (51ms)
	RebuildCommonClasses (31ms)
	RebuildNativeTypeToScriptingClass (12ms)
	initialDomainReloadingComplete (31ms)
	LoadAllAssembliesAndSetupDomain (464ms)
		LoadAssemblies (371ms)
		RebuildTransferFunctionScriptingTraits (0ms)
		AnalyzeDomain (175ms)
			TypeCache.Refresh (14ms)
				TypeCache.ScanAssembly (1ms)
			BuildScriptInfoCaches (148ms)
			ResolveRequiredComponents (9ms)
	FinalizeReload (685ms)
		ReleaseScriptCaches (0ms)
		RebuildScriptCaches (0ms)
		SetupLoadedEditorAssemblies (544ms)
			LogAssemblyErrors (0ms)
			InitializePlatformSupportModulesInManaged (4ms)
			SetLoadedEditorAssemblies (3ms)
			BeforeProcessingInitializeOnLoad (111ms)
			ProcessInitializeOnLoadAttributes (338ms)
			ProcessInitializeOnLoadMethodAttributes (81ms)
			AfterProcessingInitializeOnLoad (7ms)
			EditorAssembliesLoaded (0ms)
		ExecutionOrderSort2 (0ms)
		AwakeInstancesAfterBackupRestoration (18ms)
Refreshing native plugins compatible for Editor in 1.20 ms, found 3 plugins.
Preloading 0 native plugins for Editor in 0.00 ms.
Unloading 14 Unused Serialized files (Serialized files now loaded: 0)
Unloading 6460 unused Assets / (4.2 MB). Loaded Objects now: 7655.
Memory consumption went from 160.6 MB to 156.4 MB.
Total: 9.723800 ms (FindLiveObjects: 0.976500 ms CreateObjectMapping: 0.438200 ms MarkObjects: 5.254400 ms  DeleteObjects: 3.053500 ms)

Prepare: number of updated asset objects reloaded= 0
========================================================================
Received Prepare
Refreshing native plugins compatible for Editor in 1.55 ms, found 3 plugins.
Preloading 0 native plugins for Editor in 0.00 ms.
Unloading 14 Unused Serialized files (Serialized files now loaded: 0)
Unloading 6453 unused Assets / (4.2 MB). Loaded Objects now: 7655.
Memory consumption went from 160.8 MB to 156.6 MB.
Total: 10.989200 ms (FindLiveObjects: 1.068300 ms CreateObjectMapping: 0.511700 ms MarkObjects: 6.481000 ms  DeleteObjects: 2.927100 ms)

Prepare: number of updated asset objects reloaded= 0
========================================================================
Received Prepare
Begin MonoManager ReloadAssembly
- Loaded All Assemblies, in  0.712 seconds
Refreshing native plugins compatible for Editor in 0.95 ms, found 3 plugins.
Native extension for WindowsStandalone target not found
Native extension for OSXStandalone target not found
Native extension for WebGL target not found
[Package Manager] Failed to launch server process. Reason: Unity was launched with the -noUpm command-line argument
[Package Manager] Unable to send message (not connected to server process).
[Package Manager] Cannot connect to Unity Package Manager local server
[MODES] ModeService[none].Initialize
[MODES] ModeService[none].LoadModes
Mono: successfully reloaded assembly
- Finished resetting the current domain, in  0.688 seconds
Domain Reload Profiling: 1399ms
	BeginReloadAssembly (196ms)
		ExecutionOrderSort (0ms)
		DisableScriptedObjects (5ms)
		BackupInstance (0ms)
		ReleaseScriptingObjects (0ms)
		CreateAndSetChildDomain (48ms)
	RebuildCommonClasses (29ms)
	RebuildNativeTypeToScriptingClass (11ms)
	initialDomainReloadingComplete (31ms)
	LoadAllAssembliesAndSetupDomain (445ms)
		LoadAssemblies (357ms)
		RebuildTransferFunctionScriptingTraits (0ms)
		AnalyzeDomain (169ms)
			TypeCache.Refresh (14ms)
				TypeCache.ScanAssembly (0ms)
			BuildScriptInfoCaches (141ms)
			ResolveRequiredComponents (9ms)
	FinalizeReload (688ms)
		ReleaseScriptCaches (0ms)
		RebuildScriptCaches (0ms)
		SetupLoadedEditorAssemblies (548ms)
			LogAssemblyErrors (0ms)
			InitializePlatformSupportModulesInManaged (4ms)
			SetLoadedEditorAssemblies (3ms)
			BeforeProcessingInitializeOnLoad (111ms)
			ProcessInitializeOnLoadAttributes (326ms)
			ProcessInitializeOnLoadMethodAttributes (97ms)
			AfterProcessingInitializeOnLoad (8ms)
			EditorAssembliesLoaded (0ms)
		ExecutionOrderSort2 (0ms)
		AwakeInstancesAfterBackupRestoration (18ms)
Refreshing native plugins compatible for Editor in 1.15 ms, found 3 plugins.
Preloading 0 native plugins for Editor in 0.00 ms.
Unloading 14 Unused Serialized files (Serialized files now loaded: 0)
Unloading 6460 unused Assets / (4.2 MB). Loaded Objects now: 7657.
Memory consumption went from 160.6 MB to 156.4 MB.
Total: 10.250400 ms (FindLiveObjects: 0.967500 ms CreateObjectMapping: 0.536600 ms MarkObjects: 5.877800 ms  DeleteObjects: 2.867600 ms)

Prepare: number of updated asset objects reloaded= 0
========================================================================
Received Import Request.
  Time since last request: 1730.310393 seconds.
  path: Assets/Resources/Levels/2/1.prefab
  artifactKey: Guid(3e9b9d19383048f4184033225f993f46) Importer(815301076,1909f56bfc062723c751e8b465ee728b)
Start importing Assets/Resources/Levels/2/1.prefab using Guid(3e9b9d19383048f4184033225f993f46) Importer(815301076,1909f56bfc062723c751e8b465ee728b) (PreviewImporter) -> (artifact id: '8ac657ffee064023ead87b118d799688') in 0.7621646 seconds
Number of updated asset objects reloaded before import = 0Number of asset objects unloaded after import = 120

========================================================================
Received Import Request.
  Time since last request: 0.733142 seconds.
  path: Assets/Resources/Levels/2/1.prefab
  artifactKey: Guid(3e9b9d19383048f4184033225f993f46) Importer(815301076,1909f56bfc062723c751e8b465ee728b)
Start importing Assets/Resources/Levels/2/1.prefab using Guid(3e9b9d19383048f4184033225f993f46) Importer(815301076,1909f56bfc062723c751e8b465ee728b) (PreviewImporter) -> (artifact id: 'feb7530d039431ab3de8efc7a9804c2e') in 0.0149089 seconds
Number of updated asset objects reloaded before import = 0Number of asset objects unloaded after import = 120

========================================================================
Received Prepare
Begin MonoManager ReloadAssembly
- Loaded All Assemblies, in  0.747 seconds
Refreshing native plugins compatible for Editor in 0.94 ms, found 3 plugins.
Native extension for WindowsStandalone target not found
Native extension for OSXStandalone target not found
Native extension for WebGL target not found
[Package Manager] Failed to launch server process. Reason: Unity was launched with the -noUpm command-line argument
[Package Manager] Unable to send message (not connected to server process).
[Package Manager] Cannot connect to Unity Package Manager local server
[MODES] ModeService[none].Initialize
[MODES] ModeService[none].LoadModes
Mono: successfully reloaded assembly
- Finished resetting the current domain, in  0.663 seconds
Domain Reload Profiling: 1409ms
	BeginReloadAssembly (244ms)
		ExecutionOrderSort (0ms)
		DisableScriptedObjects (21ms)
		BackupInstance (0ms)
		ReleaseScriptingObjects (0ms)
		CreateAndSetChildDomain (76ms)
	RebuildCommonClasses (30ms)
	RebuildNativeTypeToScriptingClass (11ms)
	initialDomainReloadingComplete (28ms)
	LoadAllAssembliesAndSetupDomain (433ms)
		LoadAssemblies (355ms)
		RebuildTransferFunctionScriptingTraits (0ms)
		AnalyzeDomain (168ms)
			TypeCache.Refresh (11ms)
				TypeCache.ScanAssembly (0ms)
			BuildScriptInfoCaches (144ms)
			ResolveRequiredComponents (10ms)
	FinalizeReload (664ms)
		ReleaseScriptCaches (0ms)
		RebuildScriptCaches (0ms)
		SetupLoadedEditorAssemblies (520ms)
			LogAssemblyErrors (0ms)
			InitializePlatformSupportModulesInManaged (4ms)
			SetLoadedEditorAssemblies (3ms)
			BeforeProcessingInitializeOnLoad (110ms)
			ProcessInitializeOnLoadAttributes (318ms)
			ProcessInitializeOnLoadMethodAttributes (79ms)
			AfterProcessingInitializeOnLoad (7ms)
			EditorAssembliesLoaded (0ms)
		ExecutionOrderSort2 (0ms)
		AwakeInstancesAfterBackupRestoration (18ms)
Refreshing native plugins compatible for Editor in 1.15 ms, found 3 plugins.
Preloading 0 native plugins for Editor in 0.00 ms.
Unloading 14 Unused Serialized files (Serialized files now loaded: 0)
Unloading 6463 unused Assets / (4.2 MB). Loaded Objects now: 7679.
Memory consumption went from 160.9 MB to 156.8 MB.
Total: 10.422100 ms (FindLiveObjects: 0.937300 ms CreateObjectMapping: 1.020200 ms MarkObjects: 5.579500 ms  DeleteObjects: 2.884300 ms)

Prepare: number of updated asset objects reloaded= 0
========================================================================
Received Prepare
Refreshing native plugins compatible for Editor in 1.21 ms, found 3 plugins.
Preloading 0 native plugins for Editor in 0.00 ms.
Unloading 14 Unused Serialized files (Serialized files now loaded: 0)
Unloading 6453 unused Assets / (4.0 MB). Loaded Objects now: 7679.
Memory consumption went from 160.9 MB to 156.9 MB.
Total: 9.661100 ms (FindLiveObjects: 0.946600 ms CreateObjectMapping: 0.421900 ms MarkObjects: 5.688300 ms  DeleteObjects: 2.603100 ms)

Prepare: number of updated asset objects reloaded= 0
========================================================================
Received Prepare
Begin MonoManager ReloadAssembly
- Loaded All Assemblies, in  0.722 seconds
Refreshing native plugins compatible for Editor in 0.95 ms, found 3 plugins.
Native extension for WindowsStandalone target not found
Native extension for OSXStandalone target not found
Native extension for WebGL target not found
[Package Manager] Failed to launch server process. Reason: Unity was launched with the -noUpm command-line argument
[Package Manager] Unable to send message (not connected to server process).
[Package Manager] Cannot connect to Unity Package Manager local server
[MODES] ModeService[none].Initialize
[MODES] ModeService[none].LoadModes
Mono: successfully reloaded assembly
- Finished resetting the current domain, in  0.695 seconds
Domain Reload Profiling: 1417ms
	BeginReloadAssembly (200ms)
		ExecutionOrderSort (0ms)
		DisableScriptedObjects (6ms)
		BackupInstance (0ms)
		ReleaseScriptingObjects (0ms)
		CreateAndSetChildDomain (51ms)
	RebuildCommonClasses (31ms)
	RebuildNativeTypeToScriptingClass (11ms)
	initialDomainReloadingComplete (30ms)
	LoadAllAssembliesAndSetupDomain (450ms)
		LoadAssemblies (350ms)
		RebuildTransferFunctionScriptingTraits (0ms)
		AnalyzeDomain (185ms)
			TypeCache.Refresh (13ms)
				TypeCache.ScanAssembly (1ms)
			BuildScriptInfoCaches (157ms)
			ResolveRequiredComponents (10ms)
	FinalizeReload (696ms)
		ReleaseScriptCaches (0ms)
		RebuildScriptCaches (0ms)
		SetupLoadedEditorAssemblies (557ms)
			LogAssemblyErrors (0ms)
			InitializePlatformSupportModulesInManaged (4ms)
			SetLoadedEditorAssemblies (3ms)
			BeforeProcessingInitializeOnLoad (113ms)
			ProcessInitializeOnLoadAttributes (352ms)
			ProcessInitializeOnLoadMethodAttributes (79ms)
			AfterProcessingInitializeOnLoad (6ms)
			EditorAssembliesLoaded (0ms)
		ExecutionOrderSort2 (0ms)
		AwakeInstancesAfterBackupRestoration (18ms)
Refreshing native plugins compatible for Editor in 1.16 ms, found 3 plugins.
Preloading 0 native plugins for Editor in 0.00 ms.
Unloading 14 Unused Serialized files (Serialized files now loaded: 0)
Unloading 6460 unused Assets / (4.1 MB). Loaded Objects now: 7681.
Memory consumption went from 160.8 MB to 156.7 MB.
Total: 9.091800 ms (FindLiveObjects: 0.932500 ms CreateObjectMapping: 0.435800 ms MarkObjects: 5.003400 ms  DeleteObjects: 2.719200 ms)

Prepare: number of updated asset objects reloaded= 0
========================================================================
Received Prepare
Begin MonoManager ReloadAssembly
- Loaded All Assemblies, in  0.708 seconds
Refreshing native plugins compatible for Editor in 0.89 ms, found 3 plugins.
Native extension for WindowsStandalone target not found
Native extension for OSXStandalone target not found
Native extension for WebGL target not found
[Package Manager] Failed to launch server process. Reason: Unity was launched with the -noUpm command-line argument
[Package Manager] Unable to send message (not connected to server process).
[Package Manager] Cannot connect to Unity Package Manager local server
[MODES] ModeService[none].Initialize
[MODES] ModeService[none].LoadModes
Mono: successfully reloaded assembly
- Finished resetting the current domain, in  0.677 seconds
Domain Reload Profiling: 1386ms
	BeginReloadAssembly (201ms)
		ExecutionOrderSort (0ms)
		DisableScriptedObjects (6ms)
		BackupInstance (0ms)
		ReleaseScriptingObjects (0ms)
		CreateAndSetChildDomain (54ms)
	RebuildCommonClasses (29ms)
	RebuildNativeTypeToScriptingClass (11ms)
	initialDomainReloadingComplete (30ms)
	LoadAllAssembliesAndSetupDomain (437ms)
		LoadAssemblies (347ms)
		RebuildTransferFunctionScriptingTraits (0ms)
		AnalyzeDomain (173ms)
			TypeCache.Refresh (11ms)
				TypeCache.ScanAssembly (0ms)
			BuildScriptInfoCaches (147ms)
			ResolveRequiredComponents (10ms)
	FinalizeReload (678ms)
		ReleaseScriptCaches (0ms)
		RebuildScriptCaches (0ms)
		SetupLoadedEditorAssemblies (534ms)
			LogAssemblyErrors (0ms)
			InitializePlatformSupportModulesInManaged (4ms)
			SetLoadedEditorAssemblies (3ms)
			BeforeProcessingInitializeOnLoad (114ms)
			ProcessInitializeOnLoadAttributes (313ms)
			ProcessInitializeOnLoadMethodAttributes (91ms)
			AfterProcessingInitializeOnLoad (7ms)
			EditorAssembliesLoaded (1ms)
		ExecutionOrderSort2 (0ms)
		AwakeInstancesAfterBackupRestoration (19ms)
Refreshing native plugins compatible for Editor in 1.17 ms, found 3 plugins.
Preloading 0 native plugins for Editor in 0.00 ms.
Unloading 14 Unused Serialized files (Serialized files now loaded: 0)
Unloading 6460 unused Assets / (4.1 MB). Loaded Objects now: 7683.
Memory consumption went from 160.8 MB to 156.7 MB.
Total: 9.538400 ms (FindLiveObjects: 1.069100 ms CreateObjectMapping: 0.507700 ms MarkObjects: 5.243800 ms  DeleteObjects: 2.717100 ms)

Prepare: number of updated asset objects reloaded= 0
========================================================================
Received Import Request.
  Time since last request: 224.430632 seconds.
  path: Assets/Resources/Levels/2/1.prefab
  artifactKey: Guid(3e9b9d19383048f4184033225f993f46) Importer(815301076,1909f56bfc062723c751e8b465ee728b)
Start importing Assets/Resources/Levels/2/1.prefab using Guid(3e9b9d19383048f4184033225f993f46) Importer(815301076,1909f56bfc062723c751e8b465ee728b) (PreviewImporter) -> (artifact id: '7a8fdb67f27c582a21b8e2cc787c5862') in 0.4933095 seconds
Number of updated asset objects reloaded before import = 0Number of asset objects unloaded after import = 120

========================================================================
Received Prepare
Refreshing native plugins compatible for Editor in 1.10 ms, found 3 plugins.
Preloading 0 native plugins for Editor in 0.00 ms.
Unloading 14 Unused Serialized files (Serialized files now loaded: 0)
Unloading 6456 unused Assets / (4.1 MB). Loaded Objects now: 7823.
Memory consumption went from 166.1 MB to 162.0 MB.
Total: 12.456500 ms (FindLiveObjects: 0.928100 ms CreateObjectMapping: 0.409600 ms MarkObjects: 8.106400 ms  DeleteObjects: 3.011500 ms)

Prepare: number of updated asset objects reloaded= 0
========================================================================
Received Import Request.
  Time since last request: 30.961499 seconds.
  path: Assets/Resources/Levels/2/1.prefab
  artifactKey: Guid(3e9b9d19383048f4184033225f993f46) Importer(815301076,1909f56bfc062723c751e8b465ee728b)
Start importing Assets/Resources/Levels/2/1.prefab using Guid(3e9b9d19383048f4184033225f993f46) Importer(815301076,1909f56bfc062723c751e8b465ee728b) (PreviewImporter) -> (artifact id: 'bf747e485ecd02b3ea78c66099a27e9f') in 0.0186742 seconds
Number of updated asset objects reloaded before import = 0Number of asset objects unloaded after import = 120

========================================================================
Received Prepare
Begin MonoManager ReloadAssembly
- Loaded All Assemblies, in  0.773 seconds
Refreshing native plugins compatible for Editor in 0.86 ms, found 3 plugins.
Native extension for WindowsStandalone target not found
Native extension for OSXStandalone target not found
Native extension for WebGL target not found
[Package Manager] Failed to launch server process. Reason: Unity was launched with the -noUpm command-line argument
[Package Manager] Unable to send message (not connected to server process).
[Package Manager] Cannot connect to Unity Package Manager local server
[MODES] ModeService[none].Initialize
[MODES] ModeService[none].LoadModes
Mono: successfully reloaded assembly
- Finished resetting the current domain, in  0.740 seconds
Domain Reload Profiling: 1513ms
	BeginReloadAssembly (256ms)
		ExecutionOrderSort (0ms)
		DisableScriptedObjects (22ms)
		BackupInstance (0ms)
		ReleaseScriptingObjects (0ms)
		CreateAndSetChildDomain (83ms)
	RebuildCommonClasses (34ms)
	RebuildNativeTypeToScriptingClass (12ms)
	initialDomainReloadingComplete (29ms)
	LoadAllAssembliesAndSetupDomain (442ms)
		LoadAssemblies (367ms)
		RebuildTransferFunctionScriptingTraits (0ms)
		AnalyzeDomain (169ms)
			TypeCache.Refresh (11ms)
				TypeCache.ScanAssembly (0ms)
			BuildScriptInfoCaches (143ms)
			ResolveRequiredComponents (10ms)
	FinalizeReload (740ms)
		ReleaseScriptCaches (0ms)
		RebuildScriptCaches (0ms)
		SetupLoadedEditorAssemblies (556ms)
			LogAssemblyErrors (0ms)
			InitializePlatformSupportModulesInManaged (5ms)
			SetLoadedEditorAssemblies (3ms)
			BeforeProcessingInitializeOnLoad (138ms)
			ProcessInitializeOnLoadAttributes (319ms)
			ProcessInitializeOnLoadMethodAttributes (83ms)
			AfterProcessingInitializeOnLoad (7ms)
			EditorAssembliesLoaded (0ms)
		ExecutionOrderSort2 (0ms)
		AwakeInstancesAfterBackupRestoration (18ms)
Refreshing native plugins compatible for Editor in 0.95 ms, found 3 plugins.
Preloading 0 native plugins for Editor in 0.00 ms.
Unloading 14 Unused Serialized files (Serialized files now loaded: 0)
Unloading 6463 unused Assets / (3.7 MB). Loaded Objects now: 7705.
Memory consumption went from 161.0 MB to 157.3 MB.
Total: 7.588900 ms (FindLiveObjects: 0.849900 ms CreateObjectMapping: 0.345800 ms MarkObjects: 4.431500 ms  DeleteObjects: 1.960800 ms)

Prepare: number of updated asset objects reloaded= 0
========================================================================
Received Import Request.
  Time since last request: 19.277406 seconds.
  path: Assets/Resources/Levels/2/1.prefab
  artifactKey: Guid(3e9b9d19383048f4184033225f993f46) Importer(815301076,1909f56bfc062723c751e8b465ee728b)
Start importing Assets/Resources/Levels/2/1.prefab using Guid(3e9b9d19383048f4184033225f993f46) Importer(815301076,1909f56bfc062723c751e8b465ee728b) (PreviewImporter) -> (artifact id: '6c2c6d4637824f420a434c41a03c247d') in 0.4504737 seconds
Number of updated asset objects reloaded before import = 0Number of asset objects unloaded after import = 120

========================================================================
Received Import Request.
  Time since last request: 27.406810 seconds.
  path: Assets/Resources/Levels/2/1.prefab
  artifactKey: Guid(3e9b9d19383048f4184033225f993f46) Importer(815301076,1909f56bfc062723c751e8b465ee728b)
Start importing Assets/Resources/Levels/2/1.prefab using Guid(3e9b9d19383048f4184033225f993f46) Importer(815301076,1909f56bfc062723c751e8b465ee728b) (PreviewImporter) -> (artifact id: 'dfdf00dc17bc7a4855c2ac51aa8e5dbf') in 0.0127388 seconds
Number of updated asset objects reloaded before import = 0Number of asset objects unloaded after import = 120

========================================================================
Received Import Request.
  Time since last request: 32.170450 seconds.
  path: Assets/Resources/Levels/2/1.prefab
  artifactKey: Guid(3e9b9d19383048f4184033225f993f46) Importer(815301076,1909f56bfc062723c751e8b465ee728b)
Start importing Assets/Resources/Levels/2/1.prefab using Guid(3e9b9d19383048f4184033225f993f46) Importer(815301076,1909f56bfc062723c751e8b465ee728b) (PreviewImporter) -> (artifact id: 'c0c896971ce8a9d112d617af2e066365') in 0.0125993 seconds
Number of updated asset objects reloaded before import = 0Number of asset objects unloaded after import = 120

========================================================================
Received Import Request.
  Time since last request: 8.210783 seconds.
  path: Assets/Resources/Levels/2/1.prefab
  artifactKey: Guid(3e9b9d19383048f4184033225f993f46) Importer(815301076,1909f56bfc062723c751e8b465ee728b)
Start importing Assets/Resources/Levels/2/1.prefab using Guid(3e9b9d19383048f4184033225f993f46) Importer(815301076,1909f56bfc062723c751e8b465ee728b) (PreviewImporter) -> (artifact id: '30700a873666cd7cc3292262f79469d6') in 0.0129193 seconds
Number of updated asset objects reloaded before import = 0Number of asset objects unloaded after import = 120

========================================================================
Received Import Request.
  Time since last request: 4.177970 seconds.
  path: Assets/Resources/Levels/2/1.prefab
  artifactKey: Guid(3e9b9d19383048f4184033225f993f46) Importer(815301076,1909f56bfc062723c751e8b465ee728b)
Start importing Assets/Resources/Levels/2/1.prefab using Guid(3e9b9d19383048f4184033225f993f46) Importer(815301076,1909f56bfc062723c751e8b465ee728b) (PreviewImporter) -> (artifact id: 'c345cc117af0140fd9907fea10edcf22') in 0.0117533 seconds
Number of updated asset objects reloaded before import = 0Number of asset objects unloaded after import = 120

========================================================================
Received Import Request.
  Time since last request: 2.573143 seconds.
  path: Assets/Resources/Levels/2/1.prefab
  artifactKey: Guid(3e9b9d19383048f4184033225f993f46) Importer(815301076,1909f56bfc062723c751e8b465ee728b)
Start importing Assets/Resources/Levels/2/1.prefab using Guid(3e9b9d19383048f4184033225f993f46) Importer(815301076,1909f56bfc062723c751e8b465ee728b) (PreviewImporter) -> (artifact id: '15e458cde73f9c3600e88f7974cf7c83') in 0.0125418 seconds
Number of updated asset objects reloaded before import = 0Number of asset objects unloaded after import = 120

========================================================================
Received Import Request.
  Time since last request: 1.761548 seconds.
  path: Assets/Resources/Levels/2/1.prefab
  artifactKey: Guid(3e9b9d19383048f4184033225f993f46) Importer(815301076,1909f56bfc062723c751e8b465ee728b)
Start importing Assets/Resources/Levels/2/1.prefab using Guid(3e9b9d19383048f4184033225f993f46) Importer(815301076,1909f56bfc062723c751e8b465ee728b) (PreviewImporter) -> (artifact id: '5f1c83546b45562db2467f2f8d1840d9') in 0.0127134 seconds
Number of updated asset objects reloaded before import = 0Number of asset objects unloaded after import = 120

========================================================================
Received Import Request.
  Time since last request: 8.419461 seconds.
  path: Assets/Resources/Levels/2/1.prefab
  artifactKey: Guid(3e9b9d19383048f4184033225f993f46) Importer(815301076,1909f56bfc062723c751e8b465ee728b)
Start importing Assets/Resources/Levels/2/1.prefab using Guid(3e9b9d19383048f4184033225f993f46) Importer(815301076,1909f56bfc062723c751e8b465ee728b) (PreviewImporter) -> (artifact id: '6ef3d88355661e48fa536a0b61f79e87') in 0.0122449 seconds
Number of updated asset objects reloaded before import = 0Number of asset objects unloaded after import = 120

========================================================================
Received Import Request.
  Time since last request: 1.969729 seconds.
  path: Assets/Resources/Levels/2/1.prefab
  artifactKey: Guid(3e9b9d19383048f4184033225f993f46) Importer(815301076,1909f56bfc062723c751e8b465ee728b)
Start importing Assets/Resources/Levels/2/1.prefab using Guid(3e9b9d19383048f4184033225f993f46) Importer(815301076,1909f56bfc062723c751e8b465ee728b) (PreviewImporter) -> (artifact id: 'fba48e279d8d8aecea6f95ddec8d7ea5') in 0.013169 seconds
Number of updated asset objects reloaded before import = 0Number of asset objects unloaded after import = 120

========================================================================
Received Import Request.
  Time since last request: 58.853377 seconds.
  path: Assets/Resources/Levels/2/1.prefab
  artifactKey: Guid(3e9b9d19383048f4184033225f993f46) Importer(815301076,1909f56bfc062723c751e8b465ee728b)
Start importing Assets/Resources/Levels/2/1.prefab using Guid(3e9b9d19383048f4184033225f993f46) Importer(815301076,1909f56bfc062723c751e8b465ee728b) (PreviewImporter) -> (artifact id: '9fca77ac0d80a946956475d0bb18600f') in 0.0135602 seconds
Number of updated asset objects reloaded before import = 0Number of asset objects unloaded after import = 120

========================================================================
Received Prepare
Begin MonoManager ReloadAssembly
- Loaded All Assemblies, in  0.759 seconds
Refreshing native plugins compatible for Editor in 0.87 ms, found 3 plugins.
Native extension for WindowsStandalone target not found
Native extension for OSXStandalone target not found
Native extension for WebGL target not found
[Package Manager] Failed to launch server process. Reason: Unity was launched with the -noUpm command-line argument
[Package Manager] Unable to send message (not connected to server process).
[Package Manager] Cannot connect to Unity Package Manager local server
[MODES] ModeService[none].Initialize
[MODES] ModeService[none].LoadModes
Mono: successfully reloaded assembly
- Finished resetting the current domain, in  0.690 seconds
Domain Reload Profiling: 1448ms
	BeginReloadAssembly (247ms)
		ExecutionOrderSort (0ms)
		DisableScriptedObjects (18ms)
		BackupInstance (0ms)
		ReleaseScriptingObjects (0ms)
		CreateAndSetChildDomain (81ms)
	RebuildCommonClasses (31ms)
	RebuildNativeTypeToScriptingClass (11ms)
	initialDomainReloadingComplete (31ms)
	LoadAllAssembliesAndSetupDomain (439ms)
		LoadAssemblies (361ms)
		RebuildTransferFunctionScriptingTraits (0ms)
		AnalyzeDomain (168ms)
			TypeCache.Refresh (8ms)
				TypeCache.ScanAssembly (0ms)
			BuildScriptInfoCaches (146ms)
			ResolveRequiredComponents (9ms)
	FinalizeReload (690ms)
		ReleaseScriptCaches (0ms)
		RebuildScriptCaches (0ms)
		SetupLoadedEditorAssemblies (543ms)
			LogAssemblyErrors (0ms)
			InitializePlatformSupportModulesInManaged (4ms)
			SetLoadedEditorAssemblies (3ms)
			BeforeProcessingInitializeOnLoad (120ms)
			ProcessInitializeOnLoadAttributes (330ms)
			ProcessInitializeOnLoadMethodAttributes (80ms)
			AfterProcessingInitializeOnLoad (6ms)
			EditorAssembliesLoaded (0ms)
		ExecutionOrderSort2 (0ms)
		AwakeInstancesAfterBackupRestoration (20ms)
Refreshing native plugins compatible for Editor in 0.97 ms, found 3 plugins.
Preloading 0 native plugins for Editor in 0.00 ms.
Unloading 14 Unused Serialized files (Serialized files now loaded: 0)
Unloading 6463 unused Assets / (4.0 MB). Loaded Objects now: 7727.
Memory consumption went from 161.0 MB to 157.0 MB.
Total: 8.578300 ms (FindLiveObjects: 0.890000 ms CreateObjectMapping: 0.417200 ms MarkObjects: 4.740000 ms  DeleteObjects: 2.530400 ms)

Prepare: number of updated asset objects reloaded= 0
========================================================================
Received Prepare
Begin MonoManager ReloadAssembly
- Loaded All Assemblies, in  0.713 seconds
Refreshing native plugins compatible for Editor in 1.11 ms, found 3 plugins.
Native extension for WindowsStandalone target not found
Native extension for OSXStandalone target not found
Native extension for WebGL target not found
[Package Manager] Failed to launch server process. Reason: Unity was launched with the -noUpm command-line argument
[Package Manager] Unable to send message (not connected to server process).
[Package Manager] Cannot connect to Unity Package Manager local server
[MODES] ModeService[none].Initialize
[MODES] ModeService[none].LoadModes
Mono: successfully reloaded assembly
- Finished resetting the current domain, in  0.678 seconds
Domain Reload Profiling: 1391ms
	BeginReloadAssembly (203ms)
		ExecutionOrderSort (0ms)
		DisableScriptedObjects (6ms)
		BackupInstance (0ms)
		ReleaseScriptingObjects (0ms)
		CreateAndSetChildDomain (53ms)
	RebuildCommonClasses (31ms)
	RebuildNativeTypeToScriptingClass (11ms)
	initialDomainReloadingComplete (31ms)
	LoadAllAssembliesAndSetupDomain (436ms)
		LoadAssemblies (352ms)
		RebuildTransferFunctionScriptingTraits (0ms)
		AnalyzeDomain (170ms)
			TypeCache.Refresh (11ms)
				TypeCache.ScanAssembly (0ms)
			BuildScriptInfoCaches (145ms)
			ResolveRequiredComponents (10ms)
	FinalizeReload (678ms)
		ReleaseScriptCaches (0ms)
		RebuildScriptCaches (0ms)
		SetupLoadedEditorAssemblies (523ms)
			LogAssemblyErrors (0ms)
			InitializePlatformSupportModulesInManaged (4ms)
			SetLoadedEditorAssemblies (3ms)
			BeforeProcessingInitializeOnLoad (113ms)
			ProcessInitializeOnLoadAttributes (314ms)
			ProcessInitializeOnLoadMethodAttributes (82ms)
			AfterProcessingInitializeOnLoad (7ms)
			EditorAssembliesLoaded (0ms)
		ExecutionOrderSort2 (0ms)
		AwakeInstancesAfterBackupRestoration (23ms)
Refreshing native plugins compatible for Editor in 1.13 ms, found 3 plugins.
Preloading 0 native plugins for Editor in 0.00 ms.
Unloading 14 Unused Serialized files (Serialized files now loaded: 0)
Unloading 6460 unused Assets / (4.2 MB). Loaded Objects now: 7729.
Memory consumption went from 160.9 MB to 156.7 MB.
Total: 9.976900 ms (FindLiveObjects: 0.928500 ms CreateObjectMapping: 0.403800 ms MarkObjects: 5.450100 ms  DeleteObjects: 3.193700 ms)

Prepare: number of updated asset objects reloaded= 0
========================================================================
Received Import Request.
  Time since last request: 206.284642 seconds.
  path: Assets/Resources/Levels/2/1.prefab
  artifactKey: Guid(3e9b9d19383048f4184033225f993f46) Importer(815301076,1909f56bfc062723c751e8b465ee728b)
Start importing Assets/Resources/Levels/2/1.prefab using Guid(3e9b9d19383048f4184033225f993f46) Importer(815301076,1909f56bfc062723c751e8b465ee728b) (PreviewImporter) -> (artifact id: '1ee78d7213f8b0353d9166e63ac2794c') in 0.4598938 seconds
Number of updated asset objects reloaded before import = 0Number of asset objects unloaded after import = 120

========================================================================
Received Import Request.
  Time since last request: 4.857807 seconds.
  path: Assets/Resources/Levels/2/1.prefab
  artifactKey: Guid(3e9b9d19383048f4184033225f993f46) Importer(815301076,1909f56bfc062723c751e8b465ee728b)
Start importing Assets/Resources/Levels/2/1.prefab using Guid(3e9b9d19383048f4184033225f993f46) Importer(815301076,1909f56bfc062723c751e8b465ee728b) (PreviewImporter) -> (artifact id: 'af91e86d428265831ebb6494b356ab70') in 0.0142208 seconds
Number of updated asset objects reloaded before import = 0Number of asset objects unloaded after import = 128

========================================================================
Received Import Request.
  Time since last request: 1.352547 seconds.
  path: Assets/Resources/Levels/2/1.prefab
  artifactKey: Guid(3e9b9d19383048f4184033225f993f46) Importer(815301076,1909f56bfc062723c751e8b465ee728b)
Start importing Assets/Resources/Levels/2/1.prefab using Guid(3e9b9d19383048f4184033225f993f46) Importer(815301076,1909f56bfc062723c751e8b465ee728b) (PreviewImporter) -> (artifact id: '4e9181091c956a971cf81fc8ce4b598e') in 0.0132806 seconds
Number of updated asset objects reloaded before import = 0Number of asset objects unloaded after import = 128

========================================================================
Received Import Request.
  Time since last request: 2.972787 seconds.
  path: Assets/Resources/Levels/2/1.prefab
  artifactKey: Guid(3e9b9d19383048f4184033225f993f46) Importer(815301076,1909f56bfc062723c751e8b465ee728b)
Start importing Assets/Resources/Levels/2/1.prefab using Guid(3e9b9d19383048f4184033225f993f46) Importer(815301076,1909f56bfc062723c751e8b465ee728b) (PreviewImporter) -> (artifact id: '3ff87ee11fc4bd9e09d38f100a4bbb59') in 0.0139215 seconds
Number of updated asset objects reloaded before import = 0Number of asset objects unloaded after import = 128

========================================================================
Received Import Request.
  Time since last request: 4.393363 seconds.
  path: Assets/Resources/Levels/2/1.prefab
  artifactKey: Guid(3e9b9d19383048f4184033225f993f46) Importer(815301076,1909f56bfc062723c751e8b465ee728b)
Start importing Assets/Resources/Levels/2/1.prefab using Guid(3e9b9d19383048f4184033225f993f46) Importer(815301076,1909f56bfc062723c751e8b465ee728b) (PreviewImporter) -> (artifact id: '2db4043a65c86a63b315f954126363f5') in 0.011914 seconds
Number of updated asset objects reloaded before import = 0Number of asset objects unloaded after import = 128

========================================================================
Received Import Request.
  Time since last request: 0.154114 seconds.
  path: Assets/Resources/Levels/2/1.prefab
  artifactKey: Guid(3e9b9d19383048f4184033225f993f46) Importer(815301076,1909f56bfc062723c751e8b465ee728b)
Start importing Assets/Resources/Levels/2/1.prefab using Guid(3e9b9d19383048f4184033225f993f46) Importer(815301076,1909f56bfc062723c751e8b465ee728b) (PreviewImporter) -> (artifact id: '8f653e99430f34ebbcaa65d8adcadb17') in 0.0121333 seconds
Number of updated asset objects reloaded before import = 0Number of asset objects unloaded after import = 128

========================================================================
Received Import Request.
  Time since last request: 3.170631 seconds.
  path: Assets/Resources/Levels/2/1.prefab
  artifactKey: Guid(3e9b9d19383048f4184033225f993f46) Importer(815301076,1909f56bfc062723c751e8b465ee728b)
Start importing Assets/Resources/Levels/2/1.prefab using Guid(3e9b9d19383048f4184033225f993f46) Importer(815301076,1909f56bfc062723c751e8b465ee728b) (PreviewImporter) -> (artifact id: '6ad4d6b879bbe2bbad5c4bcd441a05b4') in 0.0121065 seconds
Number of updated asset objects reloaded before import = 0Number of asset objects unloaded after import = 128

========================================================================
Received Import Request.
  Time since last request: 7.000156 seconds.
  path: Assets/Resources/Levels/2/1.prefab
  artifactKey: Guid(3e9b9d19383048f4184033225f993f46) Importer(815301076,1909f56bfc062723c751e8b465ee728b)
Start importing Assets/Resources/Levels/2/1.prefab using Guid(3e9b9d19383048f4184033225f993f46) Importer(815301076,1909f56bfc062723c751e8b465ee728b) (PreviewImporter) -> (artifact id: '3a2fca37622410ccde3159cf34d18344') in 0.0117707 seconds
Number of updated asset objects reloaded before import = 0Number of asset objects unloaded after import = 128

========================================================================
Received Prepare
Begin MonoManager ReloadAssembly
- Loaded All Assemblies, in  0.763 seconds
Refreshing native plugins compatible for Editor in 1.16 ms, found 3 plugins.
Native extension for WindowsStandalone target not found
Native extension for OSXStandalone target not found
Native extension for WebGL target not found
[Package Manager] Failed to launch server process. Reason: Unity was launched with the -noUpm command-line argument
[Package Manager] Unable to send message (not connected to server process).
[Package Manager] Cannot connect to Unity Package Manager local server
[MODES] ModeService[none].Initialize
[MODES] ModeService[none].LoadModes
Mono: successfully reloaded assembly
- Finished resetting the current domain, in  0.685 seconds
Domain Reload Profiling: 1448ms
	BeginReloadAssembly (239ms)
		ExecutionOrderSort (0ms)
		DisableScriptedObjects (23ms)
		BackupInstance (0ms)
		ReleaseScriptingObjects (0ms)
		CreateAndSetChildDomain (75ms)
	RebuildCommonClasses (30ms)
	RebuildNativeTypeToScriptingClass (11ms)
	initialDomainReloadingComplete (30ms)
	LoadAllAssembliesAndSetupDomain (452ms)
		LoadAssemblies (354ms)
		RebuildTransferFunctionScriptingTraits (0ms)
		AnalyzeDomain (182ms)
			TypeCache.Refresh (8ms)
				TypeCache.ScanAssembly (0ms)
			BuildScriptInfoCaches (161ms)
			ResolveRequiredComponents (9ms)
	FinalizeReload (686ms)
		ReleaseScriptCaches (0ms)
		RebuildScriptCaches (0ms)
		SetupLoadedEditorAssemblies (543ms)
			LogAssemblyErrors (0ms)
			InitializePlatformSupportModulesInManaged (4ms)
			SetLoadedEditorAssemblies (3ms)
			BeforeProcessingInitializeOnLoad (117ms)
			ProcessInitializeOnLoadAttributes (325ms)
			ProcessInitializeOnLoadMethodAttributes (84ms)
			AfterProcessingInitializeOnLoad (10ms)
			EditorAssembliesLoaded (0ms)
		ExecutionOrderSort2 (0ms)
		AwakeInstancesAfterBackupRestoration (20ms)
Refreshing native plugins compatible for Editor in 0.96 ms, found 3 plugins.
Preloading 0 native plugins for Editor in 0.00 ms.
Unloading 14 Unused Serialized files (Serialized files now loaded: 0)
Unloading 6463 unused Assets / (3.9 MB). Loaded Objects now: 7751.
Memory consumption went from 161.2 MB to 157.3 MB.
Total: 8.414800 ms (FindLiveObjects: 0.920100 ms CreateObjectMapping: 0.405500 ms MarkObjects: 4.885500 ms  DeleteObjects: 2.202600 ms)

Prepare: number of updated asset objects reloaded= 0
========================================================================
Received Import Request.
  Time since last request: 148.859668 seconds.
  path: Assets/Resources/Levels/2/1.prefab
  artifactKey: Guid(3e9b9d19383048f4184033225f993f46) Importer(815301076,1909f56bfc062723c751e8b465ee728b)
Start importing Assets/Resources/Levels/2/1.prefab using Guid(3e9b9d19383048f4184033225f993f46) Importer(815301076,1909f56bfc062723c751e8b465ee728b) (PreviewImporter) -> (artifact id: 'f8159b7d60edd580069b1d5fe816aed9') in 0.5037985 seconds
Number of updated asset objects reloaded before import = 0Number of asset objects unloaded after import = 128

========================================================================
Received Import Request.
  Time since last request: 4.449255 seconds.
  path: Assets/Resources/Levels/2/1.prefab
  artifactKey: Guid(3e9b9d19383048f4184033225f993f46) Importer(815301076,1909f56bfc062723c751e8b465ee728b)
Start importing Assets/Resources/Levels/2/1.prefab using Guid(3e9b9d19383048f4184033225f993f46) Importer(815301076,1909f56bfc062723c751e8b465ee728b) (PreviewImporter) -> (artifact id: '053939c36ec085b53e38bfe813b9c826') in 0.0137175 seconds
Number of updated asset objects reloaded before import = 0Number of asset objects unloaded after import = 128

========================================================================
Received Import Request.
  Time since last request: 2.509831 seconds.
  path: Assets/Resources/Levels/2/1.prefab
  artifactKey: Guid(3e9b9d19383048f4184033225f993f46) Importer(815301076,1909f56bfc062723c751e8b465ee728b)
Start importing Assets/Resources/Levels/2/1.prefab using Guid(3e9b9d19383048f4184033225f993f46) Importer(815301076,1909f56bfc062723c751e8b465ee728b) (PreviewImporter) -> (artifact id: 'd3d6882983007e124e53272b53a7cc75') in 0.013198 seconds
Number of updated asset objects reloaded before import = 0Number of asset objects unloaded after import = 128

========================================================================
Received Import Request.
  Time since last request: 40.359331 seconds.
  path: Assets/Resources/Levels/2/1.prefab
  artifactKey: Guid(3e9b9d19383048f4184033225f993f46) Importer(815301076,1909f56bfc062723c751e8b465ee728b)
Start importing Assets/Resources/Levels/2/1.prefab using Guid(3e9b9d19383048f4184033225f993f46) Importer(815301076,1909f56bfc062723c751e8b465ee728b) (PreviewImporter) -> (artifact id: '41d7b061117c709bae78239c24215230') in 0.0125039 seconds
Number of updated asset objects reloaded before import = 0Number of asset objects unloaded after import = 128

========================================================================
Received Import Request.
  Time since last request: 15.898672 seconds.
  path: Assets/Resources/Levels/2/1.prefab
  artifactKey: Guid(3e9b9d19383048f4184033225f993f46) Importer(815301076,1909f56bfc062723c751e8b465ee728b)
Start importing Assets/Resources/Levels/2/1.prefab using Guid(3e9b9d19383048f4184033225f993f46) Importer(815301076,1909f56bfc062723c751e8b465ee728b) (PreviewImporter) -> (artifact id: 'e6d0439278c918dcb7a3eb3e1bdd1434') in 0.0119081 seconds
Number of updated asset objects reloaded before import = 0Number of asset objects unloaded after import = 135

========================================================================
Received Import Request.
  Time since last request: 1.762289 seconds.
  path: Assets/Resources/Levels/2/1.prefab
  artifactKey: Guid(3e9b9d19383048f4184033225f993f46) Importer(815301076,1909f56bfc062723c751e8b465ee728b)
Start importing Assets/Resources/Levels/2/1.prefab using Guid(3e9b9d19383048f4184033225f993f46) Importer(815301076,1909f56bfc062723c751e8b465ee728b) (PreviewImporter) -> (artifact id: '62930452af24082dcc58b11e42056cb2') in 0.0139338 seconds
Number of updated asset objects reloaded before import = 0Number of asset objects unloaded after import = 135

========================================================================
Received Import Request.
  Time since last request: 3.977399 seconds.
  path: Assets/Resources/Levels/2/1.prefab
  artifactKey: Guid(3e9b9d19383048f4184033225f993f46) Importer(815301076,1909f56bfc062723c751e8b465ee728b)
Start importing Assets/Resources/Levels/2/1.prefab using Guid(3e9b9d19383048f4184033225f993f46) Importer(815301076,1909f56bfc062723c751e8b465ee728b) (PreviewImporter) -> (artifact id: 'e2b7d47f189c14326a0029634acc70f9') in 0.0124921 seconds
Number of updated asset objects reloaded before import = 0Number of asset objects unloaded after import = 135

========================================================================
Received Import Request.
  Time since last request: 3.778007 seconds.
  path: Assets/Resources/Levels/2/1.prefab
  artifactKey: Guid(3e9b9d19383048f4184033225f993f46) Importer(815301076,1909f56bfc062723c751e8b465ee728b)
Start importing Assets/Resources/Levels/2/1.prefab using Guid(3e9b9d19383048f4184033225f993f46) Importer(815301076,1909f56bfc062723c751e8b465ee728b) (PreviewImporter) -> (artifact id: 'c8342d05e5e980e0565f7fbfbd52e18e') in 0.0122018 seconds
Number of updated asset objects reloaded before import = 0Number of asset objects unloaded after import = 135

========================================================================
Received Import Request.
  Time since last request: 2.169276 seconds.
  path: Assets/Resources/Levels/2/1.prefab
  artifactKey: Guid(3e9b9d19383048f4184033225f993f46) Importer(815301076,1909f56bfc062723c751e8b465ee728b)
Start importing Assets/Resources/Levels/2/1.prefab using Guid(3e9b9d19383048f4184033225f993f46) Importer(815301076,1909f56bfc062723c751e8b465ee728b) (PreviewImporter) -> (artifact id: 'a9935e9adf72054b1b7eafa81a125488') in 0.0124589 seconds
Number of updated asset objects reloaded before import = 0Number of asset objects unloaded after import = 135

========================================================================
Received Import Request.
  Time since last request: 14.645233 seconds.
  path: Assets/Resources/Levels/2/1.prefab
  artifactKey: Guid(3e9b9d19383048f4184033225f993f46) Importer(815301076,1909f56bfc062723c751e8b465ee728b)
Start importing Assets/Resources/Levels/2/1.prefab using Guid(3e9b9d19383048f4184033225f993f46) Importer(815301076,1909f56bfc062723c751e8b465ee728b) (PreviewImporter) -> (artifact id: '03a15d7936c87f8f8a1a73c7341af1fe') in 0.0143391 seconds
Number of updated asset objects reloaded before import = 0Number of asset objects unloaded after import = 135

========================================================================
Received Import Request.
  Time since last request: 1.492864 seconds.
  path: Assets/Resources/Levels/2/1.prefab
  artifactKey: Guid(3e9b9d19383048f4184033225f993f46) Importer(815301076,1909f56bfc062723c751e8b465ee728b)
Start importing Assets/Resources/Levels/2/1.prefab using Guid(3e9b9d19383048f4184033225f993f46) Importer(815301076,1909f56bfc062723c751e8b465ee728b) (PreviewImporter) -> (artifact id: 'e02fd377a2ae043b0ffde32eb8652db4') in 0.0123333 seconds
Number of updated asset objects reloaded before import = 0Number of asset objects unloaded after import = 135

========================================================================
Received Import Request.
  Time since last request: 3.473310 seconds.
  path: Assets/Resources/Levels/2/1.prefab
  artifactKey: Guid(3e9b9d19383048f4184033225f993f46) Importer(815301076,1909f56bfc062723c751e8b465ee728b)
Start importing Assets/Resources/Levels/2/1.prefab using Guid(3e9b9d19383048f4184033225f993f46) Importer(815301076,1909f56bfc062723c751e8b465ee728b) (PreviewImporter) -> (artifact id: 'beb2918ec63f18e3233541d174dcc101') in 0.0123089 seconds
Number of updated asset objects reloaded before import = 0Number of asset objects unloaded after import = 135

========================================================================
Received Import Request.
  Time since last request: 2.168773 seconds.
  path: Assets/Resources/Levels/2/1.prefab
  artifactKey: Guid(3e9b9d19383048f4184033225f993f46) Importer(815301076,1909f56bfc062723c751e8b465ee728b)
Start importing Assets/Resources/Levels/2/1.prefab using Guid(3e9b9d19383048f4184033225f993f46) Importer(815301076,1909f56bfc062723c751e8b465ee728b) (PreviewImporter) -> (artifact id: '81ad50f7fbb645cb5d468fa13932114b') in 0.0126708 seconds
Number of updated asset objects reloaded before import = 0Number of asset objects unloaded after import = 135

========================================================================
Received Import Request.
  Time since last request: 4.179972 seconds.
  path: Assets/Resources/Levels/2/1.prefab
  artifactKey: Guid(3e9b9d19383048f4184033225f993f46) Importer(815301076,1909f56bfc062723c751e8b465ee728b)
Start importing Assets/Resources/Levels/2/1.prefab using Guid(3e9b9d19383048f4184033225f993f46) Importer(815301076,1909f56bfc062723c751e8b465ee728b) (PreviewImporter) -> (artifact id: 'b5fa32f12c39db59d8e895ca1e784004') in 0.0130365 seconds
Number of updated asset objects reloaded before import = 0Number of asset objects unloaded after import = 135

========================================================================
Received Import Request.
  Time since last request: 4.176923 seconds.
  path: Assets/Resources/Levels/2/1.prefab
  artifactKey: Guid(3e9b9d19383048f4184033225f993f46) Importer(815301076,1909f56bfc062723c751e8b465ee728b)
Start importing Assets/Resources/Levels/2/1.prefab using Guid(3e9b9d19383048f4184033225f993f46) Importer(815301076,1909f56bfc062723c751e8b465ee728b) (PreviewImporter) -> (artifact id: '0a3710e0b1bf76a4bab614bb9f32ba31') in 0.0129476 seconds
Number of updated asset objects reloaded before import = 0Number of asset objects unloaded after import = 135

========================================================================
Received Import Request.
  Time since last request: 2.379222 seconds.
  path: Assets/Resources/Levels/2/1.prefab
  artifactKey: Guid(3e9b9d19383048f4184033225f993f46) Importer(815301076,1909f56bfc062723c751e8b465ee728b)
Start importing Assets/Resources/Levels/2/1.prefab using Guid(3e9b9d19383048f4184033225f993f46) Importer(815301076,1909f56bfc062723c751e8b465ee728b) (PreviewImporter) -> (artifact id: '7ca6a3a3fb17024610506fb6951e1806') in 0.0132305 seconds
Number of updated asset objects reloaded before import = 0Number of asset objects unloaded after import = 135

========================================================================
Received Import Request.
  Time since last request: 8.601752 seconds.
  path: Assets/Resources/Levels/2/1.prefab
  artifactKey: Guid(3e9b9d19383048f4184033225f993f46) Importer(815301076,1909f56bfc062723c751e8b465ee728b)
Start importing Assets/Resources/Levels/2/1.prefab using Guid(3e9b9d19383048f4184033225f993f46) Importer(815301076,1909f56bfc062723c751e8b465ee728b) (PreviewImporter) -> (artifact id: 'a2239122a05b4f65c7a30ea24ec76d86') in 0.0114654 seconds
Number of updated asset objects reloaded before import = 0Number of asset objects unloaded after import = 130

========================================================================
Received Import Request.
  Time since last request: 3.282189 seconds.
  path: Assets/Resources/Levels/2/1.prefab
  artifactKey: Guid(3e9b9d19383048f4184033225f993f46) Importer(815301076,1909f56bfc062723c751e8b465ee728b)
Start importing Assets/Resources/Levels/2/1.prefab using Guid(3e9b9d19383048f4184033225f993f46) Importer(815301076,1909f56bfc062723c751e8b465ee728b) (PreviewImporter) -> (artifact id: '244d39324cbbd7bf252f8b475d278059') in 0.0121652 seconds
Number of updated asset objects reloaded before import = 0Number of asset objects unloaded after import = 130

========================================================================
Received Import Request.
  Time since last request: 9.260286 seconds.
  path: Assets/Resources/Levels/2/1.prefab
  artifactKey: Guid(3e9b9d19383048f4184033225f993f46) Importer(815301076,1909f56bfc062723c751e8b465ee728b)
Start importing Assets/Resources/Levels/2/1.prefab using Guid(3e9b9d19383048f4184033225f993f46) Importer(815301076,1909f56bfc062723c751e8b465ee728b) (PreviewImporter) -> (artifact id: '6eceb03f6193a8a6812681e2851b8466') in 0.0110461 seconds
Number of updated asset objects reloaded before import = 0Number of asset objects unloaded after import = 130

========================================================================
Received Import Request.
  Time since last request: 4.367254 seconds.
  path: Assets/Resources/Levels/2/1.prefab
  artifactKey: Guid(3e9b9d19383048f4184033225f993f46) Importer(815301076,1909f56bfc062723c751e8b465ee728b)
Start importing Assets/Resources/Levels/2/1.prefab using Guid(3e9b9d19383048f4184033225f993f46) Importer(815301076,1909f56bfc062723c751e8b465ee728b) (PreviewImporter) -> (artifact id: '8c9fd5e228ef3a66125135bd9c7f0b3d') in 0.012075 seconds
Number of updated asset objects reloaded before import = 0Number of asset objects unloaded after import = 130

========================================================================
Received Import Request.
  Time since last request: 0.757223 seconds.
  path: Assets/Resources/Levels/2/1.prefab
  artifactKey: Guid(3e9b9d19383048f4184033225f993f46) Importer(815301076,1909f56bfc062723c751e8b465ee728b)
Start importing Assets/Resources/Levels/2/1.prefab using Guid(3e9b9d19383048f4184033225f993f46) Importer(815301076,1909f56bfc062723c751e8b465ee728b) (PreviewImporter) -> (artifact id: 'c0211822fd81a01a2d2c2955db39c1a2') in 0.011821 seconds
Number of updated asset objects reloaded before import = 0Number of asset objects unloaded after import = 130

========================================================================
Received Import Request.
  Time since last request: 0.550764 seconds.
  path: Assets/Resources/Levels/2/1.prefab
  artifactKey: Guid(3e9b9d19383048f4184033225f993f46) Importer(815301076,1909f56bfc062723c751e8b465ee728b)
Start importing Assets/Resources/Levels/2/1.prefab using Guid(3e9b9d19383048f4184033225f993f46) Importer(815301076,1909f56bfc062723c751e8b465ee728b) (PreviewImporter) -> (artifact id: '58661a2d8e922003313906000bac7fd8') in 0.0118212 seconds
Number of updated asset objects reloaded before import = 0Number of asset objects unloaded after import = 130

========================================================================
Received Import Request.
  Time since last request: 2.661983 seconds.
  path: Assets/Resources/Levels/2/1.prefab
  artifactKey: Guid(3e9b9d19383048f4184033225f993f46) Importer(815301076,1909f56bfc062723c751e8b465ee728b)
Start importing Assets/Resources/Levels/2/1.prefab using Guid(3e9b9d19383048f4184033225f993f46) Importer(815301076,1909f56bfc062723c751e8b465ee728b) (PreviewImporter) -> (artifact id: 'f6441ef48fc10146a7243c9edfd81791') in 0.0142696 seconds
Number of updated asset objects reloaded before import = 0Number of asset objects unloaded after import = 130

========================================================================
Received Import Request.
  Time since last request: 1.357751 seconds.
  path: Assets/Resources/Levels/2/1.prefab
  artifactKey: Guid(3e9b9d19383048f4184033225f993f46) Importer(815301076,1909f56bfc062723c751e8b465ee728b)
Start importing Assets/Resources/Levels/2/1.prefab using Guid(3e9b9d19383048f4184033225f993f46) Importer(815301076,1909f56bfc062723c751e8b465ee728b) (PreviewImporter) -> (artifact id: '99394ce1d5a7b79feaec7226734cf04a') in 0.0133453 seconds
Number of updated asset objects reloaded before import = 0Number of asset objects unloaded after import = 130

========================================================================
Received Import Request.
  Time since last request: 2.385376 seconds.
  path: Assets/Resources/Levels/2/1.prefab
  artifactKey: Guid(3e9b9d19383048f4184033225f993f46) Importer(815301076,1909f56bfc062723c751e8b465ee728b)
Start importing Assets/Resources/Levels/2/1.prefab using Guid(3e9b9d19383048f4184033225f993f46) Importer(815301076,1909f56bfc062723c751e8b465ee728b) (PreviewImporter) -> (artifact id: 'c7ec39a07ea6fea6ace329809cbf1032') in 0.0119849 seconds
Number of updated asset objects reloaded before import = 0Number of asset objects unloaded after import = 130

========================================================================
Received Import Request.
  Time since last request: 44.959662 seconds.
  path: Assets/Resources/Levels/2/1.prefab
  artifactKey: Guid(3e9b9d19383048f4184033225f993f46) Importer(815301076,1909f56bfc062723c751e8b465ee728b)
Start importing Assets/Resources/Levels/2/1.prefab using Guid(3e9b9d19383048f4184033225f993f46) Importer(815301076,1909f56bfc062723c751e8b465ee728b) (PreviewImporter) -> (artifact id: 'b83f30b633a5aea79e1fb692e47e502d') in 0.012313 seconds
Number of updated asset objects reloaded before import = 0Number of asset objects unloaded after import = 130

========================================================================
Received Import Request.
  Time since last request: 0.354737 seconds.
  path: Assets/Resources/Levels/2/1.prefab
  artifactKey: Guid(3e9b9d19383048f4184033225f993f46) Importer(815301076,1909f56bfc062723c751e8b465ee728b)
Start importing Assets/Resources/Levels/2/1.prefab using Guid(3e9b9d19383048f4184033225f993f46) Importer(815301076,1909f56bfc062723c751e8b465ee728b) (PreviewImporter) -> (artifact id: 'ad2d1eeb09e030ab04e223fcd3b7f149') in 0.0117223 seconds
Number of updated asset objects reloaded before import = 0Number of asset objects unloaded after import = 130

========================================================================
Received Import Request.
  Time since last request: 1.775693 seconds.
  path: Assets/Resources/Levels/2/1.prefab
  artifactKey: Guid(3e9b9d19383048f4184033225f993f46) Importer(815301076,1909f56bfc062723c751e8b465ee728b)
Start importing Assets/Resources/Levels/2/1.prefab using Guid(3e9b9d19383048f4184033225f993f46) Importer(815301076,1909f56bfc062723c751e8b465ee728b) (PreviewImporter) -> (artifact id: '447fa2b194a22b8a8ba84431676b2b69') in 0.0119687 seconds
Number of updated asset objects reloaded before import = 0Number of asset objects unloaded after import = 130

========================================================================
Received Import Request.
  Time since last request: 1.367635 seconds.
  path: Assets/Resources/Levels/2/1.prefab
  artifactKey: Guid(3e9b9d19383048f4184033225f993f46) Importer(815301076,1909f56bfc062723c751e8b465ee728b)
Start importing Assets/Resources/Levels/2/1.prefab using Guid(3e9b9d19383048f4184033225f993f46) Importer(815301076,1909f56bfc062723c751e8b465ee728b) (PreviewImporter) -> (artifact id: '8a9e8b9f1062eb2db04c41d90e4573e0') in 0.0122712 seconds
Number of updated asset objects reloaded before import = 0Number of asset objects unloaded after import = 130

========================================================================
Received Import Request.
  Time since last request: 24.530362 seconds.
  path: Assets/Resources/Levels/2/1.prefab
  artifactKey: Guid(3e9b9d19383048f4184033225f993f46) Importer(815301076,1909f56bfc062723c751e8b465ee728b)
Start importing Assets/Resources/Levels/2/1.prefab using Guid(3e9b9d19383048f4184033225f993f46) Importer(815301076,1909f56bfc062723c751e8b465ee728b) (PreviewImporter) -> (artifact id: 'c3159dd4934c4d3adee814e7580e5b51') in 0.0114356 seconds
Number of updated asset objects reloaded before import = 0Number of asset objects unloaded after import = 130

========================================================================
Received Import Request.
  Time since last request: 0.764785 seconds.
  path: Assets/Resources/Levels/2/1.prefab
  artifactKey: Guid(3e9b9d19383048f4184033225f993f46) Importer(815301076,1909f56bfc062723c751e8b465ee728b)
Start importing Assets/Resources/Levels/2/1.prefab using Guid(3e9b9d19383048f4184033225f993f46) Importer(815301076,1909f56bfc062723c751e8b465ee728b) (PreviewImporter) -> (artifact id: '5e2dc390823c7fdf977d2d9a5ed0a617') in 0.0113591 seconds
Number of updated asset objects reloaded before import = 0Number of asset objects unloaded after import = 130

========================================================================
Received Import Request.
  Time since last request: 51.945059 seconds.
  path: Assets/Resources/Levels/2/1.prefab
  artifactKey: Guid(3e9b9d19383048f4184033225f993f46) Importer(815301076,1909f56bfc062723c751e8b465ee728b)
Start importing Assets/Resources/Levels/2/1.prefab using Guid(3e9b9d19383048f4184033225f993f46) Importer(815301076,1909f56bfc062723c751e8b465ee728b) (PreviewImporter) -> (artifact id: '6b7be591d9f7f2dfa728b69c5b950056') in 0.0116805 seconds
Number of updated asset objects reloaded before import = 0Number of asset objects unloaded after import = 130

========================================================================
Received Import Request.
  Time since last request: 0.961596 seconds.
  path: Assets/Resources/Levels/2/1.prefab
  artifactKey: Guid(3e9b9d19383048f4184033225f993f46) Importer(815301076,1909f56bfc062723c751e8b465ee728b)
Start importing Assets/Resources/Levels/2/1.prefab using Guid(3e9b9d19383048f4184033225f993f46) Importer(815301076,1909f56bfc062723c751e8b465ee728b) (PreviewImporter) -> (artifact id: 'cb4e538d3e35f74a77550aae7fd6847a') in 0.0117708 seconds
Number of updated asset objects reloaded before import = 0Number of asset objects unloaded after import = 130

========================================================================
Received Import Request.
  Time since last request: 3.572519 seconds.
  path: Assets/Resources/Levels/2/1.prefab
  artifactKey: Guid(3e9b9d19383048f4184033225f993f46) Importer(815301076,1909f56bfc062723c751e8b465ee728b)
Start importing Assets/Resources/Levels/2/1.prefab using Guid(3e9b9d19383048f4184033225f993f46) Importer(815301076,1909f56bfc062723c751e8b465ee728b) (PreviewImporter) -> (artifact id: '65ef735fff1371266c374eaf1ad888d4') in 0.0133004 seconds
Number of updated asset objects reloaded before import = 0Number of asset objects unloaded after import = 130

========================================================================
Received Import Request.
  Time since last request: 8.367357 seconds.
  path: Assets/Resources/Levels/2/1.prefab
  artifactKey: Guid(3e9b9d19383048f4184033225f993f46) Importer(815301076,1909f56bfc062723c751e8b465ee728b)
Start importing Assets/Resources/Levels/2/1.prefab using Guid(3e9b9d19383048f4184033225f993f46) Importer(815301076,1909f56bfc062723c751e8b465ee728b) (PreviewImporter) -> (artifact id: '1d7512def4c62f226c2b33aaa759098c') in 0.0117206 seconds
Number of updated asset objects reloaded before import = 0Number of asset objects unloaded after import = 130

========================================================================
Received Import Request.
  Time since last request: 2.395160 seconds.
  path: Assets/Resources/Levels/2/1.prefab
  artifactKey: Guid(3e9b9d19383048f4184033225f993f46) Importer(815301076,1909f56bfc062723c751e8b465ee728b)
Start importing Assets/Resources/Levels/2/1.prefab using Guid(3e9b9d19383048f4184033225f993f46) Importer(815301076,1909f56bfc062723c751e8b465ee728b) (PreviewImporter) -> (artifact id: 'aec752146e63e2ffd4907f60dab0ae7d') in 0.0120524 seconds
Number of updated asset objects reloaded before import = 0Number of asset objects unloaded after import = 130

========================================================================
Received Import Request.
  Time since last request: 0.355486 seconds.
  path: Assets/Resources/Levels/2/1.prefab
  artifactKey: Guid(3e9b9d19383048f4184033225f993f46) Importer(815301076,1909f56bfc062723c751e8b465ee728b)
Start importing Assets/Resources/Levels/2/1.prefab using Guid(3e9b9d19383048f4184033225f993f46) Importer(815301076,1909f56bfc062723c751e8b465ee728b) (PreviewImporter) -> (artifact id: '2c0a0f5bd38fd104be568969fe57f366') in 0.0129273 seconds
Number of updated asset objects reloaded before import = 0Number of asset objects unloaded after import = 130

========================================================================
Received Import Request.
  Time since last request: 1.568448 seconds.
  path: Assets/Resources/Levels/2/1.prefab
  artifactKey: Guid(3e9b9d19383048f4184033225f993f46) Importer(815301076,1909f56bfc062723c751e8b465ee728b)
Start importing Assets/Resources/Levels/2/1.prefab using Guid(3e9b9d19383048f4184033225f993f46) Importer(815301076,1909f56bfc062723c751e8b465ee728b) (PreviewImporter) -> (artifact id: 'd31decb9dc409a5f74be96adcfd0d545') in 0.0128346 seconds
Number of updated asset objects reloaded before import = 0Number of asset objects unloaded after import = 130

========================================================================
Received Import Request.
  Time since last request: 5.694320 seconds.
  path: Assets/Resources/Levels/2/1.prefab
  artifactKey: Guid(3e9b9d19383048f4184033225f993f46) Importer(815301076,1909f56bfc062723c751e8b465ee728b)
Start importing Assets/Resources/Levels/2/1.prefab using Guid(3e9b9d19383048f4184033225f993f46) Importer(815301076,1909f56bfc062723c751e8b465ee728b) (PreviewImporter) -> (artifact id: 'bdaef6769e07683366d23a2e8220b687') in 0.014984 seconds
Number of updated asset objects reloaded before import = 0Number of asset objects unloaded after import = 130

========================================================================
Received Import Request.
  Time since last request: 0.745082 seconds.
  path: Assets/Resources/Levels/2/1.prefab
  artifactKey: Guid(3e9b9d19383048f4184033225f993f46) Importer(815301076,1909f56bfc062723c751e8b465ee728b)
Start importing Assets/Resources/Levels/2/1.prefab using Guid(3e9b9d19383048f4184033225f993f46) Importer(815301076,1909f56bfc062723c751e8b465ee728b) (PreviewImporter) -> (artifact id: 'c0d8b9dc5a826509035883e8bcc46374') in 0.012431 seconds
Number of updated asset objects reloaded before import = 0Number of asset objects unloaded after import = 130

========================================================================
Received Import Request.
  Time since last request: 2.951418 seconds.
  path: Assets/Resources/Levels/2/1.prefab
  artifactKey: Guid(3e9b9d19383048f4184033225f993f46) Importer(815301076,1909f56bfc062723c751e8b465ee728b)
Start importing Assets/Resources/Levels/2/1.prefab using Guid(3e9b9d19383048f4184033225f993f46) Importer(815301076,1909f56bfc062723c751e8b465ee728b) (PreviewImporter) -> (artifact id: 'bbca0beb810d5faa4303c16746b50645') in 0.0121677 seconds
Number of updated asset objects reloaded before import = 0Number of asset objects unloaded after import = 130

========================================================================
Received Import Request.
  Time since last request: 3.642801 seconds.
  path: Assets/Resources/Levels/2/1.prefab
  artifactKey: Guid(3e9b9d19383048f4184033225f993f46) Importer(815301076,1909f56bfc062723c751e8b465ee728b)
Start importing Assets/Resources/Levels/2/1.prefab using Guid(3e9b9d19383048f4184033225f993f46) Importer(815301076,1909f56bfc062723c751e8b465ee728b) (PreviewImporter) -> (artifact id: 'b1ae782982bbe162d3727b51cd6418e5') in 0.012229 seconds
Number of updated asset objects reloaded before import = 0Number of asset objects unloaded after import = 130

========================================================================
Received Import Request.
  Time since last request: 2.777150 seconds.
  path: Assets/Resources/Levels/2/1.prefab
  artifactKey: Guid(3e9b9d19383048f4184033225f993f46) Importer(815301076,1909f56bfc062723c751e8b465ee728b)
Start importing Assets/Resources/Levels/2/1.prefab using Guid(3e9b9d19383048f4184033225f993f46) Importer(815301076,1909f56bfc062723c751e8b465ee728b) (PreviewImporter) -> (artifact id: '0222e6902cc43098d6ccfc11ab9d0b16') in 0.0120864 seconds
Number of updated asset objects reloaded before import = 0Number of asset objects unloaded after import = 130

========================================================================
Received Import Request.
  Time since last request: 13.250120 seconds.
  path: Assets/Resources/Levels/2/1.prefab
  artifactKey: Guid(3e9b9d19383048f4184033225f993f46) Importer(815301076,1909f56bfc062723c751e8b465ee728b)
Start importing Assets/Resources/Levels/2/1.prefab using Guid(3e9b9d19383048f4184033225f993f46) Importer(815301076,1909f56bfc062723c751e8b465ee728b) (PreviewImporter) -> (artifact id: '94fb4968449ed32c3958580452b7fb0e') in 0.0112015 seconds
Number of updated asset objects reloaded before import = 0Number of asset objects unloaded after import = 130

========================================================================
Received Import Request.
  Time since last request: 1.366499 seconds.
  path: Assets/Resources/Levels/2/1.prefab
  artifactKey: Guid(3e9b9d19383048f4184033225f993f46) Importer(815301076,1909f56bfc062723c751e8b465ee728b)
Start importing Assets/Resources/Levels/2/1.prefab using Guid(3e9b9d19383048f4184033225f993f46) Importer(815301076,1909f56bfc062723c751e8b465ee728b) (PreviewImporter) -> (artifact id: '0ba7f254444f507580b8944cab08311e') in 0.013292 seconds
Number of updated asset objects reloaded before import = 0Number of asset objects unloaded after import = 130

========================================================================
Received Import Request.
  Time since last request: 4.836450 seconds.
  path: Assets/Resources/Levels/2/1.prefab
  artifactKey: Guid(3e9b9d19383048f4184033225f993f46) Importer(815301076,1909f56bfc062723c751e8b465ee728b)
Start importing Assets/Resources/Levels/2/1.prefab using Guid(3e9b9d19383048f4184033225f993f46) Importer(815301076,1909f56bfc062723c751e8b465ee728b) (PreviewImporter) -> (artifact id: '53aa03cbf422eaeb3411bc04a7a8b6a6') in 0.0113726 seconds
Number of updated asset objects reloaded before import = 0Number of asset objects unloaded after import = 130

========================================================================
Received Import Request.
  Time since last request: 5.567991 seconds.
  path: Assets/Resources/Levels/2/1.prefab
  artifactKey: Guid(3e9b9d19383048f4184033225f993f46) Importer(815301076,1909f56bfc062723c751e8b465ee728b)
Start importing Assets/Resources/Levels/2/1.prefab using Guid(3e9b9d19383048f4184033225f993f46) Importer(815301076,1909f56bfc062723c751e8b465ee728b) (PreviewImporter) -> (artifact id: '3ffb5ce42f7d4fd08fbd2ab23f8e4e48') in 0.0118754 seconds
Number of updated asset objects reloaded before import = 0Number of asset objects unloaded after import = 130

========================================================================
Received Import Request.
  Time since last request: 3.139442 seconds.
  path: Assets/Resources/Levels/2/1.prefab
  artifactKey: Guid(3e9b9d19383048f4184033225f993f46) Importer(815301076,1909f56bfc062723c751e8b465ee728b)
Start importing Assets/Resources/Levels/2/1.prefab using Guid(3e9b9d19383048f4184033225f993f46) Importer(815301076,1909f56bfc062723c751e8b465ee728b) (PreviewImporter) -> (artifact id: '265e94971f694dfa173936595a4a120c') in 0.0117357 seconds
Number of updated asset objects reloaded before import = 0Number of asset objects unloaded after import = 130

========================================================================
Received Import Request.
  Time since last request: 3.771241 seconds.
  path: Assets/Resources/Levels/2/1.prefab
  artifactKey: Guid(3e9b9d19383048f4184033225f993f46) Importer(815301076,1909f56bfc062723c751e8b465ee728b)
Start importing Assets/Resources/Levels/2/1.prefab using Guid(3e9b9d19383048f4184033225f993f46) Importer(815301076,1909f56bfc062723c751e8b465ee728b) (PreviewImporter) -> (artifact id: 'a84e9b12f26a100643e8e9cea8261d44') in 0.0114948 seconds
Number of updated asset objects reloaded before import = 0Number of asset objects unloaded after import = 130

========================================================================
Received Import Request.
  Time since last request: 6.285914 seconds.
  path: Assets/Resources/Levels/2/1.prefab
  artifactKey: Guid(3e9b9d19383048f4184033225f993f46) Importer(815301076,1909f56bfc062723c751e8b465ee728b)
Start importing Assets/Resources/Levels/2/1.prefab using Guid(3e9b9d19383048f4184033225f993f46) Importer(815301076,1909f56bfc062723c751e8b465ee728b) (PreviewImporter) -> (artifact id: 'a6ecf80a3ac1353825a460ee78fcb8b7') in 0.0121284 seconds
Number of updated asset objects reloaded before import = 0Number of asset objects unloaded after import = 130

========================================================================
Received Import Request.
  Time since last request: 23.721772 seconds.
  path: Assets/Resources/Levels/2/1.prefab
  artifactKey: Guid(3e9b9d19383048f4184033225f993f46) Importer(815301076,1909f56bfc062723c751e8b465ee728b)
Start importing Assets/Resources/Levels/2/1.prefab using Guid(3e9b9d19383048f4184033225f993f46) Importer(815301076,1909f56bfc062723c751e8b465ee728b) (PreviewImporter) -> (artifact id: 'f68572caca38616b82964cd5e7f3eceb') in 0.0122825 seconds
Number of updated asset objects reloaded before import = 0Number of asset objects unloaded after import = 130

========================================================================
Received Import Request.
  Time since last request: 0.353851 seconds.
  path: Assets/Resources/Levels/2/1.prefab
  artifactKey: Guid(3e9b9d19383048f4184033225f993f46) Importer(815301076,1909f56bfc062723c751e8b465ee728b)
Start importing Assets/Resources/Levels/2/1.prefab using Guid(3e9b9d19383048f4184033225f993f46) Importer(815301076,1909f56bfc062723c751e8b465ee728b) (PreviewImporter) -> (artifact id: '67d946944f44cf72d1cb8346c8c499d4') in 0.0119779 seconds
Number of updated asset objects reloaded before import = 0Number of asset objects unloaded after import = 130

========================================================================
Received Import Request.
  Time since last request: 2.765654 seconds.
  path: Assets/Resources/Levels/2/1.prefab
  artifactKey: Guid(3e9b9d19383048f4184033225f993f46) Importer(815301076,1909f56bfc062723c751e8b465ee728b)
Start importing Assets/Resources/Levels/2/1.prefab using Guid(3e9b9d19383048f4184033225f993f46) Importer(815301076,1909f56bfc062723c751e8b465ee728b) (PreviewImporter) -> (artifact id: '573f35f49d2225dafa1e58c314cce70d') in 0.0139376 seconds
Number of updated asset objects reloaded before import = 0Number of asset objects unloaded after import = 130

========================================================================
Received Import Request.
  Time since last request: 41.197258 seconds.
  path: Assets/Resources/Levels/2/1.prefab
  artifactKey: Guid(3e9b9d19383048f4184033225f993f46) Importer(815301076,1909f56bfc062723c751e8b465ee728b)
Start importing Assets/Resources/Levels/2/1.prefab using Guid(3e9b9d19383048f4184033225f993f46) Importer(815301076,1909f56bfc062723c751e8b465ee728b) (PreviewImporter) -> (artifact id: 'a1332146bbd143e227e5c5a726ccc8e9') in 0.0143549 seconds
Number of updated asset objects reloaded before import = 0Number of asset objects unloaded after import = 130

========================================================================
Received Import Request.
  Time since last request: 2.971839 seconds.
  path: Assets/Resources/Levels/2/1.prefab
  artifactKey: Guid(3e9b9d19383048f4184033225f993f46) Importer(815301076,1909f56bfc062723c751e8b465ee728b)
Start importing Assets/Resources/Levels/2/1.prefab using Guid(3e9b9d19383048f4184033225f993f46) Importer(815301076,1909f56bfc062723c751e8b465ee728b) (PreviewImporter) -> (artifact id: '62b08d1ac070906c9dab3b49d30fe11e') in 0.0121589 seconds
Number of updated asset objects reloaded before import = 0Number of asset objects unloaded after import = 130

========================================================================
Received Import Request.
  Time since last request: 4.190027 seconds.
  path: Assets/Resources/Levels/2/1.prefab
  artifactKey: Guid(3e9b9d19383048f4184033225f993f46) Importer(815301076,1909f56bfc062723c751e8b465ee728b)
Start importing Assets/Resources/Levels/2/1.prefab using Guid(3e9b9d19383048f4184033225f993f46) Importer(815301076,1909f56bfc062723c751e8b465ee728b) (PreviewImporter) -> (artifact id: '6d4cc8a453511d1bf2d596f11412a053') in 0.0126735 seconds
Number of updated asset objects reloaded before import = 0Number of asset objects unloaded after import = 130

========================================================================
Received Import Request.
  Time since last request: 0.755200 seconds.
  path: Assets/Resources/Levels/2/1.prefab
  artifactKey: Guid(3e9b9d19383048f4184033225f993f46) Importer(815301076,1909f56bfc062723c751e8b465ee728b)
Start importing Assets/Resources/Levels/2/1.prefab using Guid(3e9b9d19383048f4184033225f993f46) Importer(815301076,1909f56bfc062723c751e8b465ee728b) (PreviewImporter) -> (artifact id: 'b0a8b40a619cdc8bad6742d727eb4e9e') in 0.0119957 seconds
Number of updated asset objects reloaded before import = 0Number of asset objects unloaded after import = 130

========================================================================
Received Import Request.
  Time since last request: 1.966123 seconds.
  path: Assets/Resources/Levels/2/1.prefab
  artifactKey: Guid(3e9b9d19383048f4184033225f993f46) Importer(815301076,1909f56bfc062723c751e8b465ee728b)
Start importing Assets/Resources/Levels/2/1.prefab using Guid(3e9b9d19383048f4184033225f993f46) Importer(815301076,1909f56bfc062723c751e8b465ee728b) (PreviewImporter) -> (artifact id: 'd82e8ceede778c0b8b76d3c345fa7631') in 0.0130029 seconds
Number of updated asset objects reloaded before import = 0Number of asset objects unloaded after import = 130

========================================================================
Received Import Request.
  Time since last request: 1.412581 seconds.
  path: Assets/Resources/Levels/2/1.prefab
  artifactKey: Guid(3e9b9d19383048f4184033225f993f46) Importer(815301076,1909f56bfc062723c751e8b465ee728b)
Start importing Assets/Resources/Levels/2/1.prefab using Guid(3e9b9d19383048f4184033225f993f46) Importer(815301076,1909f56bfc062723c751e8b465ee728b) (PreviewImporter) -> (artifact id: '678b4227b692607716b4ff013d9509b9') in 0.0125989 seconds
Number of updated asset objects reloaded before import = 0Number of asset objects unloaded after import = 130

========================================================================
Received Import Request.
  Time since last request: 0.959240 seconds.
  path: Assets/Resources/Levels/2/1.prefab
  artifactKey: Guid(3e9b9d19383048f4184033225f993f46) Importer(815301076,1909f56bfc062723c751e8b465ee728b)
Start importing Assets/Resources/Levels/2/1.prefab using Guid(3e9b9d19383048f4184033225f993f46) Importer(815301076,1909f56bfc062723c751e8b465ee728b) (PreviewImporter) -> (artifact id: '2a0f3e567de8c751c58b479de7d9dbb0') in 0.0128399 seconds
Number of updated asset objects reloaded before import = 0Number of asset objects unloaded after import = 130

========================================================================
Received Import Request.
  Time since last request: 2.356317 seconds.
  path: Assets/Resources/Levels/2/1.prefab
  artifactKey: Guid(3e9b9d19383048f4184033225f993f46) Importer(815301076,1909f56bfc062723c751e8b465ee728b)
Start importing Assets/Resources/Levels/2/1.prefab using Guid(3e9b9d19383048f4184033225f993f46) Importer(815301076,1909f56bfc062723c751e8b465ee728b) (PreviewImporter) -> (artifact id: '7529d26d8ff513cfad157790de996f75') in 0.0116694 seconds
Number of updated asset objects reloaded before import = 0Number of asset objects unloaded after import = 130

========================================================================
Received Import Request.
  Time since last request: 2.571089 seconds.
  path: Assets/Resources/Levels/2/1.prefab
  artifactKey: Guid(3e9b9d19383048f4184033225f993f46) Importer(815301076,1909f56bfc062723c751e8b465ee728b)
Start importing Assets/Resources/Levels/2/1.prefab using Guid(3e9b9d19383048f4184033225f993f46) Importer(815301076,1909f56bfc062723c751e8b465ee728b) (PreviewImporter) -> (artifact id: '0cd8760963122adec2ce4d2b8b193cc3') in 0.0115853 seconds
Number of updated asset objects reloaded before import = 0Number of asset objects unloaded after import = 130

========================================================================
Received Import Request.
  Time since last request: 4.185714 seconds.
  path: Assets/Resources/Levels/2/1.prefab
  artifactKey: Guid(3e9b9d19383048f4184033225f993f46) Importer(815301076,1909f56bfc062723c751e8b465ee728b)
Start importing Assets/Resources/Levels/2/1.prefab using Guid(3e9b9d19383048f4184033225f993f46) Importer(815301076,1909f56bfc062723c751e8b465ee728b) (PreviewImporter) -> (artifact id: 'bbdbab9f793c15cda2b6e05fe96ab802') in 0.0126034 seconds
Number of updated asset objects reloaded before import = 0Number of asset objects unloaded after import = 130

========================================================================
Received Import Request.
  Time since last request: 19.885522 seconds.
  path: Assets/Resources/Levels/2/1.prefab
  artifactKey: Guid(3e9b9d19383048f4184033225f993f46) Importer(815301076,1909f56bfc062723c751e8b465ee728b)
Start importing Assets/Resources/Levels/2/1.prefab using Guid(3e9b9d19383048f4184033225f993f46) Importer(815301076,1909f56bfc062723c751e8b465ee728b) (PreviewImporter) -> (artifact id: '03af5325cf1551daa760957cb7fed1ec') in 0.0138182 seconds
Number of updated asset objects reloaded before import = 0Number of asset objects unloaded after import = 130

========================================================================
Received Import Request.
  Time since last request: 80.273843 seconds.
  path: Assets/Resources/Levels/2/1.prefab
  artifactKey: Guid(3e9b9d19383048f4184033225f993f46) Importer(815301076,1909f56bfc062723c751e8b465ee728b)
Start importing Assets/Resources/Levels/2/1.prefab using Guid(3e9b9d19383048f4184033225f993f46) Importer(815301076,1909f56bfc062723c751e8b465ee728b) (PreviewImporter) -> (artifact id: '686a23fbda6ce722d2c610bef86a9aa4') in 0.0122924 seconds
Number of updated asset objects reloaded before import = 0Number of asset objects unloaded after import = 130

========================================================================
Received Import Request.
  Time since last request: 3.816620 seconds.
  path: Assets/Resources/Levels/2/1.prefab
  artifactKey: Guid(3e9b9d19383048f4184033225f993f46) Importer(815301076,1909f56bfc062723c751e8b465ee728b)
Start importing Assets/Resources/Levels/2/1.prefab using Guid(3e9b9d19383048f4184033225f993f46) Importer(815301076,1909f56bfc062723c751e8b465ee728b) (PreviewImporter) -> (artifact id: '571e33b807c7c2ac7f738873f9c47893') in 0.0127998 seconds
Number of updated asset objects reloaded before import = 0Number of asset objects unloaded after import = 130

========================================================================
Received Import Request.
  Time since last request: 3.289653 seconds.
  path: Assets/Resources/Levels/2/1.prefab
  artifactKey: Guid(3e9b9d19383048f4184033225f993f46) Importer(815301076,1909f56bfc062723c751e8b465ee728b)
Start importing Assets/Resources/Levels/2/1.prefab using Guid(3e9b9d19383048f4184033225f993f46) Importer(815301076,1909f56bfc062723c751e8b465ee728b) (PreviewImporter) -> (artifact id: 'd9e27acc7238525f5e831569c306657b') in 0.0149727 seconds
Number of updated asset objects reloaded before import = 0Number of asset objects unloaded after import = 130

========================================================================
Received Import Request.
  Time since last request: 1.963061 seconds.
  path: Assets/Resources/Levels/2/1.prefab
  artifactKey: Guid(3e9b9d19383048f4184033225f993f46) Importer(815301076,1909f56bfc062723c751e8b465ee728b)
Start importing Assets/Resources/Levels/2/1.prefab using Guid(3e9b9d19383048f4184033225f993f46) Importer(815301076,1909f56bfc062723c751e8b465ee728b) (PreviewImporter) -> (artifact id: 'b71baa6d345d777dca6fa04605f426c2') in 0.0133125 seconds
Number of updated asset objects reloaded before import = 0Number of asset objects unloaded after import = 130

========================================================================
Received Import Request.
  Time since last request: 1.155324 seconds.
  path: Assets/Resources/Levels/2/1.prefab
  artifactKey: Guid(3e9b9d19383048f4184033225f993f46) Importer(815301076,1909f56bfc062723c751e8b465ee728b)
Start importing Assets/Resources/Levels/2/1.prefab using Guid(3e9b9d19383048f4184033225f993f46) Importer(815301076,1909f56bfc062723c751e8b465ee728b) (PreviewImporter) -> (artifact id: '753e3c7e3766642bbdd941a3eed35309') in 0.0113524 seconds
Number of updated asset objects reloaded before import = 0Number of asset objects unloaded after import = 130

========================================================================
Received Import Request.
  Time since last request: 4.609676 seconds.
  path: Assets/Resources/Levels/2/1.prefab
  artifactKey: Guid(3e9b9d19383048f4184033225f993f46) Importer(815301076,1909f56bfc062723c751e8b465ee728b)
Start importing Assets/Resources/Levels/2/1.prefab using Guid(3e9b9d19383048f4184033225f993f46) Importer(815301076,1909f56bfc062723c751e8b465ee728b) (PreviewImporter) -> (artifact id: '67ade73276a7a72124600c2f579b546d') in 0.0121285 seconds
Number of updated asset objects reloaded before import = 0Number of asset objects unloaded after import = 130

========================================================================
Received Import Request.
  Time since last request: 14.878297 seconds.
  path: Assets/Resources/Levels/2/1.prefab
  artifactKey: Guid(3e9b9d19383048f4184033225f993f46) Importer(815301076,1909f56bfc062723c751e8b465ee728b)
Start importing Assets/Resources/Levels/2/1.prefab using Guid(3e9b9d19383048f4184033225f993f46) Importer(815301076,1909f56bfc062723c751e8b465ee728b) (PreviewImporter) -> (artifact id: 'cf32787b5342e7ae582cf0caddfac416') in 0.0135461 seconds
Number of updated asset objects reloaded before import = 0Number of asset objects unloaded after import = 130

========================================================================
Received Import Request.
  Time since last request: 0.155373 seconds.
  path: Assets/Resources/Levels/2/1.prefab
  artifactKey: Guid(3e9b9d19383048f4184033225f993f46) Importer(815301076,1909f56bfc062723c751e8b465ee728b)
Start importing Assets/Resources/Levels/2/1.prefab using Guid(3e9b9d19383048f4184033225f993f46) Importer(815301076,1909f56bfc062723c751e8b465ee728b) (PreviewImporter) -> (artifact id: 'cb050d2e68d01bcc030ca6dcefbbe98f') in 0.0141905 seconds
Number of updated asset objects reloaded before import = 0Number of asset objects unloaded after import = 130

========================================================================
Received Import Request.
  Time since last request: 1.054409 seconds.
  path: Assets/Resources/Levels/2/1.prefab
  artifactKey: Guid(3e9b9d19383048f4184033225f993f46) Importer(815301076,1909f56bfc062723c751e8b465ee728b)
Start importing Assets/Resources/Levels/2/1.prefab using Guid(3e9b9d19383048f4184033225f993f46) Importer(815301076,1909f56bfc062723c751e8b465ee728b) (PreviewImporter) -> (artifact id: '6e4e977f156a2f599b985efa00ee963c') in 0.0120845 seconds
Number of updated asset objects reloaded before import = 0Number of asset objects unloaded after import = 130

========================================================================
Received Import Request.
  Time since last request: 2.976748 seconds.
  path: Assets/Resources/Levels/2/1.prefab
  artifactKey: Guid(3e9b9d19383048f4184033225f993f46) Importer(815301076,1909f56bfc062723c751e8b465ee728b)
Start importing Assets/Resources/Levels/2/1.prefab using Guid(3e9b9d19383048f4184033225f993f46) Importer(815301076,1909f56bfc062723c751e8b465ee728b) (PreviewImporter) -> (artifact id: 'eabae8a8bb35b4c921eb5da4c77d5115') in 0.0133274 seconds
Number of updated asset objects reloaded before import = 0Number of asset objects unloaded after import = 130

========================================================================
Received Import Request.
  Time since last request: 1.155255 seconds.
  path: Assets/Resources/Levels/2/1.prefab
  artifactKey: Guid(3e9b9d19383048f4184033225f993f46) Importer(815301076,1909f56bfc062723c751e8b465ee728b)
Start importing Assets/Resources/Levels/2/1.prefab using Guid(3e9b9d19383048f4184033225f993f46) Importer(815301076,1909f56bfc062723c751e8b465ee728b) (PreviewImporter) -> (artifact id: 'a69acd28a2771389007876d33b72af79') in 0.012062 seconds
Number of updated asset objects reloaded before import = 0Number of asset objects unloaded after import = 130

========================================================================
Received Import Request.
  Time since last request: 0.155563 seconds.
  path: Assets/Resources/Levels/2/1.prefab
  artifactKey: Guid(3e9b9d19383048f4184033225f993f46) Importer(815301076,1909f56bfc062723c751e8b465ee728b)
Start importing Assets/Resources/Levels/2/1.prefab using Guid(3e9b9d19383048f4184033225f993f46) Importer(815301076,1909f56bfc062723c751e8b465ee728b) (PreviewImporter) -> (artifact id: 'cb77db92e2d0080b6884dc06a437348c') in 0.0132847 seconds
Number of updated asset objects reloaded before import = 0Number of asset objects unloaded after import = 130

========================================================================
Received Import Request.
  Time since last request: 1.766980 seconds.
  path: Assets/Resources/Levels/2/1.prefab
  artifactKey: Guid(3e9b9d19383048f4184033225f993f46) Importer(815301076,1909f56bfc062723c751e8b465ee728b)
Start importing Assets/Resources/Levels/2/1.prefab using Guid(3e9b9d19383048f4184033225f993f46) Importer(815301076,1909f56bfc062723c751e8b465ee728b) (PreviewImporter) -> (artifact id: 'fdd74f785cc9a0e49f829156cc9bc681') in 0.0118793 seconds
Number of updated asset objects reloaded before import = 0Number of asset objects unloaded after import = 130

========================================================================
Received Import Request.
  Time since last request: 4.789109 seconds.
  path: Assets/Resources/Levels/2/1.prefab
  artifactKey: Guid(3e9b9d19383048f4184033225f993f46) Importer(815301076,1909f56bfc062723c751e8b465ee728b)
Start importing Assets/Resources/Levels/2/1.prefab using Guid(3e9b9d19383048f4184033225f993f46) Importer(815301076,1909f56bfc062723c751e8b465ee728b) (PreviewImporter) -> (artifact id: '08d841ede651e645f10175ce8de3dc75') in 0.0126914 seconds
Number of updated asset objects reloaded before import = 0Number of asset objects unloaded after import = 130

========================================================================
Received Import Request.
  Time since last request: 1.565841 seconds.
  path: Assets/Resources/Levels/2/1.prefab
  artifactKey: Guid(3e9b9d19383048f4184033225f993f46) Importer(815301076,1909f56bfc062723c751e8b465ee728b)
Start importing Assets/Resources/Levels/2/1.prefab using Guid(3e9b9d19383048f4184033225f993f46) Importer(815301076,1909f56bfc062723c751e8b465ee728b) (PreviewImporter) -> (artifact id: '3c652d3dd2548fcfa160b24ef9472b6e') in 0.0121079 seconds
Number of updated asset objects reloaded before import = 0Number of asset objects unloaded after import = 130

========================================================================
Received Import Request.
  Time since last request: 7.816414 seconds.
  path: Assets/Resources/Levels/2/1.prefab
  artifactKey: Guid(3e9b9d19383048f4184033225f993f46) Importer(815301076,1909f56bfc062723c751e8b465ee728b)
Start importing Assets/Resources/Levels/2/1.prefab using Guid(3e9b9d19383048f4184033225f993f46) Importer(815301076,1909f56bfc062723c751e8b465ee728b) (PreviewImporter) -> (artifact id: '9be5de9e9a8c4caac5a9d2602edee5f3') in 0.0125842 seconds
Number of updated asset objects reloaded before import = 0Number of asset objects unloaded after import = 130

========================================================================
Received Import Request.
  Time since last request: 1.563108 seconds.
  path: Assets/Resources/Levels/2/1.prefab
  artifactKey: Guid(3e9b9d19383048f4184033225f993f46) Importer(815301076,1909f56bfc062723c751e8b465ee728b)
Start importing Assets/Resources/Levels/2/1.prefab using Guid(3e9b9d19383048f4184033225f993f46) Importer(815301076,1909f56bfc062723c751e8b465ee728b) (PreviewImporter) -> (artifact id: '06ceb682841864d200d1dce6530581ad') in 0.0161384 seconds
Number of updated asset objects reloaded before import = 0Number of asset objects unloaded after import = 130

========================================================================
Received Import Request.
  Time since last request: 15.922396 seconds.
  path: Assets/Resources/Levels/2/1.prefab
  artifactKey: Guid(3e9b9d19383048f4184033225f993f46) Importer(815301076,1909f56bfc062723c751e8b465ee728b)
Start importing Assets/Resources/Levels/2/1.prefab using Guid(3e9b9d19383048f4184033225f993f46) Importer(815301076,1909f56bfc062723c751e8b465ee728b) (PreviewImporter) -> (artifact id: '32af367d2e24221595d129e76ec2760e') in 0.0120727 seconds
Number of updated asset objects reloaded before import = 0Number of asset objects unloaded after import = 130

========================================================================
Received Import Request.
  Time since last request: 3.570941 seconds.
  path: Assets/Resources/Levels/2/1.prefab
  artifactKey: Guid(3e9b9d19383048f4184033225f993f46) Importer(815301076,1909f56bfc062723c751e8b465ee728b)
Start importing Assets/Resources/Levels/2/1.prefab using Guid(3e9b9d19383048f4184033225f993f46) Importer(815301076,1909f56bfc062723c751e8b465ee728b) (PreviewImporter) -> (artifact id: 'cbb9fdfc9f0d5548079ffa9fa8c66e5f') in 0.0114804 seconds
Number of updated asset objects reloaded before import = 0Number of asset objects unloaded after import = 130

========================================================================
Received Import Request.
  Time since last request: 0.761942 seconds.
  path: Assets/Resources/Levels/2/1.prefab
  artifactKey: Guid(3e9b9d19383048f4184033225f993f46) Importer(815301076,1909f56bfc062723c751e8b465ee728b)
Start importing Assets/Resources/Levels/2/1.prefab using Guid(3e9b9d19383048f4184033225f993f46) Importer(815301076,1909f56bfc062723c751e8b465ee728b) (PreviewImporter) -> (artifact id: 'fae41c24f23fe048ad96424f092a9dd0') in 0.0125521 seconds
Number of updated asset objects reloaded before import = 0Number of asset objects unloaded after import = 130

========================================================================
Received Import Request.
  Time since last request: 2.774138 seconds.
  path: Assets/Resources/Levels/2/1.prefab
  artifactKey: Guid(3e9b9d19383048f4184033225f993f46) Importer(815301076,1909f56bfc062723c751e8b465ee728b)
Start importing Assets/Resources/Levels/2/1.prefab using Guid(3e9b9d19383048f4184033225f993f46) Importer(815301076,1909f56bfc062723c751e8b465ee728b) (PreviewImporter) -> (artifact id: '7efa843736d81c546458ee6ceeeb3379') in 0.012457 seconds
Number of updated asset objects reloaded before import = 0Number of asset objects unloaded after import = 130

========================================================================
Received Import Request.
  Time since last request: 7.402751 seconds.
  path: Assets/Resources/Levels/2/1.prefab
  artifactKey: Guid(3e9b9d19383048f4184033225f993f46) Importer(815301076,1909f56bfc062723c751e8b465ee728b)
Start importing Assets/Resources/Levels/2/1.prefab using Guid(3e9b9d19383048f4184033225f993f46) Importer(815301076,1909f56bfc062723c751e8b465ee728b) (PreviewImporter) -> (artifact id: '1b288e44f1ade6ab11f971d060433f7f') in 0.0120666 seconds
Number of updated asset objects reloaded before import = 0Number of asset objects unloaded after import = 130

========================================================================
Received Import Request.
  Time since last request: 9.826097 seconds.
  path: Assets/Resources/Levels/2/1.prefab
  artifactKey: Guid(3e9b9d19383048f4184033225f993f46) Importer(815301076,1909f56bfc062723c751e8b465ee728b)
Start importing Assets/Resources/Levels/2/1.prefab using Guid(3e9b9d19383048f4184033225f993f46) Importer(815301076,1909f56bfc062723c751e8b465ee728b) (PreviewImporter) -> (artifact id: '376e8e73890a86ee963f5730b87f78e5') in 0.0120425 seconds
Number of updated asset objects reloaded before import = 0Number of asset objects unloaded after import = 130

========================================================================
Received Import Request.
  Time since last request: 0.351946 seconds.
  path: Assets/Resources/Levels/2/1.prefab
  artifactKey: Guid(3e9b9d19383048f4184033225f993f46) Importer(815301076,1909f56bfc062723c751e8b465ee728b)
Start importing Assets/Resources/Levels/2/1.prefab using Guid(3e9b9d19383048f4184033225f993f46) Importer(815301076,1909f56bfc062723c751e8b465ee728b) (PreviewImporter) -> (artifact id: '40273557a9d2a51cbc369561417321aa') in 0.0125986 seconds
Number of updated asset objects reloaded before import = 0Number of asset objects unloaded after import = 130

========================================================================
Received Import Request.
  Time since last request: 2.971390 seconds.
  path: Assets/Resources/Levels/2/1.prefab
  artifactKey: Guid(3e9b9d19383048f4184033225f993f46) Importer(815301076,1909f56bfc062723c751e8b465ee728b)
Start importing Assets/Resources/Levels/2/1.prefab using Guid(3e9b9d19383048f4184033225f993f46) Importer(815301076,1909f56bfc062723c751e8b465ee728b) (PreviewImporter) -> (artifact id: 'cef299407b960e90888559f16ce55c21') in 0.0129688 seconds
Number of updated asset objects reloaded before import = 0Number of asset objects unloaded after import = 130

========================================================================
Received Import Request.
  Time since last request: 1.166198 seconds.
  path: Assets/Resources/Levels/2/1.prefab
  artifactKey: Guid(3e9b9d19383048f4184033225f993f46) Importer(815301076,1909f56bfc062723c751e8b465ee728b)
Start importing Assets/Resources/Levels/2/1.prefab using Guid(3e9b9d19383048f4184033225f993f46) Importer(815301076,1909f56bfc062723c751e8b465ee728b) (PreviewImporter) -> (artifact id: 'd8ce9dbe61efdf8411d35b7d221e6241') in 0.0123736 seconds
Number of updated asset objects reloaded before import = 0Number of asset objects unloaded after import = 130

========================================================================
Received Import Request.
  Time since last request: 4.004169 seconds.
  path: Assets/Resources/Levels/2/1.prefab
  artifactKey: Guid(3e9b9d19383048f4184033225f993f46) Importer(815301076,1909f56bfc062723c751e8b465ee728b)
Start importing Assets/Resources/Levels/2/1.prefab using Guid(3e9b9d19383048f4184033225f993f46) Importer(815301076,1909f56bfc062723c751e8b465ee728b) (PreviewImporter) -> (artifact id: '6b91f1daef880b444d5c1e46ac9d42cd') in 0.0120918 seconds
Number of updated asset objects reloaded before import = 0Number of asset objects unloaded after import = 130

========================================================================
Received Import Request.
  Time since last request: 36.207698 seconds.
  path: Assets/Resources/Levels/2/1.prefab
  artifactKey: Guid(3e9b9d19383048f4184033225f993f46) Importer(815301076,1909f56bfc062723c751e8b465ee728b)
Start importing Assets/Resources/Levels/2/1.prefab using Guid(3e9b9d19383048f4184033225f993f46) Importer(815301076,1909f56bfc062723c751e8b465ee728b) (PreviewImporter) -> (artifact id: 'ed7504299e091c19e3005c9fc39d040f') in 0.0123443 seconds
Number of updated asset objects reloaded before import = 0Number of asset objects unloaded after import = 130

========================================================================
Received Import Request.
  Time since last request: 20.683678 seconds.
  path: Assets/Resources/Levels/2/1.prefab
  artifactKey: Guid(3e9b9d19383048f4184033225f993f46) Importer(815301076,1909f56bfc062723c751e8b465ee728b)
Start importing Assets/Resources/Levels/2/1.prefab using Guid(3e9b9d19383048f4184033225f993f46) Importer(815301076,1909f56bfc062723c751e8b465ee728b) (PreviewImporter) -> (artifact id: 'b3ec0f9b1a449e76db6a74e578fde073') in 0.012372 seconds
Number of updated asset objects reloaded before import = 0Number of asset objects unloaded after import = 130

========================================================================
Received Import Request.
  Time since last request: 0.548496 seconds.
  path: Assets/Resources/Levels/2/1.prefab
  artifactKey: Guid(3e9b9d19383048f4184033225f993f46) Importer(815301076,1909f56bfc062723c751e8b465ee728b)
Start importing Assets/Resources/Levels/2/1.prefab using Guid(3e9b9d19383048f4184033225f993f46) Importer(815301076,1909f56bfc062723c751e8b465ee728b) (PreviewImporter) -> (artifact id: '45df4808c0730c6a7e5df72d9738d714') in 0.0150303 seconds
Number of updated asset objects reloaded before import = 0Number of asset objects unloaded after import = 130

========================================================================
Received Import Request.
  Time since last request: 1.359941 seconds.
  path: Assets/Resources/Levels/2/1.prefab
  artifactKey: Guid(3e9b9d19383048f4184033225f993f46) Importer(815301076,1909f56bfc062723c751e8b465ee728b)
Start importing Assets/Resources/Levels/2/1.prefab using Guid(3e9b9d19383048f4184033225f993f46) Importer(815301076,1909f56bfc062723c751e8b465ee728b) (PreviewImporter) -> (artifact id: 'bdaa0d22c9f7a27aab7b11051760a5ad') in 0.0125153 seconds
Number of updated asset objects reloaded before import = 0Number of asset objects unloaded after import = 130

========================================================================
Received Import Request.
  Time since last request: 3.179012 seconds.
  path: Assets/Resources/Levels/2/1.prefab
  artifactKey: Guid(3e9b9d19383048f4184033225f993f46) Importer(815301076,1909f56bfc062723c751e8b465ee728b)
Start importing Assets/Resources/Levels/2/1.prefab using Guid(3e9b9d19383048f4184033225f993f46) Importer(815301076,1909f56bfc062723c751e8b465ee728b) (PreviewImporter) -> (artifact id: 'b8a4e3909db28cf19991ff300f0a5224') in 0.0120567 seconds
Number of updated asset objects reloaded before import = 0Number of asset objects unloaded after import = 130

========================================================================
Received Import Request.
  Time since last request: 0.961122 seconds.
  path: Assets/Resources/Levels/2/1.prefab
  artifactKey: Guid(3e9b9d19383048f4184033225f993f46) Importer(815301076,1909f56bfc062723c751e8b465ee728b)
Start importing Assets/Resources/Levels/2/1.prefab using Guid(3e9b9d19383048f4184033225f993f46) Importer(815301076,1909f56bfc062723c751e8b465ee728b) (PreviewImporter) -> (artifact id: 'ea2bc6fc261c15a5c560d8b7b075c65c') in 0.0113551 seconds
Number of updated asset objects reloaded before import = 0Number of asset objects unloaded after import = 130

========================================================================
Received Import Request.
  Time since last request: 0.763995 seconds.
  path: Assets/Resources/Levels/2/1.prefab
  artifactKey: Guid(3e9b9d19383048f4184033225f993f46) Importer(815301076,1909f56bfc062723c751e8b465ee728b)
Start importing Assets/Resources/Levels/2/1.prefab using Guid(3e9b9d19383048f4184033225f993f46) Importer(815301076,1909f56bfc062723c751e8b465ee728b) (PreviewImporter) -> (artifact id: '5443034a1c0daeec182142d60e1d90ea') in 0.0121368 seconds
Number of updated asset objects reloaded before import = 0Number of asset objects unloaded after import = 130

========================================================================
Received Import Request.
  Time since last request: 2.568490 seconds.
  path: Assets/Resources/Levels/2/1.prefab
  artifactKey: Guid(3e9b9d19383048f4184033225f993f46) Importer(815301076,1909f56bfc062723c751e8b465ee728b)
Start importing Assets/Resources/Levels/2/1.prefab using Guid(3e9b9d19383048f4184033225f993f46) Importer(815301076,1909f56bfc062723c751e8b465ee728b) (PreviewImporter) -> (artifact id: '00ba3d6c6cefbb06b70317d853d8b478') in 0.0132805 seconds
Number of updated asset objects reloaded before import = 0Number of asset objects unloaded after import = 130

========================================================================
Received Import Request.
  Time since last request: 2.658125 seconds.
  path: Assets/Resources/Levels/2/1.prefab
  artifactKey: Guid(3e9b9d19383048f4184033225f993f46) Importer(815301076,1909f56bfc062723c751e8b465ee728b)
Start importing Assets/Resources/Levels/2/1.prefab using Guid(3e9b9d19383048f4184033225f993f46) Importer(815301076,1909f56bfc062723c751e8b465ee728b) (PreviewImporter) -> (artifact id: '2a125b74b0c83a7dbe0411567c49272a') in 0.0120627 seconds
Number of updated asset objects reloaded before import = 0Number of asset objects unloaded after import = 130

========================================================================
Received Import Request.
  Time since last request: 1.163674 seconds.
  path: Assets/Resources/Levels/2/1.prefab
  artifactKey: Guid(3e9b9d19383048f4184033225f993f46) Importer(815301076,1909f56bfc062723c751e8b465ee728b)
Start importing Assets/Resources/Levels/2/1.prefab using Guid(3e9b9d19383048f4184033225f993f46) Importer(815301076,1909f56bfc062723c751e8b465ee728b) (PreviewImporter) -> (artifact id: '50cd96eb26e20ff4a54d0c18c2c8f6b4') in 0.0128459 seconds
Number of updated asset objects reloaded before import = 0Number of asset objects unloaded after import = 130

========================================================================
Received Import Request.
  Time since last request: 2.832040 seconds.
  path: Assets/Resources/Levels/2/1.prefab
  artifactKey: Guid(3e9b9d19383048f4184033225f993f46) Importer(815301076,1909f56bfc062723c751e8b465ee728b)
Start importing Assets/Resources/Levels/2/1.prefab using Guid(3e9b9d19383048f4184033225f993f46) Importer(815301076,1909f56bfc062723c751e8b465ee728b) (PreviewImporter) -> (artifact id: '56c3c14184401445e48a48fa959bb784') in 0.0124223 seconds
Number of updated asset objects reloaded before import = 0Number of asset objects unloaded after import = 130

========================================================================
Received Import Request.
  Time since last request: 9.457539 seconds.
  path: Assets/Resources/Levels/2/1.prefab
  artifactKey: Guid(3e9b9d19383048f4184033225f993f46) Importer(815301076,1909f56bfc062723c751e8b465ee728b)
Start importing Assets/Resources/Levels/2/1.prefab using Guid(3e9b9d19383048f4184033225f993f46) Importer(815301076,1909f56bfc062723c751e8b465ee728b) (PreviewImporter) -> (artifact id: 'b72518a868aac2a3627ce57e4df40e73') in 0.0123018 seconds
Number of updated asset objects reloaded before import = 0Number of asset objects unloaded after import = 130

========================================================================
Received Import Request.
  Time since last request: 1.795443 seconds.
  path: Assets/Resources/Levels/2/1.prefab
  artifactKey: Guid(3e9b9d19383048f4184033225f993f46) Importer(815301076,1909f56bfc062723c751e8b465ee728b)
Start importing Assets/Resources/Levels/2/1.prefab using Guid(3e9b9d19383048f4184033225f993f46) Importer(815301076,1909f56bfc062723c751e8b465ee728b) (PreviewImporter) -> (artifact id: '4aa956f0f51355fbbc41370ff6369ab8') in 0.0121619 seconds
Number of updated asset objects reloaded before import = 0Number of asset objects unloaded after import = 130

========================================================================
Received Import Request.
  Time since last request: 3.212083 seconds.
  path: Assets/Resources/Levels/2/1.prefab
  artifactKey: Guid(3e9b9d19383048f4184033225f993f46) Importer(815301076,1909f56bfc062723c751e8b465ee728b)
Start importing Assets/Resources/Levels/2/1.prefab using Guid(3e9b9d19383048f4184033225f993f46) Importer(815301076,1909f56bfc062723c751e8b465ee728b) (PreviewImporter) -> (artifact id: '3fb4ec3f84d0f21b09a29b681e402e17') in 0.0133159 seconds
Number of updated asset objects reloaded before import = 0Number of asset objects unloaded after import = 130

========================================================================
Received Import Request.
  Time since last request: 10.402845 seconds.
  path: Assets/Resources/Levels/2/1.prefab
  artifactKey: Guid(3e9b9d19383048f4184033225f993f46) Importer(815301076,1909f56bfc062723c751e8b465ee728b)
Start importing Assets/Resources/Levels/2/1.prefab using Guid(3e9b9d19383048f4184033225f993f46) Importer(815301076,1909f56bfc062723c751e8b465ee728b) (PreviewImporter) -> (artifact id: '333ca2d277ace97eb328521134781c69') in 0.0124869 seconds
Number of updated asset objects reloaded before import = 0Number of asset objects unloaded after import = 130

========================================================================
Received Import Request.
  Time since last request: 3.580775 seconds.
  path: Assets/Resources/Levels/2/1.prefab
  artifactKey: Guid(3e9b9d19383048f4184033225f993f46) Importer(815301076,1909f56bfc062723c751e8b465ee728b)
Start importing Assets/Resources/Levels/2/1.prefab using Guid(3e9b9d19383048f4184033225f993f46) Importer(815301076,1909f56bfc062723c751e8b465ee728b) (PreviewImporter) -> (artifact id: '96211a1d21b68f112b7b96c74892a6c1') in 0.015459 seconds
Number of updated asset objects reloaded before import = 0Number of asset objects unloaded after import = 130

========================================================================
Received Import Request.
  Time since last request: 2.969429 seconds.
  path: Assets/Resources/Levels/2/1.prefab
  artifactKey: Guid(3e9b9d19383048f4184033225f993f46) Importer(815301076,1909f56bfc062723c751e8b465ee728b)
Start importing Assets/Resources/Levels/2/1.prefab using Guid(3e9b9d19383048f4184033225f993f46) Importer(815301076,1909f56bfc062723c751e8b465ee728b) (PreviewImporter) -> (artifact id: '155d4398552f58b449d185024c841ad9') in 0.0127748 seconds
Number of updated asset objects reloaded before import = 0Number of asset objects unloaded after import = 130

========================================================================
Received Import Request.
  Time since last request: 7.596399 seconds.
  path: Assets/Resources/Levels/2/1.prefab
  artifactKey: Guid(3e9b9d19383048f4184033225f993f46) Importer(815301076,1909f56bfc062723c751e8b465ee728b)
Start importing Assets/Resources/Levels/2/1.prefab using Guid(3e9b9d19383048f4184033225f993f46) Importer(815301076,1909f56bfc062723c751e8b465ee728b) (PreviewImporter) -> (artifact id: '7bd665e4996672125b1831f880864197') in 0.0124528 seconds
Number of updated asset objects reloaded before import = 0Number of asset objects unloaded after import = 130

========================================================================
Received Import Request.
  Time since last request: 0.957893 seconds.
  path: Assets/Resources/Levels/2/1.prefab
  artifactKey: Guid(3e9b9d19383048f4184033225f993f46) Importer(815301076,1909f56bfc062723c751e8b465ee728b)
Start importing Assets/Resources/Levels/2/1.prefab using Guid(3e9b9d19383048f4184033225f993f46) Importer(815301076,1909f56bfc062723c751e8b465ee728b) (PreviewImporter) -> (artifact id: 'b2e652d593c9c67ae6a13fc6f3d4e513') in 0.0122666 seconds
Number of updated asset objects reloaded before import = 0Number of asset objects unloaded after import = 130

========================================================================
Received Import Request.
  Time since last request: 9.865968 seconds.
  path: Assets/Resources/Levels/2/1.prefab
  artifactKey: Guid(3e9b9d19383048f4184033225f993f46) Importer(815301076,1909f56bfc062723c751e8b465ee728b)
Start importing Assets/Resources/Levels/2/1.prefab using Guid(3e9b9d19383048f4184033225f993f46) Importer(815301076,1909f56bfc062723c751e8b465ee728b) (PreviewImporter) -> (artifact id: '45f997c55a80ca4044ed235926b47268') in 0.0135824 seconds
Number of updated asset objects reloaded before import = 0Number of asset objects unloaded after import = 130

========================================================================
Received Import Request.
  Time since last request: 1.686079 seconds.
  path: Assets/Resources/Levels/2/1.prefab
  artifactKey: Guid(3e9b9d19383048f4184033225f993f46) Importer(815301076,1909f56bfc062723c751e8b465ee728b)
Start importing Assets/Resources/Levels/2/1.prefab using Guid(3e9b9d19383048f4184033225f993f46) Importer(815301076,1909f56bfc062723c751e8b465ee728b) (PreviewImporter) -> (artifact id: '37b99a70824e87f00451cb2e9e250108') in 0.0121154 seconds
Number of updated asset objects reloaded before import = 0Number of asset objects unloaded after import = 130

========================================================================
Received Import Request.
  Time since last request: 2.819112 seconds.
  path: Assets/Resources/Levels/2/1.prefab
  artifactKey: Guid(3e9b9d19383048f4184033225f993f46) Importer(815301076,1909f56bfc062723c751e8b465ee728b)
Start importing Assets/Resources/Levels/2/1.prefab using Guid(3e9b9d19383048f4184033225f993f46) Importer(815301076,1909f56bfc062723c751e8b465ee728b) (PreviewImporter) -> (artifact id: 'b2f545d0a54635a6e8004fd9ab03bcfa') in 0.0124034 seconds
Number of updated asset objects reloaded before import = 0Number of asset objects unloaded after import = 130

========================================================================
Received Import Request.
  Time since last request: 4.019828 seconds.
  path: Assets/Resources/Levels/2/1.prefab
  artifactKey: Guid(3e9b9d19383048f4184033225f993f46) Importer(815301076,1909f56bfc062723c751e8b465ee728b)
Start importing Assets/Resources/Levels/2/1.prefab using Guid(3e9b9d19383048f4184033225f993f46) Importer(815301076,1909f56bfc062723c751e8b465ee728b) (PreviewImporter) -> (artifact id: 'a357c8bee18f7bd2584e2e3b68ef263b') in 0.0134422 seconds
Number of updated asset objects reloaded before import = 0Number of asset objects unloaded after import = 130

========================================================================
Received Import Request.
  Time since last request: 2.361548 seconds.
  path: Assets/Resources/Levels/2/1.prefab
  artifactKey: Guid(3e9b9d19383048f4184033225f993f46) Importer(815301076,1909f56bfc062723c751e8b465ee728b)
Start importing Assets/Resources/Levels/2/1.prefab using Guid(3e9b9d19383048f4184033225f993f46) Importer(815301076,1909f56bfc062723c751e8b465ee728b) (PreviewImporter) -> (artifact id: '74a5aced8a4627f4cc4f5aaa8d7cbb47') in 0.011683 seconds
Number of updated asset objects reloaded before import = 0Number of asset objects unloaded after import = 130

========================================================================
Received Import Request.
  Time since last request: 1.363409 seconds.
  path: Assets/Resources/Levels/2/1.prefab
  artifactKey: Guid(3e9b9d19383048f4184033225f993f46) Importer(815301076,1909f56bfc062723c751e8b465ee728b)
Start importing Assets/Resources/Levels/2/1.prefab using Guid(3e9b9d19383048f4184033225f993f46) Importer(815301076,1909f56bfc062723c751e8b465ee728b) (PreviewImporter) -> (artifact id: '9265d16168a7e0c02a1ab96f5af55cc7') in 0.013142 seconds
Number of updated asset objects reloaded before import = 0Number of asset objects unloaded after import = 130

========================================================================
Received Import Request.
  Time since last request: 0.958523 seconds.
  path: Assets/Resources/Levels/2/1.prefab
  artifactKey: Guid(3e9b9d19383048f4184033225f993f46) Importer(815301076,1909f56bfc062723c751e8b465ee728b)
Start importing Assets/Resources/Levels/2/1.prefab using Guid(3e9b9d19383048f4184033225f993f46) Importer(815301076,1909f56bfc062723c751e8b465ee728b) (PreviewImporter) -> (artifact id: '4374fa7de1c27b984bb9a58df033f6d7') in 0.0130914 seconds
Number of updated asset objects reloaded before import = 0Number of asset objects unloaded after import = 130

========================================================================
Received Import Request.
  Time since last request: 0.774833 seconds.
  path: Assets/Resources/Levels/2/1.prefab
  artifactKey: Guid(3e9b9d19383048f4184033225f993f46) Importer(815301076,1909f56bfc062723c751e8b465ee728b)
Start importing Assets/Resources/Levels/2/1.prefab using Guid(3e9b9d19383048f4184033225f993f46) Importer(815301076,1909f56bfc062723c751e8b465ee728b) (PreviewImporter) -> (artifact id: '70769226a3347434cab8fe5fcc7b1cf2') in 0.0124963 seconds
Number of updated asset objects reloaded before import = 0Number of asset objects unloaded after import = 130

========================================================================
Received Import Request.
  Time since last request: 4.186079 seconds.
  path: Assets/Resources/Levels/2/1.prefab
  artifactKey: Guid(3e9b9d19383048f4184033225f993f46) Importer(815301076,1909f56bfc062723c751e8b465ee728b)
Start importing Assets/Resources/Levels/2/1.prefab using Guid(3e9b9d19383048f4184033225f993f46) Importer(815301076,1909f56bfc062723c751e8b465ee728b) (PreviewImporter) -> (artifact id: '29129d284c151abb6496b7c3b5bb103a') in 0.0128323 seconds
Number of updated asset objects reloaded before import = 0Number of asset objects unloaded after import = 130

========================================================================
Received Import Request.
  Time since last request: 4.416068 seconds.
  path: Assets/Resources/Levels/2/1.prefab
  artifactKey: Guid(3e9b9d19383048f4184033225f993f46) Importer(815301076,1909f56bfc062723c751e8b465ee728b)
Start importing Assets/Resources/Levels/2/1.prefab using Guid(3e9b9d19383048f4184033225f993f46) Importer(815301076,1909f56bfc062723c751e8b465ee728b) (PreviewImporter) -> (artifact id: '892bcba7288f2163d358b01268f4e30e') in 0.0134555 seconds
Number of updated asset objects reloaded before import = 0Number of asset objects unloaded after import = 130

========================================================================
Received Import Request.
  Time since last request: 1.141685 seconds.
  path: Assets/Resources/Levels/2/1.prefab
  artifactKey: Guid(3e9b9d19383048f4184033225f993f46) Importer(815301076,1909f56bfc062723c751e8b465ee728b)
Start importing Assets/Resources/Levels/2/1.prefab using Guid(3e9b9d19383048f4184033225f993f46) Importer(815301076,1909f56bfc062723c751e8b465ee728b) (PreviewImporter) -> (artifact id: '9b9f03bfd5063addcdf1d9e84111cd7b') in 0.0120169 seconds
Number of updated asset objects reloaded before import = 0Number of asset objects unloaded after import = 130

========================================================================
Received Import Request.
  Time since last request: 0.355287 seconds.
  path: Assets/Resources/Levels/2/1.prefab
  artifactKey: Guid(3e9b9d19383048f4184033225f993f46) Importer(815301076,1909f56bfc062723c751e8b465ee728b)
Start importing Assets/Resources/Levels/2/1.prefab using Guid(3e9b9d19383048f4184033225f993f46) Importer(815301076,1909f56bfc062723c751e8b465ee728b) (PreviewImporter) -> (artifact id: '099317457ddb82b5463271c369e5f575') in 0.0121088 seconds
Number of updated asset objects reloaded before import = 0Number of asset objects unloaded after import = 130

========================================================================
Received Import Request.
  Time since last request: 0.762709 seconds.
  path: Assets/Resources/Levels/2/1.prefab
  artifactKey: Guid(3e9b9d19383048f4184033225f993f46) Importer(815301076,1909f56bfc062723c751e8b465ee728b)
Start importing Assets/Resources/Levels/2/1.prefab using Guid(3e9b9d19383048f4184033225f993f46) Importer(815301076,1909f56bfc062723c751e8b465ee728b) (PreviewImporter) -> (artifact id: 'ba250344152aea1b8dc1cce3b352ad63') in 0.0121167 seconds
Number of updated asset objects reloaded before import = 0Number of asset objects unloaded after import = 130

========================================================================
Received Import Request.
  Time since last request: 0.151699 seconds.
  path: Assets/Resources/Levels/2/1.prefab
  artifactKey: Guid(3e9b9d19383048f4184033225f993f46) Importer(815301076,1909f56bfc062723c751e8b465ee728b)
Start importing Assets/Resources/Levels/2/1.prefab using Guid(3e9b9d19383048f4184033225f993f46) Importer(815301076,1909f56bfc062723c751e8b465ee728b) (PreviewImporter) -> (artifact id: 'd354788de1225c067fa8cf314546fc40') in 0.0121783 seconds
Number of updated asset objects reloaded before import = 0Number of asset objects unloaded after import = 130

========================================================================
Received Import Request.
  Time since last request: 4.786893 seconds.
  path: Assets/Resources/Levels/2/1.prefab
  artifactKey: Guid(3e9b9d19383048f4184033225f993f46) Importer(815301076,1909f56bfc062723c751e8b465ee728b)
Start importing Assets/Resources/Levels/2/1.prefab using Guid(3e9b9d19383048f4184033225f993f46) Importer(815301076,1909f56bfc062723c751e8b465ee728b) (PreviewImporter) -> (artifact id: 'b43e08467e00995456fabd87da911601') in 0.01169 seconds
Number of updated asset objects reloaded before import = 0Number of asset objects unloaded after import = 130

========================================================================
Received Import Request.
  Time since last request: 27.317999 seconds.
  path: Assets/Resources/Levels/2/1.prefab
  artifactKey: Guid(3e9b9d19383048f4184033225f993f46) Importer(815301076,1909f56bfc062723c751e8b465ee728b)
Start importing Assets/Resources/Levels/2/1.prefab using Guid(3e9b9d19383048f4184033225f993f46) Importer(815301076,1909f56bfc062723c751e8b465ee728b) (PreviewImporter) -> (artifact id: '67caacc9bcaf35d4a6c4a37f4fa3ed6a') in 0.012458 seconds
Number of updated asset objects reloaded before import = 0Number of asset objects unloaded after import = 130

========================================================================
Received Import Request.
  Time since last request: 15.882181 seconds.
  path: Assets/Resources/Levels/2/1.prefab
  artifactKey: Guid(3e9b9d19383048f4184033225f993f46) Importer(815301076,1909f56bfc062723c751e8b465ee728b)
Start importing Assets/Resources/Levels/2/1.prefab using Guid(3e9b9d19383048f4184033225f993f46) Importer(815301076,1909f56bfc062723c751e8b465ee728b) (PreviewImporter) -> (artifact id: '1d9960e55bbd533a97e36f7e199a043c') in 0.0125593 seconds
Number of updated asset objects reloaded before import = 0Number of asset objects unloaded after import = 130

========================================================================
Received Import Request.
  Time since last request: 0.160552 seconds.
  path: Assets/Resources/Levels/2/1.prefab
  artifactKey: Guid(3e9b9d19383048f4184033225f993f46) Importer(815301076,1909f56bfc062723c751e8b465ee728b)
Start importing Assets/Resources/Levels/2/1.prefab using Guid(3e9b9d19383048f4184033225f993f46) Importer(815301076,1909f56bfc062723c751e8b465ee728b) (PreviewImporter) -> (artifact id: '21710750924fa66c191b09027619b6de') in 0.0127031 seconds
Number of updated asset objects reloaded before import = 0Number of asset objects unloaded after import = 130

========================================================================
Received Import Request.
  Time since last request: 0.558741 seconds.
  path: Assets/Resources/Levels/2/1.prefab
  artifactKey: Guid(3e9b9d19383048f4184033225f993f46) Importer(815301076,1909f56bfc062723c751e8b465ee728b)
Start importing Assets/Resources/Levels/2/1.prefab using Guid(3e9b9d19383048f4184033225f993f46) Importer(815301076,1909f56bfc062723c751e8b465ee728b) (PreviewImporter) -> (artifact id: '0ddde819f5ee2a63514f79b0c59c00e9') in 0.0117897 seconds
Number of updated asset objects reloaded before import = 0Number of asset objects unloaded after import = 130

========================================================================
Received Import Request.
  Time since last request: 0.553989 seconds.
  path: Assets/Resources/Levels/2/1.prefab
  artifactKey: Guid(3e9b9d19383048f4184033225f993f46) Importer(815301076,1909f56bfc062723c751e8b465ee728b)
Start importing Assets/Resources/Levels/2/1.prefab using Guid(3e9b9d19383048f4184033225f993f46) Importer(815301076,1909f56bfc062723c751e8b465ee728b) (PreviewImporter) -> (artifact id: '9826a540150d2fb60210fdd92e4a6506') in 0.0126213 seconds
Number of updated asset objects reloaded before import = 0Number of asset objects unloaded after import = 130

========================================================================
Received Import Request.
  Time since last request: 0.553427 seconds.
  path: Assets/Resources/Levels/2/1.prefab
  artifactKey: Guid(3e9b9d19383048f4184033225f993f46) Importer(815301076,1909f56bfc062723c751e8b465ee728b)
Start importing Assets/Resources/Levels/2/1.prefab using Guid(3e9b9d19383048f4184033225f993f46) Importer(815301076,1909f56bfc062723c751e8b465ee728b) (PreviewImporter) -> (artifact id: 'c192dafaa545875e2f80a0953e9ecf89') in 0.0139964 seconds
Number of updated asset objects reloaded before import = 0Number of asset objects unloaded after import = 130

========================================================================
Received Import Request.
  Time since last request: 4.377564 seconds.
  path: Assets/Resources/Levels/2/1.prefab
  artifactKey: Guid(3e9b9d19383048f4184033225f993f46) Importer(815301076,1909f56bfc062723c751e8b465ee728b)
Start importing Assets/Resources/Levels/2/1.prefab using Guid(3e9b9d19383048f4184033225f993f46) Importer(815301076,1909f56bfc062723c751e8b465ee728b) (PreviewImporter) -> (artifact id: 'e6544bd3a56782091fb50c37ab4fa294') in 0.0115337 seconds
Number of updated asset objects reloaded before import = 0Number of asset objects unloaded after import = 130

========================================================================
Received Import Request.
  Time since last request: 7.707109 seconds.
  path: Assets/Resources/Levels/2/1.prefab
  artifactKey: Guid(3e9b9d19383048f4184033225f993f46) Importer(815301076,1909f56bfc062723c751e8b465ee728b)
Start importing Assets/Resources/Levels/2/1.prefab using Guid(3e9b9d19383048f4184033225f993f46) Importer(815301076,1909f56bfc062723c751e8b465ee728b) (PreviewImporter) -> (artifact id: '1a8aeac8633a5a010540950b75d8e0d3') in 0.0126951 seconds
Number of updated asset objects reloaded before import = 0Number of asset objects unloaded after import = 130

========================================================================
Received Import Request.
  Time since last request: 1.349508 seconds.
  path: Assets/Resources/Levels/2/1.prefab
  artifactKey: Guid(3e9b9d19383048f4184033225f993f46) Importer(815301076,1909f56bfc062723c751e8b465ee728b)
Start importing Assets/Resources/Levels/2/1.prefab using Guid(3e9b9d19383048f4184033225f993f46) Importer(815301076,1909f56bfc062723c751e8b465ee728b) (PreviewImporter) -> (artifact id: '67f5f1ee6a062819f394102eb2de4c86') in 0.0125803 seconds
Number of updated asset objects reloaded before import = 0Number of asset objects unloaded after import = 123

========================================================================
Received Import Request.
  Time since last request: 0.961371 seconds.
  path: Assets/Resources/Levels/2/1.prefab
  artifactKey: Guid(3e9b9d19383048f4184033225f993f46) Importer(815301076,1909f56bfc062723c751e8b465ee728b)
Start importing Assets/Resources/Levels/2/1.prefab using Guid(3e9b9d19383048f4184033225f993f46) Importer(815301076,1909f56bfc062723c751e8b465ee728b) (PreviewImporter) -> (artifact id: '2bde76d224c16fcff8e3b8e9c4787f3f') in 0.012546 seconds
Number of updated asset objects reloaded before import = 0Number of asset objects unloaded after import = 130

========================================================================
Received Import Request.
  Time since last request: 3.585765 seconds.
  path: Assets/Resources/Levels/2/1.prefab
  artifactKey: Guid(3e9b9d19383048f4184033225f993f46) Importer(815301076,1909f56bfc062723c751e8b465ee728b)
Start importing Assets/Resources/Levels/2/1.prefab using Guid(3e9b9d19383048f4184033225f993f46) Importer(815301076,1909f56bfc062723c751e8b465ee728b) (PreviewImporter) -> (artifact id: 'f0b20b81b0f40c43937027c2fec79f56') in 0.0128146 seconds
Number of updated asset objects reloaded before import = 0Number of asset objects unloaded after import = 130

========================================================================
Received Import Request.
  Time since last request: 9.243059 seconds.
  path: Assets/Resources/Levels/2/1.prefab
  artifactKey: Guid(3e9b9d19383048f4184033225f993f46) Importer(815301076,1909f56bfc062723c751e8b465ee728b)
Start importing Assets/Resources/Levels/2/1.prefab using Guid(3e9b9d19383048f4184033225f993f46) Importer(815301076,1909f56bfc062723c751e8b465ee728b) (PreviewImporter) -> (artifact id: '2e01224073890b477b8d9e2406e299cb') in 0.0117746 seconds
Number of updated asset objects reloaded before import = 0Number of asset objects unloaded after import = 130

========================================================================
Received Import Request.
  Time since last request: 19.277668 seconds.
  path: Assets/Resources/Levels/2/1.prefab
  artifactKey: Guid(3e9b9d19383048f4184033225f993f46) Importer(815301076,1909f56bfc062723c751e8b465ee728b)
Start importing Assets/Resources/Levels/2/1.prefab using Guid(3e9b9d19383048f4184033225f993f46) Importer(815301076,1909f56bfc062723c751e8b465ee728b) (PreviewImporter) -> (artifact id: 'c7ae218e3d835cdeea04755e124ab1f2') in 0.0122512 seconds
Number of updated asset objects reloaded before import = 0Number of asset objects unloaded after import = 130

========================================================================
Received Import Request.
  Time since last request: 3.106388 seconds.
  path: Assets/Resources/Levels/2/1.prefab
  artifactKey: Guid(3e9b9d19383048f4184033225f993f46) Importer(815301076,1909f56bfc062723c751e8b465ee728b)
Start importing Assets/Resources/Levels/2/1.prefab using Guid(3e9b9d19383048f4184033225f993f46) Importer(815301076,1909f56bfc062723c751e8b465ee728b) (PreviewImporter) -> (artifact id: '35964fee72516495342e8023ddc954f7') in 0.0121482 seconds
Number of updated asset objects reloaded before import = 0Number of asset objects unloaded after import = 130

========================================================================
Received Import Request.
  Time since last request: 1.967439 seconds.
  path: Assets/Resources/Levels/2/1.prefab
  artifactKey: Guid(3e9b9d19383048f4184033225f993f46) Importer(815301076,1909f56bfc062723c751e8b465ee728b)
Start importing Assets/Resources/Levels/2/1.prefab using Guid(3e9b9d19383048f4184033225f993f46) Importer(815301076,1909f56bfc062723c751e8b465ee728b) (PreviewImporter) -> (artifact id: 'c40994db3a6e0fd19241e2dda1c790d7') in 0.0123924 seconds
Number of updated asset objects reloaded before import = 0Number of asset objects unloaded after import = 130

========================================================================
Received Import Request.
  Time since last request: 2.427270 seconds.
  path: Assets/Resources/Levels/2/1.prefab
  artifactKey: Guid(3e9b9d19383048f4184033225f993f46) Importer(815301076,1909f56bfc062723c751e8b465ee728b)
Start importing Assets/Resources/Levels/2/1.prefab using Guid(3e9b9d19383048f4184033225f993f46) Importer(815301076,1909f56bfc062723c751e8b465ee728b) (PreviewImporter) -> (artifact id: '676552ffe9fdaeb716da1e4b3a19a94f') in 0.0119531 seconds
Number of updated asset objects reloaded before import = 0Number of asset objects unloaded after import = 130

========================================================================
Received Import Request.
  Time since last request: 6.772521 seconds.
  path: Assets/Resources/Levels/2/1.prefab
  artifactKey: Guid(3e9b9d19383048f4184033225f993f46) Importer(815301076,1909f56bfc062723c751e8b465ee728b)
Start importing Assets/Resources/Levels/2/1.prefab using Guid(3e9b9d19383048f4184033225f993f46) Importer(815301076,1909f56bfc062723c751e8b465ee728b) (PreviewImporter) -> (artifact id: '45321acaffa84194bfe2ed330efe0cf8') in 0.0141092 seconds
Number of updated asset objects reloaded before import = 0Number of asset objects unloaded after import = 130

========================================================================
Received Import Request.
  Time since last request: 1.968777 seconds.
  path: Assets/Resources/Levels/2/1.prefab
  artifactKey: Guid(3e9b9d19383048f4184033225f993f46) Importer(815301076,1909f56bfc062723c751e8b465ee728b)
Start importing Assets/Resources/Levels/2/1.prefab using Guid(3e9b9d19383048f4184033225f993f46) Importer(815301076,1909f56bfc062723c751e8b465ee728b) (PreviewImporter) -> (artifact id: '286bbd2bd6306edba7fe24ce31eff3c4') in 0.0124353 seconds
Number of updated asset objects reloaded before import = 0Number of asset objects unloaded after import = 130

========================================================================
Received Import Request.
  Time since last request: 2.630940 seconds.
  path: Assets/Resources/Levels/2/1.prefab
  artifactKey: Guid(3e9b9d19383048f4184033225f993f46) Importer(815301076,1909f56bfc062723c751e8b465ee728b)
Start importing Assets/Resources/Levels/2/1.prefab using Guid(3e9b9d19383048f4184033225f993f46) Importer(815301076,1909f56bfc062723c751e8b465ee728b) (PreviewImporter) -> (artifact id: '21d3796b5dd5d2a3ecf6a1c70cbefa95') in 0.0124637 seconds
Number of updated asset objects reloaded before import = 0Number of asset objects unloaded after import = 130

========================================================================
Received Import Request.
  Time since last request: 1.961515 seconds.
  path: Assets/Resources/Levels/2/1.prefab
  artifactKey: Guid(3e9b9d19383048f4184033225f993f46) Importer(815301076,1909f56bfc062723c751e8b465ee728b)
Start importing Assets/Resources/Levels/2/1.prefab using Guid(3e9b9d19383048f4184033225f993f46) Importer(815301076,1909f56bfc062723c751e8b465ee728b) (PreviewImporter) -> (artifact id: '1b5d517fc7164f72354fb5b893ab2093') in 0.0118481 seconds
Number of updated asset objects reloaded before import = 0Number of asset objects unloaded after import = 130

========================================================================
Received Import Request.
  Time since last request: 1.624253 seconds.
  path: Assets/Resources/Levels/2/1.prefab
  artifactKey: Guid(3e9b9d19383048f4184033225f993f46) Importer(815301076,1909f56bfc062723c751e8b465ee728b)
Start importing Assets/Resources/Levels/2/1.prefab using Guid(3e9b9d19383048f4184033225f993f46) Importer(815301076,1909f56bfc062723c751e8b465ee728b) (PreviewImporter) -> (artifact id: 'fd368a2c52177b123eb339275d7feb2a') in 0.0123526 seconds
Number of updated asset objects reloaded before import = 0Number of asset objects unloaded after import = 130

========================================================================
Received Import Request.
  Time since last request: 4.875839 seconds.
  path: Assets/Resources/Levels/2/1.prefab
  artifactKey: Guid(3e9b9d19383048f4184033225f993f46) Importer(815301076,1909f56bfc062723c751e8b465ee728b)
Start importing Assets/Resources/Levels/2/1.prefab using Guid(3e9b9d19383048f4184033225f993f46) Importer(815301076,1909f56bfc062723c751e8b465ee728b) (PreviewImporter) -> (artifact id: 'b22d080ded45317274f1157b3964ac03') in 0.0113601 seconds
Number of updated asset objects reloaded before import = 0Number of asset objects unloaded after import = 130

========================================================================
Received Import Request.
  Time since last request: 15.734523 seconds.
  path: Assets/Resources/Levels/2/1.prefab
  artifactKey: Guid(3e9b9d19383048f4184033225f993f46) Importer(815301076,1909f56bfc062723c751e8b465ee728b)
Start importing Assets/Resources/Levels/2/1.prefab using Guid(3e9b9d19383048f4184033225f993f46) Importer(815301076,1909f56bfc062723c751e8b465ee728b) (PreviewImporter) -> (artifact id: 'bbf1779fee190aacaa1721169a520aca') in 0.0130514 seconds
Number of updated asset objects reloaded before import = 0Number of asset objects unloaded after import = 130

========================================================================
Received Import Request.
  Time since last request: 0.351796 seconds.
  path: Assets/Resources/Levels/2/1.prefab
  artifactKey: Guid(3e9b9d19383048f4184033225f993f46) Importer(815301076,1909f56bfc062723c751e8b465ee728b)
Start importing Assets/Resources/Levels/2/1.prefab using Guid(3e9b9d19383048f4184033225f993f46) Importer(815301076,1909f56bfc062723c751e8b465ee728b) (PreviewImporter) -> (artifact id: '91c2b027e14cd53ed657612713dcd3ae') in 0.0129293 seconds
Number of updated asset objects reloaded before import = 0Number of asset objects unloaded after import = 130

========================================================================
Received Import Request.
  Time since last request: 0.553592 seconds.
  path: Assets/Resources/Levels/2/1.prefab
  artifactKey: Guid(3e9b9d19383048f4184033225f993f46) Importer(815301076,1909f56bfc062723c751e8b465ee728b)
Start importing Assets/Resources/Levels/2/1.prefab using Guid(3e9b9d19383048f4184033225f993f46) Importer(815301076,1909f56bfc062723c751e8b465ee728b) (PreviewImporter) -> (artifact id: 'f4bd134ae33bee2402306d33ebb1814f') in 0.0137841 seconds
Number of updated asset objects reloaded before import = 0Number of asset objects unloaded after import = 130

========================================================================
Received Import Request.
  Time since last request: 2.497619 seconds.
  path: Assets/Resources/Levels/2/1.prefab
  artifactKey: Guid(3e9b9d19383048f4184033225f993f46) Importer(815301076,1909f56bfc062723c751e8b465ee728b)
Start importing Assets/Resources/Levels/2/1.prefab using Guid(3e9b9d19383048f4184033225f993f46) Importer(815301076,1909f56bfc062723c751e8b465ee728b) (PreviewImporter) -> (artifact id: '8cfd2cc0522392697d8bdb99ea6bc998') in 0.0120713 seconds
Number of updated asset objects reloaded before import = 0Number of asset objects unloaded after import = 130

========================================================================
Received Import Request.
  Time since last request: 0.757327 seconds.
  path: Assets/Resources/Levels/2/1.prefab
  artifactKey: Guid(3e9b9d19383048f4184033225f993f46) Importer(815301076,1909f56bfc062723c751e8b465ee728b)
Start importing Assets/Resources/Levels/2/1.prefab using Guid(3e9b9d19383048f4184033225f993f46) Importer(815301076,1909f56bfc062723c751e8b465ee728b) (PreviewImporter) -> (artifact id: '996308ad73f02375c9f2a597f7ad3876') in 0.0126997 seconds
Number of updated asset objects reloaded before import = 0Number of asset objects unloaded after import = 130

========================================================================
Received Import Request.
  Time since last request: 5.600928 seconds.
  path: Assets/Resources/Levels/2/1.prefab
  artifactKey: Guid(3e9b9d19383048f4184033225f993f46) Importer(815301076,1909f56bfc062723c751e8b465ee728b)
Start importing Assets/Resources/Levels/2/1.prefab using Guid(3e9b9d19383048f4184033225f993f46) Importer(815301076,1909f56bfc062723c751e8b465ee728b) (PreviewImporter) -> (artifact id: 'c3db916cf96286705949f7bf4c069e29') in 0.012138 seconds
Number of updated asset objects reloaded before import = 0Number of asset objects unloaded after import = 130

========================================================================
Received Import Request.
  Time since last request: 8.533095 seconds.
  path: Assets/Resources/Levels/2/1.prefab
  artifactKey: Guid(3e9b9d19383048f4184033225f993f46) Importer(815301076,1909f56bfc062723c751e8b465ee728b)
Start importing Assets/Resources/Levels/2/1.prefab using Guid(3e9b9d19383048f4184033225f993f46) Importer(815301076,1909f56bfc062723c751e8b465ee728b) (PreviewImporter) -> (artifact id: 'ed24c767b300a84e0c7e13ab8d1e30d1') in 0.0146452 seconds
Number of updated asset objects reloaded before import = 0Number of asset objects unloaded after import = 130

========================================================================
Received Import Request.
  Time since last request: 4.118650 seconds.
  path: Assets/Resources/Levels/2/1.prefab
  artifactKey: Guid(3e9b9d19383048f4184033225f993f46) Importer(815301076,1909f56bfc062723c751e8b465ee728b)
Start importing Assets/Resources/Levels/2/1.prefab using Guid(3e9b9d19383048f4184033225f993f46) Importer(815301076,1909f56bfc062723c751e8b465ee728b) (PreviewImporter) -> (artifact id: '635c633ed80fcfea2d2921008b1953ff') in 0.0122489 seconds
Number of updated asset objects reloaded before import = 0Number of asset objects unloaded after import = 130

========================================================================
Received Import Request.
  Time since last request: 2.401761 seconds.
  path: Assets/Resources/Levels/2/1.prefab
  artifactKey: Guid(3e9b9d19383048f4184033225f993f46) Importer(815301076,1909f56bfc062723c751e8b465ee728b)
Start importing Assets/Resources/Levels/2/1.prefab using Guid(3e9b9d19383048f4184033225f993f46) Importer(815301076,1909f56bfc062723c751e8b465ee728b) (PreviewImporter) -> (artifact id: '915690777616f065b04c7708cbfc561f') in 0.0125821 seconds
Number of updated asset objects reloaded before import = 0Number of asset objects unloaded after import = 130

========================================================================
Received Import Request.
  Time since last request: 2.371515 seconds.
  path: Assets/Resources/Levels/2/1.prefab
  artifactKey: Guid(3e9b9d19383048f4184033225f993f46) Importer(815301076,1909f56bfc062723c751e8b465ee728b)
Start importing Assets/Resources/Levels/2/1.prefab using Guid(3e9b9d19383048f4184033225f993f46) Importer(815301076,1909f56bfc062723c751e8b465ee728b) (PreviewImporter) -> (artifact id: '63b5ef52e37e0889c8d1bba4114f8af9') in 0.0123628 seconds
Number of updated asset objects reloaded before import = 0Number of asset objects unloaded after import = 130

========================================================================
Received Import Request.
  Time since last request: 3.418696 seconds.
  path: Assets/Resources/Levels/2/1.prefab
  artifactKey: Guid(3e9b9d19383048f4184033225f993f46) Importer(815301076,1909f56bfc062723c751e8b465ee728b)
Start importing Assets/Resources/Levels/2/1.prefab using Guid(3e9b9d19383048f4184033225f993f46) Importer(815301076,1909f56bfc062723c751e8b465ee728b) (PreviewImporter) -> (artifact id: 'f646973cd4784b1773f38febefc189f4') in 0.0117315 seconds
Number of updated asset objects reloaded before import = 0Number of asset objects unloaded after import = 130

========================================================================
Received Import Request.
  Time since last request: 0.959989 seconds.
  path: Assets/Resources/Levels/2/1.prefab
  artifactKey: Guid(3e9b9d19383048f4184033225f993f46) Importer(815301076,1909f56bfc062723c751e8b465ee728b)
Start importing Assets/Resources/Levels/2/1.prefab using Guid(3e9b9d19383048f4184033225f993f46) Importer(815301076,1909f56bfc062723c751e8b465ee728b) (PreviewImporter) -> (artifact id: '699c899b246224a6221733a19199c033') in 0.0135867 seconds
Number of updated asset objects reloaded before import = 0Number of asset objects unloaded after import = 130

========================================================================
Received Import Request.
  Time since last request: 5.005043 seconds.
  path: Assets/Resources/Levels/2/1.prefab
  artifactKey: Guid(3e9b9d19383048f4184033225f993f46) Importer(815301076,1909f56bfc062723c751e8b465ee728b)
Start importing Assets/Resources/Levels/2/1.prefab using Guid(3e9b9d19383048f4184033225f993f46) Importer(815301076,1909f56bfc062723c751e8b465ee728b) (PreviewImporter) -> (artifact id: '2de57d8593a058ce6eee88c2ba26681a') in 0.012096 seconds
Number of updated asset objects reloaded before import = 0Number of asset objects unloaded after import = 130

========================================================================
Received Import Request.
  Time since last request: 0.736483 seconds.
  path: Assets/Resources/Levels/2/1.prefab
  artifactKey: Guid(3e9b9d19383048f4184033225f993f46) Importer(815301076,1909f56bfc062723c751e8b465ee728b)
Start importing Assets/Resources/Levels/2/1.prefab using Guid(3e9b9d19383048f4184033225f993f46) Importer(815301076,1909f56bfc062723c751e8b465ee728b) (PreviewImporter) -> (artifact id: '67de82a0f1d0ba0d510001bfb7c35499') in 0.0127792 seconds
Number of updated asset objects reloaded before import = 0Number of asset objects unloaded after import = 130

========================================================================
Received Import Request.
  Time since last request: 1.151673 seconds.
  path: Assets/Resources/Levels/2/1.prefab
  artifactKey: Guid(3e9b9d19383048f4184033225f993f46) Importer(815301076,1909f56bfc062723c751e8b465ee728b)
Start importing Assets/Resources/Levels/2/1.prefab using Guid(3e9b9d19383048f4184033225f993f46) Importer(815301076,1909f56bfc062723c751e8b465ee728b) (PreviewImporter) -> (artifact id: 'c2adf4804d9783529116a6f8d68564b8') in 0.0124705 seconds
Number of updated asset objects reloaded before import = 0Number of asset objects unloaded after import = 130

========================================================================
Received Import Request.
  Time since last request: 37.997900 seconds.
  path: Assets/Resources/Levels/2/1.prefab
  artifactKey: Guid(3e9b9d19383048f4184033225f993f46) Importer(815301076,1909f56bfc062723c751e8b465ee728b)
Start importing Assets/Resources/Levels/2/1.prefab using Guid(3e9b9d19383048f4184033225f993f46) Importer(815301076,1909f56bfc062723c751e8b465ee728b) (PreviewImporter) -> (artifact id: '0bf467903027a77f1d7aeb74ecc46b79') in 0.0130382 seconds
Number of updated asset objects reloaded before import = 0Number of asset objects unloaded after import = 130

========================================================================
Received Import Request.
  Time since last request: 7.799860 seconds.
  path: Assets/Resources/Levels/2/1.prefab
  artifactKey: Guid(3e9b9d19383048f4184033225f993f46) Importer(815301076,1909f56bfc062723c751e8b465ee728b)
Start importing Assets/Resources/Levels/2/1.prefab using Guid(3e9b9d19383048f4184033225f993f46) Importer(815301076,1909f56bfc062723c751e8b465ee728b) (PreviewImporter) -> (artifact id: '8eb0001df210a264cdd6cdaeec419a60') in 0.0130342 seconds
Number of updated asset objects reloaded before import = 0Number of asset objects unloaded after import = 130

========================================================================
Received Import Request.
  Time since last request: 5.391515 seconds.
  path: Assets/Resources/Levels/2/1.prefab
  artifactKey: Guid(3e9b9d19383048f4184033225f993f46) Importer(815301076,1909f56bfc062723c751e8b465ee728b)
Start importing Assets/Resources/Levels/2/1.prefab using Guid(3e9b9d19383048f4184033225f993f46) Importer(815301076,1909f56bfc062723c751e8b465ee728b) (PreviewImporter) -> (artifact id: '2da46d944f294b57a0e69103cdcf8bfc') in 0.014583 seconds
Number of updated asset objects reloaded before import = 0Number of asset objects unloaded after import = 130

========================================================================
Received Import Request.
  Time since last request: 3.372717 seconds.
  path: Assets/Resources/Levels/2/1.prefab
  artifactKey: Guid(3e9b9d19383048f4184033225f993f46) Importer(815301076,1909f56bfc062723c751e8b465ee728b)
Start importing Assets/Resources/Levels/2/1.prefab using Guid(3e9b9d19383048f4184033225f993f46) Importer(815301076,1909f56bfc062723c751e8b465ee728b) (PreviewImporter) -> (artifact id: 'f08e87dbbf76a65452f1846ec3f1cff8') in 0.0161366 seconds
Number of updated asset objects reloaded before import = 0Number of asset objects unloaded after import = 130

========================================================================
Received Import Request.
  Time since last request: 0.349714 seconds.
  path: Assets/Resources/Levels/2/1.prefab
  artifactKey: Guid(3e9b9d19383048f4184033225f993f46) Importer(815301076,1909f56bfc062723c751e8b465ee728b)
Start importing Assets/Resources/Levels/2/1.prefab using Guid(3e9b9d19383048f4184033225f993f46) Importer(815301076,1909f56bfc062723c751e8b465ee728b) (PreviewImporter) -> (artifact id: '3d4b82354680f9f7af3d6473689e295b') in 0.0168094 seconds
Number of updated asset objects reloaded before import = 0Number of asset objects unloaded after import = 130

========================================================================
Received Import Request.
  Time since last request: 0.150023 seconds.
  path: Assets/Resources/Levels/2/1.prefab
  artifactKey: Guid(3e9b9d19383048f4184033225f993f46) Importer(815301076,1909f56bfc062723c751e8b465ee728b)
Start importing Assets/Resources/Levels/2/1.prefab using Guid(3e9b9d19383048f4184033225f993f46) Importer(815301076,1909f56bfc062723c751e8b465ee728b) (PreviewImporter) -> (artifact id: '5c6d14e9e27ab833d0bc593986957c14') in 0.0148327 seconds
Number of updated asset objects reloaded before import = 0Number of asset objects unloaded after import = 130

========================================================================
Received Import Request.
  Time since last request: 1.763736 seconds.
  path: Assets/Resources/Levels/2/1.prefab
  artifactKey: Guid(3e9b9d19383048f4184033225f993f46) Importer(815301076,1909f56bfc062723c751e8b465ee728b)
Start importing Assets/Resources/Levels/2/1.prefab using Guid(3e9b9d19383048f4184033225f993f46) Importer(815301076,1909f56bfc062723c751e8b465ee728b) (PreviewImporter) -> (artifact id: '6c48e4b9650699e3f987a42cc90fb3ea') in 0.0135893 seconds
Number of updated asset objects reloaded before import = 0Number of asset objects unloaded after import = 130

========================================================================
Received Import Request.
  Time since last request: 7.402651 seconds.
  path: Assets/Resources/Levels/2/1.prefab
  artifactKey: Guid(3e9b9d19383048f4184033225f993f46) Importer(815301076,1909f56bfc062723c751e8b465ee728b)
Start importing Assets/Resources/Levels/2/1.prefab using Guid(3e9b9d19383048f4184033225f993f46) Importer(815301076,1909f56bfc062723c751e8b465ee728b) (PreviewImporter) -> (artifact id: 'e607a6026b3afbfa4956f6e48aad665a') in 0.0124829 seconds
Number of updated asset objects reloaded before import = 0Number of asset objects unloaded after import = 130

========================================================================
Received Import Request.
  Time since last request: 1.801446 seconds.
  path: Assets/Resources/Levels/2/1.prefab
  artifactKey: Guid(3e9b9d19383048f4184033225f993f46) Importer(815301076,1909f56bfc062723c751e8b465ee728b)
Start importing Assets/Resources/Levels/2/1.prefab using Guid(3e9b9d19383048f4184033225f993f46) Importer(815301076,1909f56bfc062723c751e8b465ee728b) (PreviewImporter) -> (artifact id: '5d41444c4f564f99994f09b7ae8431be') in 0.0141383 seconds
Number of updated asset objects reloaded before import = 0Number of asset objects unloaded after import = 130

========================================================================
Received Import Request.
  Time since last request: 1.566149 seconds.
  path: Assets/Resources/Levels/2/1.prefab
  artifactKey: Guid(3e9b9d19383048f4184033225f993f46) Importer(815301076,1909f56bfc062723c751e8b465ee728b)
Start importing Assets/Resources/Levels/2/1.prefab using Guid(3e9b9d19383048f4184033225f993f46) Importer(815301076,1909f56bfc062723c751e8b465ee728b) (PreviewImporter) -> (artifact id: '60480e5a567aa64a91bb6001464f803d') in 0.0129103 seconds
Number of updated asset objects reloaded before import = 0Number of asset objects unloaded after import = 130

========================================================================
Received Import Request.
  Time since last request: 0.763891 seconds.
  path: Assets/Resources/Levels/2/1.prefab
  artifactKey: Guid(3e9b9d19383048f4184033225f993f46) Importer(815301076,1909f56bfc062723c751e8b465ee728b)
Start importing Assets/Resources/Levels/2/1.prefab using Guid(3e9b9d19383048f4184033225f993f46) Importer(815301076,1909f56bfc062723c751e8b465ee728b) (PreviewImporter) -> (artifact id: '3095dce4e690a5857f5d0a02bb6525f1') in 0.0132158 seconds
Number of updated asset objects reloaded before import = 0Number of asset objects unloaded after import = 130

========================================================================
Received Import Request.
  Time since last request: 0.354177 seconds.
  path: Assets/Resources/Levels/2/1.prefab
  artifactKey: Guid(3e9b9d19383048f4184033225f993f46) Importer(815301076,1909f56bfc062723c751e8b465ee728b)
Start importing Assets/Resources/Levels/2/1.prefab using Guid(3e9b9d19383048f4184033225f993f46) Importer(815301076,1909f56bfc062723c751e8b465ee728b) (PreviewImporter) -> (artifact id: 'ba5df602070f07c4e79c6ecb6d692b57') in 0.0119256 seconds
Number of updated asset objects reloaded before import = 0Number of asset objects unloaded after import = 130

========================================================================
Received Import Request.
  Time since last request: 1.768341 seconds.
  path: Assets/Resources/Levels/2/1.prefab
  artifactKey: Guid(3e9b9d19383048f4184033225f993f46) Importer(815301076,1909f56bfc062723c751e8b465ee728b)
Start importing Assets/Resources/Levels/2/1.prefab using Guid(3e9b9d19383048f4184033225f993f46) Importer(815301076,1909f56bfc062723c751e8b465ee728b) (PreviewImporter) -> (artifact id: '52ee65d694ed71544e367a01632296ee') in 0.0120067 seconds
Number of updated asset objects reloaded before import = 0Number of asset objects unloaded after import = 130

========================================================================
Received Import Request.
  Time since last request: 4.382429 seconds.
  path: Assets/Resources/Levels/2/1.prefab
  artifactKey: Guid(3e9b9d19383048f4184033225f993f46) Importer(815301076,1909f56bfc062723c751e8b465ee728b)
Start importing Assets/Resources/Levels/2/1.prefab using Guid(3e9b9d19383048f4184033225f993f46) Importer(815301076,1909f56bfc062723c751e8b465ee728b) (PreviewImporter) -> (artifact id: '7fcc1a7694ebdeb24068e74ffd02ca94') in 0.0120695 seconds
Number of updated asset objects reloaded before import = 0Number of asset objects unloaded after import = 130

========================================================================
Received Import Request.
  Time since last request: 0.351125 seconds.
  path: Assets/Resources/Levels/2/1.prefab
  artifactKey: Guid(3e9b9d19383048f4184033225f993f46) Importer(815301076,1909f56bfc062723c751e8b465ee728b)
Start importing Assets/Resources/Levels/2/1.prefab using Guid(3e9b9d19383048f4184033225f993f46) Importer(815301076,1909f56bfc062723c751e8b465ee728b) (PreviewImporter) -> (artifact id: '1f9a2891b8ca2de10aa83ff5124d9d09') in 0.0119785 seconds
Number of updated asset objects reloaded before import = 0Number of asset objects unloaded after import = 130

========================================================================
Received Import Request.
  Time since last request: 0.352964 seconds.
  path: Assets/Resources/Levels/2/1.prefab
  artifactKey: Guid(3e9b9d19383048f4184033225f993f46) Importer(815301076,1909f56bfc062723c751e8b465ee728b)
Start importing Assets/Resources/Levels/2/1.prefab using Guid(3e9b9d19383048f4184033225f993f46) Importer(815301076,1909f56bfc062723c751e8b465ee728b) (PreviewImporter) -> (artifact id: 'cb6b9ac151745eb6d9bac2f12d80ac12') in 0.0124534 seconds
Number of updated asset objects reloaded before import = 0Number of asset objects unloaded after import = 130

========================================================================
Received Import Request.
  Time since last request: 1.568584 seconds.
  path: Assets/Resources/Levels/2/1.prefab
  artifactKey: Guid(3e9b9d19383048f4184033225f993f46) Importer(815301076,1909f56bfc062723c751e8b465ee728b)
Start importing Assets/Resources/Levels/2/1.prefab using Guid(3e9b9d19383048f4184033225f993f46) Importer(815301076,1909f56bfc062723c751e8b465ee728b) (PreviewImporter) -> (artifact id: '4b77e89df16bdf63cef8cc26e3d9d95c') in 0.0141825 seconds
Number of updated asset objects reloaded before import = 0Number of asset objects unloaded after import = 130

========================================================================
Received Import Request.
  Time since last request: 0.555737 seconds.
  path: Assets/Resources/Levels/2/1.prefab
  artifactKey: Guid(3e9b9d19383048f4184033225f993f46) Importer(815301076,1909f56bfc062723c751e8b465ee728b)
Start importing Assets/Resources/Levels/2/1.prefab using Guid(3e9b9d19383048f4184033225f993f46) Importer(815301076,1909f56bfc062723c751e8b465ee728b) (PreviewImporter) -> (artifact id: '49fbde66c7ed150935500405ebf0251b') in 0.0137345 seconds
Number of updated asset objects reloaded before import = 0Number of asset objects unloaded after import = 130

========================================================================
Received Import Request.
  Time since last request: 0.958935 seconds.
  path: Assets/Resources/Levels/2/1.prefab
  artifactKey: Guid(3e9b9d19383048f4184033225f993f46) Importer(815301076,1909f56bfc062723c751e8b465ee728b)
Start importing Assets/Resources/Levels/2/1.prefab using Guid(3e9b9d19383048f4184033225f993f46) Importer(815301076,1909f56bfc062723c751e8b465ee728b) (PreviewImporter) -> (artifact id: '0f7cf3e83b1aef06fc52a5964fc98b56') in 0.012478 seconds
Number of updated asset objects reloaded before import = 0Number of asset objects unloaded after import = 130

========================================================================
Received Import Request.
  Time since last request: 0.948949 seconds.
  path: Assets/Resources/Levels/2/1.prefab
  artifactKey: Guid(3e9b9d19383048f4184033225f993f46) Importer(815301076,1909f56bfc062723c751e8b465ee728b)
Start importing Assets/Resources/Levels/2/1.prefab using Guid(3e9b9d19383048f4184033225f993f46) Importer(815301076,1909f56bfc062723c751e8b465ee728b) (PreviewImporter) -> (artifact id: 'd4b1e3243d421b4cc2cc155276b1dff3') in 0.0121565 seconds
Number of updated asset objects reloaded before import = 0Number of asset objects unloaded after import = 130

========================================================================
Received Import Request.
  Time since last request: 3.586483 seconds.
  path: Assets/Resources/Levels/2/1.prefab
  artifactKey: Guid(3e9b9d19383048f4184033225f993f46) Importer(815301076,1909f56bfc062723c751e8b465ee728b)
Start importing Assets/Resources/Levels/2/1.prefab using Guid(3e9b9d19383048f4184033225f993f46) Importer(815301076,1909f56bfc062723c751e8b465ee728b) (PreviewImporter) -> (artifact id: '5525f427d12adcf72b082a9ed53f5737') in 0.0123571 seconds
Number of updated asset objects reloaded before import = 0Number of asset objects unloaded after import = 130

========================================================================
Received Import Request.
  Time since last request: 5.219549 seconds.
  path: Assets/Resources/Levels/2/1.prefab
  artifactKey: Guid(3e9b9d19383048f4184033225f993f46) Importer(815301076,1909f56bfc062723c751e8b465ee728b)
Start importing Assets/Resources/Levels/2/1.prefab using Guid(3e9b9d19383048f4184033225f993f46) Importer(815301076,1909f56bfc062723c751e8b465ee728b) (PreviewImporter) -> (artifact id: 'cbbbf08c6086073d711069ce8300ae7b') in 0.0117985 seconds
Number of updated asset objects reloaded before import = 0Number of asset objects unloaded after import = 130

========================================================================
Received Import Request.
  Time since last request: 0.349886 seconds.
  path: Assets/Resources/Levels/2/1.prefab
  artifactKey: Guid(3e9b9d19383048f4184033225f993f46) Importer(815301076,1909f56bfc062723c751e8b465ee728b)
Start importing Assets/Resources/Levels/2/1.prefab using Guid(3e9b9d19383048f4184033225f993f46) Importer(815301076,1909f56bfc062723c751e8b465ee728b) (PreviewImporter) -> (artifact id: '8dc0dd2f98e1fdc81fbea9c9dd6e4f2b') in 0.0180509 seconds
Number of updated asset objects reloaded before import = 0Number of asset objects unloaded after import = 130

========================================================================
Received Prepare
Begin MonoManager ReloadAssembly
- Loaded All Assemblies, in  0.740 seconds
Refreshing native plugins compatible for Editor in 0.88 ms, found 3 plugins.
Native extension for WindowsStandalone target not found
Native extension for OSXStandalone target not found
Native extension for WebGL target not found
[Package Manager] Failed to launch server process. Reason: Unity was launched with the -noUpm command-line argument
[Package Manager] Unable to send message (not connected to server process).
[Package Manager] Cannot connect to Unity Package Manager local server
[MODES] ModeService[none].Initialize
[MODES] ModeService[none].LoadModes
Mono: successfully reloaded assembly
- Finished resetting the current domain, in  0.672 seconds
Domain Reload Profiling: 1413ms
	BeginReloadAssembly (234ms)
		ExecutionOrderSort (0ms)
		DisableScriptedObjects (20ms)
		BackupInstance (0ms)
		ReleaseScriptingObjects (0ms)
		CreateAndSetChildDomain (72ms)
	RebuildCommonClasses (31ms)
	RebuildNativeTypeToScriptingClass (11ms)
	initialDomainReloadingComplete (30ms)
	LoadAllAssembliesAndSetupDomain (436ms)
		LoadAssemblies (354ms)
		RebuildTransferFunctionScriptingTraits (0ms)
		AnalyzeDomain (163ms)
			TypeCache.Refresh (7ms)
				TypeCache.ScanAssembly (0ms)
			BuildScriptInfoCaches (140ms)
			ResolveRequiredComponents (10ms)
	FinalizeReload (672ms)
		ReleaseScriptCaches (0ms)
		RebuildScriptCaches (0ms)
		SetupLoadedEditorAssemblies (528ms)
			LogAssemblyErrors (0ms)
			InitializePlatformSupportModulesInManaged (4ms)
			SetLoadedEditorAssemblies (3ms)
			BeforeProcessingInitializeOnLoad (111ms)
			ProcessInitializeOnLoadAttributes (324ms)
			ProcessInitializeOnLoadMethodAttributes (80ms)
			AfterProcessingInitializeOnLoad (7ms)
			EditorAssembliesLoaded (0ms)
		ExecutionOrderSort2 (0ms)
		AwakeInstancesAfterBackupRestoration (19ms)
Refreshing native plugins compatible for Editor in 0.96 ms, found 3 plugins.
Preloading 0 native plugins for Editor in 0.00 ms.
Unloading 14 Unused Serialized files (Serialized files now loaded: 0)
Unloading 6463 unused Assets / (3.7 MB). Loaded Objects now: 7773.
Memory consumption went from 161.7 MB to 158.0 MB.
Total: 7.830000 ms (FindLiveObjects: 0.882600 ms CreateObjectMapping: 0.355000 ms MarkObjects: 4.393200 ms  DeleteObjects: 2.198500 ms)

Prepare: number of updated asset objects reloaded= 0
========================================================================
Received Prepare
Refreshing native plugins compatible for Editor in 1.07 ms, found 3 plugins.
Preloading 0 native plugins for Editor in 0.00 ms.
Unloading 14 Unused Serialized files (Serialized files now loaded: 0)
Unloading 6453 unused Assets / (3.8 MB). Loaded Objects now: 7773.
Memory consumption went from 161.7 MB to 157.9 MB.
Total: 10.099300 ms (FindLiveObjects: 1.002000 ms CreateObjectMapping: 0.440200 ms MarkObjects: 6.019300 ms  DeleteObjects: 2.637200 ms)

Prepare: number of updated asset objects reloaded= 0
========================================================================
Received Prepare
Begin MonoManager ReloadAssembly
- Loaded All Assemblies, in  0.741 seconds
Refreshing native plugins compatible for Editor in 1.06 ms, found 3 plugins.
Native extension for WindowsStandalone target not found
Native extension for OSXStandalone target not found
Native extension for WebGL target not found
[Package Manager] Failed to launch server process. Reason: Unity was launched with the -noUpm command-line argument
[Package Manager] Unable to send message (not connected to server process).
[Package Manager] Cannot connect to Unity Package Manager local server
[MODES] ModeService[none].Initialize
[MODES] ModeService[none].LoadModes
Mono: successfully reloaded assembly
- Finished resetting the current domain, in  0.727 seconds
Domain Reload Profiling: 1469ms
	BeginReloadAssembly (215ms)
		ExecutionOrderSort (0ms)
		DisableScriptedObjects (6ms)
		BackupInstance (0ms)
		ReleaseScriptingObjects (0ms)
		CreateAndSetChildDomain (56ms)
	RebuildCommonClasses (29ms)
	RebuildNativeTypeToScriptingClass (11ms)
	initialDomainReloadingComplete (30ms)
	LoadAllAssembliesAndSetupDomain (457ms)
		LoadAssemblies (363ms)
		RebuildTransferFunctionScriptingTraits (0ms)
		AnalyzeDomain (177ms)
			TypeCache.Refresh (11ms)
				TypeCache.ScanAssembly (1ms)
			BuildScriptInfoCaches (152ms)
			ResolveRequiredComponents (10ms)
	FinalizeReload (728ms)
		ReleaseScriptCaches (0ms)
		RebuildScriptCaches (0ms)
		SetupLoadedEditorAssemblies (567ms)
			LogAssemblyErrors (0ms)
			InitializePlatformSupportModulesInManaged (6ms)
			SetLoadedEditorAssemblies (4ms)
			BeforeProcessingInitializeOnLoad (134ms)
			ProcessInitializeOnLoadAttributes (323ms)
			ProcessInitializeOnLoadMethodAttributes (92ms)
			AfterProcessingInitializeOnLoad (7ms)
			EditorAssembliesLoaded (0ms)
		ExecutionOrderSort2 (0ms)
		AwakeInstancesAfterBackupRestoration (22ms)
Refreshing native plugins compatible for Editor in 1.02 ms, found 3 plugins.
Preloading 0 native plugins for Editor in 0.00 ms.
Unloading 14 Unused Serialized files (Serialized files now loaded: 0)
Unloading 6460 unused Assets / (4.1 MB). Loaded Objects now: 7775.
Memory consumption went from 161.6 MB to 157.5 MB.
Total: 9.673800 ms (FindLiveObjects: 1.072500 ms CreateObjectMapping: 0.620200 ms MarkObjects: 5.010800 ms  DeleteObjects: 2.969500 ms)

Prepare: number of updated asset objects reloaded= 0
========================================================================
Received Prepare
Refreshing native plugins compatible for Editor in 0.97 ms, found 3 plugins.
Preloading 0 native plugins for Editor in 0.00 ms.
Unloading 14 Unused Serialized files (Serialized files now loaded: 0)
Unloading 6453 unused Assets / (4.1 MB). Loaded Objects now: 7775.
Memory consumption went from 161.8 MB to 157.7 MB.
Total: 10.054100 ms (FindLiveObjects: 1.269900 ms CreateObjectMapping: 0.897200 ms MarkObjects: 5.071300 ms  DeleteObjects: 2.814900 ms)

Prepare: number of updated asset objects reloaded= 0
========================================================================
Received Prepare
Begin MonoManager ReloadAssembly
- Loaded All Assemblies, in  0.737 seconds
Refreshing native plugins compatible for Editor in 0.98 ms, found 3 plugins.
Native extension for WindowsStandalone target not found
Native extension for OSXStandalone target not found
Native extension for WebGL target not found
[Package Manager] Failed to launch server process. Reason: Unity was launched with the -noUpm command-line argument
[Package Manager] Unable to send message (not connected to server process).
[Package Manager] Cannot connect to Unity Package Manager local server
[MODES] ModeService[none].Initialize
[MODES] ModeService[none].LoadModes
Mono: successfully reloaded assembly
- Finished resetting the current domain, in  0.664 seconds
Domain Reload Profiling: 1408ms
	BeginReloadAssembly (200ms)
		ExecutionOrderSort (0ms)
		DisableScriptedObjects (6ms)
		BackupInstance (0ms)
		ReleaseScriptingObjects (0ms)
		CreateAndSetChildDomain (53ms)
	RebuildCommonClasses (36ms)
	RebuildNativeTypeToScriptingClass (11ms)
	initialDomainReloadingComplete (29ms)
	LoadAllAssembliesAndSetupDomain (467ms)
		LoadAssemblies (338ms)
		RebuildTransferFunctionScriptingTraits (0ms)
		AnalyzeDomain (204ms)
			TypeCache.Refresh (12ms)
				TypeCache.ScanAssembly (1ms)
			BuildScriptInfoCaches (175ms)
			ResolveRequiredComponents (11ms)
	FinalizeReload (665ms)
		ReleaseScriptCaches (0ms)
		RebuildScriptCaches (0ms)
		SetupLoadedEditorAssemblies (517ms)
			LogAssemblyErrors (0ms)
			InitializePlatformSupportModulesInManaged (5ms)
			SetLoadedEditorAssemblies (3ms)
			BeforeProcessingInitializeOnLoad (111ms)
			ProcessInitializeOnLoadAttributes (316ms)
			ProcessInitializeOnLoadMethodAttributes (76ms)
			AfterProcessingInitializeOnLoad (6ms)
			EditorAssembliesLoaded (0ms)
		ExecutionOrderSort2 (0ms)
		AwakeInstancesAfterBackupRestoration (18ms)
Refreshing native plugins compatible for Editor in 1.19 ms, found 3 plugins.
Preloading 0 native plugins for Editor in 0.00 ms.
Unloading 14 Unused Serialized files (Serialized files now loaded: 0)
Unloading 6460 unused Assets / (4.6 MB). Loaded Objects now: 7777.
Memory consumption went from 161.6 MB to 157.0 MB.
Total: 9.880300 ms (FindLiveObjects: 1.031800 ms CreateObjectMapping: 0.450200 ms MarkObjects: 4.907200 ms  DeleteObjects: 3.490300 ms)

Prepare: number of updated asset objects reloaded= 0
========================================================================
Received Prepare
Begin MonoManager ReloadAssembly
- Loaded All Assemblies, in  0.695 seconds
Refreshing native plugins compatible for Editor in 0.93 ms, found 3 plugins.
Native extension for WindowsStandalone target not found
Native extension for OSXStandalone target not found
Native extension for WebGL target not found
[Package Manager] Failed to launch server process. Reason: Unity was launched with the -noUpm command-line argument
[Package Manager] Unable to send message (not connected to server process).
[Package Manager] Cannot connect to Unity Package Manager local server
[MODES] ModeService[none].Initialize
[MODES] ModeService[none].LoadModes
Mono: successfully reloaded assembly
- Finished resetting the current domain, in  0.670 seconds
Domain Reload Profiling: 1365ms
	BeginReloadAssembly (200ms)
		ExecutionOrderSort (0ms)
		DisableScriptedObjects (6ms)
		BackupInstance (0ms)
		ReleaseScriptingObjects (0ms)
		CreateAndSetChildDomain (55ms)
	RebuildCommonClasses (31ms)
	RebuildNativeTypeToScriptingClass (11ms)
	initialDomainReloadingComplete (28ms)
	LoadAllAssembliesAndSetupDomain (425ms)
		LoadAssemblies (342ms)
		RebuildTransferFunctionScriptingTraits (0ms)
		AnalyzeDomain (165ms)
			TypeCache.Refresh (11ms)
				TypeCache.ScanAssembly (0ms)
			BuildScriptInfoCaches (140ms)
			ResolveRequiredComponents (9ms)
	FinalizeReload (670ms)
		ReleaseScriptCaches (0ms)
		RebuildScriptCaches (0ms)
		SetupLoadedEditorAssemblies (526ms)
			LogAssemblyErrors (0ms)
			InitializePlatformSupportModulesInManaged (4ms)
			SetLoadedEditorAssemblies (3ms)
			BeforeProcessingInitializeOnLoad (110ms)
			ProcessInitializeOnLoadAttributes (320ms)
			ProcessInitializeOnLoadMethodAttributes (81ms)
			AfterProcessingInitializeOnLoad (8ms)
			EditorAssembliesLoaded (0ms)
		ExecutionOrderSort2 (0ms)
		AwakeInstancesAfterBackupRestoration (20ms)
Refreshing native plugins compatible for Editor in 1.14 ms, found 3 plugins.
Preloading 0 native plugins for Editor in 0.00 ms.
Unloading 14 Unused Serialized files (Serialized files now loaded: 0)
Unloading 6460 unused Assets / (4.5 MB). Loaded Objects now: 7779.
Memory consumption went from 161.6 MB to 157.1 MB.
Total: 13.601700 ms (FindLiveObjects: 1.042300 ms CreateObjectMapping: 0.425900 ms MarkObjects: 8.557100 ms  DeleteObjects: 3.574200 ms)

Prepare: number of updated asset objects reloaded= 0
========================================================================
Received Import Request.
  Time since last request: 279.818108 seconds.
  path: Assets/Resources/Levels/2/1.prefab
  artifactKey: Guid(3e9b9d19383048f4184033225f993f46) Importer(815301076,1909f56bfc062723c751e8b465ee728b)
Start importing Assets/Resources/Levels/2/1.prefab using Guid(3e9b9d19383048f4184033225f993f46) Importer(815301076,1909f56bfc062723c751e8b465ee728b) (PreviewImporter) -> (artifact id: '564cec78e694988081bcef004bf4c9e8') in 0.5278254 seconds
Number of updated asset objects reloaded before import = 0Number of asset objects unloaded after import = 130

========================================================================
Received Import Request.
  Time since last request: 4.011669 seconds.
  path: Assets/Resources/Levels/2/1.prefab
  artifactKey: Guid(3e9b9d19383048f4184033225f993f46) Importer(815301076,1909f56bfc062723c751e8b465ee728b)
Start importing Assets/Resources/Levels/2/1.prefab using Guid(3e9b9d19383048f4184033225f993f46) Importer(815301076,1909f56bfc062723c751e8b465ee728b) (PreviewImporter) -> (artifact id: 'de1ce11b8f379e573e1bbbf02f207651') in 0.0144079 seconds
Number of updated asset objects reloaded before import = 0Number of asset objects unloaded after import = 130

========================================================================
Received Import Request.
  Time since last request: 2.195698 seconds.
  path: Assets/Resources/Levels/2/1.prefab
  artifactKey: Guid(3e9b9d19383048f4184033225f993f46) Importer(815301076,1909f56bfc062723c751e8b465ee728b)
Start importing Assets/Resources/Levels/2/1.prefab using Guid(3e9b9d19383048f4184033225f993f46) Importer(815301076,1909f56bfc062723c751e8b465ee728b) (PreviewImporter) -> (artifact id: '732d29c910644556ecca525f90f724ae') in 0.0125085 seconds
Number of updated asset objects reloaded before import = 0Number of asset objects unloaded after import = 130

========================================================================
Received Import Request.
  Time since last request: 3.558504 seconds.
  path: Assets/Resources/Levels/2/1.prefab
  artifactKey: Guid(3e9b9d19383048f4184033225f993f46) Importer(815301076,1909f56bfc062723c751e8b465ee728b)
Start importing Assets/Resources/Levels/2/1.prefab using Guid(3e9b9d19383048f4184033225f993f46) Importer(815301076,1909f56bfc062723c751e8b465ee728b) (PreviewImporter) -> (artifact id: 'c18acbf6565bc854149dae74f5d30209') in 0.0151387 seconds
Number of updated asset objects reloaded before import = 0Number of asset objects unloaded after import = 130

========================================================================
Received Import Request.
  Time since last request: 1.757977 seconds.
  path: Assets/Resources/Levels/2/1.prefab
  artifactKey: Guid(3e9b9d19383048f4184033225f993f46) Importer(815301076,1909f56bfc062723c751e8b465ee728b)
Start importing Assets/Resources/Levels/2/1.prefab using Guid(3e9b9d19383048f4184033225f993f46) Importer(815301076,1909f56bfc062723c751e8b465ee728b) (PreviewImporter) -> (artifact id: '78c77b7c7cf31fea7fa580146dc520e0') in 0.0125863 seconds
Number of updated asset objects reloaded before import = 0Number of asset objects unloaded after import = 130

========================================================================
Received Import Request.
  Time since last request: 1.360177 seconds.
  path: Assets/Resources/Levels/2/1.prefab
  artifactKey: Guid(3e9b9d19383048f4184033225f993f46) Importer(815301076,1909f56bfc062723c751e8b465ee728b)
Start importing Assets/Resources/Levels/2/1.prefab using Guid(3e9b9d19383048f4184033225f993f46) Importer(815301076,1909f56bfc062723c751e8b465ee728b) (PreviewImporter) -> (artifact id: '1cd5996d2c9bf210e72308237b230527') in 0.0118415 seconds
Number of updated asset objects reloaded before import = 0Number of asset objects unloaded after import = 130

========================================================================
Received Import Request.
  Time since last request: 5.993732 seconds.
  path: Assets/Resources/Levels/2/1.prefab
  artifactKey: Guid(3e9b9d19383048f4184033225f993f46) Importer(815301076,1909f56bfc062723c751e8b465ee728b)
Start importing Assets/Resources/Levels/2/1.prefab using Guid(3e9b9d19383048f4184033225f993f46) Importer(815301076,1909f56bfc062723c751e8b465ee728b) (PreviewImporter) -> (artifact id: 'e0a7987c449a371b68155acebebcb98f') in 0.0145165 seconds
Number of updated asset objects reloaded before import = 0Number of asset objects unloaded after import = 130

========================================================================
Received Import Request.
  Time since last request: 0.195074 seconds.
  path: Assets/Resources/Levels/2/1.prefab
  artifactKey: Guid(3e9b9d19383048f4184033225f993f46) Importer(815301076,1909f56bfc062723c751e8b465ee728b)
Start importing Assets/Resources/Levels/2/1.prefab using Guid(3e9b9d19383048f4184033225f993f46) Importer(815301076,1909f56bfc062723c751e8b465ee728b) (PreviewImporter) -> (artifact id: '02c586a3845a45633a51969e9506bb88') in 0.0116171 seconds
Number of updated asset objects reloaded before import = 0Number of asset objects unloaded after import = 130

========================================================================
Received Import Request.
  Time since last request: 1.160739 seconds.
  path: Assets/Resources/Levels/2/1.prefab
  artifactKey: Guid(3e9b9d19383048f4184033225f993f46) Importer(815301076,1909f56bfc062723c751e8b465ee728b)
Start importing Assets/Resources/Levels/2/1.prefab using Guid(3e9b9d19383048f4184033225f993f46) Importer(815301076,1909f56bfc062723c751e8b465ee728b) (PreviewImporter) -> (artifact id: '074cbb00fc8d81f04499b6fff39ee5a0') in 0.0127914 seconds
Number of updated asset objects reloaded before import = 0Number of asset objects unloaded after import = 130

========================================================================
Received Import Request.
  Time since last request: 0.554449 seconds.
  path: Assets/Resources/Levels/2/1.prefab
  artifactKey: Guid(3e9b9d19383048f4184033225f993f46) Importer(815301076,1909f56bfc062723c751e8b465ee728b)
Start importing Assets/Resources/Levels/2/1.prefab using Guid(3e9b9d19383048f4184033225f993f46) Importer(815301076,1909f56bfc062723c751e8b465ee728b) (PreviewImporter) -> (artifact id: 'fee3640d8a7f324a950a4ba3cc9db902') in 0.0135514 seconds
Number of updated asset objects reloaded before import = 0Number of asset objects unloaded after import = 130

========================================================================
Received Import Request.
  Time since last request: 2.591109 seconds.
  path: Assets/Resources/Levels/2/1.prefab
  artifactKey: Guid(3e9b9d19383048f4184033225f993f46) Importer(815301076,1909f56bfc062723c751e8b465ee728b)
Start importing Assets/Resources/Levels/2/1.prefab using Guid(3e9b9d19383048f4184033225f993f46) Importer(815301076,1909f56bfc062723c751e8b465ee728b) (PreviewImporter) -> (artifact id: 'cbe99cc36e6885f055883629f5211ecd') in 0.0120957 seconds
Number of updated asset objects reloaded before import = 0Number of asset objects unloaded after import = 130

========================================================================
Received Import Request.
  Time since last request: 1.767299 seconds.
  path: Assets/Resources/Levels/2/1.prefab
  artifactKey: Guid(3e9b9d19383048f4184033225f993f46) Importer(815301076,1909f56bfc062723c751e8b465ee728b)
Start importing Assets/Resources/Levels/2/1.prefab using Guid(3e9b9d19383048f4184033225f993f46) Importer(815301076,1909f56bfc062723c751e8b465ee728b) (PreviewImporter) -> (artifact id: '7cc00794feeb3eaa441b2d12b0307877') in 0.0123232 seconds
Number of updated asset objects reloaded before import = 0Number of asset objects unloaded after import = 130

========================================================================
Received Import Request.
  Time since last request: 2.782173 seconds.
  path: Assets/Resources/Levels/2/1.prefab
  artifactKey: Guid(3e9b9d19383048f4184033225f993f46) Importer(815301076,1909f56bfc062723c751e8b465ee728b)
Start importing Assets/Resources/Levels/2/1.prefab using Guid(3e9b9d19383048f4184033225f993f46) Importer(815301076,1909f56bfc062723c751e8b465ee728b) (PreviewImporter) -> (artifact id: '4f584df8aeb0c3f60d1fe1dd0b07e241') in 0.0160963 seconds
Number of updated asset objects reloaded before import = 0Number of asset objects unloaded after import = 130

========================================================================
Received Import Request.
  Time since last request: 0.527496 seconds.
  path: Assets/Resources/Levels/2/1.prefab
  artifactKey: Guid(3e9b9d19383048f4184033225f993f46) Importer(815301076,1909f56bfc062723c751e8b465ee728b)
Start importing Assets/Resources/Levels/2/1.prefab using Guid(3e9b9d19383048f4184033225f993f46) Importer(815301076,1909f56bfc062723c751e8b465ee728b) (PreviewImporter) -> (artifact id: 'c9781cf7822b9c8d2483bf1f4eacb864') in 0.0131814 seconds
Number of updated asset objects reloaded before import = 0Number of asset objects unloaded after import = 130

========================================================================
Received Import Request.
  Time since last request: 2.573698 seconds.
  path: Assets/Resources/Levels/2/1.prefab
  artifactKey: Guid(3e9b9d19383048f4184033225f993f46) Importer(815301076,1909f56bfc062723c751e8b465ee728b)
Start importing Assets/Resources/Levels/2/1.prefab using Guid(3e9b9d19383048f4184033225f993f46) Importer(815301076,1909f56bfc062723c751e8b465ee728b) (PreviewImporter) -> (artifact id: 'aa13f0a6f5c8e874893efb4ee647fdcf') in 0.0118477 seconds
Number of updated asset objects reloaded before import = 0Number of asset objects unloaded after import = 130

========================================================================
Received Import Request.
  Time since last request: 0.159291 seconds.
  path: Assets/Resources/Levels/2/1.prefab
  artifactKey: Guid(3e9b9d19383048f4184033225f993f46) Importer(815301076,1909f56bfc062723c751e8b465ee728b)
Start importing Assets/Resources/Levels/2/1.prefab using Guid(3e9b9d19383048f4184033225f993f46) Importer(815301076,1909f56bfc062723c751e8b465ee728b) (PreviewImporter) -> (artifact id: 'b70abb21db96a59f73682cc8f30143c8') in 0.0123734 seconds
Number of updated asset objects reloaded before import = 0Number of asset objects unloaded after import = 130

========================================================================
Received Import Request.
  Time since last request: 0.357556 seconds.
  path: Assets/Resources/Levels/2/1.prefab
  artifactKey: Guid(3e9b9d19383048f4184033225f993f46) Importer(815301076,1909f56bfc062723c751e8b465ee728b)
Start importing Assets/Resources/Levels/2/1.prefab using Guid(3e9b9d19383048f4184033225f993f46) Importer(815301076,1909f56bfc062723c751e8b465ee728b) (PreviewImporter) -> (artifact id: '94397d5f07d0ff82f6659a4365deee2d') in 0.0136872 seconds
Number of updated asset objects reloaded before import = 0Number of asset objects unloaded after import = 130

========================================================================
Received Import Request.
  Time since last request: 2.978029 seconds.
  path: Assets/Resources/Levels/2/1.prefab
  artifactKey: Guid(3e9b9d19383048f4184033225f993f46) Importer(815301076,1909f56bfc062723c751e8b465ee728b)
Start importing Assets/Resources/Levels/2/1.prefab using Guid(3e9b9d19383048f4184033225f993f46) Importer(815301076,1909f56bfc062723c751e8b465ee728b) (PreviewImporter) -> (artifact id: '19712ca286ab3f049b765cfd801e96d7') in 0.0125103 seconds
Number of updated asset objects reloaded before import = 0Number of asset objects unloaded after import = 130

========================================================================
Received Prepare
Begin MonoManager ReloadAssembly
- Loaded All Assemblies, in  0.763 seconds
Refreshing native plugins compatible for Editor in 1.45 ms, found 3 plugins.
Native extension for WindowsStandalone target not found
Native extension for OSXStandalone target not found
Native extension for WebGL target not found
[Package Manager] Failed to launch server process. Reason: Unity was launched with the -noUpm command-line argument
[Package Manager] Unable to send message (not connected to server process).
[Package Manager] Cannot connect to Unity Package Manager local server
[MODES] ModeService[none].Initialize
[MODES] ModeService[none].LoadModes
Mono: successfully reloaded assembly
- Finished resetting the current domain, in  0.702 seconds
Domain Reload Profiling: 1464ms
	BeginReloadAssembly (245ms)
		ExecutionOrderSort (0ms)
		DisableScriptedObjects (19ms)
		BackupInstance (0ms)
		ReleaseScriptingObjects (0ms)
		CreateAndSetChildDomain (84ms)
	RebuildCommonClasses (30ms)
	RebuildNativeTypeToScriptingClass (11ms)
	initialDomainReloadingComplete (29ms)
	LoadAllAssembliesAndSetupDomain (447ms)
		LoadAssemblies (355ms)
		RebuildTransferFunctionScriptingTraits (0ms)
		AnalyzeDomain (177ms)
			TypeCache.Refresh (8ms)
				TypeCache.ScanAssembly (0ms)
			BuildScriptInfoCaches (155ms)
			ResolveRequiredComponents (10ms)
	FinalizeReload (703ms)
		ReleaseScriptCaches (0ms)
		RebuildScriptCaches (0ms)
		SetupLoadedEditorAssemblies (547ms)
			LogAssemblyErrors (0ms)
			InitializePlatformSupportModulesInManaged (4ms)
			SetLoadedEditorAssemblies (3ms)
			BeforeProcessingInitializeOnLoad (119ms)
			ProcessInitializeOnLoadAttributes (331ms)
			ProcessInitializeOnLoadMethodAttributes (83ms)
			AfterProcessingInitializeOnLoad (7ms)
			EditorAssembliesLoaded (0ms)
		ExecutionOrderSort2 (0ms)
		AwakeInstancesAfterBackupRestoration (21ms)
Refreshing native plugins compatible for Editor in 1.01 ms, found 3 plugins.
Preloading 0 native plugins for Editor in 0.00 ms.
Unloading 14 Unused Serialized files (Serialized files now loaded: 0)
Unloading 6462 unused Assets / (4.0 MB). Loaded Objects now: 7801.
Memory consumption went from 161.8 MB to 157.8 MB.
Total: 8.174300 ms (FindLiveObjects: 0.923700 ms CreateObjectMapping: 0.392700 ms MarkObjects: 4.572200 ms  DeleteObjects: 2.284800 ms)

Prepare: number of updated asset objects reloaded= 0
========================================================================
Received Import Request.
  Time since last request: 143.817724 seconds.
  path: Assets/Resources/Levels/2/1.prefab
  artifactKey: Guid(3e9b9d19383048f4184033225f993f46) Importer(815301076,1909f56bfc062723c751e8b465ee728b)
Start importing Assets/Resources/Levels/2/1.prefab using Guid(3e9b9d19383048f4184033225f993f46) Importer(815301076,1909f56bfc062723c751e8b465ee728b) (PreviewImporter) -> (artifact id: '6f6c019f7fce59b2d249b40afdcacf03') in 0.4986337 seconds
Number of updated asset objects reloaded before import = 0Number of asset objects unloaded after import = 130

========================================================================
Received Import Request.
  Time since last request: 11.314982 seconds.
  path: Assets/Resources/Levels/2/1.prefab
  artifactKey: Guid(3e9b9d19383048f4184033225f993f46) Importer(815301076,1909f56bfc062723c751e8b465ee728b)
Start importing Assets/Resources/Levels/2/1.prefab using Guid(3e9b9d19383048f4184033225f993f46) Importer(815301076,1909f56bfc062723c751e8b465ee728b) (PreviewImporter) -> (artifact id: 'ee3bba21b68685859417cfd84f0274b6') in 0.0139868 seconds
Number of updated asset objects reloaded before import = 0Number of asset objects unloaded after import = 130

========================================================================
Received Import Request.
  Time since last request: 2.376914 seconds.
  path: Assets/Resources/Levels/2/1.prefab
  artifactKey: Guid(3e9b9d19383048f4184033225f993f46) Importer(815301076,1909f56bfc062723c751e8b465ee728b)
Start importing Assets/Resources/Levels/2/1.prefab using Guid(3e9b9d19383048f4184033225f993f46) Importer(815301076,1909f56bfc062723c751e8b465ee728b) (PreviewImporter) -> (artifact id: 'c7847527bec58adac6054a6d2e4d8e18') in 0.0123211 seconds
Number of updated asset objects reloaded before import = 0Number of asset objects unloaded after import = 130

========================================================================
Received Import Request.
  Time since last request: 8.217527 seconds.
  path: Assets/Resources/Levels/2/1.prefab
  artifactKey: Guid(3e9b9d19383048f4184033225f993f46) Importer(815301076,1909f56bfc062723c751e8b465ee728b)
Start importing Assets/Resources/Levels/2/1.prefab using Guid(3e9b9d19383048f4184033225f993f46) Importer(815301076,1909f56bfc062723c751e8b465ee728b) (PreviewImporter) -> (artifact id: '93b614444e3eb1e104e041d7a0e59b3d') in 0.0129821 seconds
Number of updated asset objects reloaded before import = 0Number of asset objects unloaded after import = 130

========================================================================
Received Import Request.
  Time since last request: 1.769471 seconds.
  path: Assets/Resources/Levels/2/1.prefab
  artifactKey: Guid(3e9b9d19383048f4184033225f993f46) Importer(815301076,1909f56bfc062723c751e8b465ee728b)
Start importing Assets/Resources/Levels/2/1.prefab using Guid(3e9b9d19383048f4184033225f993f46) Importer(815301076,1909f56bfc062723c751e8b465ee728b) (PreviewImporter) -> (artifact id: '83b4915b72ff5205b3f173775ee6d942') in 0.0126906 seconds
Number of updated asset objects reloaded before import = 0Number of asset objects unloaded after import = 130

========================================================================
Received Import Request.
  Time since last request: 0.548991 seconds.
  path: Assets/Resources/Levels/2/1.prefab
  artifactKey: Guid(3e9b9d19383048f4184033225f993f46) Importer(815301076,1909f56bfc062723c751e8b465ee728b)
Start importing Assets/Resources/Levels/2/1.prefab using Guid(3e9b9d19383048f4184033225f993f46) Importer(815301076,1909f56bfc062723c751e8b465ee728b) (PreviewImporter) -> (artifact id: '399009676331f3fcb1ef0b5c80a937a2') in 0.0117233 seconds
Number of updated asset objects reloaded before import = 0Number of asset objects unloaded after import = 130

========================================================================
Received Import Request.
  Time since last request: 4.767971 seconds.
  path: Assets/Resources/Levels/2/1.prefab
  artifactKey: Guid(3e9b9d19383048f4184033225f993f46) Importer(815301076,1909f56bfc062723c751e8b465ee728b)
Start importing Assets/Resources/Levels/2/1.prefab using Guid(3e9b9d19383048f4184033225f993f46) Importer(815301076,1909f56bfc062723c751e8b465ee728b) (PreviewImporter) -> (artifact id: 'ec3365efd2062d00cc23e22565165c4a') in 0.0142486 seconds
Number of updated asset objects reloaded before import = 0Number of asset objects unloaded after import = 130

========================================================================
Received Import Request.
  Time since last request: 11.160425 seconds.
  path: Assets/Resources/Levels/2/1.prefab
  artifactKey: Guid(3e9b9d19383048f4184033225f993f46) Importer(815301076,1909f56bfc062723c751e8b465ee728b)
Start importing Assets/Resources/Levels/2/1.prefab using Guid(3e9b9d19383048f4184033225f993f46) Importer(815301076,1909f56bfc062723c751e8b465ee728b) (PreviewImporter) -> (artifact id: '1e080690bb50c73682b166d25e652c8e') in 0.0125388 seconds
Number of updated asset objects reloaded before import = 0Number of asset objects unloaded after import = 130

========================================================================
Received Import Request.
  Time since last request: 0.590517 seconds.
  path: Assets/Resources/Levels/2/1.prefab
  artifactKey: Guid(3e9b9d19383048f4184033225f993f46) Importer(815301076,1909f56bfc062723c751e8b465ee728b)
Start importing Assets/Resources/Levels/2/1.prefab using Guid(3e9b9d19383048f4184033225f993f46) Importer(815301076,1909f56bfc062723c751e8b465ee728b) (PreviewImporter) -> (artifact id: '9c1d70e1bb2720e403d6bca03b34225e') in 0.012308 seconds
Number of updated asset objects reloaded before import = 0Number of asset objects unloaded after import = 130

========================================================================
Received Import Request.
  Time since last request: 1.974670 seconds.
  path: Assets/Resources/Levels/2/1.prefab
  artifactKey: Guid(3e9b9d19383048f4184033225f993f46) Importer(815301076,1909f56bfc062723c751e8b465ee728b)
Start importing Assets/Resources/Levels/2/1.prefab using Guid(3e9b9d19383048f4184033225f993f46) Importer(815301076,1909f56bfc062723c751e8b465ee728b) (PreviewImporter) -> (artifact id: 'a87440b699c99d621cd4e445199bc5d4') in 0.0127973 seconds
Number of updated asset objects reloaded before import = 0Number of asset objects unloaded after import = 130

========================================================================
Received Import Request.
  Time since last request: 32.914980 seconds.
  path: Assets/Resources/Levels/2/1.prefab
  artifactKey: Guid(3e9b9d19383048f4184033225f993f46) Importer(815301076,1909f56bfc062723c751e8b465ee728b)
Start importing Assets/Resources/Levels/2/1.prefab using Guid(3e9b9d19383048f4184033225f993f46) Importer(815301076,1909f56bfc062723c751e8b465ee728b) (PreviewImporter) -> (artifact id: '3daa417131d98f77011c334fbd58420b') in 0.0127148 seconds
Number of updated asset objects reloaded before import = 0Number of asset objects unloaded after import = 130

========================================================================
Received Import Request.
  Time since last request: 1.968661 seconds.
  path: Assets/Resources/Levels/2/1.prefab
  artifactKey: Guid(3e9b9d19383048f4184033225f993f46) Importer(815301076,1909f56bfc062723c751e8b465ee728b)
Start importing Assets/Resources/Levels/2/1.prefab using Guid(3e9b9d19383048f4184033225f993f46) Importer(815301076,1909f56bfc062723c751e8b465ee728b) (PreviewImporter) -> (artifact id: 'e51362e4c422933771d8c2c258992d4b') in 0.0127883 seconds
Number of updated asset objects reloaded before import = 0Number of asset objects unloaded after import = 130

========================================================================
Received Import Request.
  Time since last request: 5.184850 seconds.
  path: Assets/Resources/Levels/2/1.prefab
  artifactKey: Guid(3e9b9d19383048f4184033225f993f46) Importer(815301076,1909f56bfc062723c751e8b465ee728b)
Start importing Assets/Resources/Levels/2/1.prefab using Guid(3e9b9d19383048f4184033225f993f46) Importer(815301076,1909f56bfc062723c751e8b465ee728b) (PreviewImporter) -> (artifact id: '25b54404de5fe227de3bb1f934eec3fc') in 0.0126039 seconds
Number of updated asset objects reloaded before import = 0Number of asset objects unloaded after import = 130

========================================================================
Received Import Request.
  Time since last request: 6.215909 seconds.
  path: Assets/Resources/Levels/2/1.prefab
  artifactKey: Guid(3e9b9d19383048f4184033225f993f46) Importer(815301076,1909f56bfc062723c751e8b465ee728b)
Start importing Assets/Resources/Levels/2/1.prefab using Guid(3e9b9d19383048f4184033225f993f46) Importer(815301076,1909f56bfc062723c751e8b465ee728b) (PreviewImporter) -> (artifact id: 'b0e9d61f25a12ef60d68de3caaae1b4b') in 0.0117855 seconds
Number of updated asset objects reloaded before import = 0Number of asset objects unloaded after import = 130

========================================================================
Received Import Request.
  Time since last request: 1.970591 seconds.
  path: Assets/Resources/Levels/2/1.prefab
  artifactKey: Guid(3e9b9d19383048f4184033225f993f46) Importer(815301076,1909f56bfc062723c751e8b465ee728b)
Start importing Assets/Resources/Levels/2/1.prefab using Guid(3e9b9d19383048f4184033225f993f46) Importer(815301076,1909f56bfc062723c751e8b465ee728b) (PreviewImporter) -> (artifact id: '5d68c477bdced3f592f4452d3bd89a5d') in 0.0129968 seconds
Number of updated asset objects reloaded before import = 0Number of asset objects unloaded after import = 130

========================================================================
Received Import Request.
  Time since last request: 1.766144 seconds.
  path: Assets/Resources/Levels/2/1.prefab
  artifactKey: Guid(3e9b9d19383048f4184033225f993f46) Importer(815301076,1909f56bfc062723c751e8b465ee728b)
Start importing Assets/Resources/Levels/2/1.prefab using Guid(3e9b9d19383048f4184033225f993f46) Importer(815301076,1909f56bfc062723c751e8b465ee728b) (PreviewImporter) -> (artifact id: '3a36d05e57412fba3f557c615633e3ed') in 0.0123285 seconds
Number of updated asset objects reloaded before import = 0Number of asset objects unloaded after import = 130

========================================================================
Received Import Request.
  Time since last request: 2.571810 seconds.
  path: Assets/Resources/Levels/2/1.prefab
  artifactKey: Guid(3e9b9d19383048f4184033225f993f46) Importer(815301076,1909f56bfc062723c751e8b465ee728b)
Start importing Assets/Resources/Levels/2/1.prefab using Guid(3e9b9d19383048f4184033225f993f46) Importer(815301076,1909f56bfc062723c751e8b465ee728b) (PreviewImporter) -> (artifact id: '2f8b2fe1a75d7810a5415fdd8d22a41c') in 0.0138469 seconds
Number of updated asset objects reloaded before import = 0Number of asset objects unloaded after import = 130

========================================================================
Received Import Request.
  Time since last request: 0.761917 seconds.
  path: Assets/Resources/Levels/2/1.prefab
  artifactKey: Guid(3e9b9d19383048f4184033225f993f46) Importer(815301076,1909f56bfc062723c751e8b465ee728b)
Start importing Assets/Resources/Levels/2/1.prefab using Guid(3e9b9d19383048f4184033225f993f46) Importer(815301076,1909f56bfc062723c751e8b465ee728b) (PreviewImporter) -> (artifact id: '985f3b19387dd7beb28d072dd0597c88') in 0.0119984 seconds
Number of updated asset objects reloaded before import = 0Number of asset objects unloaded after import = 130

========================================================================
Received Import Request.
  Time since last request: 0.349884 seconds.
  path: Assets/Resources/Levels/2/1.prefab
  artifactKey: Guid(3e9b9d19383048f4184033225f993f46) Importer(815301076,1909f56bfc062723c751e8b465ee728b)
Start importing Assets/Resources/Levels/2/1.prefab using Guid(3e9b9d19383048f4184033225f993f46) Importer(815301076,1909f56bfc062723c751e8b465ee728b) (PreviewImporter) -> (artifact id: '286e4073e9c50ebb85ac91068e1637a0') in 0.0124267 seconds
Number of updated asset objects reloaded before import = 0Number of asset objects unloaded after import = 123

========================================================================
Received Import Request.
  Time since last request: 0.978068 seconds.
  path: Assets/Resources/Levels/2/1.prefab
  artifactKey: Guid(3e9b9d19383048f4184033225f993f46) Importer(815301076,1909f56bfc062723c751e8b465ee728b)
Start importing Assets/Resources/Levels/2/1.prefab using Guid(3e9b9d19383048f4184033225f993f46) Importer(815301076,1909f56bfc062723c751e8b465ee728b) (PreviewImporter) -> (artifact id: 'e4848c39113bf263637864a2db9653a8') in 0.0123015 seconds
Number of updated asset objects reloaded before import = 0Number of asset objects unloaded after import = 130

========================================================================
Received Import Request.
  Time since last request: 9.216013 seconds.
  path: Assets/Resources/Levels/2/1.prefab
  artifactKey: Guid(3e9b9d19383048f4184033225f993f46) Importer(815301076,1909f56bfc062723c751e8b465ee728b)
Start importing Assets/Resources/Levels/2/1.prefab using Guid(3e9b9d19383048f4184033225f993f46) Importer(815301076,1909f56bfc062723c751e8b465ee728b) (PreviewImporter) -> (artifact id: '58581044a8b04511e11731ce88bf8b17') in 0.0131649 seconds
Number of updated asset objects reloaded before import = 0Number of asset objects unloaded after import = 130

========================================================================
Received Import Request.
  Time since last request: 0.145909 seconds.
  path: Assets/Resources/Levels/2/1.prefab
  artifactKey: Guid(3e9b9d19383048f4184033225f993f46) Importer(815301076,1909f56bfc062723c751e8b465ee728b)
Start importing Assets/Resources/Levels/2/1.prefab using Guid(3e9b9d19383048f4184033225f993f46) Importer(815301076,1909f56bfc062723c751e8b465ee728b) (PreviewImporter) -> (artifact id: '54c96e0dd1da95494be0db0fa28912af') in 0.0119372 seconds
Number of updated asset objects reloaded before import = 0Number of asset objects unloaded after import = 130

========================================================================
Received Import Request.
  Time since last request: 3.186918 seconds.
  path: Assets/Resources/Levels/2/1.prefab
  artifactKey: Guid(3e9b9d19383048f4184033225f993f46) Importer(815301076,1909f56bfc062723c751e8b465ee728b)
Start importing Assets/Resources/Levels/2/1.prefab using Guid(3e9b9d19383048f4184033225f993f46) Importer(815301076,1909f56bfc062723c751e8b465ee728b) (PreviewImporter) -> (artifact id: 'bdb8b85c4b129186a9661f8fe460c043') in 0.012319 seconds
Number of updated asset objects reloaded before import = 0Number of asset objects unloaded after import = 130

========================================================================
Received Import Request.
  Time since last request: 4.418056 seconds.
  path: Assets/Resources/Levels/2/1.prefab
  artifactKey: Guid(3e9b9d19383048f4184033225f993f46) Importer(815301076,1909f56bfc062723c751e8b465ee728b)
Start importing Assets/Resources/Levels/2/1.prefab using Guid(3e9b9d19383048f4184033225f993f46) Importer(815301076,1909f56bfc062723c751e8b465ee728b) (PreviewImporter) -> (artifact id: 'ddf4c4cbd04655509c7fcc628fac8e0d') in 0.0119247 seconds
Number of updated asset objects reloaded before import = 0Number of asset objects unloaded after import = 130

========================================================================
Received Import Request.
  Time since last request: 4.410673 seconds.
  path: Assets/Resources/Levels/2/1.prefab
  artifactKey: Guid(3e9b9d19383048f4184033225f993f46) Importer(815301076,1909f56bfc062723c751e8b465ee728b)
Start importing Assets/Resources/Levels/2/1.prefab using Guid(3e9b9d19383048f4184033225f993f46) Importer(815301076,1909f56bfc062723c751e8b465ee728b) (PreviewImporter) -> (artifact id: 'db87797286732e9dc71b25b29fdcb2be') in 0.0118414 seconds
Number of updated asset objects reloaded before import = 0Number of asset objects unloaded after import = 130

========================================================================
Received Import Request.
  Time since last request: 4.177089 seconds.
  path: Assets/Resources/Levels/2/1.prefab
  artifactKey: Guid(3e9b9d19383048f4184033225f993f46) Importer(815301076,1909f56bfc062723c751e8b465ee728b)
Start importing Assets/Resources/Levels/2/1.prefab using Guid(3e9b9d19383048f4184033225f993f46) Importer(815301076,1909f56bfc062723c751e8b465ee728b) (PreviewImporter) -> (artifact id: 'dcfe72e4b0a1c0a55ef22c0cc486ba46') in 0.0132849 seconds
Number of updated asset objects reloaded before import = 0Number of asset objects unloaded after import = 130

========================================================================
Received Import Request.
  Time since last request: 11.452188 seconds.
  path: Assets/Resources/Levels/2/1.prefab
  artifactKey: Guid(3e9b9d19383048f4184033225f993f46) Importer(815301076,1909f56bfc062723c751e8b465ee728b)
Start importing Assets/Resources/Levels/2/1.prefab using Guid(3e9b9d19383048f4184033225f993f46) Importer(815301076,1909f56bfc062723c751e8b465ee728b) (PreviewImporter) -> (artifact id: '33e10f420d1bb2fa7c385f8eaaf4c823') in 0.0147557 seconds
Number of updated asset objects reloaded before import = 0Number of asset objects unloaded after import = 130

========================================================================
Received Import Request.
  Time since last request: 4.201893 seconds.
  path: Assets/Resources/Levels/2/1.prefab
  artifactKey: Guid(3e9b9d19383048f4184033225f993f46) Importer(815301076,1909f56bfc062723c751e8b465ee728b)
Start importing Assets/Resources/Levels/2/1.prefab using Guid(3e9b9d19383048f4184033225f993f46) Importer(815301076,1909f56bfc062723c751e8b465ee728b) (PreviewImporter) -> (artifact id: 'fd4abe30f48770b39420f0e1c0e086dd') in 0.0119229 seconds
Number of updated asset objects reloaded before import = 0Number of asset objects unloaded after import = 130

========================================================================
Received Import Request.
  Time since last request: 0.157092 seconds.
  path: Assets/Resources/Levels/2/1.prefab
  artifactKey: Guid(3e9b9d19383048f4184033225f993f46) Importer(815301076,1909f56bfc062723c751e8b465ee728b)
Start importing Assets/Resources/Levels/2/1.prefab using Guid(3e9b9d19383048f4184033225f993f46) Importer(815301076,1909f56bfc062723c751e8b465ee728b) (PreviewImporter) -> (artifact id: '81ad6386a00a0300747739a52670f149') in 0.0121194 seconds
Number of updated asset objects reloaded before import = 0Number of asset objects unloaded after import = 130

========================================================================
Received Import Request.
  Time since last request: 0.168197 seconds.
  path: Assets/Resources/Levels/2/1.prefab
  artifactKey: Guid(3e9b9d19383048f4184033225f993f46) Importer(815301076,1909f56bfc062723c751e8b465ee728b)
Start importing Assets/Resources/Levels/2/1.prefab using Guid(3e9b9d19383048f4184033225f993f46) Importer(815301076,1909f56bfc062723c751e8b465ee728b) (PreviewImporter) -> (artifact id: '608f2beab215a5f48589a4f0e499084b') in 0.0119691 seconds
Number of updated asset objects reloaded before import = 0Number of asset objects unloaded after import = 130

========================================================================
Received Import Request.
  Time since last request: 0.155285 seconds.
  path: Assets/Resources/Levels/2/1.prefab
  artifactKey: Guid(3e9b9d19383048f4184033225f993f46) Importer(815301076,1909f56bfc062723c751e8b465ee728b)
Start importing Assets/Resources/Levels/2/1.prefab using Guid(3e9b9d19383048f4184033225f993f46) Importer(815301076,1909f56bfc062723c751e8b465ee728b) (PreviewImporter) -> (artifact id: '2219e1c733925d18d9a37375ca05b862') in 0.0125552 seconds
Number of updated asset objects reloaded before import = 0Number of asset objects unloaded after import = 130

========================================================================
Received Import Request.
  Time since last request: 0.157338 seconds.
  path: Assets/Resources/Levels/2/1.prefab
  artifactKey: Guid(3e9b9d19383048f4184033225f993f46) Importer(815301076,1909f56bfc062723c751e8b465ee728b)
Start importing Assets/Resources/Levels/2/1.prefab using Guid(3e9b9d19383048f4184033225f993f46) Importer(815301076,1909f56bfc062723c751e8b465ee728b) (PreviewImporter) -> (artifact id: '9c26186a2c43bdb0aa9f0eaeb3df8171') in 0.0119189 seconds
Number of updated asset objects reloaded before import = 0Number of asset objects unloaded after import = 130

========================================================================
Received Import Request.
  Time since last request: 0.177122 seconds.
  path: Assets/Resources/Levels/2/1.prefab
  artifactKey: Guid(3e9b9d19383048f4184033225f993f46) Importer(815301076,1909f56bfc062723c751e8b465ee728b)
Start importing Assets/Resources/Levels/2/1.prefab using Guid(3e9b9d19383048f4184033225f993f46) Importer(815301076,1909f56bfc062723c751e8b465ee728b) (PreviewImporter) -> (artifact id: 'f0683ac49ef7c2aa86d5eef146a1a331') in 0.0133467 seconds
Number of updated asset objects reloaded before import = 0Number of asset objects unloaded after import = 130

========================================================================
Received Import Request.
  Time since last request: 0.139577 seconds.
  path: Assets/Resources/Levels/2/1.prefab
  artifactKey: Guid(3e9b9d19383048f4184033225f993f46) Importer(815301076,1909f56bfc062723c751e8b465ee728b)
Start importing Assets/Resources/Levels/2/1.prefab using Guid(3e9b9d19383048f4184033225f993f46) Importer(815301076,1909f56bfc062723c751e8b465ee728b) (PreviewImporter) -> (artifact id: '3f270c60995fc2fd8f870eb41e38868a') in 0.0125936 seconds
Number of updated asset objects reloaded before import = 0Number of asset objects unloaded after import = 130

========================================================================
Received Import Request.
  Time since last request: 0.157835 seconds.
  path: Assets/Resources/Levels/2/1.prefab
  artifactKey: Guid(3e9b9d19383048f4184033225f993f46) Importer(815301076,1909f56bfc062723c751e8b465ee728b)
Start importing Assets/Resources/Levels/2/1.prefab using Guid(3e9b9d19383048f4184033225f993f46) Importer(815301076,1909f56bfc062723c751e8b465ee728b) (PreviewImporter) -> (artifact id: '3ebf76548bc4d16c460d95f9b43676e8') in 0.0127985 seconds
Number of updated asset objects reloaded before import = 0Number of asset objects unloaded after import = 130

========================================================================
Received Import Request.
  Time since last request: 0.151097 seconds.
  path: Assets/Resources/Levels/2/1.prefab
  artifactKey: Guid(3e9b9d19383048f4184033225f993f46) Importer(815301076,1909f56bfc062723c751e8b465ee728b)
Start importing Assets/Resources/Levels/2/1.prefab using Guid(3e9b9d19383048f4184033225f993f46) Importer(815301076,1909f56bfc062723c751e8b465ee728b) (PreviewImporter) -> (artifact id: '1b46a5e1586598bf07733bba36a89e18') in 0.0116775 seconds
Number of updated asset objects reloaded before import = 0Number of asset objects unloaded after import = 130

========================================================================
Received Import Request.
  Time since last request: 0.168644 seconds.
  path: Assets/Resources/Levels/2/1.prefab
  artifactKey: Guid(3e9b9d19383048f4184033225f993f46) Importer(815301076,1909f56bfc062723c751e8b465ee728b)
Start importing Assets/Resources/Levels/2/1.prefab using Guid(3e9b9d19383048f4184033225f993f46) Importer(815301076,1909f56bfc062723c751e8b465ee728b) (PreviewImporter) -> (artifact id: '6176c9fd797b2efc22d9b3e80217289b') in 0.0116522 seconds
Number of updated asset objects reloaded before import = 0Number of asset objects unloaded after import = 130

========================================================================
Received Import Request.
  Time since last request: 0.569265 seconds.
  path: Assets/Resources/Levels/2/1.prefab
  artifactKey: Guid(3e9b9d19383048f4184033225f993f46) Importer(815301076,1909f56bfc062723c751e8b465ee728b)
Start importing Assets/Resources/Levels/2/1.prefab using Guid(3e9b9d19383048f4184033225f993f46) Importer(815301076,1909f56bfc062723c751e8b465ee728b) (PreviewImporter) -> (artifact id: '03612f0d86a1dd67f4552a6f9f7e7c1e') in 0.0148133 seconds
Number of updated asset objects reloaded before import = 0Number of asset objects unloaded after import = 130

========================================================================
Received Import Request.
  Time since last request: 1.549330 seconds.
  path: Assets/Resources/Levels/2/1.prefab
  artifactKey: Guid(3e9b9d19383048f4184033225f993f46) Importer(815301076,1909f56bfc062723c751e8b465ee728b)
Start importing Assets/Resources/Levels/2/1.prefab using Guid(3e9b9d19383048f4184033225f993f46) Importer(815301076,1909f56bfc062723c751e8b465ee728b) (PreviewImporter) -> (artifact id: 'd77ce39fb4e455ec1e53081f92e664b1') in 0.0119307 seconds
Number of updated asset objects reloaded before import = 0Number of asset objects unloaded after import = 130

========================================================================
Received Import Request.
  Time since last request: 1.871333 seconds.
  path: Assets/Resources/Levels/2/1.prefab
  artifactKey: Guid(3e9b9d19383048f4184033225f993f46) Importer(815301076,1909f56bfc062723c751e8b465ee728b)
Start importing Assets/Resources/Levels/2/1.prefab using Guid(3e9b9d19383048f4184033225f993f46) Importer(815301076,1909f56bfc062723c751e8b465ee728b) (PreviewImporter) -> (artifact id: 'affb38bbb5801aa6f58ae8d902286b01') in 0.0123448 seconds
Number of updated asset objects reloaded before import = 0Number of asset objects unloaded after import = 130

========================================================================
Received Import Request.
  Time since last request: 1.959215 seconds.
  path: Assets/Resources/Levels/2/1.prefab
  artifactKey: Guid(3e9b9d19383048f4184033225f993f46) Importer(815301076,1909f56bfc062723c751e8b465ee728b)
Start importing Assets/Resources/Levels/2/1.prefab using Guid(3e9b9d19383048f4184033225f993f46) Importer(815301076,1909f56bfc062723c751e8b465ee728b) (PreviewImporter) -> (artifact id: 'a501841cf37dc37ea438633ee02505cb') in 0.0118428 seconds
Number of updated asset objects reloaded before import = 0Number of asset objects unloaded after import = 130

========================================================================
Received Import Request.
  Time since last request: 2.577402 seconds.
  path: Assets/Resources/Levels/2/1.prefab
  artifactKey: Guid(3e9b9d19383048f4184033225f993f46) Importer(815301076,1909f56bfc062723c751e8b465ee728b)
Start importing Assets/Resources/Levels/2/1.prefab using Guid(3e9b9d19383048f4184033225f993f46) Importer(815301076,1909f56bfc062723c751e8b465ee728b) (PreviewImporter) -> (artifact id: '21a0ead3a7cc67d234a65ae5dee713a6') in 0.0115419 seconds
Number of updated asset objects reloaded before import = 0Number of asset objects unloaded after import = 130

========================================================================
Received Import Request.
  Time since last request: 0.993155 seconds.
  path: Assets/Resources/Levels/2/1.prefab
  artifactKey: Guid(3e9b9d19383048f4184033225f993f46) Importer(815301076,1909f56bfc062723c751e8b465ee728b)
Start importing Assets/Resources/Levels/2/1.prefab using Guid(3e9b9d19383048f4184033225f993f46) Importer(815301076,1909f56bfc062723c751e8b465ee728b) (PreviewImporter) -> (artifact id: 'ae2af14893cf876c3d998aa32306fe41') in 0.0121945 seconds
Number of updated asset objects reloaded before import = 0Number of asset objects unloaded after import = 130

========================================================================
Received Import Request.
  Time since last request: 1.156248 seconds.
  path: Assets/Resources/Levels/2/1.prefab
  artifactKey: Guid(3e9b9d19383048f4184033225f993f46) Importer(815301076,1909f56bfc062723c751e8b465ee728b)
Start importing Assets/Resources/Levels/2/1.prefab using Guid(3e9b9d19383048f4184033225f993f46) Importer(815301076,1909f56bfc062723c751e8b465ee728b) (PreviewImporter) -> (artifact id: '53747d948f8614bafcbb6027f8da4d4e') in 0.0123933 seconds
Number of updated asset objects reloaded before import = 0Number of asset objects unloaded after import = 130

========================================================================
Received Import Request.
  Time since last request: 0.965420 seconds.
  path: Assets/Resources/Levels/2/1.prefab
  artifactKey: Guid(3e9b9d19383048f4184033225f993f46) Importer(815301076,1909f56bfc062723c751e8b465ee728b)
Start importing Assets/Resources/Levels/2/1.prefab using Guid(3e9b9d19383048f4184033225f993f46) Importer(815301076,1909f56bfc062723c751e8b465ee728b) (PreviewImporter) -> (artifact id: 'cf9af4759a030cc1784be0f1706de4d4') in 0.0121146 seconds
Number of updated asset objects reloaded before import = 0Number of asset objects unloaded after import = 130

========================================================================
Received Prepare
Begin MonoManager ReloadAssembly
- Loaded All Assemblies, in  0.750 seconds
Refreshing native plugins compatible for Editor in 0.87 ms, found 3 plugins.
Native extension for WindowsStandalone target not found
Native extension for OSXStandalone target not found
Native extension for WebGL target not found
[Package Manager] Failed to launch server process. Reason: Unity was launched with the -noUpm command-line argument
[Package Manager] Unable to send message (not connected to server process).
[Package Manager] Cannot connect to Unity Package Manager local server
[MODES] ModeService[none].Initialize
[MODES] ModeService[none].LoadModes
Mono: successfully reloaded assembly
- Finished resetting the current domain, in  0.683 seconds
Domain Reload Profiling: 1432ms
	BeginReloadAssembly (245ms)
		ExecutionOrderSort (0ms)
		DisableScriptedObjects (20ms)
		BackupInstance (0ms)
		ReleaseScriptingObjects (0ms)
		CreateAndSetChildDomain (74ms)
	RebuildCommonClasses (31ms)
	RebuildNativeTypeToScriptingClass (11ms)
	initialDomainReloadingComplete (31ms)
	LoadAllAssembliesAndSetupDomain (432ms)
		LoadAssemblies (360ms)
		RebuildTransferFunctionScriptingTraits (0ms)
		AnalyzeDomain (161ms)
			TypeCache.Refresh (7ms)
				TypeCache.ScanAssembly (0ms)
			BuildScriptInfoCaches (140ms)
			ResolveRequiredComponents (9ms)
	FinalizeReload (683ms)
		ReleaseScriptCaches (0ms)
		RebuildScriptCaches (0ms)
		SetupLoadedEditorAssemblies (536ms)
			LogAssemblyErrors (0ms)
			InitializePlatformSupportModulesInManaged (4ms)
			SetLoadedEditorAssemblies (3ms)
			BeforeProcessingInitializeOnLoad (114ms)
			ProcessInitializeOnLoadAttributes (328ms)
			ProcessInitializeOnLoadMethodAttributes (78ms)
			AfterProcessingInitializeOnLoad (8ms)
			EditorAssembliesLoaded (0ms)
		ExecutionOrderSort2 (0ms)
		AwakeInstancesAfterBackupRestoration (20ms)
Refreshing native plugins compatible for Editor in 0.94 ms, found 3 plugins.
Preloading 0 native plugins for Editor in 0.00 ms.
Unloading 14 Unused Serialized files (Serialized files now loaded: 0)
Unloading 6462 unused Assets / (3.8 MB). Loaded Objects now: 7823.
Memory consumption went from 161.9 MB to 158.1 MB.
Total: 8.013700 ms (FindLiveObjects: 0.985000 ms CreateObjectMapping: 0.389400 ms MarkObjects: 4.517600 ms  DeleteObjects: 2.121000 ms)

Prepare: number of updated asset objects reloaded= 0
========================================================================
Received Prepare
Begin MonoManager ReloadAssembly
- Loaded All Assemblies, in  0.719 seconds
Refreshing native plugins compatible for Editor in 0.83 ms, found 3 plugins.
Native extension for WindowsStandalone target not found
Native extension for OSXStandalone target not found
Native extension for WebGL target not found
[Package Manager] Failed to launch server process. Reason: Unity was launched with the -noUpm command-line argument
[Package Manager] Unable to send message (not connected to server process).
[Package Manager] Cannot connect to Unity Package Manager local server
[MODES] ModeService[none].Initialize
[MODES] ModeService[none].LoadModes
Mono: successfully reloaded assembly
- Finished resetting the current domain, in  0.700 seconds
Domain Reload Profiling: 1419ms
	BeginReloadAssembly (210ms)
		ExecutionOrderSort (0ms)
		DisableScriptedObjects (6ms)
		BackupInstance (0ms)
		ReleaseScriptingObjects (0ms)
		CreateAndSetChildDomain (55ms)
	RebuildCommonClasses (31ms)
	RebuildNativeTypeToScriptingClass (11ms)
	initialDomainReloadingComplete (31ms)
	LoadAllAssembliesAndSetupDomain (435ms)
		LoadAssemblies (356ms)
		RebuildTransferFunctionScriptingTraits (0ms)
		AnalyzeDomain (167ms)
			TypeCache.Refresh (11ms)
				TypeCache.ScanAssembly (0ms)
			BuildScriptInfoCaches (142ms)
			ResolveRequiredComponents (10ms)
	FinalizeReload (700ms)
		ReleaseScriptCaches (0ms)
		RebuildScriptCaches (0ms)
		SetupLoadedEditorAssemblies (547ms)
			LogAssemblyErrors (0ms)
			InitializePlatformSupportModulesInManaged (4ms)
			SetLoadedEditorAssemblies (3ms)
			BeforeProcessingInitializeOnLoad (115ms)
			ProcessInitializeOnLoadAttributes (338ms)
			ProcessInitializeOnLoadMethodAttributes (80ms)
			AfterProcessingInitializeOnLoad (6ms)
			EditorAssembliesLoaded (0ms)
		ExecutionOrderSort2 (0ms)
		AwakeInstancesAfterBackupRestoration (19ms)
Refreshing native plugins compatible for Editor in 0.98 ms, found 3 plugins.
Preloading 0 native plugins for Editor in 0.00 ms.
Unloading 14 Unused Serialized files (Serialized files now loaded: 0)
Unloading 6460 unused Assets / (4.0 MB). Loaded Objects now: 7825.
Memory consumption went from 161.8 MB to 157.7 MB.
Total: 11.163300 ms (FindLiveObjects: 1.077200 ms CreateObjectMapping: 1.153500 ms MarkObjects: 6.144900 ms  DeleteObjects: 2.786000 ms)

Prepare: number of updated asset objects reloaded= 0
========================================================================
Received Import Request.
  Time since last request: 177.305093 seconds.
  path: Assets/Resources/Levels/2/1.prefab
  artifactKey: Guid(3e9b9d19383048f4184033225f993f46) Importer(815301076,1909f56bfc062723c751e8b465ee728b)
Start importing Assets/Resources/Levels/2/1.prefab using Guid(3e9b9d19383048f4184033225f993f46) Importer(815301076,1909f56bfc062723c751e8b465ee728b) (PreviewImporter) -> (artifact id: '92f30f9341d5d3b0bbc460a813ef84ad') in 0.4232875 seconds
Number of updated asset objects reloaded before import = 0Number of asset objects unloaded after import = 130

========================================================================
Received Import Request.
  Time since last request: 2.259821 seconds.
  path: Assets/Resources/Levels/2/1.prefab
  artifactKey: Guid(3e9b9d19383048f4184033225f993f46) Importer(815301076,1909f56bfc062723c751e8b465ee728b)
Start importing Assets/Resources/Levels/2/1.prefab using Guid(3e9b9d19383048f4184033225f993f46) Importer(815301076,1909f56bfc062723c751e8b465ee728b) (PreviewImporter) -> (artifact id: 'bc59d060baeeff249dafa80152e8a1d9') in 0.0130758 seconds
Number of updated asset objects reloaded before import = 0Number of asset objects unloaded after import = 130

========================================================================
Received Import Request.
  Time since last request: 1.376632 seconds.
  path: Assets/Resources/Levels/2/1.prefab
  artifactKey: Guid(3e9b9d19383048f4184033225f993f46) Importer(815301076,1909f56bfc062723c751e8b465ee728b)
Start importing Assets/Resources/Levels/2/1.prefab using Guid(3e9b9d19383048f4184033225f993f46) Importer(815301076,1909f56bfc062723c751e8b465ee728b) (PreviewImporter) -> (artifact id: '8a4db691dacdeacb1ec70d5bc0360668') in 0.0124537 seconds
Number of updated asset objects reloaded before import = 0Number of asset objects unloaded after import = 130

========================================================================
Received Import Request.
  Time since last request: 0.157283 seconds.
  path: Assets/Resources/Levels/2/1.prefab
  artifactKey: Guid(3e9b9d19383048f4184033225f993f46) Importer(815301076,1909f56bfc062723c751e8b465ee728b)
Start importing Assets/Resources/Levels/2/1.prefab using Guid(3e9b9d19383048f4184033225f993f46) Importer(815301076,1909f56bfc062723c751e8b465ee728b) (PreviewImporter) -> (artifact id: '075bdf713160243a28decd6bfe14655e') in 0.0136572 seconds
Number of updated asset objects reloaded before import = 0Number of asset objects unloaded after import = 130

========================================================================
Received Import Request.
  Time since last request: 0.398345 seconds.
  path: Assets/Resources/Levels/2/1.prefab
  artifactKey: Guid(3e9b9d19383048f4184033225f993f46) Importer(815301076,1909f56bfc062723c751e8b465ee728b)
Start importing Assets/Resources/Levels/2/1.prefab using Guid(3e9b9d19383048f4184033225f993f46) Importer(815301076,1909f56bfc062723c751e8b465ee728b) (PreviewImporter) -> (artifact id: '4d9442e56e1b962f8247dcac757cb535') in 0.0123942 seconds
Number of updated asset objects reloaded before import = 0Number of asset objects unloaded after import = 130

========================================================================
Received Import Request.
  Time since last request: 2.730696 seconds.
  path: Assets/Resources/Levels/2/1.prefab
  artifactKey: Guid(3e9b9d19383048f4184033225f993f46) Importer(815301076,1909f56bfc062723c751e8b465ee728b)
Start importing Assets/Resources/Levels/2/1.prefab using Guid(3e9b9d19383048f4184033225f993f46) Importer(815301076,1909f56bfc062723c751e8b465ee728b) (PreviewImporter) -> (artifact id: 'ef4e98641ad4ef25fc97a7df348be0cf') in 0.0131636 seconds
Number of updated asset objects reloaded before import = 0Number of asset objects unloaded after import = 130

========================================================================
Received Import Request.
  Time since last request: 0.354126 seconds.
  path: Assets/Resources/Levels/2/1.prefab
  artifactKey: Guid(3e9b9d19383048f4184033225f993f46) Importer(815301076,1909f56bfc062723c751e8b465ee728b)
Start importing Assets/Resources/Levels/2/1.prefab using Guid(3e9b9d19383048f4184033225f993f46) Importer(815301076,1909f56bfc062723c751e8b465ee728b) (PreviewImporter) -> (artifact id: '4ac73a2c7a0460e983921f1ab9eae0f1') in 0.0137602 seconds
Number of updated asset objects reloaded before import = 0Number of asset objects unloaded after import = 130

========================================================================
Received Import Request.
  Time since last request: 0.351546 seconds.
  path: Assets/Resources/Levels/2/1.prefab
  artifactKey: Guid(3e9b9d19383048f4184033225f993f46) Importer(815301076,1909f56bfc062723c751e8b465ee728b)
Start importing Assets/Resources/Levels/2/1.prefab using Guid(3e9b9d19383048f4184033225f993f46) Importer(815301076,1909f56bfc062723c751e8b465ee728b) (PreviewImporter) -> (artifact id: '083bfe9eafcb97429c4c7dc82f542e3b') in 0.0154364 seconds
Number of updated asset objects reloaded before import = 0Number of asset objects unloaded after import = 130

========================================================================
Received Import Request.
  Time since last request: 0.159811 seconds.
  path: Assets/Resources/Levels/2/1.prefab
  artifactKey: Guid(3e9b9d19383048f4184033225f993f46) Importer(815301076,1909f56bfc062723c751e8b465ee728b)
Start importing Assets/Resources/Levels/2/1.prefab using Guid(3e9b9d19383048f4184033225f993f46) Importer(815301076,1909f56bfc062723c751e8b465ee728b) (PreviewImporter) -> (artifact id: '03245363c60ae3f7eee61fb79da347b6') in 0.0137178 seconds
Number of updated asset objects reloaded before import = 0Number of asset objects unloaded after import = 130

========================================================================
Received Import Request.
  Time since last request: 5.182245 seconds.
  path: Assets/Resources/Levels/2/1.prefab
  artifactKey: Guid(3e9b9d19383048f4184033225f993f46) Importer(815301076,1909f56bfc062723c751e8b465ee728b)
Start importing Assets/Resources/Levels/2/1.prefab using Guid(3e9b9d19383048f4184033225f993f46) Importer(815301076,1909f56bfc062723c751e8b465ee728b) (PreviewImporter) -> (artifact id: '74e3f366c26453c0eaab5608092ebfc5') in 0.013358 seconds
Number of updated asset objects reloaded before import = 0Number of asset objects unloaded after import = 130

========================================================================
Received Import Request.
  Time since last request: 1.758623 seconds.
  path: Assets/Resources/Levels/2/1.prefab
  artifactKey: Guid(3e9b9d19383048f4184033225f993f46) Importer(815301076,1909f56bfc062723c751e8b465ee728b)
Start importing Assets/Resources/Levels/2/1.prefab using Guid(3e9b9d19383048f4184033225f993f46) Importer(815301076,1909f56bfc062723c751e8b465ee728b) (PreviewImporter) -> (artifact id: '296edf21ff50359e19a4bfffbf3fa72a') in 0.0120754 seconds
Number of updated asset objects reloaded before import = 0Number of asset objects unloaded after import = 123

========================================================================
Received Import Request.
  Time since last request: 9.447807 seconds.
  path: Assets/Resources/Levels/2/1.prefab
  artifactKey: Guid(3e9b9d19383048f4184033225f993f46) Importer(815301076,1909f56bfc062723c751e8b465ee728b)
Start importing Assets/Resources/Levels/2/1.prefab using Guid(3e9b9d19383048f4184033225f993f46) Importer(815301076,1909f56bfc062723c751e8b465ee728b) (PreviewImporter) -> (artifact id: 'c1e1488bfc9e9f408feae89ef17283e4') in 0.0119931 seconds
Number of updated asset objects reloaded before import = 0Number of asset objects unloaded after import = 130

========================================================================
Received Import Request.
  Time since last request: 0.154451 seconds.
  path: Assets/Resources/Levels/2/1.prefab
  artifactKey: Guid(3e9b9d19383048f4184033225f993f46) Importer(815301076,1909f56bfc062723c751e8b465ee728b)
Start importing Assets/Resources/Levels/2/1.prefab using Guid(3e9b9d19383048f4184033225f993f46) Importer(815301076,1909f56bfc062723c751e8b465ee728b) (PreviewImporter) -> (artifact id: 'b909fe5c0b8dad745eddd091d98ea316') in 0.0122672 seconds
Number of updated asset objects reloaded before import = 0Number of asset objects unloaded after import = 130

========================================================================
Received Import Request.
  Time since last request: 3.179096 seconds.
  path: Assets/Resources/Levels/2/1.prefab
  artifactKey: Guid(3e9b9d19383048f4184033225f993f46) Importer(815301076,1909f56bfc062723c751e8b465ee728b)
Start importing Assets/Resources/Levels/2/1.prefab using Guid(3e9b9d19383048f4184033225f993f46) Importer(815301076,1909f56bfc062723c751e8b465ee728b) (PreviewImporter) -> (artifact id: 'cdbe947b0ac67ac0153b49cee7faf64d') in 0.0128755 seconds
Number of updated asset objects reloaded before import = 0Number of asset objects unloaded after import = 130

========================================================================
Received Import Request.
  Time since last request: 2.164039 seconds.
  path: Assets/Resources/Levels/2/1.prefab
  artifactKey: Guid(3e9b9d19383048f4184033225f993f46) Importer(815301076,1909f56bfc062723c751e8b465ee728b)
Start importing Assets/Resources/Levels/2/1.prefab using Guid(3e9b9d19383048f4184033225f993f46) Importer(815301076,1909f56bfc062723c751e8b465ee728b) (PreviewImporter) -> (artifact id: '52be051f5b54225fcce36a49f03a5209') in 0.0139001 seconds
Number of updated asset objects reloaded before import = 0Number of asset objects unloaded after import = 130

========================================================================
Received Import Request.
  Time since last request: 0.552398 seconds.
  path: Assets/Resources/Levels/2/1.prefab
  artifactKey: Guid(3e9b9d19383048f4184033225f993f46) Importer(815301076,1909f56bfc062723c751e8b465ee728b)
Start importing Assets/Resources/Levels/2/1.prefab using Guid(3e9b9d19383048f4184033225f993f46) Importer(815301076,1909f56bfc062723c751e8b465ee728b) (PreviewImporter) -> (artifact id: '48156da0d07e02bfb408e665161f4020') in 0.0133596 seconds
Number of updated asset objects reloaded before import = 0Number of asset objects unloaded after import = 130

========================================================================
Received Import Request.
  Time since last request: 2.765063 seconds.
  path: Assets/Resources/Levels/2/1.prefab
  artifactKey: Guid(3e9b9d19383048f4184033225f993f46) Importer(815301076,1909f56bfc062723c751e8b465ee728b)
Start importing Assets/Resources/Levels/2/1.prefab using Guid(3e9b9d19383048f4184033225f993f46) Importer(815301076,1909f56bfc062723c751e8b465ee728b) (PreviewImporter) -> (artifact id: '97c4fcc58299268613dc116ee99406d1') in 0.0127702 seconds
Number of updated asset objects reloaded before import = 0Number of asset objects unloaded after import = 130

========================================================================
Received Import Request.
  Time since last request: 0.173738 seconds.
  path: Assets/Resources/Levels/2/1.prefab
  artifactKey: Guid(3e9b9d19383048f4184033225f993f46) Importer(815301076,1909f56bfc062723c751e8b465ee728b)
Start importing Assets/Resources/Levels/2/1.prefab using Guid(3e9b9d19383048f4184033225f993f46) Importer(815301076,1909f56bfc062723c751e8b465ee728b) (PreviewImporter) -> (artifact id: '77beae7b97ba111c3d3499130363d99c') in 0.0138832 seconds
Number of updated asset objects reloaded before import = 0Number of asset objects unloaded after import = 130

========================================================================
Received Import Request.
  Time since last request: 3.959500 seconds.
  path: Assets/Resources/Levels/2/1.prefab
  artifactKey: Guid(3e9b9d19383048f4184033225f993f46) Importer(815301076,1909f56bfc062723c751e8b465ee728b)
Start importing Assets/Resources/Levels/2/1.prefab using Guid(3e9b9d19383048f4184033225f993f46) Importer(815301076,1909f56bfc062723c751e8b465ee728b) (PreviewImporter) -> (artifact id: '4082cbd5e04b5836ead56b156a54efa8') in 0.0134544 seconds
Number of updated asset objects reloaded before import = 0Number of asset objects unloaded after import = 130

========================================================================
Received Import Request.
  Time since last request: 0.755234 seconds.
  path: Assets/Resources/Levels/2/1.prefab
  artifactKey: Guid(3e9b9d19383048f4184033225f993f46) Importer(815301076,1909f56bfc062723c751e8b465ee728b)
Start importing Assets/Resources/Levels/2/1.prefab using Guid(3e9b9d19383048f4184033225f993f46) Importer(815301076,1909f56bfc062723c751e8b465ee728b) (PreviewImporter) -> (artifact id: '25760aee5cd8b38dfc791f0cbd587d27') in 0.011789 seconds
Number of updated asset objects reloaded before import = 0Number of asset objects unloaded after import = 130

========================================================================
Received Import Request.
  Time since last request: 1.869563 seconds.
  path: Assets/Resources/Levels/2/1.prefab
  artifactKey: Guid(3e9b9d19383048f4184033225f993f46) Importer(815301076,1909f56bfc062723c751e8b465ee728b)
Start importing Assets/Resources/Levels/2/1.prefab using Guid(3e9b9d19383048f4184033225f993f46) Importer(815301076,1909f56bfc062723c751e8b465ee728b) (PreviewImporter) -> (artifact id: 'c097840110976fc8e9edb76f9190772d') in 0.0120545 seconds
Number of updated asset objects reloaded before import = 0Number of asset objects unloaded after import = 130

========================================================================
Received Import Request.
  Time since last request: 5.321592 seconds.
  path: Assets/Resources/Levels/2/1.prefab
  artifactKey: Guid(3e9b9d19383048f4184033225f993f46) Importer(815301076,1909f56bfc062723c751e8b465ee728b)
Start importing Assets/Resources/Levels/2/1.prefab using Guid(3e9b9d19383048f4184033225f993f46) Importer(815301076,1909f56bfc062723c751e8b465ee728b) (PreviewImporter) -> (artifact id: 'eb3934e23dfdae73381a22ed75448939') in 0.0118712 seconds
Number of updated asset objects reloaded before import = 0Number of asset objects unloaded after import = 130

========================================================================
Received Import Request.
  Time since last request: 7.326495 seconds.
  path: Assets/Resources/Levels/2/1.prefab
  artifactKey: Guid(3e9b9d19383048f4184033225f993f46) Importer(815301076,1909f56bfc062723c751e8b465ee728b)
Start importing Assets/Resources/Levels/2/1.prefab using Guid(3e9b9d19383048f4184033225f993f46) Importer(815301076,1909f56bfc062723c751e8b465ee728b) (PreviewImporter) -> (artifact id: 'ab6bdbf010097679e3347ae146428737') in 0.0122094 seconds
Number of updated asset objects reloaded before import = 0Number of asset objects unloaded after import = 130

========================================================================
Received Import Request.
  Time since last request: 2.230528 seconds.
  path: Assets/Resources/Levels/2/1.prefab
  artifactKey: Guid(3e9b9d19383048f4184033225f993f46) Importer(815301076,1909f56bfc062723c751e8b465ee728b)
Start importing Assets/Resources/Levels/2/1.prefab using Guid(3e9b9d19383048f4184033225f993f46) Importer(815301076,1909f56bfc062723c751e8b465ee728b) (PreviewImporter) -> (artifact id: 'a741c26f28b8137bbe019b481e3caa5f') in 0.0132918 seconds
Number of updated asset objects reloaded before import = 0Number of asset objects unloaded after import = 130

========================================================================
Received Import Request.
  Time since last request: 1.561729 seconds.
  path: Assets/Resources/Levels/2/1.prefab
  artifactKey: Guid(3e9b9d19383048f4184033225f993f46) Importer(815301076,1909f56bfc062723c751e8b465ee728b)
Start importing Assets/Resources/Levels/2/1.prefab using Guid(3e9b9d19383048f4184033225f993f46) Importer(815301076,1909f56bfc062723c751e8b465ee728b) (PreviewImporter) -> (artifact id: '500e62763d8b8579c228ad7906d2039c') in 0.0139619 seconds
Number of updated asset objects reloaded before import = 0Number of asset objects unloaded after import = 130

========================================================================
Received Import Request.
  Time since last request: 3.294460 seconds.
  path: Assets/Resources/Levels/2/1.prefab
  artifactKey: Guid(3e9b9d19383048f4184033225f993f46) Importer(815301076,1909f56bfc062723c751e8b465ee728b)
Start importing Assets/Resources/Levels/2/1.prefab using Guid(3e9b9d19383048f4184033225f993f46) Importer(815301076,1909f56bfc062723c751e8b465ee728b) (PreviewImporter) -> (artifact id: 'aae44dad381246e8e9ebdb205def1481') in 0.0130248 seconds
Number of updated asset objects reloaded before import = 0Number of asset objects unloaded after import = 130

========================================================================
Received Import Request.
  Time since last request: 0.545831 seconds.
  path: Assets/Resources/Levels/2/1.prefab
  artifactKey: Guid(3e9b9d19383048f4184033225f993f46) Importer(815301076,1909f56bfc062723c751e8b465ee728b)
Start importing Assets/Resources/Levels/2/1.prefab using Guid(3e9b9d19383048f4184033225f993f46) Importer(815301076,1909f56bfc062723c751e8b465ee728b) (PreviewImporter) -> (artifact id: '6c2adbbc67330e9ab380dbcde73c1850') in 0.0118998 seconds
Number of updated asset objects reloaded before import = 0Number of asset objects unloaded after import = 130

========================================================================
Received Import Request.
  Time since last request: 1.157475 seconds.
  path: Assets/Resources/Levels/2/1.prefab
  artifactKey: Guid(3e9b9d19383048f4184033225f993f46) Importer(815301076,1909f56bfc062723c751e8b465ee728b)
Start importing Assets/Resources/Levels/2/1.prefab using Guid(3e9b9d19383048f4184033225f993f46) Importer(815301076,1909f56bfc062723c751e8b465ee728b) (PreviewImporter) -> (artifact id: '6100caace800ad013efaea2f94f289ae') in 0.0120912 seconds
Number of updated asset objects reloaded before import = 0Number of asset objects unloaded after import = 130

========================================================================
Received Import Request.
  Time since last request: 2.363771 seconds.
  path: Assets/Resources/Levels/2/1.prefab
  artifactKey: Guid(3e9b9d19383048f4184033225f993f46) Importer(815301076,1909f56bfc062723c751e8b465ee728b)
Start importing Assets/Resources/Levels/2/1.prefab using Guid(3e9b9d19383048f4184033225f993f46) Importer(815301076,1909f56bfc062723c751e8b465ee728b) (PreviewImporter) -> (artifact id: '50b52728031566212c1cc5c4eb272200') in 0.0139386 seconds
Number of updated asset objects reloaded before import = 0Number of asset objects unloaded after import = 130

========================================================================
Received Import Request.
  Time since last request: 8.576331 seconds.
  path: Assets/Resources/Levels/2/1.prefab
  artifactKey: Guid(3e9b9d19383048f4184033225f993f46) Importer(815301076,1909f56bfc062723c751e8b465ee728b)
Start importing Assets/Resources/Levels/2/1.prefab using Guid(3e9b9d19383048f4184033225f993f46) Importer(815301076,1909f56bfc062723c751e8b465ee728b) (PreviewImporter) -> (artifact id: '1eedf4b41b7a5819e64afb17f6bb76a5') in 0.0125866 seconds
Number of updated asset objects reloaded before import = 0Number of asset objects unloaded after import = 130

========================================================================
Received Import Request.
  Time since last request: 2.569918 seconds.
  path: Assets/Resources/Levels/2/1.prefab
  artifactKey: Guid(3e9b9d19383048f4184033225f993f46) Importer(815301076,1909f56bfc062723c751e8b465ee728b)
Start importing Assets/Resources/Levels/2/1.prefab using Guid(3e9b9d19383048f4184033225f993f46) Importer(815301076,1909f56bfc062723c751e8b465ee728b) (PreviewImporter) -> (artifact id: 'c8e9192f694bd3caf085613606d35218') in 0.0129233 seconds
Number of updated asset objects reloaded before import = 0Number of asset objects unloaded after import = 130

========================================================================
Received Import Request.
  Time since last request: 7.871155 seconds.
  path: Assets/Resources/Levels/2/1.prefab
  artifactKey: Guid(3e9b9d19383048f4184033225f993f46) Importer(815301076,1909f56bfc062723c751e8b465ee728b)
Start importing Assets/Resources/Levels/2/1.prefab using Guid(3e9b9d19383048f4184033225f993f46) Importer(815301076,1909f56bfc062723c751e8b465ee728b) (PreviewImporter) -> (artifact id: 'd59229fecd275acf1ea74fc8280e055e') in 0.0116576 seconds
Number of updated asset objects reloaded before import = 0Number of asset objects unloaded after import = 130

========================================================================
Received Import Request.
  Time since last request: 2.369808 seconds.
  path: Assets/Resources/Levels/2/1.prefab
  artifactKey: Guid(3e9b9d19383048f4184033225f993f46) Importer(815301076,1909f56bfc062723c751e8b465ee728b)
Start importing Assets/Resources/Levels/2/1.prefab using Guid(3e9b9d19383048f4184033225f993f46) Importer(815301076,1909f56bfc062723c751e8b465ee728b) (PreviewImporter) -> (artifact id: '422bf731207645e669904a160f88ea86') in 0.0131083 seconds
Number of updated asset objects reloaded before import = 0Number of asset objects unloaded after import = 130

========================================================================
Received Import Request.
  Time since last request: 1.360537 seconds.
  path: Assets/Resources/Levels/2/1.prefab
  artifactKey: Guid(3e9b9d19383048f4184033225f993f46) Importer(815301076,1909f56bfc062723c751e8b465ee728b)
Start importing Assets/Resources/Levels/2/1.prefab using Guid(3e9b9d19383048f4184033225f993f46) Importer(815301076,1909f56bfc062723c751e8b465ee728b) (PreviewImporter) -> (artifact id: '3d72502b1b128293d154bdde01852883') in 0.0121459 seconds
Number of updated asset objects reloaded before import = 0Number of asset objects unloaded after import = 130

========================================================================
Received Import Request.
  Time since last request: 3.375514 seconds.
  path: Assets/Resources/Levels/2/1.prefab
  artifactKey: Guid(3e9b9d19383048f4184033225f993f46) Importer(815301076,1909f56bfc062723c751e8b465ee728b)
Start importing Assets/Resources/Levels/2/1.prefab using Guid(3e9b9d19383048f4184033225f993f46) Importer(815301076,1909f56bfc062723c751e8b465ee728b) (PreviewImporter) -> (artifact id: '2a819ff55c7a4355070c1105798b0b97') in 0.0126552 seconds
Number of updated asset objects reloaded before import = 0Number of asset objects unloaded after import = 130

========================================================================
Received Import Request.
  Time since last request: 1.161491 seconds.
  path: Assets/Resources/Levels/2/1.prefab
  artifactKey: Guid(3e9b9d19383048f4184033225f993f46) Importer(815301076,1909f56bfc062723c751e8b465ee728b)
Start importing Assets/Resources/Levels/2/1.prefab using Guid(3e9b9d19383048f4184033225f993f46) Importer(815301076,1909f56bfc062723c751e8b465ee728b) (PreviewImporter) -> (artifact id: '1bcdbe1c7e5c3e6ce223de8c86681b87') in 0.0139737 seconds
Number of updated asset objects reloaded before import = 0Number of asset objects unloaded after import = 130

========================================================================
Received Import Request.
  Time since last request: 2.156786 seconds.
  path: Assets/Resources/Levels/2/1.prefab
  artifactKey: Guid(3e9b9d19383048f4184033225f993f46) Importer(815301076,1909f56bfc062723c751e8b465ee728b)
Start importing Assets/Resources/Levels/2/1.prefab using Guid(3e9b9d19383048f4184033225f993f46) Importer(815301076,1909f56bfc062723c751e8b465ee728b) (PreviewImporter) -> (artifact id: '7c6c5276b0e2f46cc311d7d72b4b5e1a') in 0.0124305 seconds
Number of updated asset objects reloaded before import = 0Number of asset objects unloaded after import = 130

========================================================================
Received Import Request.
  Time since last request: 3.375595 seconds.
  path: Assets/Resources/Levels/2/1.prefab
  artifactKey: Guid(3e9b9d19383048f4184033225f993f46) Importer(815301076,1909f56bfc062723c751e8b465ee728b)
Start importing Assets/Resources/Levels/2/1.prefab using Guid(3e9b9d19383048f4184033225f993f46) Importer(815301076,1909f56bfc062723c751e8b465ee728b) (PreviewImporter) -> (artifact id: 'fe1d7e545a1e47c0750fc4f82e391fe5') in 0.0123238 seconds
Number of updated asset objects reloaded before import = 0Number of asset objects unloaded after import = 130

========================================================================
Received Import Request.
  Time since last request: 22.962350 seconds.
  path: Assets/Resources/Levels/2/1.prefab
  artifactKey: Guid(3e9b9d19383048f4184033225f993f46) Importer(815301076,1909f56bfc062723c751e8b465ee728b)
Start importing Assets/Resources/Levels/2/1.prefab using Guid(3e9b9d19383048f4184033225f993f46) Importer(815301076,1909f56bfc062723c751e8b465ee728b) (PreviewImporter) -> (artifact id: '9f7d23f757cfeb151318047449967626') in 0.0147793 seconds
Number of updated asset objects reloaded before import = 0Number of asset objects unloaded after import = 137

========================================================================
Received Import Request.
  Time since last request: 17.697269 seconds.
  path: Assets/Resources/Levels/2/1.prefab
  artifactKey: Guid(3e9b9d19383048f4184033225f993f46) Importer(815301076,1909f56bfc062723c751e8b465ee728b)
Start importing Assets/Resources/Levels/2/1.prefab using Guid(3e9b9d19383048f4184033225f993f46) Importer(815301076,1909f56bfc062723c751e8b465ee728b) (PreviewImporter) -> (artifact id: '4d09780955a2ee19daa54384d7822eb2') in 0.0123484 seconds
Number of updated asset objects reloaded before import = 0Number of asset objects unloaded after import = 137

========================================================================
Received Import Request.
  Time since last request: 5.783414 seconds.
  path: Assets/Resources/Levels/2/1.prefab
  artifactKey: Guid(3e9b9d19383048f4184033225f993f46) Importer(815301076,1909f56bfc062723c751e8b465ee728b)
Start importing Assets/Resources/Levels/2/1.prefab using Guid(3e9b9d19383048f4184033225f993f46) Importer(815301076,1909f56bfc062723c751e8b465ee728b) (PreviewImporter) -> (artifact id: 'd5afd001b4c70db692574025738a3ee4') in 0.013435 seconds
Number of updated asset objects reloaded before import = 0Number of asset objects unloaded after import = 137

========================================================================
Received Import Request.
  Time since last request: 4.177643 seconds.
  path: Assets/Resources/Levels/2/1.prefab
  artifactKey: Guid(3e9b9d19383048f4184033225f993f46) Importer(815301076,1909f56bfc062723c751e8b465ee728b)
Start importing Assets/Resources/Levels/2/1.prefab using Guid(3e9b9d19383048f4184033225f993f46) Importer(815301076,1909f56bfc062723c751e8b465ee728b) (PreviewImporter) -> (artifact id: '536818b7f015ef68ebf69267707b5caf') in 0.0139273 seconds
Number of updated asset objects reloaded before import = 0Number of asset objects unloaded after import = 137

========================================================================
Received Import Request.
  Time since last request: 5.194313 seconds.
  path: Assets/Resources/Levels/2/1.prefab
  artifactKey: Guid(3e9b9d19383048f4184033225f993f46) Importer(815301076,1909f56bfc062723c751e8b465ee728b)
Start importing Assets/Resources/Levels/2/1.prefab using Guid(3e9b9d19383048f4184033225f993f46) Importer(815301076,1909f56bfc062723c751e8b465ee728b) (PreviewImporter) -> (artifact id: '3fcf81ccd2c21bf50e6fd919614aea63') in 0.0119839 seconds
Number of updated asset objects reloaded before import = 0Number of asset objects unloaded after import = 137

========================================================================
Received Import Request.
  Time since last request: 2.802346 seconds.
  path: Assets/Resources/Levels/2/1.prefab
  artifactKey: Guid(3e9b9d19383048f4184033225f993f46) Importer(815301076,1909f56bfc062723c751e8b465ee728b)
Start importing Assets/Resources/Levels/2/1.prefab using Guid(3e9b9d19383048f4184033225f993f46) Importer(815301076,1909f56bfc062723c751e8b465ee728b) (PreviewImporter) -> (artifact id: '28a7e88ada3249c25d4d2fd6b3cceef9') in 0.0124771 seconds
Number of updated asset objects reloaded before import = 0Number of asset objects unloaded after import = 137

========================================================================
Received Import Request.
  Time since last request: 3.555267 seconds.
  path: Assets/Resources/Levels/2/1.prefab
  artifactKey: Guid(3e9b9d19383048f4184033225f993f46) Importer(815301076,1909f56bfc062723c751e8b465ee728b)
Start importing Assets/Resources/Levels/2/1.prefab using Guid(3e9b9d19383048f4184033225f993f46) Importer(815301076,1909f56bfc062723c751e8b465ee728b) (PreviewImporter) -> (artifact id: '83aa04854241cc936636d2f03ca4b0a0') in 0.0128803 seconds
Number of updated asset objects reloaded before import = 0Number of asset objects unloaded after import = 137

========================================================================
Received Import Request.
  Time since last request: 2.760747 seconds.
  path: Assets/Resources/Levels/2/1.prefab
  artifactKey: Guid(3e9b9d19383048f4184033225f993f46) Importer(815301076,1909f56bfc062723c751e8b465ee728b)
Start importing Assets/Resources/Levels/2/1.prefab using Guid(3e9b9d19383048f4184033225f993f46) Importer(815301076,1909f56bfc062723c751e8b465ee728b) (PreviewImporter) -> (artifact id: '1ba0d543f62c131ab4b11792b23b6daf') in 0.0121421 seconds
Number of updated asset objects reloaded before import = 0Number of asset objects unloaded after import = 137

========================================================================
Received Import Request.
  Time since last request: 9.451427 seconds.
  path: Assets/Resources/Levels/2/1.prefab
  artifactKey: Guid(3e9b9d19383048f4184033225f993f46) Importer(815301076,1909f56bfc062723c751e8b465ee728b)
Start importing Assets/Resources/Levels/2/1.prefab using Guid(3e9b9d19383048f4184033225f993f46) Importer(815301076,1909f56bfc062723c751e8b465ee728b) (PreviewImporter) -> (artifact id: 'a4c0778057e4c6d88c21c277fb939806') in 0.0122266 seconds
Number of updated asset objects reloaded before import = 0Number of asset objects unloaded after import = 137

========================================================================
Received Import Request.
  Time since last request: 2.381557 seconds.
  path: Assets/Resources/Levels/2/1.prefab
  artifactKey: Guid(3e9b9d19383048f4184033225f993f46) Importer(815301076,1909f56bfc062723c751e8b465ee728b)
Start importing Assets/Resources/Levels/2/1.prefab using Guid(3e9b9d19383048f4184033225f993f46) Importer(815301076,1909f56bfc062723c751e8b465ee728b) (PreviewImporter) -> (artifact id: '73b4c3a63eac552e4207ddd1fadd6736') in 0.0141212 seconds
Number of updated asset objects reloaded before import = 0Number of asset objects unloaded after import = 137

========================================================================
Received Import Request.
  Time since last request: 3.407405 seconds.
  path: Assets/Resources/Levels/2/1.prefab
  artifactKey: Guid(3e9b9d19383048f4184033225f993f46) Importer(815301076,1909f56bfc062723c751e8b465ee728b)
Start importing Assets/Resources/Levels/2/1.prefab using Guid(3e9b9d19383048f4184033225f993f46) Importer(815301076,1909f56bfc062723c751e8b465ee728b) (PreviewImporter) -> (artifact id: '4e3308625e62f2f4c7dbd8e55809cfca') in 0.01397 seconds
Number of updated asset objects reloaded before import = 0Number of asset objects unloaded after import = 137

========================================================================
Received Import Request.
  Time since last request: 3.767583 seconds.
  path: Assets/Resources/Levels/2/1.prefab
  artifactKey: Guid(3e9b9d19383048f4184033225f993f46) Importer(815301076,1909f56bfc062723c751e8b465ee728b)
Start importing Assets/Resources/Levels/2/1.prefab using Guid(3e9b9d19383048f4184033225f993f46) Importer(815301076,1909f56bfc062723c751e8b465ee728b) (PreviewImporter) -> (artifact id: '061acceaa266557ebf5525c2eec64355') in 0.0131851 seconds
Number of updated asset objects reloaded before import = 0Number of asset objects unloaded after import = 137

========================================================================
Received Import Request.
  Time since last request: 2.175223 seconds.
  path: Assets/Resources/Levels/2/1.prefab
  artifactKey: Guid(3e9b9d19383048f4184033225f993f46) Importer(815301076,1909f56bfc062723c751e8b465ee728b)
Start importing Assets/Resources/Levels/2/1.prefab using Guid(3e9b9d19383048f4184033225f993f46) Importer(815301076,1909f56bfc062723c751e8b465ee728b) (PreviewImporter) -> (artifact id: 'f4fc4950aad0921f04773f3080ef4942') in 0.0142685 seconds
Number of updated asset objects reloaded before import = 0Number of asset objects unloaded after import = 137

========================================================================
Received Import Request.
  Time since last request: 5.180432 seconds.
  path: Assets/Resources/Levels/2/1.prefab
  artifactKey: Guid(3e9b9d19383048f4184033225f993f46) Importer(815301076,1909f56bfc062723c751e8b465ee728b)
Start importing Assets/Resources/Levels/2/1.prefab using Guid(3e9b9d19383048f4184033225f993f46) Importer(815301076,1909f56bfc062723c751e8b465ee728b) (PreviewImporter) -> (artifact id: '997108281a0a33e8572329934988dba0') in 0.0126308 seconds
Number of updated asset objects reloaded before import = 0Number of asset objects unloaded after import = 137

========================================================================
Received Import Request.
  Time since last request: 13.652266 seconds.
  path: Assets/Resources/Levels/2/1.prefab
  artifactKey: Guid(3e9b9d19383048f4184033225f993f46) Importer(815301076,1909f56bfc062723c751e8b465ee728b)
Start importing Assets/Resources/Levels/2/1.prefab using Guid(3e9b9d19383048f4184033225f993f46) Importer(815301076,1909f56bfc062723c751e8b465ee728b) (PreviewImporter) -> (artifact id: '792d5c3392e4f589ac2ea210b84037f8') in 0.012615 seconds
Number of updated asset objects reloaded before import = 0Number of asset objects unloaded after import = 137

========================================================================
Received Import Request.
  Time since last request: 4.777852 seconds.
  path: Assets/Resources/Levels/2/1.prefab
  artifactKey: Guid(3e9b9d19383048f4184033225f993f46) Importer(815301076,1909f56bfc062723c751e8b465ee728b)
Start importing Assets/Resources/Levels/2/1.prefab using Guid(3e9b9d19383048f4184033225f993f46) Importer(815301076,1909f56bfc062723c751e8b465ee728b) (PreviewImporter) -> (artifact id: '84b54b17ade80107296914ce56046972') in 0.0127778 seconds
Number of updated asset objects reloaded before import = 0Number of asset objects unloaded after import = 137

========================================================================
Received Import Request.
  Time since last request: 2.168660 seconds.
  path: Assets/Resources/Levels/2/1.prefab
  artifactKey: Guid(3e9b9d19383048f4184033225f993f46) Importer(815301076,1909f56bfc062723c751e8b465ee728b)
Start importing Assets/Resources/Levels/2/1.prefab using Guid(3e9b9d19383048f4184033225f993f46) Importer(815301076,1909f56bfc062723c751e8b465ee728b) (PreviewImporter) -> (artifact id: 'bd7882863b136dca101b420a91c03c91') in 0.0122754 seconds
Number of updated asset objects reloaded before import = 0Number of asset objects unloaded after import = 137

========================================================================
Received Import Request.
  Time since last request: 3.576036 seconds.
  path: Assets/Resources/Levels/2/1.prefab
  artifactKey: Guid(3e9b9d19383048f4184033225f993f46) Importer(815301076,1909f56bfc062723c751e8b465ee728b)
Start importing Assets/Resources/Levels/2/1.prefab using Guid(3e9b9d19383048f4184033225f993f46) Importer(815301076,1909f56bfc062723c751e8b465ee728b) (PreviewImporter) -> (artifact id: 'f247d11b9742dc9546010c11235eb451') in 0.0121223 seconds
Number of updated asset objects reloaded before import = 0Number of asset objects unloaded after import = 137

========================================================================
Received Import Request.
  Time since last request: 1.359148 seconds.
  path: Assets/Resources/Levels/2/1.prefab
  artifactKey: Guid(3e9b9d19383048f4184033225f993f46) Importer(815301076,1909f56bfc062723c751e8b465ee728b)
Start importing Assets/Resources/Levels/2/1.prefab using Guid(3e9b9d19383048f4184033225f993f46) Importer(815301076,1909f56bfc062723c751e8b465ee728b) (PreviewImporter) -> (artifact id: '2b558175700a7c1a0b91276500fd9a96') in 0.0154589 seconds
Number of updated asset objects reloaded before import = 0Number of asset objects unloaded after import = 137

========================================================================
Received Import Request.
  Time since last request: 1.956176 seconds.
  path: Assets/Resources/Levels/2/1.prefab
  artifactKey: Guid(3e9b9d19383048f4184033225f993f46) Importer(815301076,1909f56bfc062723c751e8b465ee728b)
Start importing Assets/Resources/Levels/2/1.prefab using Guid(3e9b9d19383048f4184033225f993f46) Importer(815301076,1909f56bfc062723c751e8b465ee728b) (PreviewImporter) -> (artifact id: '7be29db1915c77304e72b774ac683906') in 0.0129215 seconds
Number of updated asset objects reloaded before import = 0Number of asset objects unloaded after import = 137

========================================================================
Received Import Request.
  Time since last request: 5.192530 seconds.
  path: Assets/Resources/Levels/2/1.prefab
  artifactKey: Guid(3e9b9d19383048f4184033225f993f46) Importer(815301076,1909f56bfc062723c751e8b465ee728b)
Start importing Assets/Resources/Levels/2/1.prefab using Guid(3e9b9d19383048f4184033225f993f46) Importer(815301076,1909f56bfc062723c751e8b465ee728b) (PreviewImporter) -> (artifact id: 'b05b5e307a4ae82814e66f1a1729799f') in 0.0121618 seconds
Number of updated asset objects reloaded before import = 0Number of asset objects unloaded after import = 137

========================================================================
Received Import Request.
  Time since last request: 3.310153 seconds.
  path: Assets/Resources/Levels/2/1.prefab
  artifactKey: Guid(3e9b9d19383048f4184033225f993f46) Importer(815301076,1909f56bfc062723c751e8b465ee728b)
Start importing Assets/Resources/Levels/2/1.prefab using Guid(3e9b9d19383048f4184033225f993f46) Importer(815301076,1909f56bfc062723c751e8b465ee728b) (PreviewImporter) -> (artifact id: 'eb7f31058c7fa215b9cc49cdb3aff01a') in 0.0125865 seconds
Number of updated asset objects reloaded before import = 0Number of asset objects unloaded after import = 137

========================================================================
Received Import Request.
  Time since last request: 6.066450 seconds.
  path: Assets/Resources/Levels/2/1.prefab
  artifactKey: Guid(3e9b9d19383048f4184033225f993f46) Importer(815301076,1909f56bfc062723c751e8b465ee728b)
Start importing Assets/Resources/Levels/2/1.prefab using Guid(3e9b9d19383048f4184033225f993f46) Importer(815301076,1909f56bfc062723c751e8b465ee728b) (PreviewImporter) -> (artifact id: '5a3c6454731eba6a5ff6088cc9222aa0') in 0.0134421 seconds
Number of updated asset objects reloaded before import = 0Number of asset objects unloaded after import = 137

========================================================================
Received Import Request.
  Time since last request: 3.376392 seconds.
  path: Assets/Resources/Levels/2/1.prefab
  artifactKey: Guid(3e9b9d19383048f4184033225f993f46) Importer(815301076,1909f56bfc062723c751e8b465ee728b)
Start importing Assets/Resources/Levels/2/1.prefab using Guid(3e9b9d19383048f4184033225f993f46) Importer(815301076,1909f56bfc062723c751e8b465ee728b) (PreviewImporter) -> (artifact id: '2e9cebd325ca7358458bbff5427b1fab') in 0.0125725 seconds
Number of updated asset objects reloaded before import = 0Number of asset objects unloaded after import = 137

========================================================================
Received Import Request.
  Time since last request: 4.788006 seconds.
  path: Assets/Resources/Levels/2/1.prefab
  artifactKey: Guid(3e9b9d19383048f4184033225f993f46) Importer(815301076,1909f56bfc062723c751e8b465ee728b)
Start importing Assets/Resources/Levels/2/1.prefab using Guid(3e9b9d19383048f4184033225f993f46) Importer(815301076,1909f56bfc062723c751e8b465ee728b) (PreviewImporter) -> (artifact id: 'ca808e5c26504cd1781ffab662ef88f2') in 0.0147884 seconds
Number of updated asset objects reloaded before import = 0Number of asset objects unloaded after import = 137

========================================================================
Received Import Request.
  Time since last request: 3.166634 seconds.
  path: Assets/Resources/Levels/2/1.prefab
  artifactKey: Guid(3e9b9d19383048f4184033225f993f46) Importer(815301076,1909f56bfc062723c751e8b465ee728b)
Start importing Assets/Resources/Levels/2/1.prefab using Guid(3e9b9d19383048f4184033225f993f46) Importer(815301076,1909f56bfc062723c751e8b465ee728b) (PreviewImporter) -> (artifact id: '2f6e5c4124fed2114e463a620b433c0f') in 0.0159954 seconds
Number of updated asset objects reloaded before import = 0Number of asset objects unloaded after import = 137

========================================================================
Received Import Request.
  Time since last request: 15.049743 seconds.
  path: Assets/Resources/Levels/2/1.prefab
  artifactKey: Guid(3e9b9d19383048f4184033225f993f46) Importer(815301076,1909f56bfc062723c751e8b465ee728b)
Start importing Assets/Resources/Levels/2/1.prefab using Guid(3e9b9d19383048f4184033225f993f46) Importer(815301076,1909f56bfc062723c751e8b465ee728b) (PreviewImporter) -> (artifact id: '9ce28006b49d96e44b29d1557ed679bd') in 0.0140504 seconds
Number of updated asset objects reloaded before import = 0Number of asset objects unloaded after import = 137

========================================================================
Received Import Request.
  Time since last request: 6.993522 seconds.
  path: Assets/Resources/Levels/2/1.prefab
  artifactKey: Guid(3e9b9d19383048f4184033225f993f46) Importer(815301076,1909f56bfc062723c751e8b465ee728b)
Start importing Assets/Resources/Levels/2/1.prefab using Guid(3e9b9d19383048f4184033225f993f46) Importer(815301076,1909f56bfc062723c751e8b465ee728b) (PreviewImporter) -> (artifact id: 'b5c682bdecad676fc46baf0f49c29b01') in 0.0138815 seconds
Number of updated asset objects reloaded before import = 0Number of asset objects unloaded after import = 137

========================================================================
Received Import Request.
  Time since last request: 2.655074 seconds.
  path: Assets/Resources/Levels/2/1.prefab
  artifactKey: Guid(3e9b9d19383048f4184033225f993f46) Importer(815301076,1909f56bfc062723c751e8b465ee728b)
Start importing Assets/Resources/Levels/2/1.prefab using Guid(3e9b9d19383048f4184033225f993f46) Importer(815301076,1909f56bfc062723c751e8b465ee728b) (PreviewImporter) -> (artifact id: 'cf9a7829afbc890b92b04919b86631af') in 0.0124241 seconds
Number of updated asset objects reloaded before import = 0Number of asset objects unloaded after import = 137

========================================================================
Received Import Request.
  Time since last request: 1.757539 seconds.
  path: Assets/Resources/Levels/2/1.prefab
  artifactKey: Guid(3e9b9d19383048f4184033225f993f46) Importer(815301076,1909f56bfc062723c751e8b465ee728b)
Start importing Assets/Resources/Levels/2/1.prefab using Guid(3e9b9d19383048f4184033225f993f46) Importer(815301076,1909f56bfc062723c751e8b465ee728b) (PreviewImporter) -> (artifact id: 'ec2c0b3648bc6e8beb80e3189a4d8ec6') in 0.0123044 seconds
Number of updated asset objects reloaded before import = 0Number of asset objects unloaded after import = 137

========================================================================
Received Import Request.
  Time since last request: 0.349990 seconds.
  path: Assets/Resources/Levels/2/1.prefab
  artifactKey: Guid(3e9b9d19383048f4184033225f993f46) Importer(815301076,1909f56bfc062723c751e8b465ee728b)
Start importing Assets/Resources/Levels/2/1.prefab using Guid(3e9b9d19383048f4184033225f993f46) Importer(815301076,1909f56bfc062723c751e8b465ee728b) (PreviewImporter) -> (artifact id: '7dfa029957cd5d6985a2b34d3d3f390d') in 0.0127994 seconds
Number of updated asset objects reloaded before import = 0Number of asset objects unloaded after import = 137

========================================================================
Received Import Request.
  Time since last request: 4.592428 seconds.
  path: Assets/Resources/Levels/2/1.prefab
  artifactKey: Guid(3e9b9d19383048f4184033225f993f46) Importer(815301076,1909f56bfc062723c751e8b465ee728b)
Start importing Assets/Resources/Levels/2/1.prefab using Guid(3e9b9d19383048f4184033225f993f46) Importer(815301076,1909f56bfc062723c751e8b465ee728b) (PreviewImporter) -> (artifact id: '6cd0804d6380e7cc06924fb092db2fa6') in 0.0128841 seconds
Number of updated asset objects reloaded before import = 0Number of asset objects unloaded after import = 137

========================================================================
Received Import Request.
  Time since last request: 2.360881 seconds.
  path: Assets/Resources/Levels/2/1.prefab
  artifactKey: Guid(3e9b9d19383048f4184033225f993f46) Importer(815301076,1909f56bfc062723c751e8b465ee728b)
Start importing Assets/Resources/Levels/2/1.prefab using Guid(3e9b9d19383048f4184033225f993f46) Importer(815301076,1909f56bfc062723c751e8b465ee728b) (PreviewImporter) -> (artifact id: '0325397a9144d8c8422bff1e7189ee8d') in 0.0124937 seconds
Number of updated asset objects reloaded before import = 0Number of asset objects unloaded after import = 137

========================================================================
Received Import Request.
  Time since last request: 2.637187 seconds.
  path: Assets/Resources/Levels/2/1.prefab
  artifactKey: Guid(3e9b9d19383048f4184033225f993f46) Importer(815301076,1909f56bfc062723c751e8b465ee728b)
Start importing Assets/Resources/Levels/2/1.prefab using Guid(3e9b9d19383048f4184033225f993f46) Importer(815301076,1909f56bfc062723c751e8b465ee728b) (PreviewImporter) -> (artifact id: '8e5f2e1d0d26d73090b7cf861e9c93ba') in 0.0129493 seconds
Number of updated asset objects reloaded before import = 0Number of asset objects unloaded after import = 137

========================================================================
Received Import Request.
  Time since last request: 1.766691 seconds.
  path: Assets/Resources/Levels/2/1.prefab
  artifactKey: Guid(3e9b9d19383048f4184033225f993f46) Importer(815301076,1909f56bfc062723c751e8b465ee728b)
Start importing Assets/Resources/Levels/2/1.prefab using Guid(3e9b9d19383048f4184033225f993f46) Importer(815301076,1909f56bfc062723c751e8b465ee728b) (PreviewImporter) -> (artifact id: 'e9cb120e727a9435f821e289a6bc62ff') in 0.0130501 seconds
Number of updated asset objects reloaded before import = 0Number of asset objects unloaded after import = 137

========================================================================
Received Import Request.
  Time since last request: 3.576863 seconds.
  path: Assets/Resources/Levels/2/1.prefab
  artifactKey: Guid(3e9b9d19383048f4184033225f993f46) Importer(815301076,1909f56bfc062723c751e8b465ee728b)
Start importing Assets/Resources/Levels/2/1.prefab using Guid(3e9b9d19383048f4184033225f993f46) Importer(815301076,1909f56bfc062723c751e8b465ee728b) (PreviewImporter) -> (artifact id: 'febc573038a384bc30dbb9633f44a42b') in 0.0133756 seconds
Number of updated asset objects reloaded before import = 0Number of asset objects unloaded after import = 137

========================================================================
Received Import Request.
  Time since last request: 3.570272 seconds.
  path: Assets/Resources/Levels/2/1.prefab
  artifactKey: Guid(3e9b9d19383048f4184033225f993f46) Importer(815301076,1909f56bfc062723c751e8b465ee728b)
Start importing Assets/Resources/Levels/2/1.prefab using Guid(3e9b9d19383048f4184033225f993f46) Importer(815301076,1909f56bfc062723c751e8b465ee728b) (PreviewImporter) -> (artifact id: '27da64cb5778914cf43a6dca3fe6322c') in 0.0132347 seconds
Number of updated asset objects reloaded before import = 0Number of asset objects unloaded after import = 137

========================================================================
Received Import Request.
  Time since last request: 1.951992 seconds.
  path: Assets/Resources/Levels/2/1.prefab
  artifactKey: Guid(3e9b9d19383048f4184033225f993f46) Importer(815301076,1909f56bfc062723c751e8b465ee728b)
Start importing Assets/Resources/Levels/2/1.prefab using Guid(3e9b9d19383048f4184033225f993f46) Importer(815301076,1909f56bfc062723c751e8b465ee728b) (PreviewImporter) -> (artifact id: '32e20ad766cc8ed85653df08d4aad127') in 0.0129007 seconds
Number of updated asset objects reloaded before import = 0Number of asset objects unloaded after import = 137

========================================================================
Received Import Request.
  Time since last request: 2.960137 seconds.
  path: Assets/Resources/Levels/2/1.prefab
  artifactKey: Guid(3e9b9d19383048f4184033225f993f46) Importer(815301076,1909f56bfc062723c751e8b465ee728b)
Start importing Assets/Resources/Levels/2/1.prefab using Guid(3e9b9d19383048f4184033225f993f46) Importer(815301076,1909f56bfc062723c751e8b465ee728b) (PreviewImporter) -> (artifact id: '9810dfb4265b333a41a2d669b9f12bb8') in 0.0126761 seconds
Number of updated asset objects reloaded before import = 0Number of asset objects unloaded after import = 137

========================================================================
Received Import Request.
  Time since last request: 2.369359 seconds.
  path: Assets/Resources/Levels/2/1.prefab
  artifactKey: Guid(3e9b9d19383048f4184033225f993f46) Importer(815301076,1909f56bfc062723c751e8b465ee728b)
Start importing Assets/Resources/Levels/2/1.prefab using Guid(3e9b9d19383048f4184033225f993f46) Importer(815301076,1909f56bfc062723c751e8b465ee728b) (PreviewImporter) -> (artifact id: '7a9511b6b744eee25084b1327578e844') in 0.0127422 seconds
Number of updated asset objects reloaded before import = 0Number of asset objects unloaded after import = 137

========================================================================
Received Import Request.
  Time since last request: 3.382062 seconds.
  path: Assets/Resources/Levels/2/1.prefab
  artifactKey: Guid(3e9b9d19383048f4184033225f993f46) Importer(815301076,1909f56bfc062723c751e8b465ee728b)
Start importing Assets/Resources/Levels/2/1.prefab using Guid(3e9b9d19383048f4184033225f993f46) Importer(815301076,1909f56bfc062723c751e8b465ee728b) (PreviewImporter) -> (artifact id: '1bbc48559e992c675d922edb56a6e162') in 0.0126673 seconds
Number of updated asset objects reloaded before import = 0Number of asset objects unloaded after import = 137

========================================================================
Received Import Request.
  Time since last request: 5.618686 seconds.
  path: Assets/Resources/Levels/2/1.prefab
  artifactKey: Guid(3e9b9d19383048f4184033225f993f46) Importer(815301076,1909f56bfc062723c751e8b465ee728b)
Start importing Assets/Resources/Levels/2/1.prefab using Guid(3e9b9d19383048f4184033225f993f46) Importer(815301076,1909f56bfc062723c751e8b465ee728b) (PreviewImporter) -> (artifact id: 'cb2f5ed2d15ae0a088f77f55b91f49c5') in 0.01339 seconds
Number of updated asset objects reloaded before import = 0Number of asset objects unloaded after import = 137

========================================================================
Received Import Request.
  Time since last request: 2.769123 seconds.
  path: Assets/Resources/Levels/2/1.prefab
  artifactKey: Guid(3e9b9d19383048f4184033225f993f46) Importer(815301076,1909f56bfc062723c751e8b465ee728b)
Start importing Assets/Resources/Levels/2/1.prefab using Guid(3e9b9d19383048f4184033225f993f46) Importer(815301076,1909f56bfc062723c751e8b465ee728b) (PreviewImporter) -> (artifact id: '267e62836ee75d600fdc22fe55451f21') in 0.014264 seconds
Number of updated asset objects reloaded before import = 0Number of asset objects unloaded after import = 137

========================================================================
Received Import Request.
  Time since last request: 3.779989 seconds.
  path: Assets/Resources/Levels/2/1.prefab
  artifactKey: Guid(3e9b9d19383048f4184033225f993f46) Importer(815301076,1909f56bfc062723c751e8b465ee728b)
Start importing Assets/Resources/Levels/2/1.prefab using Guid(3e9b9d19383048f4184033225f993f46) Importer(815301076,1909f56bfc062723c751e8b465ee728b) (PreviewImporter) -> (artifact id: '2516f61853916cf1f0e7134e908a9f2f') in 0.0125039 seconds
Number of updated asset objects reloaded before import = 0Number of asset objects unloaded after import = 137

========================================================================
Received Import Request.
  Time since last request: 7.429462 seconds.
  path: Assets/Resources/Levels/2/1.prefab
  artifactKey: Guid(3e9b9d19383048f4184033225f993f46) Importer(815301076,1909f56bfc062723c751e8b465ee728b)
Start importing Assets/Resources/Levels/2/1.prefab using Guid(3e9b9d19383048f4184033225f993f46) Importer(815301076,1909f56bfc062723c751e8b465ee728b) (PreviewImporter) -> (artifact id: 'c2057c8f3e8840e8a31b6bf3bb33f06a') in 0.0140276 seconds
Number of updated asset objects reloaded before import = 0Number of asset objects unloaded after import = 137

========================================================================
Received Import Request.
  Time since last request: 2.986038 seconds.
  path: Assets/Resources/Levels/2/1.prefab
  artifactKey: Guid(3e9b9d19383048f4184033225f993f46) Importer(815301076,1909f56bfc062723c751e8b465ee728b)
Start importing Assets/Resources/Levels/2/1.prefab using Guid(3e9b9d19383048f4184033225f993f46) Importer(815301076,1909f56bfc062723c751e8b465ee728b) (PreviewImporter) -> (artifact id: 'cdd2adafa119922920fa585829d7a023') in 0.0141921 seconds
Number of updated asset objects reloaded before import = 0Number of asset objects unloaded after import = 137

========================================================================
Received Import Request.
  Time since last request: 5.786402 seconds.
  path: Assets/Resources/Levels/2/1.prefab
  artifactKey: Guid(3e9b9d19383048f4184033225f993f46) Importer(815301076,1909f56bfc062723c751e8b465ee728b)
Start importing Assets/Resources/Levels/2/1.prefab using Guid(3e9b9d19383048f4184033225f993f46) Importer(815301076,1909f56bfc062723c751e8b465ee728b) (PreviewImporter) -> (artifact id: '4f1201b70523a31b048af7c7fb42342c') in 0.0126181 seconds
Number of updated asset objects reloaded before import = 0Number of asset objects unloaded after import = 137

========================================================================
Received Import Request.
  Time since last request: 1.353387 seconds.
  path: Assets/Resources/Levels/2/1.prefab
  artifactKey: Guid(3e9b9d19383048f4184033225f993f46) Importer(815301076,1909f56bfc062723c751e8b465ee728b)
Start importing Assets/Resources/Levels/2/1.prefab using Guid(3e9b9d19383048f4184033225f993f46) Importer(815301076,1909f56bfc062723c751e8b465ee728b) (PreviewImporter) -> (artifact id: '039fd4ba61b8fb4b2ebb1937dcea1a9b') in 0.0133074 seconds
Number of updated asset objects reloaded before import = 0Number of asset objects unloaded after import = 137

========================================================================
Received Import Request.
  Time since last request: 1.038578 seconds.
  path: Assets/Resources/Levels/2/1.prefab
  artifactKey: Guid(3e9b9d19383048f4184033225f993f46) Importer(815301076,1909f56bfc062723c751e8b465ee728b)
Start importing Assets/Resources/Levels/2/1.prefab using Guid(3e9b9d19383048f4184033225f993f46) Importer(815301076,1909f56bfc062723c751e8b465ee728b) (PreviewImporter) -> (artifact id: '2a225782179b1e82faab846b2c23144d') in 0.0122129 seconds
Number of updated asset objects reloaded before import = 0Number of asset objects unloaded after import = 137

========================================================================
Received Import Request.
  Time since last request: 3.154537 seconds.
  path: Assets/Resources/Levels/2/1.prefab
  artifactKey: Guid(3e9b9d19383048f4184033225f993f46) Importer(815301076,1909f56bfc062723c751e8b465ee728b)
Start importing Assets/Resources/Levels/2/1.prefab using Guid(3e9b9d19383048f4184033225f993f46) Importer(815301076,1909f56bfc062723c751e8b465ee728b) (PreviewImporter) -> (artifact id: '87b41acb4502a147e8cf48d9fe9f2528') in 0.0134433 seconds
Number of updated asset objects reloaded before import = 0Number of asset objects unloaded after import = 137

========================================================================
Received Import Request.
  Time since last request: 0.557694 seconds.
  path: Assets/Resources/Levels/2/1.prefab
  artifactKey: Guid(3e9b9d19383048f4184033225f993f46) Importer(815301076,1909f56bfc062723c751e8b465ee728b)
Start importing Assets/Resources/Levels/2/1.prefab using Guid(3e9b9d19383048f4184033225f993f46) Importer(815301076,1909f56bfc062723c751e8b465ee728b) (PreviewImporter) -> (artifact id: '9e30e05f18e376b4624df91f8320618f') in 0.012302 seconds
Number of updated asset objects reloaded before import = 0Number of asset objects unloaded after import = 137

========================================================================
Received Import Request.
  Time since last request: 2.764174 seconds.
  path: Assets/Resources/Levels/2/1.prefab
  artifactKey: Guid(3e9b9d19383048f4184033225f993f46) Importer(815301076,1909f56bfc062723c751e8b465ee728b)
Start importing Assets/Resources/Levels/2/1.prefab using Guid(3e9b9d19383048f4184033225f993f46) Importer(815301076,1909f56bfc062723c751e8b465ee728b) (PreviewImporter) -> (artifact id: '1caef7ed9c86d3e1bd2f2cd17eece9d6') in 0.0141543 seconds
Number of updated asset objects reloaded before import = 0Number of asset objects unloaded after import = 137

========================================================================
Received Import Request.
  Time since last request: 2.369020 seconds.
  path: Assets/Resources/Levels/2/1.prefab
  artifactKey: Guid(3e9b9d19383048f4184033225f993f46) Importer(815301076,1909f56bfc062723c751e8b465ee728b)
Start importing Assets/Resources/Levels/2/1.prefab using Guid(3e9b9d19383048f4184033225f993f46) Importer(815301076,1909f56bfc062723c751e8b465ee728b) (PreviewImporter) -> (artifact id: '524aaa10e101b0694ee7277281445e57') in 0.015446 seconds
Number of updated asset objects reloaded before import = 0Number of asset objects unloaded after import = 137

========================================================================
Received Import Request.
  Time since last request: 2.930129 seconds.
  path: Assets/Resources/Levels/2/1.prefab
  artifactKey: Guid(3e9b9d19383048f4184033225f993f46) Importer(815301076,1909f56bfc062723c751e8b465ee728b)
Start importing Assets/Resources/Levels/2/1.prefab using Guid(3e9b9d19383048f4184033225f993f46) Importer(815301076,1909f56bfc062723c751e8b465ee728b) (PreviewImporter) -> (artifact id: '6717114ad88de0fb790145902bcace72') in 0.0190448 seconds
Number of updated asset objects reloaded before import = 0Number of asset objects unloaded after import = 137

========================================================================
Received Import Request.
  Time since last request: 7.370149 seconds.
  path: Assets/Resources/Levels/2/1.prefab
  artifactKey: Guid(3e9b9d19383048f4184033225f993f46) Importer(815301076,1909f56bfc062723c751e8b465ee728b)
Start importing Assets/Resources/Levels/2/1.prefab using Guid(3e9b9d19383048f4184033225f993f46) Importer(815301076,1909f56bfc062723c751e8b465ee728b) (PreviewImporter) -> (artifact id: '15e59990fd771c47e92741b565a3f0dc') in 0.0130806 seconds
Number of updated asset objects reloaded before import = 0Number of asset objects unloaded after import = 137

========================================================================
Received Import Request.
  Time since last request: 2.568662 seconds.
  path: Assets/Resources/Levels/2/1.prefab
  artifactKey: Guid(3e9b9d19383048f4184033225f993f46) Importer(815301076,1909f56bfc062723c751e8b465ee728b)
Start importing Assets/Resources/Levels/2/1.prefab using Guid(3e9b9d19383048f4184033225f993f46) Importer(815301076,1909f56bfc062723c751e8b465ee728b) (PreviewImporter) -> (artifact id: 'f8ffd786cb0a1b81252c5ee2034421e1') in 0.0162758 seconds
Number of updated asset objects reloaded before import = 0Number of asset objects unloaded after import = 137

========================================================================
Received Prepare
Begin MonoManager ReloadAssembly
- Loaded All Assemblies, in  0.755 seconds
Refreshing native plugins compatible for Editor in 0.90 ms, found 3 plugins.
Native extension for WindowsStandalone target not found
Native extension for OSXStandalone target not found
Native extension for WebGL target not found
[Package Manager] Failed to launch server process. Reason: Unity was launched with the -noUpm command-line argument
[Package Manager] Unable to send message (not connected to server process).
[Package Manager] Cannot connect to Unity Package Manager local server
[MODES] ModeService[none].Initialize
[MODES] ModeService[none].LoadModes
Mono: successfully reloaded assembly
- Finished resetting the current domain, in  0.678 seconds
Domain Reload Profiling: 1432ms
	BeginReloadAssembly (238ms)
		ExecutionOrderSort (0ms)
		DisableScriptedObjects (22ms)
		BackupInstance (0ms)
		ReleaseScriptingObjects (0ms)
		CreateAndSetChildDomain (73ms)
	RebuildCommonClasses (30ms)
	RebuildNativeTypeToScriptingClass (11ms)
	initialDomainReloadingComplete (30ms)
	LoadAllAssembliesAndSetupDomain (445ms)
		LoadAssemblies (348ms)
		RebuildTransferFunctionScriptingTraits (0ms)
		AnalyzeDomain (183ms)
			TypeCache.Refresh (8ms)
				TypeCache.ScanAssembly (0ms)
			BuildScriptInfoCaches (159ms)
			ResolveRequiredComponents (12ms)
	FinalizeReload (678ms)
		ReleaseScriptCaches (0ms)
		RebuildScriptCaches (0ms)
		SetupLoadedEditorAssemblies (529ms)
			LogAssemblyErrors (0ms)
			InitializePlatformSupportModulesInManaged (4ms)
			SetLoadedEditorAssemblies (3ms)
			BeforeProcessingInitializeOnLoad (112ms)
			ProcessInitializeOnLoadAttributes (324ms)
			ProcessInitializeOnLoadMethodAttributes (79ms)
			AfterProcessingInitializeOnLoad (7ms)
			EditorAssembliesLoaded (0ms)
		ExecutionOrderSort2 (0ms)
		AwakeInstancesAfterBackupRestoration (22ms)
Refreshing native plugins compatible for Editor in 0.95 ms, found 3 plugins.
Preloading 0 native plugins for Editor in 0.00 ms.
Unloading 14 Unused Serialized files (Serialized files now loaded: 0)
Unloading 6462 unused Assets / (3.5 MB). Loaded Objects now: 7847.
Memory consumption went from 162.0 MB to 158.5 MB.
Total: 7.842100 ms (FindLiveObjects: 0.844100 ms CreateObjectMapping: 0.441600 ms MarkObjects: 4.446800 ms  DeleteObjects: 2.109000 ms)

Prepare: number of updated asset objects reloaded= 0
========================================================================
Received Import Request.
  Time since last request: 90.946993 seconds.
  path: Assets/Resources/Levels/2/2.prefab
  artifactKey: Guid(87af1becfecaec44ea35f8a78f5a0007) Importer(815301076,1909f56bfc062723c751e8b465ee728b)
Start importing Assets/Resources/Levels/2/2.prefab using Guid(87af1becfecaec44ea35f8a78f5a0007) Importer(815301076,1909f56bfc062723c751e8b465ee728b) (PreviewImporter) -> (artifact id: 'ac14cb322d6f2db341f4d2c4798431c0') in 0.4326529 seconds
Number of updated asset objects reloaded before import = 0Number of asset objects unloaded after import = 73

========================================================================
Received Import Request.
  Time since last request: 4.815521 seconds.
  path: Assets/Resources/Levels/1/1.prefab
  artifactKey: Guid(29b59527bc0894d468c24301aa46de27) Importer(815301076,1909f56bfc062723c751e8b465ee728b)
Start importing Assets/Resources/Levels/1/1.prefab using Guid(29b59527bc0894d468c24301aa46de27) Importer(815301076,1909f56bfc062723c751e8b465ee728b) (PreviewImporter) -> (artifact id: '14a53882fe181ce66d656002dea87c91') in 0.0102573 seconds
Number of updated asset objects reloaded before import = 0Number of asset objects unloaded after import = 33

========================================================================
Received Import Request.
  Time since last request: 0.000028 seconds.
  path: Assets/Resources/Levels/1/3.prefab
  artifactKey: Guid(f3cf4ce04b8389a4fb9a08212d7e6756) Importer(815301076,1909f56bfc062723c751e8b465ee728b)
Start importing Assets/Resources/Levels/1/3.prefab using Guid(f3cf4ce04b8389a4fb9a08212d7e6756) Importer(815301076,1909f56bfc062723c751e8b465ee728b) (PreviewImporter) -> (artifact id: '2d64f1ff90f9ec5155c58c5404b78e0c') in 0.0088221 seconds
Number of updated asset objects reloaded before import = 0Number of asset objects unloaded after import = 58

========================================================================
Received Import Request.
  Time since last request: 0.000042 seconds.
  path: Assets/Resources/Levels/1/5.prefab
  artifactKey: Guid(15b1499904d2ba14f8578e7d05132837) Importer(815301076,1909f56bfc062723c751e8b465ee728b)
Start importing Assets/Resources/Levels/1/5.prefab using Guid(15b1499904d2ba14f8578e7d05132837) Importer(815301076,1909f56bfc062723c751e8b465ee728b) (PreviewImporter) -> (artifact id: 'ea3f1f70855e6dd5bdf1ebe139a85886') in 0.05627 seconds
Number of updated asset objects reloaded before import = 0Number of asset objects unloaded after import = 99

========================================================================
Received Import Request.
  Time since last request: 0.000044 seconds.
  path: Assets/Resources/Levels/1/4.prefab
  artifactKey: Guid(a1788fa8bdb917f4482ebe581bc2ae79) Importer(815301076,1909f56bfc062723c751e8b465ee728b)
Start importing Assets/Resources/Levels/1/4.prefab using Guid(a1788fa8bdb917f4482ebe581bc2ae79) Importer(815301076,1909f56bfc062723c751e8b465ee728b) (PreviewImporter) -> (artifact id: '5aa43cc0eccb50232f5c5ae270dc6c4f') in 0.0103163 seconds
Number of updated asset objects reloaded before import = 0Number of asset objects unloaded after import = 93

========================================================================
Received Import Request.
  Time since last request: 6.936246 seconds.
  path: Assets/Resources/Levels/1/1.prefab
  artifactKey: Guid(29b59527bc0894d468c24301aa46de27) Importer(815301076,1909f56bfc062723c751e8b465ee728b)
Start importing Assets/Resources/Levels/1/1.prefab using Guid(29b59527bc0894d468c24301aa46de27) Importer(815301076,1909f56bfc062723c751e8b465ee728b) (PreviewImporter) -> (artifact id: '1a7cbd089f0098312665427b8aa995e4') in 0.0074711 seconds
Number of updated asset objects reloaded before import = 0Number of asset objects unloaded after import = 38

========================================================================
Received Import Request.
  Time since last request: 2.567037 seconds.
  path: Assets/Resources/Levels/1/1.prefab
  artifactKey: Guid(29b59527bc0894d468c24301aa46de27) Importer(815301076,1909f56bfc062723c751e8b465ee728b)
Start importing Assets/Resources/Levels/1/1.prefab using Guid(29b59527bc0894d468c24301aa46de27) Importer(815301076,1909f56bfc062723c751e8b465ee728b) (PreviewImporter) -> (artifact id: 'e273fad4a76e9a50e6f2d6a52deaf97f') in 0.0074412 seconds
Number of updated asset objects reloaded before import = 0Number of asset objects unloaded after import = 43

========================================================================
Received Import Request.
  Time since last request: 4.211749 seconds.
  path: Assets/Resources/Levels/1/2.prefab
  artifactKey: Guid(ed5b7495b667a6945872a3af5238cc4e) Importer(815301076,1909f56bfc062723c751e8b465ee728b)
Start importing Assets/Resources/Levels/1/2.prefab using Guid(ed5b7495b667a6945872a3af5238cc4e) Importer(815301076,1909f56bfc062723c751e8b465ee728b) (PreviewImporter) -> (artifact id: '72d7b428c9c6f20cf2d60209f058b8a1') in 0.008574 seconds
Number of updated asset objects reloaded before import = 0Number of asset objects unloaded after import = 43

========================================================================
Received Import Request.
  Time since last request: 3.187713 seconds.
  path: Assets/Resources/Levels/1/3.prefab
  artifactKey: Guid(f3cf4ce04b8389a4fb9a08212d7e6756) Importer(815301076,1909f56bfc062723c751e8b465ee728b)
Start importing Assets/Resources/Levels/1/3.prefab using Guid(f3cf4ce04b8389a4fb9a08212d7e6756) Importer(815301076,1909f56bfc062723c751e8b465ee728b) (PreviewImporter) -> (artifact id: '6940b23d78d0294fc5839e77b5b4bd7a') in 0.0075214 seconds
Number of updated asset objects reloaded before import = 0Number of asset objects unloaded after import = 63

========================================================================
Received Import Request.
  Time since last request: 11.426029 seconds.
  path: Assets/Resources/Levels/1/3.prefab
  artifactKey: Guid(f3cf4ce04b8389a4fb9a08212d7e6756) Importer(815301076,1909f56bfc062723c751e8b465ee728b)
Start importing Assets/Resources/Levels/1/3.prefab using Guid(f3cf4ce04b8389a4fb9a08212d7e6756) Importer(815301076,1909f56bfc062723c751e8b465ee728b) (PreviewImporter) -> (artifact id: '22ec6671924f09675b992235b7e0f4f4') in 0.0080723 seconds
Number of updated asset objects reloaded before import = 0Number of asset objects unloaded after import = 63

========================================================================
Received Import Request.
  Time since last request: 12.076673 seconds.
  path: Assets/Resources/Levels/1/2.prefab
  artifactKey: Guid(ed5b7495b667a6945872a3af5238cc4e) Importer(815301076,1909f56bfc062723c751e8b465ee728b)
Start importing Assets/Resources/Levels/1/2.prefab using Guid(ed5b7495b667a6945872a3af5238cc4e) Importer(815301076,1909f56bfc062723c751e8b465ee728b) (PreviewImporter) -> (artifact id: '36f037a670d19d0562159365b7cb07cb') in 0.0091515 seconds
Number of updated asset objects reloaded before import = 0Number of asset objects unloaded after import = 43

========================================================================
Received Import Request.
  Time since last request: 2.160852 seconds.
  path: Assets/Resources/Levels/1/2.prefab
  artifactKey: Guid(ed5b7495b667a6945872a3af5238cc4e) Importer(815301076,1909f56bfc062723c751e8b465ee728b)
Start importing Assets/Resources/Levels/1/2.prefab using Guid(ed5b7495b667a6945872a3af5238cc4e) Importer(815301076,1909f56bfc062723c751e8b465ee728b) (PreviewImporter) -> (artifact id: '38dbc2efcc9755329645389405500bf1') in 0.0076713 seconds
Number of updated asset objects reloaded before import = 0Number of asset objects unloaded after import = 43

========================================================================
Received Import Request.
  Time since last request: 2.574383 seconds.
  path: Assets/Resources/Levels/1/2.prefab
  artifactKey: Guid(ed5b7495b667a6945872a3af5238cc4e) Importer(815301076,1909f56bfc062723c751e8b465ee728b)
Start importing Assets/Resources/Levels/1/2.prefab using Guid(ed5b7495b667a6945872a3af5238cc4e) Importer(815301076,1909f56bfc062723c751e8b465ee728b) (PreviewImporter) -> (artifact id: '2ed9de54fc32be7ff04452fd7b2e68da') in 0.0076886 seconds
Number of updated asset objects reloaded before import = 0Number of asset objects unloaded after import = 43

========================================================================
Received Import Request.
  Time since last request: 6.418990 seconds.
  path: Assets/Resources/Levels/1/1.prefab
  artifactKey: Guid(29b59527bc0894d468c24301aa46de27) Importer(815301076,1909f56bfc062723c751e8b465ee728b)
Start importing Assets/Resources/Levels/1/1.prefab using Guid(29b59527bc0894d468c24301aa46de27) Importer(815301076,1909f56bfc062723c751e8b465ee728b) (PreviewImporter) -> (artifact id: '21d1f027b8bc94481352e12925088abe') in 0.0074425 seconds
Number of updated asset objects reloaded before import = 0Number of asset objects unloaded after import = 38

========================================================================
Received Import Request.
  Time since last request: 1.355641 seconds.
  path: Assets/Resources/Levels/1/1.prefab
  artifactKey: Guid(29b59527bc0894d468c24301aa46de27) Importer(815301076,1909f56bfc062723c751e8b465ee728b)
Start importing Assets/Resources/Levels/1/1.prefab using Guid(29b59527bc0894d468c24301aa46de27) Importer(815301076,1909f56bfc062723c751e8b465ee728b) (PreviewImporter) -> (artifact id: '61a48feaf268c3edd3ba80b30053ab53') in 0.0078594 seconds
Number of updated asset objects reloaded before import = 0Number of asset objects unloaded after import = 38

========================================================================
Received Import Request.
  Time since last request: 5.217779 seconds.
  path: Assets/Resources/Levels/1/4.prefab
  artifactKey: Guid(a1788fa8bdb917f4482ebe581bc2ae79) Importer(815301076,1909f56bfc062723c751e8b465ee728b)
Start importing Assets/Resources/Levels/1/4.prefab using Guid(a1788fa8bdb917f4482ebe581bc2ae79) Importer(815301076,1909f56bfc062723c751e8b465ee728b) (PreviewImporter) -> (artifact id: '94fe76402eb000f2c6cbbe0edf591591') in 0.0087229 seconds
Number of updated asset objects reloaded before import = 0Number of asset objects unloaded after import = 98

========================================================================
Received Import Request.
  Time since last request: 5.591049 seconds.
  path: Assets/Resources/Levels/1/4.prefab
  artifactKey: Guid(a1788fa8bdb917f4482ebe581bc2ae79) Importer(815301076,1909f56bfc062723c751e8b465ee728b)
Start importing Assets/Resources/Levels/1/4.prefab using Guid(a1788fa8bdb917f4482ebe581bc2ae79) Importer(815301076,1909f56bfc062723c751e8b465ee728b) (PreviewImporter) -> (artifact id: 'b44692e97e57913fb0b2c132b0ce4ea6') in 0.0087473 seconds
Number of updated asset objects reloaded before import = 0Number of asset objects unloaded after import = 98

========================================================================
Received Import Request.
  Time since last request: 4.618480 seconds.
  path: Assets/Resources/Levels/1/5.prefab
  artifactKey: Guid(15b1499904d2ba14f8578e7d05132837) Importer(815301076,1909f56bfc062723c751e8b465ee728b)
Start importing Assets/Resources/Levels/1/5.prefab using Guid(15b1499904d2ba14f8578e7d05132837) Importer(815301076,1909f56bfc062723c751e8b465ee728b) (PreviewImporter) -> (artifact id: '3a563d361971638c781b7bdd911c9373') in 0.0116298 seconds
Number of updated asset objects reloaded before import = 0Number of asset objects unloaded after import = 104

========================================================================
Received Import Request.
  Time since last request: 3.373526 seconds.
  path: Assets/Resources/Levels/1/5.prefab
  artifactKey: Guid(15b1499904d2ba14f8578e7d05132837) Importer(815301076,1909f56bfc062723c751e8b465ee728b)
Start importing Assets/Resources/Levels/1/5.prefab using Guid(15b1499904d2ba14f8578e7d05132837) Importer(815301076,1909f56bfc062723c751e8b465ee728b) (PreviewImporter) -> (artifact id: 'e9b493c79a74ae7f0376fb6e147185cf') in 0.0113615 seconds
Number of updated asset objects reloaded before import = 0Number of asset objects unloaded after import = 104

========================================================================
Received Import Request.
  Time since last request: 1.570717 seconds.
  path: Assets/Resources/Levels/1/5.prefab
  artifactKey: Guid(15b1499904d2ba14f8578e7d05132837) Importer(815301076,1909f56bfc062723c751e8b465ee728b)
Start importing Assets/Resources/Levels/1/5.prefab using Guid(15b1499904d2ba14f8578e7d05132837) Importer(815301076,1909f56bfc062723c751e8b465ee728b) (PreviewImporter) -> (artifact id: 'c22ead3af9c778a3987a114b5343080d') in 0.0113713 seconds
Number of updated asset objects reloaded before import = 0Number of asset objects unloaded after import = 104

========================================================================
Received Import Request.
  Time since last request: 2.969023 seconds.
  path: Assets/Resources/Levels/1/5.prefab
  artifactKey: Guid(15b1499904d2ba14f8578e7d05132837) Importer(815301076,1909f56bfc062723c751e8b465ee728b)
Start importing Assets/Resources/Levels/1/5.prefab using Guid(15b1499904d2ba14f8578e7d05132837) Importer(815301076,1909f56bfc062723c751e8b465ee728b) (PreviewImporter) -> (artifact id: 'e076e7e4faac24d52c6b8ebf26fbbf44') in 0.0105477 seconds
Number of updated asset objects reloaded before import = 0Number of asset objects unloaded after import = 104

========================================================================
Received Import Request.
  Time since last request: 2.402540 seconds.
  path: Assets/Resources/Levels/1/5.prefab
  artifactKey: Guid(15b1499904d2ba14f8578e7d05132837) Importer(815301076,1909f56bfc062723c751e8b465ee728b)
Start importing Assets/Resources/Levels/1/5.prefab using Guid(15b1499904d2ba14f8578e7d05132837) Importer(815301076,1909f56bfc062723c751e8b465ee728b) (PreviewImporter) -> (artifact id: 'b24b41c8f3cd27a677b8746d7f8995dd') in 0.0123804 seconds
Number of updated asset objects reloaded before import = 0Number of asset objects unloaded after import = 104

========================================================================
Received Import Request.
  Time since last request: 6.574785 seconds.
  path: Assets/Resources/Levels/1/5.prefab
  artifactKey: Guid(15b1499904d2ba14f8578e7d05132837) Importer(815301076,1909f56bfc062723c751e8b465ee728b)
Start importing Assets/Resources/Levels/1/5.prefab using Guid(15b1499904d2ba14f8578e7d05132837) Importer(815301076,1909f56bfc062723c751e8b465ee728b) (PreviewImporter) -> (artifact id: '9238c28ca71d1d255e86b833f8367a75') in 0.011456 seconds
Number of updated asset objects reloaded before import = 0Number of asset objects unloaded after import = 104

========================================================================
Received Import Request.
  Time since last request: 49.802556 seconds.
  path: Assets/Resources/Levels/TestLevel/Level.prefab
  artifactKey: Guid(117a49d07d1e3964cb47304e4f5a2fd7) Importer(815301076,1909f56bfc062723c751e8b465ee728b)
Start importing Assets/Resources/Levels/TestLevel/Level.prefab using Guid(117a49d07d1e3964cb47304e4f5a2fd7) Importer(815301076,1909f56bfc062723c751e8b465ee728b) (PreviewImporter) -> (artifact id: '39e6101db45bbca932e223b562e68eb9') in 0.0282426 seconds
Number of updated asset objects reloaded before import = 0Number of asset objects unloaded after import = 433

========================================================================
Received Import Request.
  Time since last request: 59.841707 seconds.
  path: Assets/Materials
  artifactKey: Guid(fe15da5fc1b73984a977612a95411c42) Importer(815301076,1909f56bfc062723c751e8b465ee728b)
Start importing Assets/Materials using Guid(fe15da5fc1b73984a977612a95411c42) Importer(815301076,1909f56bfc062723c751e8b465ee728b) (PreviewImporter) -> (artifact id: '3f903c5f39f7da4843526550c05e8f0b') in 0.0007254 seconds
Number of updated asset objects reloaded before import = 0Number of asset objects unloaded after import = 0

========================================================================
Received Import Request.
  Time since last request: 0.331545 seconds.
  path: Assets/Models
  artifactKey: Guid(67d4179a057291c4fbe7b0476c897202) Importer(815301076,1909f56bfc062723c751e8b465ee728b)
Start importing Assets/Models using Guid(67d4179a057291c4fbe7b0476c897202) Importer(815301076,1909f56bfc062723c751e8b465ee728b) (PreviewImporter) -> (artifact id: '541dd9d287d62096cdd939f935bd4793') in 0.0006686 seconds
Number of updated asset objects reloaded before import = 0Number of asset objects unloaded after import = 0

========================================================================
Received Import Request.
  Time since last request: 0.993375 seconds.
  path: Assets/Prefabs/Glider.prefab
  artifactKey: Guid(c3cf8d460ad41574290aafd21ba9b8f3) Importer(815301076,1909f56bfc062723c751e8b465ee728b)
Start importing Assets/Prefabs/Glider.prefab using Guid(c3cf8d460ad41574290aafd21ba9b8f3) Importer(815301076,1909f56bfc062723c751e8b465ee728b) (PreviewImporter) -> (artifact id: '57f8fedabc81f1c0cb2aaf88ec1db6aa') in 0.0086892 seconds
Number of updated asset objects reloaded before import = 0Number of asset objects unloaded after import = 9

========================================================================
Received Prepare
Refreshing native plugins compatible for Editor in 1.15 ms, found 3 plugins.
Preloading 0 native plugins for Editor in 0.00 ms.
Unloading 14 Unused Serialized files (Serialized files now loaded: 0)
Unloading 6456 unused Assets / (4.1 MB). Loaded Objects now: 7989.
Memory consumption went from 167.7 MB to 163.6 MB.
Total: 12.060200 ms (FindLiveObjects: 0.972100 ms CreateObjectMapping: 1.028400 ms MarkObjects: 7.503700 ms  DeleteObjects: 2.555100 ms)

Prepare: number of updated asset objects reloaded= 0
========================================================================
Received Import Request.
  Time since last request: 73.237127 seconds.
  path: Assets/Prefabs/SpikePlane.prefab
  artifactKey: Guid(2ca5961941bc68648ba82df350d9a99b) Importer(815301076,1909f56bfc062723c751e8b465ee728b)
Start importing Assets/Prefabs/SpikePlane.prefab using Guid(2ca5961941bc68648ba82df350d9a99b) Importer(815301076,1909f56bfc062723c751e8b465ee728b) (PreviewImporter) -> (artifact id: 'e00408ade9cd85dfffa287e22b5d7ac1') in 0.0141355 seconds
Number of updated asset objects reloaded before import = 0Number of asset objects unloaded after import = 21

========================================================================
Received Prepare
Begin MonoManager ReloadAssembly
- Loaded All Assemblies, in  0.773 seconds
Refreshing native plugins compatible for Editor in 0.91 ms, found 3 plugins.
Native extension for WindowsStandalone target not found
Native extension for OSXStandalone target not found
Native extension for WebGL target not found
[Package Manager] Failed to launch server process. Reason: Unity was launched with the -noUpm command-line argument
[Package Manager] Unable to send message (not connected to server process).
[Package Manager] Cannot connect to Unity Package Manager local server
[MODES] ModeService[none].Initialize
[MODES] ModeService[none].LoadModes
Mono: successfully reloaded assembly
- Finished resetting the current domain, in  0.672 seconds
Domain Reload Profiling: 1446ms
	BeginReloadAssembly (264ms)
		ExecutionOrderSort (0ms)
		DisableScriptedObjects (20ms)
		BackupInstance (0ms)
		ReleaseScriptingObjects (0ms)
		CreateAndSetChildDomain (80ms)
	RebuildCommonClasses (38ms)
	RebuildNativeTypeToScriptingClass (14ms)
	initialDomainReloadingComplete (34ms)
	LoadAllAssembliesAndSetupDomain (423ms)
		LoadAssemblies (361ms)
		RebuildTransferFunctionScriptingTraits (0ms)
		AnalyzeDomain (164ms)
			TypeCache.Refresh (13ms)
				TypeCache.ScanAssembly (0ms)
			BuildScriptInfoCaches (137ms)
			ResolveRequiredComponents (9ms)
	FinalizeReload (673ms)
		ReleaseScriptCaches (0ms)
		RebuildScriptCaches (0ms)
		SetupLoadedEditorAssemblies (524ms)
			LogAssemblyErrors (0ms)
			InitializePlatformSupportModulesInManaged (4ms)
			SetLoadedEditorAssemblies (3ms)
			BeforeProcessingInitializeOnLoad (111ms)
			ProcessInitializeOnLoadAttributes (320ms)
			ProcessInitializeOnLoadMethodAttributes (79ms)
			AfterProcessingInitializeOnLoad (6ms)
			EditorAssembliesLoaded (0ms)
		ExecutionOrderSort2 (0ms)
		AwakeInstancesAfterBackupRestoration (21ms)
Refreshing native plugins compatible for Editor in 0.97 ms, found 3 plugins.
Preloading 0 native plugins for Editor in 0.00 ms.
Unloading 14 Unused Serialized files (Serialized files now loaded: 0)
Unloading 6460 unused Assets / (4.0 MB). Loaded Objects now: 7871.
Memory consumption went from 162.2 MB to 158.2 MB.
Total: 11.460800 ms (FindLiveObjects: 0.999500 ms CreateObjectMapping: 0.534800 ms MarkObjects: 7.500000 ms  DeleteObjects: 2.425600 ms)

Prepare: number of updated asset objects reloaded= 0
========================================================================
Received Prepare
Begin MonoManager ReloadAssembly
- Loaded All Assemblies, in  0.729 seconds
Refreshing native plugins compatible for Editor in 1.41 ms, found 3 plugins.
Native extension for WindowsStandalone target not found
Native extension for OSXStandalone target not found
Native extension for WebGL target not found
[Package Manager] Failed to launch server process. Reason: Unity was launched with the -noUpm command-line argument
[Package Manager] Unable to send message (not connected to server process).
[Package Manager] Cannot connect to Unity Package Manager local server
[MODES] ModeService[none].Initialize
[MODES] ModeService[none].LoadModes
Mono: successfully reloaded assembly
- Finished resetting the current domain, in  0.669 seconds
Domain Reload Profiling: 1398ms
	BeginReloadAssembly (227ms)
		ExecutionOrderSort (0ms)
		DisableScriptedObjects (6ms)
		BackupInstance (0ms)
		ReleaseScriptingObjects (0ms)
		CreateAndSetChildDomain (59ms)
	RebuildCommonClasses (31ms)
	RebuildNativeTypeToScriptingClass (11ms)
	initialDomainReloadingComplete (30ms)
	LoadAllAssembliesAndSetupDomain (429ms)
		LoadAssemblies (357ms)
		RebuildTransferFunctionScriptingTraits (0ms)
		AnalyzeDomain (167ms)
			TypeCache.Refresh (8ms)
				TypeCache.ScanAssembly (0ms)
			BuildScriptInfoCaches (145ms)
			ResolveRequiredComponents (10ms)
	FinalizeReload (670ms)
		ReleaseScriptCaches (0ms)
		RebuildScriptCaches (0ms)
		SetupLoadedEditorAssemblies (518ms)
			LogAssemblyErrors (0ms)
			InitializePlatformSupportModulesInManaged (4ms)
			SetLoadedEditorAssemblies (3ms)
			BeforeProcessingInitializeOnLoad (111ms)
			ProcessInitializeOnLoadAttributes (314ms)
			ProcessInitializeOnLoadMethodAttributes (78ms)
			AfterProcessingInitializeOnLoad (8ms)
			EditorAssembliesLoaded (0ms)
		ExecutionOrderSort2 (0ms)
		AwakeInstancesAfterBackupRestoration (20ms)
Refreshing native plugins compatible for Editor in 0.98 ms, found 3 plugins.
Preloading 0 native plugins for Editor in 0.00 ms.
Unloading 14 Unused Serialized files (Serialized files now loaded: 0)
Unloading 6460 unused Assets / (4.0 MB). Loaded Objects now: 7873.
Memory consumption went from 162.1 MB to 158.1 MB.
Total: 8.024000 ms (FindLiveObjects: 0.895000 ms CreateObjectMapping: 0.369400 ms MarkObjects: 4.489100 ms  DeleteObjects: 2.269800 ms)

Prepare: number of updated asset objects reloaded= 0
========================================================================
Received Prepare
Refreshing native plugins compatible for Editor in 0.99 ms, found 3 plugins.
Preloading 0 native plugins for Editor in 0.00 ms.
Unloading 14 Unused Serialized files (Serialized files now loaded: 0)
Unloading 6453 unused Assets / (4.1 MB). Loaded Objects now: 7873.
Memory consumption went from 162.2 MB to 158.1 MB.
Total: 10.118300 ms (FindLiveObjects: 1.499900 ms CreateObjectMapping: 0.703600 ms MarkObjects: 5.142600 ms  DeleteObjects: 2.771400 ms)

Prepare: number of updated asset objects reloaded= 0
========================================================================
Received Prepare
Begin MonoManager ReloadAssembly
- Loaded All Assemblies, in  0.778 seconds
Refreshing native plugins compatible for Editor in 0.91 ms, found 3 plugins.
Native extension for WindowsStandalone target not found
Native extension for OSXStandalone target not found
Native extension for WebGL target not found
[Package Manager] Failed to launch server process. Reason: Unity was launched with the -noUpm command-line argument
[Package Manager] Unable to send message (not connected to server process).
[Package Manager] Cannot connect to Unity Package Manager local server
[MODES] ModeService[none].Initialize
[MODES] ModeService[none].LoadModes
Mono: successfully reloaded assembly
- Finished resetting the current domain, in  0.687 seconds
Domain Reload Profiling: 1467ms
	BeginReloadAssembly (217ms)
		ExecutionOrderSort (0ms)
		DisableScriptedObjects (6ms)
		BackupInstance (0ms)
		ReleaseScriptingObjects (0ms)
		CreateAndSetChildDomain (61ms)
	RebuildCommonClasses (32ms)
	RebuildNativeTypeToScriptingClass (11ms)
	initialDomainReloadingComplete (30ms)
	LoadAllAssembliesAndSetupDomain (489ms)
		LoadAssemblies (369ms)
		RebuildTransferFunctionScriptingTraits (0ms)
		AnalyzeDomain (207ms)
			TypeCache.Refresh (11ms)
				TypeCache.ScanAssembly (1ms)
			BuildScriptInfoCaches (180ms)
			ResolveRequiredComponents (10ms)
	FinalizeReload (687ms)
		ReleaseScriptCaches (0ms)
		RebuildScriptCaches (0ms)
		SetupLoadedEditorAssemblies (532ms)
			LogAssemblyErrors (0ms)
			InitializePlatformSupportModulesInManaged (4ms)
			SetLoadedEditorAssemblies (3ms)
			BeforeProcessingInitializeOnLoad (111ms)
			ProcessInitializeOnLoadAttributes (326ms)
			ProcessInitializeOnLoadMethodAttributes (79ms)
			AfterProcessingInitializeOnLoad (9ms)
			EditorAssembliesLoaded (0ms)
		ExecutionOrderSort2 (0ms)
		AwakeInstancesAfterBackupRestoration (22ms)
Refreshing native plugins compatible for Editor in 0.93 ms, found 3 plugins.
Preloading 0 native plugins for Editor in 0.00 ms.
Unloading 14 Unused Serialized files (Serialized files now loaded: 0)
Unloading 6460 unused Assets / (3.8 MB). Loaded Objects now: 7875.
Memory consumption went from 162.1 MB to 158.4 MB.
Total: 7.802700 ms (FindLiveObjects: 0.834000 ms CreateObjectMapping: 0.388200 ms MarkObjects: 4.420900 ms  DeleteObjects: 2.158800 ms)

Prepare: number of updated asset objects reloaded= 0
========================================================================
Received Import Request.
  Time since last request: 275.749190 seconds.
  path: Assets/Resources/Levels/2/1.prefab
  artifactKey: Guid(3e9b9d19383048f4184033225f993f46) Importer(815301076,1909f56bfc062723c751e8b465ee728b)
Start importing Assets/Resources/Levels/2/1.prefab using Guid(3e9b9d19383048f4184033225f993f46) Importer(815301076,1909f56bfc062723c751e8b465ee728b) (PreviewImporter) -> (artifact id: '44a816052e6042273fbb5802d88d5191') in 0.4487145 seconds
Number of updated asset objects reloaded before import = 0Number of asset objects unloaded after import = 137

========================================================================
Received Prepare
Begin MonoManager ReloadAssembly
- Loaded All Assemblies, in  0.775 seconds
Refreshing native plugins compatible for Editor in 0.99 ms, found 3 plugins.
Native extension for WindowsStandalone target not found
Native extension for OSXStandalone target not found
Native extension for WebGL target not found
[Package Manager] Failed to launch server process. Reason: Unity was launched with the -noUpm command-line argument
[Package Manager] Unable to send message (not connected to server process).
[Package Manager] Cannot connect to Unity Package Manager local server
[MODES] ModeService[none].Initialize
[MODES] ModeService[none].LoadModes
Mono: successfully reloaded assembly
- Finished resetting the current domain, in  0.691 seconds
Domain Reload Profiling: 1465ms
	BeginReloadAssembly (250ms)
		ExecutionOrderSort (0ms)
		DisableScriptedObjects (22ms)
		BackupInstance (0ms)
		ReleaseScriptingObjects (0ms)
		CreateAndSetChildDomain (70ms)
	RebuildCommonClasses (30ms)
	RebuildNativeTypeToScriptingClass (11ms)
	initialDomainReloadingComplete (30ms)
	LoadAllAssembliesAndSetupDomain (453ms)
		LoadAssemblies (369ms)
		RebuildTransferFunctionScriptingTraits (0ms)
		AnalyzeDomain (175ms)
			TypeCache.Refresh (8ms)
				TypeCache.ScanAssembly (0ms)
			BuildScriptInfoCaches (153ms)
			ResolveRequiredComponents (9ms)
	FinalizeReload (691ms)
		ReleaseScriptCaches (0ms)
		RebuildScriptCaches (0ms)
		SetupLoadedEditorAssemblies (533ms)
			LogAssemblyErrors (0ms)
			InitializePlatformSupportModulesInManaged (4ms)
			SetLoadedEditorAssemblies (3ms)
			BeforeProcessingInitializeOnLoad (111ms)
			ProcessInitializeOnLoadAttributes (322ms)
			ProcessInitializeOnLoadMethodAttributes (83ms)
			AfterProcessingInitializeOnLoad (10ms)
			EditorAssembliesLoaded (0ms)
		ExecutionOrderSort2 (0ms)
		AwakeInstancesAfterBackupRestoration (23ms)
Refreshing native plugins compatible for Editor in 0.96 ms, found 3 plugins.
Preloading 0 native plugins for Editor in 0.00 ms.
Unloading 14 Unused Serialized files (Serialized files now loaded: 0)
Unloading 6462 unused Assets / (3.8 MB). Loaded Objects now: 7897.
Memory consumption went from 162.4 MB to 158.6 MB.
Total: 8.390700 ms (FindLiveObjects: 0.850900 ms CreateObjectMapping: 0.856000 ms MarkObjects: 4.530200 ms  DeleteObjects: 2.152800 ms)

Prepare: number of updated asset objects reloaded= 0
========================================================================
Received Prepare
Refreshing native plugins compatible for Editor in 1.34 ms, found 3 plugins.
Preloading 0 native plugins for Editor in 0.00 ms.
Unloading 14 Unused Serialized files (Serialized files now loaded: 0)
Unloading 6453 unused Assets / (4.2 MB). Loaded Objects now: 7897.
Memory consumption went from 162.4 MB to 158.2 MB.
Total: 11.932800 ms (FindLiveObjects: 1.273300 ms CreateObjectMapping: 1.450600 ms MarkObjects: 5.890300 ms  DeleteObjects: 3.317600 ms)

Prepare: number of updated asset objects reloaded= 0
========================================================================
Received Prepare
Begin MonoManager ReloadAssembly
- Loaded All Assemblies, in  0.707 seconds
Refreshing native plugins compatible for Editor in 0.82 ms, found 3 plugins.
Native extension for WindowsStandalone target not found
Native extension for OSXStandalone target not found
Native extension for WebGL target not found
[Package Manager] Failed to launch server process. Reason: Unity was launched with the -noUpm command-line argument
[Package Manager] Unable to send message (not connected to server process).
[Package Manager] Cannot connect to Unity Package Manager local server
[MODES] ModeService[none].Initialize
[MODES] ModeService[none].LoadModes
Mono: successfully reloaded assembly
- Finished resetting the current domain, in  0.674 seconds
Domain Reload Profiling: 1381ms
	BeginReloadAssembly (200ms)
		ExecutionOrderSort (0ms)
		DisableScriptedObjects (6ms)
		BackupInstance (0ms)
		ReleaseScriptingObjects (0ms)
		CreateAndSetChildDomain (54ms)
	RebuildCommonClasses (29ms)
	RebuildNativeTypeToScriptingClass (11ms)
	initialDomainReloadingComplete (29ms)
	LoadAllAssembliesAndSetupDomain (438ms)
		LoadAssemblies (345ms)
		RebuildTransferFunctionScriptingTraits (0ms)
		AnalyzeDomain (175ms)
			TypeCache.Refresh (10ms)
				TypeCache.ScanAssembly (0ms)
			BuildScriptInfoCaches (152ms)
			ResolveRequiredComponents (9ms)
	FinalizeReload (675ms)
		ReleaseScriptCaches (0ms)
		RebuildScriptCaches (0ms)
		SetupLoadedEditorAssemblies (516ms)
			LogAssemblyErrors (0ms)
			InitializePlatformSupportModulesInManaged (4ms)
			SetLoadedEditorAssemblies (3ms)
			BeforeProcessingInitializeOnLoad (111ms)
			ProcessInitializeOnLoadAttributes (313ms)
			ProcessInitializeOnLoadMethodAttributes (77ms)
			AfterProcessingInitializeOnLoad (8ms)
			EditorAssembliesLoaded (0ms)
		ExecutionOrderSort2 (0ms)
		AwakeInstancesAfterBackupRestoration (23ms)
Refreshing native plugins compatible for Editor in 1.00 ms, found 3 plugins.
Preloading 0 native plugins for Editor in 0.00 ms.
Unloading 14 Unused Serialized files (Serialized files now loaded: 0)
Unloading 6460 unused Assets / (4.2 MB). Loaded Objects now: 7899.
Memory consumption went from 162.3 MB to 158.0 MB.
Total: 8.262000 ms (FindLiveObjects: 0.934200 ms CreateObjectMapping: 0.401900 ms MarkObjects: 4.545600 ms  DeleteObjects: 2.379500 ms)

Prepare: number of updated asset objects reloaded= 0
========================================================================
Received Import Request.
  Time since last request: 147.513121 seconds.
  path: Assets/Resources/Levels/2/1.prefab
  artifactKey: Guid(3e9b9d19383048f4184033225f993f46) Importer(815301076,1909f56bfc062723c751e8b465ee728b)
Start importing Assets/Resources/Levels/2/1.prefab using Guid(3e9b9d19383048f4184033225f993f46) Importer(815301076,1909f56bfc062723c751e8b465ee728b) (PreviewImporter) -> (artifact id: 'e525f3063f9b30906dfe0fd0f4cf3ac8') in 0.4455722 seconds
Number of updated asset objects reloaded before import = 0Number of asset objects unloaded after import = 144

========================================================================
Received Import Request.
  Time since last request: 1.604328 seconds.
  path: Assets/Resources/Levels/1/5.prefab
  artifactKey: Guid(15b1499904d2ba14f8578e7d05132837) Importer(815301076,1909f56bfc062723c751e8b465ee728b)
Start importing Assets/Resources/Levels/1/5.prefab using Guid(15b1499904d2ba14f8578e7d05132837) Importer(815301076,1909f56bfc062723c751e8b465ee728b) (PreviewImporter) -> (artifact id: 'dd85d5c7304a1ee2d47dbd64943d90b2') in 0.0209624 seconds
Number of updated asset objects reloaded before import = 0Number of asset objects unloaded after import = 104

========================================================================
Received Import Request.
  Time since last request: 8.598662 seconds.
  path: Assets/Resources/Levels/1/3.prefab
  artifactKey: Guid(f3cf4ce04b8389a4fb9a08212d7e6756) Importer(815301076,1909f56bfc062723c751e8b465ee728b)
Start importing Assets/Resources/Levels/1/3.prefab using Guid(f3cf4ce04b8389a4fb9a08212d7e6756) Importer(815301076,1909f56bfc062723c751e8b465ee728b) (PreviewImporter) -> (artifact id: '1b94cf8ceaabc0a9347e84d72481ae82') in 0.0074321 seconds
Number of updated asset objects reloaded before import = 0Number of asset objects unloaded after import = 63

========================================================================
Received Prepare
Begin MonoManager ReloadAssembly
- Loaded All Assemblies, in  0.721 seconds
Refreshing native plugins compatible for Editor in 0.95 ms, found 3 plugins.
Native extension for WindowsStandalone target not found
Native extension for OSXStandalone target not found
Native extension for WebGL target not found
[Package Manager] Failed to launch server process. Reason: Unity was launched with the -noUpm command-line argument
[Package Manager] Unable to send message (not connected to server process).
[Package Manager] Cannot connect to Unity Package Manager local server
[MODES] ModeService[none].Initialize
[MODES] ModeService[none].LoadModes
Mono: successfully reloaded assembly
- Finished resetting the current domain, in  0.682 seconds
Domain Reload Profiling: 1404ms
	BeginReloadAssembly (231ms)
		ExecutionOrderSort (0ms)
		DisableScriptedObjects (20ms)
		BackupInstance (0ms)
		ReleaseScriptingObjects (0ms)
		CreateAndSetChildDomain (70ms)
	RebuildCommonClasses (30ms)
	RebuildNativeTypeToScriptingClass (11ms)
	initialDomainReloadingComplete (29ms)
	LoadAllAssembliesAndSetupDomain (421ms)
		LoadAssemblies (344ms)
		RebuildTransferFunctionScriptingTraits (0ms)
		AnalyzeDomain (162ms)
			TypeCache.Refresh (8ms)
				TypeCache.ScanAssembly (0ms)
			BuildScriptInfoCaches (141ms)
			ResolveRequiredComponents (10ms)
	FinalizeReload (683ms)
		ReleaseScriptCaches (0ms)
		RebuildScriptCaches (0ms)
		SetupLoadedEditorAssemblies (531ms)
			LogAssemblyErrors (0ms)
			InitializePlatformSupportModulesInManaged (4ms)
			SetLoadedEditorAssemblies (3ms)
			BeforeProcessingInitializeOnLoad (110ms)
			ProcessInitializeOnLoadAttributes (326ms)
			ProcessInitializeOnLoadMethodAttributes (79ms)
			AfterProcessingInitializeOnLoad (9ms)
			EditorAssembliesLoaded (0ms)
		ExecutionOrderSort2 (0ms)
		AwakeInstancesAfterBackupRestoration (21ms)
Refreshing native plugins compatible for Editor in 1.05 ms, found 3 plugins.
Preloading 0 native plugins for Editor in 0.00 ms.
Unloading 14 Unused Serialized files (Serialized files now loaded: 0)
Unloading 6463 unused Assets / (3.6 MB). Loaded Objects now: 7921.
Memory consumption went from 162.5 MB to 158.8 MB.
Total: 9.133000 ms (FindLiveObjects: 0.916000 ms CreateObjectMapping: 1.048200 ms MarkObjects: 4.959200 ms  DeleteObjects: 2.208800 ms)

Prepare: number of updated asset objects reloaded= 0
========================================================================
Received Prepare
Refreshing native plugins compatible for Editor in 1.20 ms, found 3 plugins.
Preloading 0 native plugins for Editor in 0.00 ms.
Unloading 14 Unused Serialized files (Serialized files now loaded: 0)
Unloading 6453 unused Assets / (4.2 MB). Loaded Objects now: 7921.
Memory consumption went from 162.5 MB to 158.2 MB.
Total: 11.927500 ms (FindLiveObjects: 1.036800 ms CreateObjectMapping: 1.265000 ms MarkObjects: 6.451400 ms  DeleteObjects: 3.173600 ms)

Prepare: number of updated asset objects reloaded= 0
========================================================================
Received Prepare
Begin MonoManager ReloadAssembly
- Loaded All Assemblies, in  0.731 seconds
Refreshing native plugins compatible for Editor in 1.00 ms, found 3 plugins.
Native extension for WindowsStandalone target not found
Native extension for OSXStandalone target not found
Native extension for WebGL target not found
[Package Manager] Failed to launch server process. Reason: Unity was launched with the -noUpm command-line argument
[Package Manager] Unable to send message (not connected to server process).
[Package Manager] Cannot connect to Unity Package Manager local server
[MODES] ModeService[none].Initialize
[MODES] ModeService[none].LoadModes
Mono: successfully reloaded assembly
- Finished resetting the current domain, in  0.702 seconds
Domain Reload Profiling: 1434ms
	BeginReloadAssembly (212ms)
		ExecutionOrderSort (0ms)
		DisableScriptedObjects (6ms)
		BackupInstance (0ms)
		ReleaseScriptingObjects (0ms)
		CreateAndSetChildDomain (60ms)
	RebuildCommonClasses (32ms)
	RebuildNativeTypeToScriptingClass (11ms)
	initialDomainReloadingComplete (31ms)
	LoadAllAssembliesAndSetupDomain (445ms)
		LoadAssemblies (362ms)
		RebuildTransferFunctionScriptingTraits (0ms)
		AnalyzeDomain (170ms)
			TypeCache.Refresh (10ms)
				TypeCache.ScanAssembly (0ms)
			BuildScriptInfoCaches (146ms)
			ResolveRequiredComponents (10ms)
	FinalizeReload (703ms)
		ReleaseScriptCaches (0ms)
		RebuildScriptCaches (0ms)
		SetupLoadedEditorAssemblies (551ms)
			LogAssemblyErrors (0ms)
			InitializePlatformSupportModulesInManaged (4ms)
			SetLoadedEditorAssemblies (3ms)
			BeforeProcessingInitializeOnLoad (115ms)
			ProcessInitializeOnLoadAttributes (327ms)
			ProcessInitializeOnLoadMethodAttributes (92ms)
			AfterProcessingInitializeOnLoad (10ms)
			EditorAssembliesLoaded (0ms)
		ExecutionOrderSort2 (0ms)
		AwakeInstancesAfterBackupRestoration (22ms)
Refreshing native plugins compatible for Editor in 0.98 ms, found 3 plugins.
Preloading 0 native plugins for Editor in 0.00 ms.
Unloading 14 Unused Serialized files (Serialized files now loaded: 0)
Unloading 6460 unused Assets / (3.9 MB). Loaded Objects now: 7923.
Memory consumption went from 162.4 MB to 158.4 MB.
Total: 8.397500 ms (FindLiveObjects: 0.932900 ms CreateObjectMapping: 0.421400 ms MarkObjects: 4.449800 ms  DeleteObjects: 2.592500 ms)

Prepare: number of updated asset objects reloaded= 0
========================================================================
Received Prepare
Refreshing native plugins compatible for Editor in 1.06 ms, found 3 plugins.
Preloading 0 native plugins for Editor in 0.00 ms.
Unloading 14 Unused Serialized files (Serialized files now loaded: 0)
Unloading 6453 unused Assets / (4.2 MB). Loaded Objects now: 7923.
Memory consumption went from 162.5 MB to 158.4 MB.
Total: 10.359900 ms (FindLiveObjects: 1.043200 ms CreateObjectMapping: 1.087200 ms MarkObjects: 5.316600 ms  DeleteObjects: 2.912200 ms)

Prepare: number of updated asset objects reloaded= 0
========================================================================
Received Prepare
Begin MonoManager ReloadAssembly
- Loaded All Assemblies, in  0.772 seconds
Refreshing native plugins compatible for Editor in 0.89 ms, found 3 plugins.
Native extension for WindowsStandalone target not found
Native extension for OSXStandalone target not found
Native extension for WebGL target not found
[Package Manager] Failed to launch server process. Reason: Unity was launched with the -noUpm command-line argument
[Package Manager] Unable to send message (not connected to server process).
[Package Manager] Cannot connect to Unity Package Manager local server
[MODES] ModeService[none].Initialize
[MODES] ModeService[none].LoadModes
Mono: successfully reloaded assembly
- Finished resetting the current domain, in  0.670 seconds
Domain Reload Profiling: 1441ms
	BeginReloadAssembly (209ms)
		ExecutionOrderSort (0ms)
		DisableScriptedObjects (6ms)
		BackupInstance (0ms)
		ReleaseScriptingObjects (0ms)
		CreateAndSetChildDomain (51ms)
	RebuildCommonClasses (46ms)
	RebuildNativeTypeToScriptingClass (15ms)
	initialDomainReloadingComplete (34ms)
	LoadAllAssembliesAndSetupDomain (466ms)
		LoadAssemblies (395ms)
		RebuildTransferFunctionScriptingTraits (0ms)
		AnalyzeDomain (166ms)
			TypeCache.Refresh (10ms)
				TypeCache.ScanAssembly (0ms)
			BuildScriptInfoCaches (143ms)
			ResolveRequiredComponents (9ms)
	FinalizeReload (671ms)
		ReleaseScriptCaches (0ms)
		RebuildScriptCaches (0ms)
		SetupLoadedEditorAssemblies (523ms)
			LogAssemblyErrors (0ms)
			InitializePlatformSupportModulesInManaged (4ms)
			SetLoadedEditorAssemblies (3ms)
			BeforeProcessingInitializeOnLoad (114ms)
			ProcessInitializeOnLoadAttributes (317ms)
			ProcessInitializeOnLoadMethodAttributes (77ms)
			AfterProcessingInitializeOnLoad (8ms)
			EditorAssembliesLoaded (0ms)
		ExecutionOrderSort2 (0ms)
		AwakeInstancesAfterBackupRestoration (20ms)
Refreshing native plugins compatible for Editor in 1.01 ms, found 3 plugins.
Preloading 0 native plugins for Editor in 0.00 ms.
Unloading 14 Unused Serialized files (Serialized files now loaded: 0)
Unloading 6460 unused Assets / (4.0 MB). Loaded Objects now: 7925.
Memory consumption went from 162.3 MB to 158.3 MB.
Total: 7.835000 ms (FindLiveObjects: 0.858100 ms CreateObjectMapping: 0.364200 ms MarkObjects: 4.426900 ms  DeleteObjects: 2.185000 ms)

Prepare: number of updated asset objects reloaded= 0
========================================================================
Received Prepare
Begin MonoManager ReloadAssembly
- Loaded All Assemblies, in  0.699 seconds
Refreshing native plugins compatible for Editor in 0.98 ms, found 3 plugins.
Native extension for WindowsStandalone target not found
Native extension for OSXStandalone target not found
Native extension for WebGL target not found
[Package Manager] Failed to launch server process. Reason: Unity was launched with the -noUpm command-line argument
[Package Manager] Unable to send message (not connected to server process).
[Package Manager] Cannot connect to Unity Package Manager local server
[MODES] ModeService[none].Initialize
[MODES] ModeService[none].LoadModes
Mono: successfully reloaded assembly
- Finished resetting the current domain, in  0.676 seconds
Domain Reload Profiling: 1375ms
	BeginReloadAssembly (198ms)
		ExecutionOrderSort (0ms)
		DisableScriptedObjects (6ms)
		BackupInstance (0ms)
		ReleaseScriptingObjects (0ms)
		CreateAndSetChildDomain (50ms)
	RebuildCommonClasses (31ms)
	RebuildNativeTypeToScriptingClass (11ms)
	initialDomainReloadingComplete (30ms)
	LoadAllAssembliesAndSetupDomain (429ms)
		LoadAssemblies (350ms)
		RebuildTransferFunctionScriptingTraits (0ms)
		AnalyzeDomain (162ms)
			TypeCache.Refresh (7ms)
				TypeCache.ScanAssembly (0ms)
			BuildScriptInfoCaches (141ms)
			ResolveRequiredComponents (9ms)
	FinalizeReload (676ms)
		ReleaseScriptCaches (0ms)
		RebuildScriptCaches (0ms)
		SetupLoadedEditorAssemblies (523ms)
			LogAssemblyErrors (0ms)
			InitializePlatformSupportModulesInManaged (4ms)
			SetLoadedEditorAssemblies (3ms)
			BeforeProcessingInitializeOnLoad (112ms)
			ProcessInitializeOnLoadAttributes (320ms)
			ProcessInitializeOnLoadMethodAttributes (77ms)
			AfterProcessingInitializeOnLoad (6ms)
			EditorAssembliesLoaded (0ms)
		ExecutionOrderSort2 (0ms)
		AwakeInstancesAfterBackupRestoration (21ms)
Refreshing native plugins compatible for Editor in 0.95 ms, found 3 plugins.
Preloading 0 native plugins for Editor in 0.00 ms.
Unloading 14 Unused Serialized files (Serialized files now loaded: 0)
Unloading 6460 unused Assets / (4.0 MB). Loaded Objects now: 7927.
Memory consumption went from 162.4 MB to 158.4 MB.
Total: 7.926400 ms (FindLiveObjects: 0.941000 ms CreateObjectMapping: 0.372300 ms MarkObjects: 4.414500 ms  DeleteObjects: 2.197500 ms)

Prepare: number of updated asset objects reloaded= 0
========================================================================
Received Prepare
Begin MonoManager ReloadAssembly
- Loaded All Assemblies, in  0.877 seconds
Refreshing native plugins compatible for Editor in 1.01 ms, found 3 plugins.
Native extension for WindowsStandalone target not found
Native extension for OSXStandalone target not found
Native extension for WebGL target not found
[Package Manager] Failed to launch server process. Reason: Unity was launched with the -noUpm command-line argument
[Package Manager] Unable to send message (not connected to server process).
[Package Manager] Cannot connect to Unity Package Manager local server
[MODES] ModeService[none].Initialize
[MODES] ModeService[none].LoadModes
Mono: successfully reloaded assembly
- Finished resetting the current domain, in  0.795 seconds
Domain Reload Profiling: 1674ms
	BeginReloadAssembly (214ms)
		ExecutionOrderSort (0ms)
		DisableScriptedObjects (6ms)
		BackupInstance (0ms)
		ReleaseScriptingObjects (0ms)
		CreateAndSetChildDomain (60ms)
	RebuildCommonClasses (33ms)
	RebuildNativeTypeToScriptingClass (11ms)
	initialDomainReloadingComplete (30ms)
	LoadAllAssembliesAndSetupDomain (590ms)
		LoadAssemblies (458ms)
		RebuildTransferFunctionScriptingTraits (0ms)
		AnalyzeDomain (217ms)
			TypeCache.Refresh (11ms)
				TypeCache.ScanAssembly (0ms)
			BuildScriptInfoCaches (184ms)
			ResolveRequiredComponents (15ms)
	FinalizeReload (796ms)
		ReleaseScriptCaches (0ms)
		RebuildScriptCaches (0ms)
		SetupLoadedEditorAssemblies (605ms)
			LogAssemblyErrors (0ms)
			InitializePlatformSupportModulesInManaged (5ms)
			SetLoadedEditorAssemblies (3ms)
			BeforeProcessingInitializeOnLoad (126ms)
			ProcessInitializeOnLoadAttributes (377ms)
			ProcessInitializeOnLoadMethodAttributes (88ms)
			AfterProcessingInitializeOnLoad (7ms)
			EditorAssembliesLoaded (0ms)
		ExecutionOrderSort2 (0ms)
		AwakeInstancesAfterBackupRestoration (25ms)
Refreshing native plugins compatible for Editor in 1.00 ms, found 3 plugins.
Preloading 0 native plugins for Editor in 0.00 ms.
Unloading 14 Unused Serialized files (Serialized files now loaded: 0)
Unloading 6460 unused Assets / (4.4 MB). Loaded Objects now: 7929.
Memory consumption went from 162.4 MB to 158.0 MB.
Total: 9.527300 ms (FindLiveObjects: 0.995200 ms CreateObjectMapping: 0.458000 ms MarkObjects: 5.221400 ms  DeleteObjects: 2.851300 ms)

Prepare: number of updated asset objects reloaded= 0
========================================================================
Received Import Request.
  Time since last request: 450.854413 seconds.
  path: Assets/Resources/Levels/1/5.prefab
  artifactKey: Guid(15b1499904d2ba14f8578e7d05132837) Importer(815301076,1909f56bfc062723c751e8b465ee728b)
Start importing Assets/Resources/Levels/1/5.prefab using Guid(15b1499904d2ba14f8578e7d05132837) Importer(815301076,1909f56bfc062723c751e8b465ee728b) (PreviewImporter) -> (artifact id: 'a057977e7bde79327d522f419d729922') in 0.5068488 seconds
Number of updated asset objects reloaded before import = 0Number of asset objects unloaded after import = 96

========================================================================
Received Import Request.
  Time since last request: 14.138762 seconds.
  path: Assets/Resources/Levels/1/5.prefab
  artifactKey: Guid(15b1499904d2ba14f8578e7d05132837) Importer(815301076,1909f56bfc062723c751e8b465ee728b)
Start importing Assets/Resources/Levels/1/5.prefab using Guid(15b1499904d2ba14f8578e7d05132837) Importer(815301076,1909f56bfc062723c751e8b465ee728b) (PreviewImporter) -> (artifact id: '841e5b32f4dd2033dd3f3f193a9302c4') in 0.0153127 seconds
Number of updated asset objects reloaded before import = 0Number of asset objects unloaded after import = 96

========================================================================
Received Import Request.
  Time since last request: 2.349806 seconds.
  path: Assets/Resources/Levels/1/5.prefab
  artifactKey: Guid(15b1499904d2ba14f8578e7d05132837) Importer(815301076,1909f56bfc062723c751e8b465ee728b)
Start importing Assets/Resources/Levels/1/5.prefab using Guid(15b1499904d2ba14f8578e7d05132837) Importer(815301076,1909f56bfc062723c751e8b465ee728b) (PreviewImporter) -> (artifact id: '19f28f05cd8fde65405f55329e7044fd') in 0.0112701 seconds
Number of updated asset objects reloaded before import = 0Number of asset objects unloaded after import = 96

========================================================================
Received Import Request.
  Time since last request: 3.982010 seconds.
  path: Assets/Resources/Levels/1/5.prefab
  artifactKey: Guid(15b1499904d2ba14f8578e7d05132837) Importer(815301076,1909f56bfc062723c751e8b465ee728b)
Start importing Assets/Resources/Levels/1/5.prefab using Guid(15b1499904d2ba14f8578e7d05132837) Importer(815301076,1909f56bfc062723c751e8b465ee728b) (PreviewImporter) -> (artifact id: '68c2fb54962771d163bbacec5079374c') in 0.0111572 seconds
Number of updated asset objects reloaded before import = 0Number of asset objects unloaded after import = 80

========================================================================
Received Prepare
Begin MonoManager ReloadAssembly
- Loaded All Assemblies, in  0.747 seconds
Refreshing native plugins compatible for Editor in 0.88 ms, found 3 plugins.
Native extension for WindowsStandalone target not found
Native extension for OSXStandalone target not found
Native extension for WebGL target not found
[Package Manager] Failed to launch server process. Reason: Unity was launched with the -noUpm command-line argument
[Package Manager] Unable to send message (not connected to server process).
[Package Manager] Cannot connect to Unity Package Manager local server
[MODES] ModeService[none].Initialize
[MODES] ModeService[none].LoadModes
Mono: successfully reloaded assembly
- Finished resetting the current domain, in  0.728 seconds
Domain Reload Profiling: 1475ms
	BeginReloadAssembly (248ms)
		ExecutionOrderSort (0ms)
		DisableScriptedObjects (20ms)
		BackupInstance (0ms)
		ReleaseScriptingObjects (0ms)
		CreateAndSetChildDomain (80ms)
	RebuildCommonClasses (29ms)
	RebuildNativeTypeToScriptingClass (11ms)
	initialDomainReloadingComplete (30ms)
	LoadAllAssembliesAndSetupDomain (429ms)
		LoadAssemblies (352ms)
		RebuildTransferFunctionScriptingTraits (0ms)
		AnalyzeDomain (162ms)
			TypeCache.Refresh (7ms)
				TypeCache.ScanAssembly (0ms)
			BuildScriptInfoCaches (141ms)
			ResolveRequiredComponents (9ms)
	FinalizeReload (729ms)
		ReleaseScriptCaches (0ms)
		RebuildScriptCaches (0ms)
		SetupLoadedEditorAssemblies (553ms)
			LogAssemblyErrors (0ms)
			InitializePlatformSupportModulesInManaged (4ms)
			SetLoadedEditorAssemblies (3ms)
			BeforeProcessingInitializeOnLoad (113ms)
			ProcessInitializeOnLoadAttributes (333ms)
			ProcessInitializeOnLoadMethodAttributes (90ms)
			AfterProcessingInitializeOnLoad (9ms)
			EditorAssembliesLoaded (1ms)
		ExecutionOrderSort2 (0ms)
		AwakeInstancesAfterBackupRestoration (25ms)
Refreshing native plugins compatible for Editor in 1.00 ms, found 3 plugins.
Preloading 0 native plugins for Editor in 0.00 ms.
Unloading 14 Unused Serialized files (Serialized files now loaded: 0)
Unloading 6463 unused Assets / (3.8 MB). Loaded Objects now: 7951.
Memory consumption went from 162.7 MB to 158.9 MB.
Total: 7.993400 ms (FindLiveObjects: 0.894600 ms CreateObjectMapping: 0.386400 ms MarkObjects: 4.423100 ms  DeleteObjects: 2.288600 ms)

Prepare: number of updated asset objects reloaded= 0
========================================================================
Received Import Request.
  Time since last request: 36.024110 seconds.
  path: Assets/Resources/Levels/1/2.prefab
  artifactKey: Guid(ed5b7495b667a6945872a3af5238cc4e) Importer(2089858483,192608db42251d675da83286b1cce702)
Start importing Assets/Resources/Levels/1/2.prefab using Guid(ed5b7495b667a6945872a3af5238cc4e) Importer(2089858483,192608db42251d675da83286b1cce702) (ScriptedImporter) -> (artifact id: '7de5fb0bf04c74214f5784d07e3907d6') in 0.1710879 seconds
Number of updated asset objects reloaded before import = 0Number of asset objects unloaded after import = 33

========================================================================
Received Import Request.
  Time since last request: 0.000021 seconds.
  path: Assets/Scripts/Player&Camera/PlayerMovement.cs
  artifactKey: Guid(8e749bbc6dcbb5e4f87d3c67c1ad5ae5) Importer(2089858483,192608db42251d675da83286b1cce702)
Start importing Assets/Scripts/Player&Camera/PlayerMovement.cs using Guid(8e749bbc6dcbb5e4f87d3c67c1ad5ae5) Importer(2089858483,192608db42251d675da83286b1cce702) (ScriptedImporter) -> (artifact id: 'b104849e5d5ef9801938774aa0a73915') in 0.0048276 seconds
Number of updated asset objects reloaded before import = 0Number of asset objects unloaded after import = 0

========================================================================
Received Import Request.
  Time since last request: 0.000034 seconds.
  path: Assets/Resources/Levels/2/1.prefab
  artifactKey: Guid(3e9b9d19383048f4184033225f993f46) Importer(2089858483,192608db42251d675da83286b1cce702)
Start importing Assets/Resources/Levels/2/1.prefab using Guid(3e9b9d19383048f4184033225f993f46) Importer(2089858483,192608db42251d675da83286b1cce702) (ScriptedImporter) -> (artifact id: '737bf5e11ed67983b85c608ba2136c44') in 0.0588721 seconds
Number of updated asset objects reloaded before import = 0Number of asset objects unloaded after import = 110

========================================================================
Received Import Request.
  Time since last request: 0.000020 seconds.
  path: Assets/Scripts/Player&Camera/PlayerManager.cs
  artifactKey: Guid(d147b4860db1112499aa75760e621fd6) Importer(2089858483,192608db42251d675da83286b1cce702)
Start importing Assets/Scripts/Player&Camera/PlayerManager.cs using Guid(d147b4860db1112499aa75760e621fd6) Importer(2089858483,192608db42251d675da83286b1cce702) (ScriptedImporter) -> (artifact id: '6395cf2359d6fd029073ae5023df2a2c') in 0.0041776 seconds
Number of updated asset objects reloaded before import = 0Number of asset objects unloaded after import = 0

========================================================================
Received Import Request.
  Time since last request: 0.000023 seconds.
  path: Assets/Scripts/Spike.cs
  artifactKey: Guid(2d0b1f308e01e1a48ab9531fcabd5f88) Importer(2089858483,192608db42251d675da83286b1cce702)
Start importing Assets/Scripts/Spike.cs using Guid(2d0b1f308e01e1a48ab9531fcabd5f88) Importer(2089858483,192608db42251d675da83286b1cce702) (ScriptedImporter) -> (artifact id: 'e2d00b7bb28b6647811b4d6ee7e97a44') in 0.0041488 seconds
Number of updated asset objects reloaded before import = 0Number of asset objects unloaded after import = 0

========================================================================
Received Import Request.
  Time since last request: 0.000054 seconds.
  path: Assets/Resources/Levels/1/1.prefab
  artifactKey: Guid(29b59527bc0894d468c24301aa46de27) Importer(2089858483,192608db42251d675da83286b1cce702)
Start importing Assets/Resources/Levels/1/1.prefab using Guid(29b59527bc0894d468c24301aa46de27) Importer(2089858483,192608db42251d675da83286b1cce702) (ScriptedImporter) -> (artifact id: 'a7b4c93e4017fa65ec45dd65aa3ef2c1') in 0.0058413 seconds
Number of updated asset objects reloaded before import = 0Number of asset objects unloaded after import = 28

========================================================================
Received Import Request.
  Time since last request: 0.000019 seconds.
  path: Assets/Resources/Levels/1/4.prefab
  artifactKey: Guid(a1788fa8bdb917f4482ebe581bc2ae79) Importer(2089858483,192608db42251d675da83286b1cce702)
Start importing Assets/Resources/Levels/1/4.prefab using Guid(a1788fa8bdb917f4482ebe581bc2ae79) Importer(2089858483,192608db42251d675da83286b1cce702) (ScriptedImporter) -> (artifact id: 'b667db1048d6e8507a8d3a4f4ee24605') in 0.0058945 seconds
Number of updated asset objects reloaded before import = 0Number of asset objects unloaded after import = 76

========================================================================
Received Import Request.
  Time since last request: 0.000028 seconds.
  path: Assets/Scripts/GliderMove.cs
  artifactKey: Guid(99a89368f012f664890a4b86d5e668ac) Importer(2089858483,192608db42251d675da83286b1cce702)
Start importing Assets/Scripts/GliderMove.cs using Guid(99a89368f012f664890a4b86d5e668ac) Importer(2089858483,192608db42251d675da83286b1cce702) (ScriptedImporter) -> (artifact id: 'dbc1935c00510de3fa76814f3b8e355f') in 0.0056262 seconds
Number of updated asset objects reloaded before import = 0Number of asset objects unloaded after import = 0

========================================================================
Received Import Request.
  Time since last request: 0.000019 seconds.
  path: Assets/Scripts/GrapplePoint.cs
  artifactKey: Guid(9e2949ed4c0fa9747a511875f78d1002) Importer(2089858483,192608db42251d675da83286b1cce702)
Start importing Assets/Scripts/GrapplePoint.cs using Guid(9e2949ed4c0fa9747a511875f78d1002) Importer(2089858483,192608db42251d675da83286b1cce702) (ScriptedImporter) -> (artifact id: 'f10d0c44b4660cde2a9ea17ffd5c2c44') in 0.0043825 seconds
Number of updated asset objects reloaded before import = 0Number of asset objects unloaded after import = 0

Editor requested this worker to shutdown with reason: Scaling down because of idle timeout
AssetImportWorker is now disconnected from the server
Process exiting
Exiting without the bug reporter. Application will terminate with return code 0