Using pre-set license
Built from '6000.0/respin/6000.0.60f1-f02d6f9f9009' branch; Version is '6000.0.60f1 (61dfb374e36f) revision 6414259'; Using compiler version '193933523'; Build Type 'Release'
OS: 'Windows 10  (10.0.19045) 64bit Core' Language: 'en' Physical Memory: 32682 MB
BatchMode: 1, IsHumanControllingUs: 0, StartBugReporterOnCrash: 0, Is64bit: 1
Date: 2026-09-08T03:36:25Z

COMMAND LINE ARGUMENTS:
C:\Program Files\Unity\Hub\Editor\6000.0.60f1\Editor\Unity.exe
-adb2
-batchMode
-noUpm
-name
AssetImportWorker10
-projectPath
C:/Users/frank/Documents/Github/StarDance Platformer/Stardance Project
-logFile
Logs/AssetImportWorker10.log
-srvPort
64689
-job-worker-count
7
-background-job-worker-count
8
-gc-helper-count
1
-name
AssetImport
Successfully changed project path to: C:/Users/frank/Documents/Github/StarDance Platformer/Stardance Project
C:/Users/frank/Documents/Github/StarDance Platformer/Stardance Project
[UnityMemory] Configuration Parameters - Can be set up in boot.config
    "memorysetup-bucket-allocator-granularity=16"
    "memorysetup-bucket-allocator-bucket-count=8"
    "memorysetup-bucket-allocator-block-size=33554432"
    "memorysetup-bucket-allocator-block-count=8"
    "memorysetup-main-allocator-block-size=16777216"
    "memorysetup-thread-allocator-block-size=16777216"
    "memorysetup-gfx-main-allocator-block-size=16777216"
    "memorysetup-gfx-thread-allocator-block-size=16777216"
    "memorysetup-cache-allocator-block-size=4194304"
    "memorysetup-typetree-allocator-block-size=2097152"
    "memorysetup-profiler-bucket-allocator-granularity=16"
    "memorysetup-profiler-bucket-allocator-bucket-count=8"
    "memorysetup-profiler-bucket-allocator-block-size=33554432"
    "memorysetup-profiler-bucket-allocator-block-count=8"
    "memorysetup-profiler-allocator-block-size=16777216"
    "memorysetup-profiler-editor-allocator-block-size=1048576"
    "memorysetup-temp-allocator-size-main=16777216"
    "memorysetup-job-temp-allocator-block-size=2097152"
    "memorysetup-job-temp-allocator-block-size-background=1048576"
    "memorysetup-job-temp-allocator-reduction-small-platforms=262144"
    "memorysetup-allocator-temp-initial-block-size-main=262144"
    "memorysetup-allocator-temp-initial-block-size-worker=262144"
    "memorysetup-temp-allocator-size-background-worker=32768"
    "memorysetup-temp-allocator-size-job-worker=262144"
    "memorysetup-temp-allocator-size-preload-manager=33554432"
    "memorysetup-temp-allocator-size-nav-mesh-worker=65536"
    "memorysetup-temp-allocator-size-audio-worker=65536"
    "memorysetup-temp-allocator-size-cloud-worker=32768"
    "memorysetup-temp-allocator-size-gi-baking-worker=262144"
    "memorysetup-temp-allocator-size-gi-baking-worker=262144"
    "memorysetup-temp-allocator-size-gi-baking-worker=262144"
    "memorysetup-temp-allocator-size-gi-baking-worker=262144"
    "memorysetup-temp-allocator-size-gi-baking-worker=262144"
    "memorysetup-temp-allocator-size-gfx=262144"
Player connection [24808]  Target information:

Player connection [24808]  * "[IP] 10.0.0.136 [Port] 0 [Flags] 2 [Guid] 1887964202 [EditorId] 1887964202 [Version] 1048832 [Id] WindowsEditor(7,DESKTOP-G03H8AT) [Debug] 1 [PackageName] WindowsEditor [ProjectName] Editor" 

Player connection [24808]  * "[IP] 26.71.94.48 [Port] 0 [Flags] 2 [Guid] 1887964202 [EditorId] 1887964202 [Version] 1048832 [Id] WindowsEditor(7,DESKTOP-G03H8AT) [Debug] 1 [PackageName] WindowsEditor [ProjectName] Editor" 

Player connection [24808]  * "[IP] 10.147.18.62 [Port] 0 [Flags] 2 [Guid] 1887964202 [EditorId] 1887964202 [Version] 1048832 [Id] WindowsEditor(7,DESKTOP-G03H8AT) [Debug] 1 [PackageName] WindowsEditor [ProjectName] Editor" 

Player connection [24808] Host joined multi-casting on [225.0.0.222:54997]...
Player connection [24808] Host joined alternative multi-casting on [225.0.0.222:34997]...
JobSystem: Creating JobQueue using job-worker-count value 7
Input System module state changed to: Initialized.
[Physics::Module] Initialized fallback backend.
[Physics::Module] Id: 0xdecafbad
Library Redirect Path: Library/
[Physics::Module] Selected backend.
[Physics::Module] Name: PhysX
[Physics::Module] Id: 0xf2b8ea05
[Physics::Module] SDK Version: 4.1.2
[Physics::Module] Integration Version: 1.0.0
[Physics::Module] Threading Mode: Multi-Threaded
Refreshing native plugins compatible for Editor in 2.98 ms, found 3 plugins.
Preloading 0 native plugins for Editor in 0.00 ms.
Initialize engine version: 6000.0.60f1 (61dfb374e36f)
[Subsystems] Discovering subsystems at path C:/Program Files/Unity/Hub/Editor/6000.0.60f1/Editor/Data/Resources/UnitySubsystems
[Subsystems] Discovering subsystems at path C:/Users/frank/Documents/Github/StarDance Platformer/Stardance Project/Assets
GfxDevice: creating device client; kGfxThreadingModeNonThreaded
Direct3D:
    Version:  Direct3D 11.0 [level 11.1]
    Renderer: NVIDIA GeForce RTX 3060 (ID=0x2504)
    Vendor:   NVIDIA
    VRAM:     12115 MB
    Driver:   32.0.15.9579
Initialize mono
Mono path[0] = 'C:/Program Files/Unity/Hub/Editor/6000.0.60f1/Editor/Data/Managed'
Mono path[1] = 'C:/Program Files/Unity/Hub/Editor/6000.0.60f1/Editor/Data/MonoBleedingEdge/lib/mono/unityjit-win32'
Mono config path = 'C:/Program Files/Unity/Hub/Editor/6000.0.60f1/Editor/Data/MonoBleedingEdge/etc'
Using monoOptions --debugger-agent=transport=dt_socket,embedding=1,server=y,suspend=n,address=127.0.0.1:56632
Begin MonoManager ReloadAssembly
Registering precompiled unity dll's ...
Register platform support module: C:/Program Files/Unity/Hub/Editor/6000.0.60f1/Editor/Data/PlaybackEngines/WebGLSupport/UnityEditor.WebGL.Extensions.dll
Register platform support module: C:/Program Files/Unity/Hub/Editor/6000.0.60f1/Editor/Data/PlaybackEngines/MacStandaloneSupport/UnityEditor.OSXStandalone.Extensions.dll
Register platform support module: C:/Program Files/Unity/Hub/Editor/6000.0.60f1/Editor/Data/PlaybackEngines/WindowsStandaloneSupport/UnityEditor.WindowsStandalone.Extensions.dll
Registered in 0.007343 seconds.
- Loaded All Assemblies, in  0.427 seconds
Native extension for WindowsStandalone target not found
Native extension for OSXStandalone target not found
Native extension for WebGL target not found
Mono: successfully reloaded assembly
- Finished resetting the current domain, in  0.356 seconds
Domain Reload Profiling: 779ms
	BeginReloadAssembly (143ms)
		ExecutionOrderSort (0ms)
		DisableScriptedObjects (0ms)
		BackupInstance (0ms)
		ReleaseScriptingObjects (0ms)
		CreateAndSetChildDomain (1ms)
	RebuildCommonClasses (40ms)
	RebuildNativeTypeToScriptingClass (11ms)
	initialDomainReloadingComplete (63ms)
	LoadAllAssembliesAndSetupDomain (166ms)
		LoadAssemblies (138ms)
		RebuildTransferFunctionScriptingTraits (0ms)
		AnalyzeDomain (162ms)
			TypeCache.Refresh (160ms)
				TypeCache.ScanAssembly (143ms)
			BuildScriptInfoCaches (0ms)
			ResolveRequiredComponents (1ms)
	FinalizeReload (357ms)
		ReleaseScriptCaches (0ms)
		RebuildScriptCaches (0ms)
		SetupLoadedEditorAssemblies (308ms)
			LogAssemblyErrors (0ms)
			InitializePlatformSupportModulesInManaged (50ms)
			SetLoadedEditorAssemblies (4ms)
			BeforeProcessingInitializeOnLoad (61ms)
			ProcessInitializeOnLoadAttributes (129ms)
			ProcessInitializeOnLoadMethodAttributes (64ms)
			AfterProcessingInitializeOnLoad (0ms)
			EditorAssembliesLoaded (0ms)
		ExecutionOrderSort2 (0ms)
		AwakeInstancesAfterBackupRestoration (0ms)
========================================================================
Worker process is ready to serve import requests
Import Worker Mode flag is 0x00
Begin MonoManager ReloadAssembly
- Loaded All Assemblies, in  0.986 seconds
Refreshing native plugins compatible for Editor in 1.13 ms, found 3 plugins.
Native extension for WindowsStandalone target not found
Native extension for OSXStandalone target not found
Native extension for WebGL target not found
Package Manager log level set to [2]
[Package Manager] Failed to launch server process. Reason: Unity was launched with the -noUpm command-line argument
[Package Manager] Unable to send message (not connected to server process).
[Package Manager] Cannot connect to Unity Package Manager local server
<HackaTime> Initializing...
UnityEngine.Debug:ExtractStackTraceNoAlloc (byte*,int,string)
UnityEngine.StackTraceUtility:ExtractStackTrace ()
UnityEngine.DebugLogHandler:Internal_Log (UnityEngine.LogType,UnityEngine.LogOption,string,UnityEngine.Object)
UnityEngine.DebugLogHandler:LogFormat (UnityEngine.LogType,UnityEngine.Object,string,object[])
UnityEngine.Logger:Log (UnityEngine.LogType,object)
UnityEngine.Debug:Log (object)
WakaTime.Plugin:Initialize () (at ./Library/PackageCache/com.daniel-geo.unityhackatime@5ac210a9a287/Editor/Plugin.cs:76)
WakaTime.Plugin:.cctor () (at ./Library/PackageCache/com.daniel-geo.unityhackatime@5ac210a9a287/Editor/Plugin.cs:41)
System.Runtime.CompilerServices.RuntimeHelpers:RunClassConstructor (System.RuntimeTypeHandle)
UnityEditor.EditorAssemblies:ProcessInitializeOnLoadAttributes (System.Type[])

(Filename: ./Library/PackageCache/com.daniel-geo.unityhackatime@5ac210a9a287/Editor/Plugin.cs Line: 76)

<HackaTime> Sending heartbeat...
UnityEngine.Debug:ExtractStackTraceNoAlloc (byte*,int,string)
UnityEngine.StackTraceUtility:ExtractStackTrace ()
UnityEngine.DebugLogHandler:Internal_Log (UnityEngine.LogType,UnityEngine.LogOption,string,UnityEngine.Object)
UnityEngine.DebugLogHandler:LogFormat (UnityEngine.LogType,UnityEngine.Object,string,object[])
UnityEngine.Logger:Log (UnityEngine.LogType,object)
UnityEngine.Debug:Log (object)
WakaTime.Plugin/<SendHeartbeat>d__29:MoveNext () (at ./Library/PackageCache/com.daniel-geo.unityhackatime@5ac210a9a287/Editor/Plugin.cs:144)
System.Runtime.CompilerServices.AsyncVoidMethodBuilder:Start<WakaTime.Plugin/<SendHeartbeat>d__29> (WakaTime.Plugin/<SendHeartbeat>d__29&)
WakaTime.Plugin:SendHeartbeat (bool)
WakaTime.Plugin:Initialize () (at ./Library/PackageCache/com.daniel-geo.unityhackatime@5ac210a9a287/Editor/Plugin.cs:78)
WakaTime.Plugin:.cctor () (at ./Library/PackageCache/com.daniel-geo.unityhackatime@5ac210a9a287/Editor/Plugin.cs:41)
System.Runtime.CompilerServices.RuntimeHelpers:RunClassConstructor (System.RuntimeTypeHandle)
UnityEditor.EditorAssemblies:ProcessInitializeOnLoadAttributes (System.Type[])

(Filename: ./Library/PackageCache/com.daniel-geo.unityhackatime@5ac210a9a287/Editor/Plugin.cs Line: 144)

[MODES] ModeService[none].Initialize
[MODES] ModeService[none].LoadModes
[MODES] Loading mode Default (0) for mode-current-id-Stardance Project
Mono: successfully reloaded assembly
- Finished resetting the current domain, in  0.934 seconds
Domain Reload Profiling: 1912ms
	BeginReloadAssembly (219ms)
		ExecutionOrderSort (0ms)
		DisableScriptedObjects (8ms)
		BackupInstance (0ms)
		ReleaseScriptingObjects (0ms)
		CreateAndSetChildDomain (39ms)
	RebuildCommonClasses (40ms)
	RebuildNativeTypeToScriptingClass (13ms)
	initialDomainReloadingComplete (44ms)
	LoadAllAssembliesAndSetupDomain (660ms)
		LoadAssemblies (487ms)
		RebuildTransferFunctionScriptingTraits (0ms)
		AnalyzeDomain (301ms)
			TypeCache.Refresh (219ms)
				TypeCache.ScanAssembly (197ms)
			BuildScriptInfoCaches (65ms)
			ResolveRequiredComponents (13ms)
	FinalizeReload (935ms)
		ReleaseScriptCaches (0ms)
		RebuildScriptCaches (0ms)
		SetupLoadedEditorAssemblies (724ms)
			LogAssemblyErrors (0ms)
			InitializePlatformSupportModulesInManaged (5ms)
			SetLoadedEditorAssemblies (6ms)
			BeforeProcessingInitializeOnLoad (157ms)
			ProcessInitializeOnLoadAttributes (447ms)
			ProcessInitializeOnLoadMethodAttributes (99ms)
			AfterProcessingInitializeOnLoad (9ms)
			EditorAssembliesLoaded (0ms)
		ExecutionOrderSort2 (0ms)
		AwakeInstancesAfterBackupRestoration (8ms)
Launched and connected shader compiler UnityShaderCompiler.exe after 0.01 seconds
Refreshing native plugins compatible for Editor in 1.53 ms, found 3 plugins.
Preloading 0 native plugins for Editor in 0.00 ms.
Unloading 14 Unused Serialized files (Serialized files now loaded: 0)
<HackaTime> Got response
{"id":2716370876,"user_id":27195,"branch":"main","category":"coding","dependencies":[],"editor":"unity","entity":"Unsaved Scene","language":"unity","machine":null,"operating_system":null,"project":"Stardance Project","type":"file","user_agent":"unity-hackatime","line_additions":null,"line_deletions":null,"lineno":null,"lines":null,"cursorpos":null,"project_root_count":null,"time":1788838528.0,"is_write":false,"created_at":"2026-09-08T03:36:29.189Z","updated_at":"2026-09-08T03:36:29.189Z","fields_hash":"6a4b2af7dde92baa7600d9d67f6b66a4","source_type":"direct_entry","ip_address":"2601:600:8280:6b00:5d1e:6bf0:57c3:b9dd","deleted_at":null,"ja4_id":22,"ai_model":null,"ai_session":null,"ai_subscription_plan":null,"ai_input_tokens":null,"ai_output_tokens":null,"ai_prompt_length":null,"ai_line_changes":null,"human_line_changes":null}
UnityEngine.Debug:ExtractStackTraceNoAlloc (byte*,int,string)
UnityEngine.StackTraceUtility:ExtractStackTrace ()
UnityEngine.DebugLogHandler:Internal_Log (UnityEngine.LogType,UnityEngine.LogOption,string,UnityEngine.Object)
UnityEngine.DebugLogHandler:LogFormat (UnityEngine.LogType,UnityEngine.Object,string,object[])
UnityEngine.Logger:Log (UnityEngine.LogType,object)
UnityEngine.Debug:Log (object)
WakaTime.Plugin/<SendHeartbeat>d__29:MoveNext () (at ./Library/PackageCache/com.daniel-geo.unityhackatime@5ac210a9a287/Editor/Plugin.cs:187)
System.Runtime.CompilerServices.AsyncMethodBuilderCore/MoveNextRunner:InvokeMoveNext (object)
System.Threading.ExecutionContext:RunInternal (System.Threading.ExecutionContext,System.Threading.ContextCallback,object,bool)
System.Threading.ExecutionContext:Run (System.Threading.ExecutionContext,System.Threading.ContextCallback,object,bool)
System.Runtime.CompilerServices.AsyncMethodBuilderCore/MoveNextRunner:Run ()
System.Threading.Tasks.AwaitTaskContinuation:InvokeAction (object)
System.Threading.Tasks.AwaitTaskContinuation:RunCallback (System.Threading.ContextCallback,object,System.Threading.Tasks.Task&)
System.Threading.Tasks.SynchronizationContextAwaitTaskContinuation:Run (System.Threading.Tasks.Task,bool)
System.Threading.Tasks.Task:FinishContinuations ()
System.Threading.Tasks.Task:FinishStageThree ()
System.Threading.Tasks.Task`1<bool>:TrySetResult (bool)
System.Threading.Tasks.TaskCompletionSource`1<bool>:TrySetResult (bool)
WakaTime.Plugin/<>c__DisplayClass29_0:<SendHeartbeat>b__0 (UnityEngine.AsyncOperation) (at ./Library/PackageCache/com.daniel-geo.unityhackatime@5ac210a9a287/Editor/Plugin.cs:176)
UnityEngine.AsyncOperation:InvokeCompletionEvent ()

(Filename: ./Library/PackageCache/com.daniel-geo.unityhackatime@5ac210a9a287/Editor/Plugin.cs Line: 187)

<HackaTime> Sent heartbeat!
UnityEngine.Debug:ExtractStackTraceNoAlloc (byte*,int,string)
UnityEngine.StackTraceUtility:ExtractStackTrace ()
UnityEngine.DebugLogHandler:Internal_Log (UnityEngine.LogType,UnityEngine.LogOption,string,UnityEngine.Object)
UnityEngine.DebugLogHandler:LogFormat (UnityEngine.LogType,UnityEngine.Object,string,object[])
UnityEngine.Logger:Log (UnityEngine.LogType,object)
UnityEngine.Debug:Log (object)
WakaTime.Plugin/<SendHeartbeat>d__29:MoveNext () (at ./Library/PackageCache/com.daniel-geo.unityhackatime@5ac210a9a287/Editor/Plugin.cs:203)
System.Runtime.CompilerServices.AsyncMethodBuilderCore/MoveNextRunner:InvokeMoveNext (object)
System.Threading.ExecutionContext:RunInternal (System.Threading.ExecutionContext,System.Threading.ContextCallback,object,bool)
System.Threading.ExecutionContext:Run (System.Threading.ExecutionContext,System.Threading.ContextCallback,object,bool)
System.Runtime.CompilerServices.AsyncMethodBuilderCore/MoveNextRunner:Run ()
System.Threading.Tasks.AwaitTaskContinuation:InvokeAction (object)
System.Threading.Tasks.AwaitTaskContinuation:RunCallback (System.Threading.ContextCallback,object,System.Threading.Tasks.Task&)
System.Threading.Tasks.SynchronizationContextAwaitTaskContinuation:Run (System.Threading.Tasks.Task,bool)
System.Threading.Tasks.Task:FinishContinuations ()
System.Threading.Tasks.Task:FinishStageThree ()
System.Threading.Tasks.Task`1<bool>:TrySetResult (bool)
System.Threading.Tasks.TaskCompletionSource`1<bool>:TrySetResult (bool)
WakaTime.Plugin/<>c__DisplayClass29_0:<SendHeartbeat>b__0 (UnityEngine.AsyncOperation) (at ./Library/PackageCache/com.daniel-geo.unityhackatime@5ac210a9a287/Editor/Plugin.cs:176)
UnityEngine.AsyncOperation:InvokeCompletionEvent ()

(Filename: ./Library/PackageCache/com.daniel-geo.unityhackatime@5ac210a9a287/Editor/Plugin.cs Line: 203)

Unloading 6465 unused Assets / (4.8 MB). Loaded Objects now: 7195.
Memory consumption went from 133.3 MB to 128.5 MB.
Total: 13.776000 ms (FindLiveObjects: 1.108100 ms CreateObjectMapping: 1.256400 ms MarkObjects: 7.034700 ms  DeleteObjects: 4.375900 ms)

========================================================================
Received Import Request.
  Time since last request: 28430.157721 seconds.
  path: Assets/Materials/Texture Pack/128x128/Plaster
  artifactKey: Guid(490b821dfd0ffea4eb4e876693f74b8b) Importer(2089858483,192608db42251d675da83286b1cce702)
Start importing Assets/Materials/Texture Pack/128x128/Plaster using Guid(490b821dfd0ffea4eb4e876693f74b8b) Importer(2089858483,192608db42251d675da83286b1cce702) (ScriptedImporter) -> (artifact id: '07c076315a954e496a1cfe97d7c2c79c') in 0.1457366 seconds
Number of updated asset objects reloaded before import = 0Number of asset objects unloaded after import = 1

========================================================================
Received Import Request.
  Time since last request: 0.000020 seconds.
  path: Assets/Materials/Texture Pack/128x128/Brick/Brick_15-128x128.png
  artifactKey: Guid(0fe7127e1ec4cfd4195e963c665b329c) Importer(2089858483,192608db42251d675da83286b1cce702)
Start importing Assets/Materials/Texture Pack/128x128/Brick/Brick_15-128x128.png using Guid(0fe7127e1ec4cfd4195e963c665b329c) Importer(2089858483,192608db42251d675da83286b1cce702) (ScriptedImporter) -> (artifact id: '1131c572f4db9774cfd638ca68cf168d') in 0.0754963 seconds
Number of updated asset objects reloaded before import = 0Number of asset objects unloaded after import = 1

========================================================================
Received Import Request.
  Time since last request: 0.000019 seconds.
  path: Assets/Materials/Texture Pack/128x128 Horror/Elements/Elements_04-128x128.png
  artifactKey: Guid(b90a79380bad07f4db699652c50b8ac1) Importer(2089858483,192608db42251d675da83286b1cce702)
Start importing Assets/Materials/Texture Pack/128x128 Horror/Elements/Elements_04-128x128.png using Guid(b90a79380bad07f4db699652c50b8ac1) Importer(2089858483,192608db42251d675da83286b1cce702) (ScriptedImporter) -> (artifact id: '9d6e075d5bf18b80d6a823ee79723c7c') in 0.0102746 seconds
Number of updated asset objects reloaded before import = 0Number of asset objects unloaded after import = 1

========================================================================
Received Import Request.
  Time since last request: 0.000028 seconds.
  path: Assets/Materials/Texture Pack/128x128 Horror/Plaster/Plaster_19-128x128.png
  artifactKey: Guid(368d35b22a02ea347acdaccceafd48d7) Importer(2089858483,192608db42251d675da83286b1cce702)
Start importing Assets/Materials/Texture Pack/128x128 Horror/Plaster/Plaster_19-128x128.png using Guid(368d35b22a02ea347acdaccceafd48d7) Importer(2089858483,192608db42251d675da83286b1cce702) (ScriptedImporter) -> (artifact id: '7fe7ceddd6d78e6a6f560d3bfd83c58d') in 0.0086 seconds
Number of updated asset objects reloaded before import = 0Number of asset objects unloaded after import = 1

========================================================================
Received Import Request.
  Time since last request: 0.000017 seconds.
  path: Assets/Materials/Texture Pack/128x128/Brick/Brick_17-128x128.png
  artifactKey: Guid(8b39f122f2035444191833e430271bed) Importer(2089858483,192608db42251d675da83286b1cce702)
Start importing Assets/Materials/Texture Pack/128x128/Brick/Brick_17-128x128.png using Guid(8b39f122f2035444191833e430271bed) Importer(2089858483,192608db42251d675da83286b1cce702) (ScriptedImporter) -> (artifact id: '83bd826574695b2c013674df5b80cfac') in 0.0090183 seconds
Number of updated asset objects reloaded before import = 0Number of asset objects unloaded after import = 1

========================================================================
Received Import Request.
  Time since last request: 0.000015 seconds.
  path: Assets/Materials/Texture Pack/128x128/Tile/Tile_13-128x128.png
  artifactKey: Guid(4d4da3b05d29dc14d810c97e2877a1e4) Importer(2089858483,192608db42251d675da83286b1cce702)
Start importing Assets/Materials/Texture Pack/128x128/Tile/Tile_13-128x128.png using Guid(4d4da3b05d29dc14d810c97e2877a1e4) Importer(2089858483,192608db42251d675da83286b1cce702) (ScriptedImporter) -> (artifact id: '7792820e1f788e1bdd423d41bdca31c4') in 0.0091518 seconds
Number of updated asset objects reloaded before import = 0Number of asset objects unloaded after import = 1

========================================================================
Received Import Request.
  Time since last request: 0.000017 seconds.
  path: Assets/Materials/Texture Pack/128x128 Horror/Wood/Wood_11-128x128.png
  artifactKey: Guid(663ee58875e665c4c9cd96c6d900cf8c) Importer(2089858483,192608db42251d675da83286b1cce702)
Start importing Assets/Materials/Texture Pack/128x128 Horror/Wood/Wood_11-128x128.png using Guid(663ee58875e665c4c9cd96c6d900cf8c) Importer(2089858483,192608db42251d675da83286b1cce702) (ScriptedImporter) -> (artifact id: '31323793fc4ea697db7801365d72f45b') in 0.0085327 seconds
Number of updated asset objects reloaded before import = 0Number of asset objects unloaded after import = 1

========================================================================
Received Import Request.
  Time since last request: 0.000018 seconds.
  path: Assets/Materials/Texture Pack/128x128/Tile/Tile_09-128x128.png
  artifactKey: Guid(5f83e4d11a5b5534c921bc7052a78c3f) Importer(2089858483,192608db42251d675da83286b1cce702)
Start importing Assets/Materials/Texture Pack/128x128/Tile/Tile_09-128x128.png using Guid(5f83e4d11a5b5534c921bc7052a78c3f) Importer(2089858483,192608db42251d675da83286b1cce702) (ScriptedImporter) -> (artifact id: 'e4d7792342e2fefcde3bcb7bb56c5fd5') in 0.0121679 seconds
Number of updated asset objects reloaded before import = 0Number of asset objects unloaded after import = 1

========================================================================
Received Import Request.
  Time since last request: 0.000029 seconds.
  path: Assets/Materials/Texture Pack/License.txt
  artifactKey: Guid(b3de49238f9783a41943b21ead5dc6f9) Importer(2089858483,192608db42251d675da83286b1cce702)
Start importing Assets/Materials/Texture Pack/License.txt using Guid(b3de49238f9783a41943b21ead5dc6f9) Importer(2089858483,192608db42251d675da83286b1cce702) (ScriptedImporter) -> (artifact id: '5ea35a4fa3b8ba9aefffd9e291e7cb6c') in 0.00379 seconds
Number of updated asset objects reloaded before import = 0Number of asset objects unloaded after import = 1

========================================================================
Received Import Request.
  Time since last request: 0.000019 seconds.
  path: Assets/Materials/Texture Pack/128x128/Elements/Elements_14-128x128.png
  artifactKey: Guid(9f3d4e349161094479d868621a751d0c) Importer(2089858483,192608db42251d675da83286b1cce702)
Start importing Assets/Materials/Texture Pack/128x128/Elements/Elements_14-128x128.png using Guid(9f3d4e349161094479d868621a751d0c) Importer(2089858483,192608db42251d675da83286b1cce702) (ScriptedImporter) -> (artifact id: '51523c1866145343fcdd5d75c0ef3478') in 0.0085633 seconds
Number of updated asset objects reloaded before import = 0Number of asset objects unloaded after import = 1

========================================================================
Received Import Request.
  Time since last request: 0.000023 seconds.
  path: Assets/Materials/Texture Pack/128x128 Horror/Metal/Metal_07-128x128.png
  artifactKey: Guid(727a2809daab6c743babbd3abe9f9843) Importer(2089858483,192608db42251d675da83286b1cce702)
Start importing Assets/Materials/Texture Pack/128x128 Horror/Metal/Metal_07-128x128.png using Guid(727a2809daab6c743babbd3abe9f9843) Importer(2089858483,192608db42251d675da83286b1cce702) (ScriptedImporter) -> (artifact id: '0353a76627238910c41f5f2018834532') in 0.0099615 seconds
Number of updated asset objects reloaded before import = 0Number of asset objects unloaded after import = 1

========================================================================
Received Import Request.
  Time since last request: 0.000017 seconds.
  path: Assets/Materials/Texture Pack/128x128/Tile/Tile_02-128x128.png
  artifactKey: Guid(bb6b5baf6ba43e04789b8dfd03072ec5) Importer(2089858483,192608db42251d675da83286b1cce702)
Start importing Assets/Materials/Texture Pack/128x128/Tile/Tile_02-128x128.png using Guid(bb6b5baf6ba43e04789b8dfd03072ec5) Importer(2089858483,192608db42251d675da83286b1cce702) (ScriptedImporter) -> (artifact id: '487d24a81895059c25dd971b5d12870b') in 0.0088297 seconds
Number of updated asset objects reloaded before import = 0Number of asset objects unloaded after import = 1

========================================================================
Received Import Request.
  Time since last request: 0.000016 seconds.
  path: Assets/Materials/Texture Pack/128x128/Metal/Metal_12-128x128.png
  artifactKey: Guid(cb42ec21495b0584c974ce8aa86e4498) Importer(2089858483,192608db42251d675da83286b1cce702)
Start importing Assets/Materials/Texture Pack/128x128/Metal/Metal_12-128x128.png using Guid(cb42ec21495b0584c974ce8aa86e4498) Importer(2089858483,192608db42251d675da83286b1cce702) (ScriptedImporter) -> (artifact id: '1858ef1718eec5343361bfdaf0c5aee2') in 0.0090222 seconds
Number of updated asset objects reloaded before import = 0Number of asset objects unloaded after import = 1

========================================================================
Received Import Request.
  Time since last request: 0.000028 seconds.
  path: Assets/Materials/Texture Pack/128x128/Metal/Metal_15-128x128.png
  artifactKey: Guid(eefe17d47b3719940a4f50ed142afa0f) Importer(2089858483,192608db42251d675da83286b1cce702)
Start importing Assets/Materials/Texture Pack/128x128/Metal/Metal_15-128x128.png using Guid(eefe17d47b3719940a4f50ed142afa0f) Importer(2089858483,192608db42251d675da83286b1cce702) (ScriptedImporter) -> (artifact id: 'dce08ed3a6ece3ef799b04e05142cb1b') in 0.0112878 seconds
Number of updated asset objects reloaded before import = 0Number of asset objects unloaded after import = 1

========================================================================
Received Import Request.
  Time since last request: 0.000020 seconds.
  path: Assets/Materials/Texture Pack/128x128 Horror/Brick/Brick_11-128x128.png
  artifactKey: Guid(98965c6e3f7f93c47b946367a9c724f8) Importer(2089858483,192608db42251d675da83286b1cce702)
Start importing Assets/Materials/Texture Pack/128x128 Horror/Brick/Brick_11-128x128.png using Guid(98965c6e3f7f93c47b946367a9c724f8) Importer(2089858483,192608db42251d675da83286b1cce702) (ScriptedImporter) -> (artifact id: 'c7532e929c3d84aa82b19739c3e9ae43') in 0.0095261 seconds
Number of updated asset objects reloaded before import = 0Number of asset objects unloaded after import = 1

========================================================================
Received Import Request.
  Time since last request: 0.000020 seconds.
  path: Assets/Materials/Texture Pack/128x128/Wood/Wood_02-128x128.png
  artifactKey: Guid(e09d4152f434e3b43b1be1c1f8c15048) Importer(2089858483,192608db42251d675da83286b1cce702)
Start importing Assets/Materials/Texture Pack/128x128/Wood/Wood_02-128x128.png using Guid(e09d4152f434e3b43b1be1c1f8c15048) Importer(2089858483,192608db42251d675da83286b1cce702) (ScriptedImporter) -> (artifact id: '1f57dec7fb09882c49e5e61e4001908f') in 0.0085073 seconds
Number of updated asset objects reloaded before import = 0Number of asset objects unloaded after import = 1

========================================================================
Received Import Request.
  Time since last request: 0.000017 seconds.
  path: Assets/Materials/Texture Pack/128x128 Horror/Tile/Tile_15-128x128.png
  artifactKey: Guid(72c784c844dca2f48981a8ed9e9b400f) Importer(2089858483,192608db42251d675da83286b1cce702)
Start importing Assets/Materials/Texture Pack/128x128 Horror/Tile/Tile_15-128x128.png using Guid(72c784c844dca2f48981a8ed9e9b400f) Importer(2089858483,192608db42251d675da83286b1cce702) (ScriptedImporter) -> (artifact id: 'c1521090f839a069a425be9051d919f3') in 0.0086885 seconds
Number of updated asset objects reloaded before import = 0Number of asset objects unloaded after import = 1

========================================================================
Received Import Request.
  Time since last request: 0.000019 seconds.
  path: Assets/Materials/Texture Pack/128x128 Horror/Plaster
  artifactKey: Guid(089440b0809cc0f42834586a16685a8a) Importer(2089858483,192608db42251d675da83286b1cce702)
Start importing Assets/Materials/Texture Pack/128x128 Horror/Plaster using Guid(089440b0809cc0f42834586a16685a8a) Importer(2089858483,192608db42251d675da83286b1cce702) (ScriptedImporter) -> (artifact id: 'c21a3d2c6cad1be6237d8fa1c32272cc') in 0.0042825 seconds
Number of updated asset objects reloaded before import = 0Number of asset objects unloaded after import = 1

========================================================================
Received Import Request.
  Time since last request: 0.000032 seconds.
  path: Assets/Materials/Texture Pack/128x128/Elements/Elements_07-128x128.png
  artifactKey: Guid(83fb69e0e31705446bdae1a1dd0977ec) Importer(2089858483,192608db42251d675da83286b1cce702)
Start importing Assets/Materials/Texture Pack/128x128/Elements/Elements_07-128x128.png using Guid(83fb69e0e31705446bdae1a1dd0977ec) Importer(2089858483,192608db42251d675da83286b1cce702) (ScriptedImporter) -> (artifact id: '5aa33676150c9ed1d39645c9716978a5') in 0.0099596 seconds
Number of updated asset objects reloaded before import = 0Number of asset objects unloaded after import = 1

========================================================================
Received Import Request.
  Time since last request: 0.000020 seconds.
  path: Assets/Materials/Texture Pack/128x128 Horror/Dirt
  artifactKey: Guid(af164714786489d43847e20ce708618d) Importer(2089858483,192608db42251d675da83286b1cce702)
Start importing Assets/Materials/Texture Pack/128x128 Horror/Dirt using Guid(af164714786489d43847e20ce708618d) Importer(2089858483,192608db42251d675da83286b1cce702) (ScriptedImporter) -> (artifact id: 'de2b966df97ba023542fab4c9ebf70e9') in 0.0041096 seconds
Number of updated asset objects reloaded before import = 0Number of asset objects unloaded after import = 1

========================================================================
Received Import Request.
  Time since last request: 0.000016 seconds.
  path: Assets/Materials/Texture Pack/128x128/Tile/Tile_15-128x128.png
  artifactKey: Guid(7779200b10b284146a80b2e4010bc91c) Importer(2089858483,192608db42251d675da83286b1cce702)
Start importing Assets/Materials/Texture Pack/128x128/Tile/Tile_15-128x128.png using Guid(7779200b10b284146a80b2e4010bc91c) Importer(2089858483,192608db42251d675da83286b1cce702) (ScriptedImporter) -> (artifact id: '530b7de705f1d581a0c43069e2d4ee3d') in 0.0112985 seconds
Number of updated asset objects reloaded before import = 0Number of asset objects unloaded after import = 1

========================================================================
Received Import Request.
  Time since last request: 0.000024 seconds.
  path: Assets/Materials/Texture Pack/128x128/Plaster/Plaster_04-128x128.png
  artifactKey: Guid(e672f87786222064e830fb91f0f184bd) Importer(2089858483,192608db42251d675da83286b1cce702)
Start importing Assets/Materials/Texture Pack/128x128/Plaster/Plaster_04-128x128.png using Guid(e672f87786222064e830fb91f0f184bd) Importer(2089858483,192608db42251d675da83286b1cce702) (ScriptedImporter) -> (artifact id: 'f83eb952a57ddc44c8dee4ed5a30c278') in 0.0094567 seconds
Number of updated asset objects reloaded before import = 0Number of asset objects unloaded after import = 1

========================================================================
Received Import Request.
  Time since last request: 0.000021 seconds.
  path: Assets/Materials/Texture Pack/128x128/Elements/Elements_12-128x128.png
  artifactKey: Guid(858d850c4ffc97e4db5e699c10fe5e99) Importer(2089858483,192608db42251d675da83286b1cce702)
Start importing Assets/Materials/Texture Pack/128x128/Elements/Elements_12-128x128.png using Guid(858d850c4ffc97e4db5e699c10fe5e99) Importer(2089858483,192608db42251d675da83286b1cce702) (ScriptedImporter) -> (artifact id: 'f72b3c2735aa8ded60bda2ca588bb807') in 0.0114541 seconds
Number of updated asset objects reloaded before import = 0Number of asset objects unloaded after import = 1

========================================================================
Received Import Request.
  Time since last request: 0.000036 seconds.
  path: Assets/Materials/Texture Pack/128x128/Elements/Elements_03-128x128.png
  artifactKey: Guid(c38d4bffa4637a34c82d6b1b292a4c5e) Importer(2089858483,192608db42251d675da83286b1cce702)
Start importing Assets/Materials/Texture Pack/128x128/Elements/Elements_03-128x128.png using Guid(c38d4bffa4637a34c82d6b1b292a4c5e) Importer(2089858483,192608db42251d675da83286b1cce702) (ScriptedImporter) -> (artifact id: 'b5a7ff7d28b3589bb5a4b6e5c6c8862b') in 0.0095652 seconds
Number of updated asset objects reloaded before import = 0Number of asset objects unloaded after import = 1

========================================================================
Received Import Request.
  Time since last request: 0.000017 seconds.
  path: Assets/Materials/Texture Pack/128x128 Horror/Plaster/Plaster_01-128x128.png
  artifactKey: Guid(c427a0a0c1fe51a42bc4bc50d746bd29) Importer(2089858483,192608db42251d675da83286b1cce702)
Start importing Assets/Materials/Texture Pack/128x128 Horror/Plaster/Plaster_01-128x128.png using Guid(c427a0a0c1fe51a42bc4bc50d746bd29) Importer(2089858483,192608db42251d675da83286b1cce702) (ScriptedImporter) -> (artifact id: 'dfed746e45fa00b5830b510ba18c2a28') in 0.0099411 seconds
Number of updated asset objects reloaded before import = 0Number of asset objects unloaded after import = 1

========================================================================
Received Import Request.
  Time since last request: 0.000020 seconds.
  path: Assets/Materials/Texture Pack/128x128 Horror/Tile/Tile_11-128x128.png
  artifactKey: Guid(eafd11f0ff695094ab6dd42a404f527a) Importer(2089858483,192608db42251d675da83286b1cce702)
Start importing Assets/Materials/Texture Pack/128x128 Horror/Tile/Tile_11-128x128.png using Guid(eafd11f0ff695094ab6dd42a404f527a) Importer(2089858483,192608db42251d675da83286b1cce702) (ScriptedImporter) -> (artifact id: '1c10b9f8215dcfc41e36207a5163b310') in 0.0109432 seconds
Number of updated asset objects reloaded before import = 0Number of asset objects unloaded after import = 1

========================================================================
Received Import Request.
  Time since last request: 0.000017 seconds.
  path: Assets/Materials/Texture Pack/128x128/Metal/Metal_13-128x128.png
  artifactKey: Guid(5048e02cc9001684db8d4bc92ea66e67) Importer(2089858483,192608db42251d675da83286b1cce702)
Start importing Assets/Materials/Texture Pack/128x128/Metal/Metal_13-128x128.png using Guid(5048e02cc9001684db8d4bc92ea66e67) Importer(2089858483,192608db42251d675da83286b1cce702) (ScriptedImporter) -> (artifact id: 'c61449ac9b48eafdbe0416c520d27209') in 0.0084731 seconds
Number of updated asset objects reloaded before import = 0Number of asset objects unloaded after import = 1

========================================================================
Received Import Request.
  Time since last request: 0.000019 seconds.
  path: Assets/Materials/Texture Pack/128x128 Horror/Plaster/Plaster_04-128x128.png
  artifactKey: Guid(c83fe140dcc0a4246b23356f4bd9c2d1) Importer(2089858483,192608db42251d675da83286b1cce702)
Start importing Assets/Materials/Texture Pack/128x128 Horror/Plaster/Plaster_04-128x128.png using Guid(c83fe140dcc0a4246b23356f4bd9c2d1) Importer(2089858483,192608db42251d675da83286b1cce702) (ScriptedImporter) -> (artifact id: '9fa1941dbe007019c4180fd478ee52da') in 0.0087561 seconds
Number of updated asset objects reloaded before import = 0Number of asset objects unloaded after import = 1

========================================================================
Received Import Request.
  Time since last request: 0.000031 seconds.
  path: Assets/Materials/Texture Pack/128x128 Horror/Plaster/Plaster_08-128x128.png
  artifactKey: Guid(562472df184174b4bb93cd1b4f3e2cd8) Importer(2089858483,192608db42251d675da83286b1cce702)
Start importing Assets/Materials/Texture Pack/128x128 Horror/Plaster/Plaster_08-128x128.png using Guid(562472df184174b4bb93cd1b4f3e2cd8) Importer(2089858483,192608db42251d675da83286b1cce702) (ScriptedImporter) -> (artifact id: '0d2f0c8c5d5f49a4589b75b2c5655999') in 0.0096587 seconds
Number of updated asset objects reloaded before import = 0Number of asset objects unloaded after import = 1

========================================================================
Received Import Request.
  Time since last request: 0.000017 seconds.
  path: Assets/Materials/Texture Pack/128x128 Horror/Brick/Horror_Brick_02-128x128.png
  artifactKey: Guid(223b7dc3ca235384898b09e9db7b625c) Importer(2089858483,192608db42251d675da83286b1cce702)
Start importing Assets/Materials/Texture Pack/128x128 Horror/Brick/Horror_Brick_02-128x128.png using Guid(223b7dc3ca235384898b09e9db7b625c) Importer(2089858483,192608db42251d675da83286b1cce702) (ScriptedImporter) -> (artifact id: 'ec5c1fe9e0e0f1df66fadfc5950dc158') in 0.0087364 seconds
Number of updated asset objects reloaded before import = 0Number of asset objects unloaded after import = 1

========================================================================
Received Import Request.
  Time since last request: 0.000018 seconds.
  path: Assets/Materials/Texture Pack/128x128 Horror/Floor/Horror_Floor_11-128x128.png
  artifactKey: Guid(01275aa1cd79f2b4f9bfac849db7325d) Importer(2089858483,192608db42251d675da83286b1cce702)
Start importing Assets/Materials/Texture Pack/128x128 Horror/Floor/Horror_Floor_11-128x128.png using Guid(01275aa1cd79f2b4f9bfac849db7325d) Importer(2089858483,192608db42251d675da83286b1cce702) (ScriptedImporter) -> (artifact id: 'd1b016942cc24e37a1112257e11b77ef') in 0.0106409 seconds
Number of updated asset objects reloaded before import = 0Number of asset objects unloaded after import = 1

========================================================================
Received Import Request.
  Time since last request: 0.000018 seconds.
  path: Assets/Materials/Texture Pack/128x128 Horror/Wall/Horror_Wall_06-128x128.png
  artifactKey: Guid(9d465363687655146befeb6dc97cf9f8) Importer(2089858483,192608db42251d675da83286b1cce702)
Start importing Assets/Materials/Texture Pack/128x128 Horror/Wall/Horror_Wall_06-128x128.png using Guid(9d465363687655146befeb6dc97cf9f8) Importer(2089858483,192608db42251d675da83286b1cce702) (ScriptedImporter) -> (artifact id: '7389a601997c42aa32d4d963f4f9585b') in 0.0097272 seconds
Number of updated asset objects reloaded before import = 0Number of asset objects unloaded after import = 1

========================================================================
Received Import Request.
  Time since last request: 0.000024 seconds.
  path: Assets/Materials/Texture Pack/128x128/Plaster/Plaster_12-128x128.png
  artifactKey: Guid(a719befd879a903498d1d3b5019fa8ef) Importer(2089858483,192608db42251d675da83286b1cce702)
Start importing Assets/Materials/Texture Pack/128x128/Plaster/Plaster_12-128x128.png using Guid(a719befd879a903498d1d3b5019fa8ef) Importer(2089858483,192608db42251d675da83286b1cce702) (ScriptedImporter) -> (artifact id: '6072a065b135e6bcb1e1413aeddd7b2c') in 0.0092298 seconds
Number of updated asset objects reloaded before import = 0Number of asset objects unloaded after import = 1

========================================================================
Received Import Request.
  Time since last request: 0.000025 seconds.
  path: Assets/Materials/Texture Pack/128x128 Horror/Tile/Tile_07-128x128.png
  artifactKey: Guid(09e0e4352b561014cb40a25807f74be1) Importer(2089858483,192608db42251d675da83286b1cce702)
Start importing Assets/Materials/Texture Pack/128x128 Horror/Tile/Tile_07-128x128.png using Guid(09e0e4352b561014cb40a25807f74be1) Importer(2089858483,192608db42251d675da83286b1cce702) (ScriptedImporter) -> (artifact id: 'f4aa446419a74c6e0694fff95e2ce050') in 0.0092731 seconds
Number of updated asset objects reloaded before import = 0Number of asset objects unloaded after import = 1

========================================================================
Received Import Request.
  Time since last request: 0.000033 seconds.
  path: Assets/Materials/Texture Pack/128x128 Horror/Misc/Horror_Misc_09-128x128.png
  artifactKey: Guid(ea707925f953b114984bd7a8983175d0) Importer(2089858483,192608db42251d675da83286b1cce702)
Start importing Assets/Materials/Texture Pack/128x128 Horror/Misc/Horror_Misc_09-128x128.png using Guid(ea707925f953b114984bd7a8983175d0) Importer(2089858483,192608db42251d675da83286b1cce702) (ScriptedImporter) -> (artifact id: '2fcf27548f52b9a8bcf8b0bbc438a37c') in 0.0088256 seconds
Number of updated asset objects reloaded before import = 0Number of asset objects unloaded after import = 1

========================================================================
Received Import Request.
  Time since last request: 0.000023 seconds.
  path: Assets/Materials/Texture Pack/128x128 Horror/Floor/Horror_Floor_02-128x128.png
  artifactKey: Guid(fa3d664545aa20e44b397924f5c7c930) Importer(2089858483,192608db42251d675da83286b1cce702)
Start importing Assets/Materials/Texture Pack/128x128 Horror/Floor/Horror_Floor_02-128x128.png using Guid(fa3d664545aa20e44b397924f5c7c930) Importer(2089858483,192608db42251d675da83286b1cce702) (ScriptedImporter) -> (artifact id: '387b395be9f1602532d0155383cdbe4f') in 0.0105483 seconds
Number of updated asset objects reloaded before import = 0Number of asset objects unloaded after import = 1

========================================================================
Received Import Request.
  Time since last request: 0.000020 seconds.
  path: Assets/Materials/Texture Pack/128x128/Plaster/Plaster_08-128x128.png
  artifactKey: Guid(a9d83814883315b41ae2f104412a47a2) Importer(2089858483,192608db42251d675da83286b1cce702)
Start importing Assets/Materials/Texture Pack/128x128/Plaster/Plaster_08-128x128.png using Guid(a9d83814883315b41ae2f104412a47a2) Importer(2089858483,192608db42251d675da83286b1cce702) (ScriptedImporter) -> (artifact id: 'e3ec2d9200afad98e90851860d53b12b') in 0.0095535 seconds
Number of updated asset objects reloaded before import = 0Number of asset objects unloaded after import = 1

========================================================================
Received Import Request.
  Time since last request: 0.000039 seconds.
  path: Assets/Materials/Texture Pack/128x128/Dirt/Dirt_18-128x128.png
  artifactKey: Guid(07551bc161f82eb4b8332f1fe43eae60) Importer(2089858483,192608db42251d675da83286b1cce702)
Start importing Assets/Materials/Texture Pack/128x128/Dirt/Dirt_18-128x128.png using Guid(07551bc161f82eb4b8332f1fe43eae60) Importer(2089858483,192608db42251d675da83286b1cce702) (ScriptedImporter) -> (artifact id: 'b9a7bb94ae47c7480267be9d48ad00b5') in 0.0089929 seconds
Number of updated asset objects reloaded before import = 0Number of asset objects unloaded after import = 1

========================================================================
Received Import Request.
  Time since last request: 0.000027 seconds.
  path: Assets/Materials/Texture Pack/128x128 Horror/Stone/Horror_Stone_04-128x128.png
  artifactKey: Guid(98520d27248d50440a507d45cba6464f) Importer(2089858483,192608db42251d675da83286b1cce702)
Start importing Assets/Materials/Texture Pack/128x128 Horror/Stone/Horror_Stone_04-128x128.png using Guid(98520d27248d50440a507d45cba6464f) Importer(2089858483,192608db42251d675da83286b1cce702) (ScriptedImporter) -> (artifact id: 'c29c53bacbd0b35893f7f59c9cb84be7') in 0.009063 seconds
Number of updated asset objects reloaded before import = 0Number of asset objects unloaded after import = 1

========================================================================
Received Import Request.
  Time since last request: 0.000018 seconds.
  path: Assets/Materials/Texture Pack/128x128 Horror/Floor/Horror_Floor_04-128x128.png
  artifactKey: Guid(6ca52447d7101a84c97327edbf330831) Importer(2089858483,192608db42251d675da83286b1cce702)
Start importing Assets/Materials/Texture Pack/128x128 Horror/Floor/Horror_Floor_04-128x128.png using Guid(6ca52447d7101a84c97327edbf330831) Importer(2089858483,192608db42251d675da83286b1cce702) (ScriptedImporter) -> (artifact id: '32ff6e32ca9a3cfbf7b6e043622d8cee') in 0.0083285 seconds
Number of updated asset objects reloaded before import = 0Number of asset objects unloaded after import = 1

========================================================================
Received Import Request.
  Time since last request: 0.000028 seconds.
  path: Assets/Materials/Texture Pack/128x128 Horror/Stone/Horror_Stone_12-128x128.png
  artifactKey: Guid(08c5a7799fcd00043a1a522131e69f36) Importer(2089858483,192608db42251d675da83286b1cce702)
Start importing Assets/Materials/Texture Pack/128x128 Horror/Stone/Horror_Stone_12-128x128.png using Guid(08c5a7799fcd00043a1a522131e69f36) Importer(2089858483,192608db42251d675da83286b1cce702) (ScriptedImporter) -> (artifact id: '87f6d5ac65121351765d297ffa48e42c') in 0.0107288 seconds
Number of updated asset objects reloaded before import = 0Number of asset objects unloaded after import = 1

========================================================================
Received Import Request.
  Time since last request: 0.000014 seconds.
  path: Assets/Materials/Texture Pack/128x128 Horror/Wall/Horror_Wall_08-128x128.png
  artifactKey: Guid(891d722779b75744ca9d5193faf22b55) Importer(2089858483,192608db42251d675da83286b1cce702)
Start importing Assets/Materials/Texture Pack/128x128 Horror/Wall/Horror_Wall_08-128x128.png using Guid(891d722779b75744ca9d5193faf22b55) Importer(2089858483,192608db42251d675da83286b1cce702) (ScriptedImporter) -> (artifact id: 'cac228b2437aa2557f2a0a49ec9f3c99') in 0.0088421 seconds
Number of updated asset objects reloaded before import = 0Number of asset objects unloaded after import = 1

========================================================================
Received Import Request.
  Time since last request: 0.000017 seconds.
  path: Assets/Materials/Texture Pack/128x128 Horror/Metal/Horror_Metal_01-128x128.png
  artifactKey: Guid(9e9738a87be070d4fb68cbcbb1e949d5) Importer(2089858483,192608db42251d675da83286b1cce702)
Start importing Assets/Materials/Texture Pack/128x128 Horror/Metal/Horror_Metal_01-128x128.png using Guid(9e9738a87be070d4fb68cbcbb1e949d5) Importer(2089858483,192608db42251d675da83286b1cce702) (ScriptedImporter) -> (artifact id: 'f473f8febe23bd7e74ada86e09d1d717') in 0.0086507 seconds
Number of updated asset objects reloaded before import = 0Number of asset objects unloaded after import = 1

========================================================================
Received Import Request.
  Time since last request: 0.000032 seconds.
  path: Assets/Materials/Texture Pack/128x128 Horror/Metal/Horror_Metal_04-128x128.png
  artifactKey: Guid(47b73da99f1f1bb4db7bf2fd627a0ae8) Importer(2089858483,192608db42251d675da83286b1cce702)
Start importing Assets/Materials/Texture Pack/128x128 Horror/Metal/Horror_Metal_04-128x128.png using Guid(47b73da99f1f1bb4db7bf2fd627a0ae8) Importer(2089858483,192608db42251d675da83286b1cce702) (ScriptedImporter) -> (artifact id: 'a3ff7b433da528487fe419d4095c963b') in 0.0862302 seconds
Number of updated asset objects reloaded before import = 0Number of asset objects unloaded after import = 1

========================================================================
Received Import Request.
  Time since last request: 0.000017 seconds.
  path: Assets/Materials/Texture Pack/128x128 Horror/Wall/Horror_Wall_02-128x128.png
  artifactKey: Guid(91b3f6c801197b147836ed652de67623) Importer(2089858483,192608db42251d675da83286b1cce702)
Start importing Assets/Materials/Texture Pack/128x128 Horror/Wall/Horror_Wall_02-128x128.png using Guid(91b3f6c801197b147836ed652de67623) Importer(2089858483,192608db42251d675da83286b1cce702) (ScriptedImporter) -> (artifact id: 'fed51c223c25c830158cf498188b728f') in 0.0083046 seconds
Number of updated asset objects reloaded before import = 0Number of asset objects unloaded after import = 1

========================================================================
Received Import Request.
  Time since last request: 0.000017 seconds.
  path: Assets/Materials/Texture Pack/128x128 Horror/Stone/Horror_Stone_09-128x128.png
  artifactKey: Guid(ed0d2f85fa544c44bb18e1197e9f3015) Importer(2089858483,192608db42251d675da83286b1cce702)
Start importing Assets/Materials/Texture Pack/128x128 Horror/Stone/Horror_Stone_09-128x128.png using Guid(ed0d2f85fa544c44bb18e1197e9f3015) Importer(2089858483,192608db42251d675da83286b1cce702) (ScriptedImporter) -> (artifact id: '9d818fb444a735ca8cac58ed9aec1230') in 0.011172 seconds
Number of updated asset objects reloaded before import = 0Number of asset objects unloaded after import = 1

========================================================================
Received Import Request.
  Time since last request: 0.000017 seconds.
  path: Assets/Materials/Texture Pack/128x128 Horror/Wall/Horror_Wall_09-128x128.png
  artifactKey: Guid(09f3e36b45be8184489b6186bce53210) Importer(2089858483,192608db42251d675da83286b1cce702)
Start importing Assets/Materials/Texture Pack/128x128 Horror/Wall/Horror_Wall_09-128x128.png using Guid(09f3e36b45be8184489b6186bce53210) Importer(2089858483,192608db42251d675da83286b1cce702) (ScriptedImporter) -> (artifact id: '10ad1723b3ee972f83eac94b6399a980') in 0.0074495 seconds
Number of updated asset objects reloaded before import = 0Number of asset objects unloaded after import = 1

========================================================================
Received Import Request.
  Time since last request: 0.000030 seconds.
  path: Assets/Materials/Texture Pack/128x128 Horror/Wall/Horror_Wall_07-128x128.png
  artifactKey: Guid(06ce119e572cc8e458f360141fb51028) Importer(2089858483,192608db42251d675da83286b1cce702)
Start importing Assets/Materials/Texture Pack/128x128 Horror/Wall/Horror_Wall_07-128x128.png using Guid(06ce119e572cc8e458f360141fb51028) Importer(2089858483,192608db42251d675da83286b1cce702) (ScriptedImporter) -> (artifact id: '99300a543861e0aff57ceca8f2d85cd7') in 0.0093174 seconds
Number of updated asset objects reloaded before import = 0Number of asset objects unloaded after import = 1

========================================================================
Received Import Request.
  Time since last request: 0.000016 seconds.
  path: Assets/Materials/Texture Pack/128x128 Horror/Misc/Horror_Misc_03-128x128.png
  artifactKey: Guid(55a1ac3cc1405b84dbcb015c13d1aa2e) Importer(2089858483,192608db42251d675da83286b1cce702)
Start importing Assets/Materials/Texture Pack/128x128 Horror/Misc/Horror_Misc_03-128x128.png using Guid(55a1ac3cc1405b84dbcb015c13d1aa2e) Importer(2089858483,192608db42251d675da83286b1cce702) (ScriptedImporter) -> (artifact id: '3b08596e4f2ce87405f8253c16285e38') in 0.0104498 seconds
Number of updated asset objects reloaded before import = 0Number of asset objects unloaded after import = 1

========================================================================
Received Import Request.
  Time since last request: 0.000016 seconds.
  path: Assets/Materials/Texture Pack/128x128 Horror/Misc/Horror_Misc_13-128x128.png
  artifactKey: Guid(ee7e989fe7435a74fa5dc8a809f560b5) Importer(2089858483,192608db42251d675da83286b1cce702)
Start importing Assets/Materials/Texture Pack/128x128 Horror/Misc/Horror_Misc_13-128x128.png using Guid(ee7e989fe7435a74fa5dc8a809f560b5) Importer(2089858483,192608db42251d675da83286b1cce702) (ScriptedImporter) -> (artifact id: 'ed6745cc5bc8105885fd6a754f1c9915') in 0.008998 seconds
Number of updated asset objects reloaded before import = 0Number of asset objects unloaded after import = 1

========================================================================
Received Import Request.
  Time since last request: 0.000018 seconds.
  path: Assets/Materials/Texture Pack/128x128 Horror/Misc/Horror_Misc_02-128x128.png
  artifactKey: Guid(bdeccd2da1861a84787a0ddd2c812f8f) Importer(2089858483,192608db42251d675da83286b1cce702)
Start importing Assets/Materials/Texture Pack/128x128 Horror/Misc/Horror_Misc_02-128x128.png using Guid(bdeccd2da1861a84787a0ddd2c812f8f) Importer(2089858483,192608db42251d675da83286b1cce702) (ScriptedImporter) -> (artifact id: '40b86499fb0e4cecfe1f0c0268d7fc85') in 0.0121986 seconds
Number of updated asset objects reloaded before import = 0Number of asset objects unloaded after import = 1

========================================================================
Received Import Request.
  Time since last request: 0.000021 seconds.
  path: Assets/Materials/Texture Pack/128x128 Horror/Wall/Horror_Wall_05-128x128.png
  artifactKey: Guid(18efebfe8d309a141b71e83f2b50884c) Importer(2089858483,192608db42251d675da83286b1cce702)
Start importing Assets/Materials/Texture Pack/128x128 Horror/Wall/Horror_Wall_05-128x128.png using Guid(18efebfe8d309a141b71e83f2b50884c) Importer(2089858483,192608db42251d675da83286b1cce702) (ScriptedImporter) -> (artifact id: 'bb9374cc4346a75f234ccb7a15fdba4d') in 0.0081284 seconds
Number of updated asset objects reloaded before import = 0Number of asset objects unloaded after import = 1

========================================================================
Received Import Request.
  Time since last request: 0.000033 seconds.
  path: Assets/Materials/Texture Pack/128x128 Horror/Misc/Horror_Misc_12-128x128.png
  artifactKey: Guid(482e159c16292114aa50e2ea59ad609c) Importer(2089858483,192608db42251d675da83286b1cce702)
Start importing Assets/Materials/Texture Pack/128x128 Horror/Misc/Horror_Misc_12-128x128.png using Guid(482e159c16292114aa50e2ea59ad609c) Importer(2089858483,192608db42251d675da83286b1cce702) (ScriptedImporter) -> (artifact id: '6af2e3b56615a4f5c104b407922b84a3') in 0.0081814 seconds
Number of updated asset objects reloaded before import = 0Number of asset objects unloaded after import = 1

========================================================================
Received Import Request.
  Time since last request: 0.000017 seconds.
  path: Assets/Materials/Texture Pack/128x128 Horror/Metal/Metal_16-128x128.png
  artifactKey: Guid(429d6c1a2fcd4f948b0087551e888c18) Importer(2089858483,192608db42251d675da83286b1cce702)
Start importing Assets/Materials/Texture Pack/128x128 Horror/Metal/Metal_16-128x128.png using Guid(429d6c1a2fcd4f948b0087551e888c18) Importer(2089858483,192608db42251d675da83286b1cce702) (ScriptedImporter) -> (artifact id: '52bc1483bcfd487cde9899ff245ba78e') in 0.0079096 seconds
Number of updated asset objects reloaded before import = 0Number of asset objects unloaded after import = 1

========================================================================
Received Import Request.
  Time since last request: 0.000020 seconds.
  path: Assets/Materials/Texture Pack/128x128/Metal/Metal_06-128x128.png
  artifactKey: Guid(b861e2bb2c4410745b54efcf870f1170) Importer(2089858483,192608db42251d675da83286b1cce702)
Start importing Assets/Materials/Texture Pack/128x128/Metal/Metal_06-128x128.png using Guid(b861e2bb2c4410745b54efcf870f1170) Importer(2089858483,192608db42251d675da83286b1cce702) (ScriptedImporter) -> (artifact id: '44a11e8f159a722eab73b84c5534f07a') in 0.0086912 seconds
Number of updated asset objects reloaded before import = 0Number of asset objects unloaded after import = 1

========================================================================
Received Import Request.
  Time since last request: 0.000015 seconds.
  path: Assets/Materials/Texture Pack/128x128 Horror/Plaster/Plaster_14-128x128.png
  artifactKey: Guid(cd9dd0421b68180438b4b1c53a6a9694) Importer(2089858483,192608db42251d675da83286b1cce702)
Start importing Assets/Materials/Texture Pack/128x128 Horror/Plaster/Plaster_14-128x128.png using Guid(cd9dd0421b68180438b4b1c53a6a9694) Importer(2089858483,192608db42251d675da83286b1cce702) (ScriptedImporter) -> (artifact id: 'e5740930e177b3c176265761155d5e22') in 0.010945 seconds
Number of updated asset objects reloaded before import = 0Number of asset objects unloaded after import = 1

========================================================================
Received Import Request.
  Time since last request: 0.000017 seconds.
  path: Assets/Materials/Texture Pack/128x128 Horror/Brick/Horror_Brick_13-128x128.png
  artifactKey: Guid(997fda41d89de064780e69a6feabb999) Importer(2089858483,192608db42251d675da83286b1cce702)
Start importing Assets/Materials/Texture Pack/128x128 Horror/Brick/Horror_Brick_13-128x128.png using Guid(997fda41d89de064780e69a6feabb999) Importer(2089858483,192608db42251d675da83286b1cce702) (ScriptedImporter) -> (artifact id: 'f03f0df377cc15d83315bc972be01485') in 0.0085578 seconds
Number of updated asset objects reloaded before import = 0Number of asset objects unloaded after import = 1

========================================================================
Received Import Request.
  Time since last request: 0.000029 seconds.
  path: Assets/Materials/Texture Pack/128x128 Horror/Misc/Horror_Misc_06-128x128.png
  artifactKey: Guid(3789ecfd35b90e84490793e54a8ff9a4) Importer(2089858483,192608db42251d675da83286b1cce702)
Start importing Assets/Materials/Texture Pack/128x128 Horror/Misc/Horror_Misc_06-128x128.png using Guid(3789ecfd35b90e84490793e54a8ff9a4) Importer(2089858483,192608db42251d675da83286b1cce702) (ScriptedImporter) -> (artifact id: 'd709769d68e0575a56d693d8d68e6442') in 0.0087897 seconds
Number of updated asset objects reloaded before import = 0Number of asset objects unloaded after import = 1

========================================================================
Received Import Request.
  Time since last request: 0.000016 seconds.
  path: Assets/Materials/Texture Pack/128x128/Plaster/Plaster_11-128x128.png
  artifactKey: Guid(ca4900f478dc69b40a9a38b4be3c5d1a) Importer(2089858483,192608db42251d675da83286b1cce702)
Start importing Assets/Materials/Texture Pack/128x128/Plaster/Plaster_11-128x128.png using Guid(ca4900f478dc69b40a9a38b4be3c5d1a) Importer(2089858483,192608db42251d675da83286b1cce702) (ScriptedImporter) -> (artifact id: '9385a7f6f4d72b4d52e82707d051e2e6') in 0.0084143 seconds
Number of updated asset objects reloaded before import = 0Number of asset objects unloaded after import = 1

========================================================================
Received Import Request.
  Time since last request: 0.000015 seconds.
  path: Assets/Materials/Texture Pack/128x128/Dirt/Dirt_15-128x128.png
  artifactKey: Guid(beaa21befce38c74b81619fc5f8aafd8) Importer(2089858483,192608db42251d675da83286b1cce702)
Start importing Assets/Materials/Texture Pack/128x128/Dirt/Dirt_15-128x128.png using Guid(beaa21befce38c74b81619fc5f8aafd8) Importer(2089858483,192608db42251d675da83286b1cce702) (ScriptedImporter) -> (artifact id: '4154a437b5d2cff8ce48a4f811517ff1') in 0.0083088 seconds
Number of updated asset objects reloaded before import = 0Number of asset objects unloaded after import = 1

========================================================================
Received Import Request.
  Time since last request: 0.000016 seconds.
  path: Assets/Materials/Texture Pack/128x128/Metal/Metal_07-128x128.png
  artifactKey: Guid(2389f616628e60542980d75341d5f72a) Importer(2089858483,192608db42251d675da83286b1cce702)
Start importing Assets/Materials/Texture Pack/128x128/Metal/Metal_07-128x128.png using Guid(2389f616628e60542980d75341d5f72a) Importer(2089858483,192608db42251d675da83286b1cce702) (ScriptedImporter) -> (artifact id: '8bc93358ab1ef4ac8fcb8c19e1432715') in 0.0104461 seconds
Number of updated asset objects reloaded before import = 0Number of asset objects unloaded after import = 1

========================================================================
Received Import Request.
  Time since last request: 0.000019 seconds.
  path: Assets/Materials/Texture Pack/128x128/Plaster/Plaster_16-128x128.png
  artifactKey: Guid(928ced9531925424fa1ec1bed80efc33) Importer(2089858483,192608db42251d675da83286b1cce702)
Start importing Assets/Materials/Texture Pack/128x128/Plaster/Plaster_16-128x128.png using Guid(928ced9531925424fa1ec1bed80efc33) Importer(2089858483,192608db42251d675da83286b1cce702) (ScriptedImporter) -> (artifact id: '4505cd0b3e751e679de9d189796d974e') in 0.0081507 seconds
Number of updated asset objects reloaded before import = 0Number of asset objects unloaded after import = 1

========================================================================
Received Import Request.
  Time since last request: 0.000025 seconds.
  path: Assets/Materials/Texture Pack/128x128 Horror/Elements/Elements_11-128x128.png
  artifactKey: Guid(40c8ed5e7e670aa459281c51fcd10a71) Importer(2089858483,192608db42251d675da83286b1cce702)
Start importing Assets/Materials/Texture Pack/128x128 Horror/Elements/Elements_11-128x128.png using Guid(40c8ed5e7e670aa459281c51fcd10a71) Importer(2089858483,192608db42251d675da83286b1cce702) (ScriptedImporter) -> (artifact id: 'bb02d7ae500761eb976787178934559d') in 0.0080082 seconds
Number of updated asset objects reloaded before import = 0Number of asset objects unloaded after import = 1

========================================================================
Received Import Request.
  Time since last request: 0.000017 seconds.
  path: Assets/Materials/Texture Pack/128x128/Dirt/Dirt_08-128x128.png
  artifactKey: Guid(09520c74391fd3f4b8d64777c17925bc) Importer(2089858483,192608db42251d675da83286b1cce702)
Start importing Assets/Materials/Texture Pack/128x128/Dirt/Dirt_08-128x128.png using Guid(09520c74391fd3f4b8d64777c17925bc) Importer(2089858483,192608db42251d675da83286b1cce702) (ScriptedImporter) -> (artifact id: '96b05d2a14de3d9c0c06a4242c238ce3') in 0.0082804 seconds
Number of updated asset objects reloaded before import = 0Number of asset objects unloaded after import = 1

========================================================================
Received Import Request.
  Time since last request: 0.000015 seconds.
  path: Assets/Materials/Texture Pack/128x128 Horror/Stone/Stone_18-128x128.png
  artifactKey: Guid(b5640779169ad304f947b5255bad1de3) Importer(2089858483,192608db42251d675da83286b1cce702)
Start importing Assets/Materials/Texture Pack/128x128 Horror/Stone/Stone_18-128x128.png using Guid(b5640779169ad304f947b5255bad1de3) Importer(2089858483,192608db42251d675da83286b1cce702) (ScriptedImporter) -> (artifact id: '1cef24f96784d77b4491a3fbad51ab65') in 0.0084695 seconds
Number of updated asset objects reloaded before import = 0Number of asset objects unloaded after import = 1

========================================================================
Received Import Request.
  Time since last request: 0.000014 seconds.
  path: Assets/Materials/Texture Pack/128x128/Metal/Metal_05-128x128.png
  artifactKey: Guid(e0c8a8bacbb566e409ef3439ff0ad472) Importer(2089858483,192608db42251d675da83286b1cce702)
Start importing Assets/Materials/Texture Pack/128x128/Metal/Metal_05-128x128.png using Guid(e0c8a8bacbb566e409ef3439ff0ad472) Importer(2089858483,192608db42251d675da83286b1cce702) (ScriptedImporter) -> (artifact id: 'bd5767904c5197938ab13d4fdd297398') in 0.0081068 seconds
Number of updated asset objects reloaded before import = 0Number of asset objects unloaded after import = 1

========================================================================
Received Import Request.
  Time since last request: 0.000022 seconds.
  path: Assets/Materials/Texture Pack/128x128/Wood/Wood_12-128x128.png
  artifactKey: Guid(a60eabe14a2f9694eb7eeffe8272716a) Importer(2089858483,192608db42251d675da83286b1cce702)
Start importing Assets/Materials/Texture Pack/128x128/Wood/Wood_12-128x128.png using Guid(a60eabe14a2f9694eb7eeffe8272716a) Importer(2089858483,192608db42251d675da83286b1cce702) (ScriptedImporter) -> (artifact id: '696ec47ad103cb897d43d9219d8d7daf') in 0.0103362 seconds
Number of updated asset objects reloaded before import = 0Number of asset objects unloaded after import = 1

========================================================================
Received Import Request.
  Time since last request: 0.000029 seconds.
  path: Assets/Materials/Texture Pack/128x128/Wood/Wood_16-128x128.png
  artifactKey: Guid(d836a2ffb2955bc44b183d58ae506447) Importer(2089858483,192608db42251d675da83286b1cce702)
Start importing Assets/Materials/Texture Pack/128x128/Wood/Wood_16-128x128.png using Guid(d836a2ffb2955bc44b183d58ae506447) Importer(2089858483,192608db42251d675da83286b1cce702) (ScriptedImporter) -> (artifact id: '0e02b57f9c7dbf17ca57267c23b48aaf') in 0.0101504 seconds
Number of updated asset objects reloaded before import = 0Number of asset objects unloaded after import = 1

========================================================================
Received Import Request.
  Time since last request: 0.000015 seconds.
  path: Assets/Materials/Texture Pack/128x128 Horror/Stone/Horror_Stone_06-128x128.png
  artifactKey: Guid(89fad41a0c9b3ca43801bf9075521020) Importer(2089858483,192608db42251d675da83286b1cce702)
Start importing Assets/Materials/Texture Pack/128x128 Horror/Stone/Horror_Stone_06-128x128.png using Guid(89fad41a0c9b3ca43801bf9075521020) Importer(2089858483,192608db42251d675da83286b1cce702) (ScriptedImporter) -> (artifact id: '376b9b774fe9e9e220a86aaf16bfcc64') in 0.0076301 seconds
Number of updated asset objects reloaded before import = 0Number of asset objects unloaded after import = 1

========================================================================
Received Import Request.
  Time since last request: 1.894939 seconds.
  path: Assets/Materials/Texture Pack/128x128/Elements/Elements_03-128x128.png
  artifactKey: Guid(c38d4bffa4637a34c82d6b1b292a4c5e) Importer(815301076,1909f56bfc062723c751e8b465ee728b)
Start importing Assets/Materials/Texture Pack/128x128/Elements/Elements_03-128x128.png using Guid(c38d4bffa4637a34c82d6b1b292a4c5e) Importer(815301076,1909f56bfc062723c751e8b465ee728b) (PreviewImporter) -> (artifact id: 'c37b329067b957370bf3eb226338d7fd') in 0.0499493 seconds
Number of updated asset objects reloaded before import = 0Number of asset objects unloaded after import = 2

========================================================================
Received Import Request.
  Time since last request: 0.000017 seconds.
  path: Assets/Materials/Texture Pack/128x128/Elements/Elements_07-128x128.png
  artifactKey: Guid(83fb69e0e31705446bdae1a1dd0977ec) Importer(815301076,1909f56bfc062723c751e8b465ee728b)
Start importing Assets/Materials/Texture Pack/128x128/Elements/Elements_07-128x128.png using Guid(83fb69e0e31705446bdae1a1dd0977ec) Importer(815301076,1909f56bfc062723c751e8b465ee728b) (PreviewImporter) -> (artifact id: '604d6ed2916105330ed2229038968c34') in 0.0069335 seconds
Number of updated asset objects reloaded before import = 0Number of asset objects unloaded after import = 2

========================================================================
Received Import Request.
  Time since last request: 0.000027 seconds.
  path: Assets/Materials/Texture Pack/128x128/Elements/Elements_06-128x128.png
  artifactKey: Guid(58fed74447fe771468dc6dec7335d1b8) Importer(815301076,1909f56bfc062723c751e8b465ee728b)
Start importing Assets/Materials/Texture Pack/128x128/Elements/Elements_06-128x128.png using Guid(58fed74447fe771468dc6dec7335d1b8) Importer(815301076,1909f56bfc062723c751e8b465ee728b) (PreviewImporter) -> (artifact id: '67b240bc2eeb8f80c131cacf1b56ccf5') in 0.0107113 seconds
Number of updated asset objects reloaded before import = 0Number of asset objects unloaded after import = 2

========================================================================
Received Import Request.
  Time since last request: 0.000014 seconds.
  path: Assets/Materials/Texture Pack/128x128/Elements/Elements_05-128x128.png
  artifactKey: Guid(64d5796c260562b45a3d56d1aba97cb1) Importer(815301076,1909f56bfc062723c751e8b465ee728b)
Start importing Assets/Materials/Texture Pack/128x128/Elements/Elements_05-128x128.png using Guid(64d5796c260562b45a3d56d1aba97cb1) Importer(815301076,1909f56bfc062723c751e8b465ee728b) (PreviewImporter) -> (artifact id: '9c1a4d581b1187718aed53c9d43e83a0') in 0.0084221 seconds
Number of updated asset objects reloaded before import = 0Number of asset objects unloaded after import = 2

========================================================================
Received Import Request.
  Time since last request: 0.000016 seconds.
  path: Assets/Materials/Texture Pack/128x128/Elements/Elements_19-128x128.png
  artifactKey: Guid(dba2a69c99242844c965a1c7b5cd24dc) Importer(815301076,1909f56bfc062723c751e8b465ee728b)
Start importing Assets/Materials/Texture Pack/128x128/Elements/Elements_19-128x128.png using Guid(dba2a69c99242844c965a1c7b5cd24dc) Importer(815301076,1909f56bfc062723c751e8b465ee728b) (PreviewImporter) -> (artifact id: '38b81cc6112479abe1d5281977bbd935') in 0.0076801 seconds
Number of updated asset objects reloaded before import = 0Number of asset objects unloaded after import = 2

========================================================================
Received Import Request.
  Time since last request: 270.734802 seconds.
  path: Assets/Materials/Wall.mat
  artifactKey: Guid(6f71f8c139272b642ac5a7fb98cd0555) Importer(815301076,1909f56bfc062723c751e8b465ee728b)
Start importing Assets/Materials/Wall.mat using Guid(6f71f8c139272b642ac5a7fb98cd0555) Importer(815301076,1909f56bfc062723c751e8b465ee728b) (PreviewImporter) -> (artifact id: 'b240a117f07f74f555c2798a10fc1b6c') in 0.4072729 seconds
Number of updated asset objects reloaded before import = 0Number of asset objects unloaded after import = 3

========================================================================
Received Import Request.
  Time since last request: 0.512650 seconds.
  path: Assets/Materials/Wall.mat
  artifactKey: Guid(6f71f8c139272b642ac5a7fb98cd0555) Importer(2089858483,192608db42251d675da83286b1cce702)
Start importing Assets/Materials/Wall.mat using Guid(6f71f8c139272b642ac5a7fb98cd0555) Importer(2089858483,192608db42251d675da83286b1cce702) (ScriptedImporter) -> (artifact id: 'fffd101805add91f3ccd969afd81619a') in 0.0114983 seconds
Number of updated asset objects reloaded before import = 0Number of asset objects unloaded after import = 3

========================================================================
Received Import Request.
  Time since last request: 52.279001 seconds.
  path: Assets/Prefabs/Lava Effect.prefab
  artifactKey: Guid(957a45375305a974eb3a2d128c82eff7) Importer(2089858483,192608db42251d675da83286b1cce702)
Start importing Assets/Prefabs/Lava Effect.prefab using Guid(957a45375305a974eb3a2d128c82eff7) Importer(2089858483,192608db42251d675da83286b1cce702) (ScriptedImporter) -> (artifact id: '3319d330147cf7c5f6c01cad3d3f0823') in 0.0277164 seconds
Number of updated asset objects reloaded before import = 0Number of asset objects unloaded after import = 7

========================================================================
Received Import Request.
  Time since last request: 4.625529 seconds.
  path: Assets/Prefabs/SpikePlane.prefab
  artifactKey: Guid(2ca5961941bc68648ba82df350d9a99b) Importer(815301076,1909f56bfc062723c751e8b465ee728b)
Start importing Assets/Prefabs/SpikePlane.prefab using Guid(2ca5961941bc68648ba82df350d9a99b) Importer(815301076,1909f56bfc062723c751e8b465ee728b) (PreviewImporter) -> (artifact id: '3d20be7e3c5c79fad0889eed92d9c174') in 0.0541972 seconds
Number of updated asset objects reloaded before import = 0Number of asset objects unloaded after import = 21

========================================================================
Received Prepare
Begin MonoManager ReloadAssembly
- Loaded All Assemblies, in  0.815 seconds
Refreshing native plugins compatible for Editor in 0.99 ms, found 3 plugins.
Native extension for WindowsStandalone target not found
Native extension for OSXStandalone target not found
Native extension for WebGL target not found
[Package Manager] Failed to launch server process. Reason: Unity was launched with the -noUpm command-line argument
[Package Manager] Unable to send message (not connected to server process).
[Package Manager] Cannot connect to Unity Package Manager local server
<HackaTime> Initializing...
UnityEngine.Debug:ExtractStackTraceNoAlloc (byte*,int,string)
UnityEngine.StackTraceUtility:ExtractStackTrace ()
UnityEngine.DebugLogHandler:Internal_Log (UnityEngine.LogType,UnityEngine.LogOption,string,UnityEngine.Object)
UnityEngine.DebugLogHandler:LogFormat (UnityEngine.LogType,UnityEngine.Object,string,object[])
UnityEngine.Logger:Log (UnityEngine.LogType,object)
UnityEngine.Debug:Log (object)
WakaTime.Plugin:Initialize () (at ./Library/PackageCache/com.daniel-geo.unityhackatime@5ac210a9a287/Editor/Plugin.cs:76)
WakaTime.Plugin:.cctor () (at ./Library/PackageCache/com.daniel-geo.unityhackatime@5ac210a9a287/Editor/Plugin.cs:41)
System.Runtime.CompilerServices.RuntimeHelpers:RunClassConstructor (System.RuntimeTypeHandle)
UnityEditor.EditorAssemblies:ProcessInitializeOnLoadAttributes (System.Type[])

(Filename: ./Library/PackageCache/com.daniel-geo.unityhackatime@5ac210a9a287/Editor/Plugin.cs Line: 76)

<HackaTime> Sending heartbeat...
UnityEngine.Debug:ExtractStackTraceNoAlloc (byte*,int,string)
UnityEngine.StackTraceUtility:ExtractStackTrace ()
UnityEngine.DebugLogHandler:Internal_Log (UnityEngine.LogType,UnityEngine.LogOption,string,UnityEngine.Object)
UnityEngine.DebugLogHandler:LogFormat (UnityEngine.LogType,UnityEngine.Object,string,object[])
UnityEngine.Logger:Log (UnityEngine.LogType,object)
UnityEngine.Debug:Log (object)
WakaTime.Plugin/<SendHeartbeat>d__29:MoveNext () (at ./Library/PackageCache/com.daniel-geo.unityhackatime@5ac210a9a287/Editor/Plugin.cs:144)
System.Runtime.CompilerServices.AsyncVoidMethodBuilder:Start<WakaTime.Plugin/<SendHeartbeat>d__29> (WakaTime.Plugin/<SendHeartbeat>d__29&)
WakaTime.Plugin:SendHeartbeat (bool)
WakaTime.Plugin:Initialize () (at ./Library/PackageCache/com.daniel-geo.unityhackatime@5ac210a9a287/Editor/Plugin.cs:78)
WakaTime.Plugin:.cctor () (at ./Library/PackageCache/com.daniel-geo.unityhackatime@5ac210a9a287/Editor/Plugin.cs:41)
System.Runtime.CompilerServices.RuntimeHelpers:RunClassConstructor (System.RuntimeTypeHandle)
UnityEditor.EditorAssemblies:ProcessInitializeOnLoadAttributes (System.Type[])

(Filename: ./Library/PackageCache/com.daniel-geo.unityhackatime@5ac210a9a287/Editor/Plugin.cs Line: 144)

[MODES] ModeService[none].Initialize
[MODES] ModeService[none].LoadModes
Mono: successfully reloaded assembly
- Finished resetting the current domain, in  0.711 seconds
Domain Reload Profiling: 1523ms
	BeginReloadAssembly (256ms)
		ExecutionOrderSort (0ms)
		DisableScriptedObjects (18ms)
		BackupInstance (0ms)
		ReleaseScriptingObjects (0ms)
		CreateAndSetChildDomain (83ms)
	RebuildCommonClasses (35ms)
	RebuildNativeTypeToScriptingClass (11ms)
	initialDomainReloadingComplete (30ms)
	LoadAllAssembliesAndSetupDomain (479ms)
		LoadAssemblies (406ms)
		RebuildTransferFunctionScriptingTraits (0ms)
		AnalyzeDomain (169ms)
			TypeCache.Refresh (11ms)
				TypeCache.ScanAssembly (0ms)
			BuildScriptInfoCaches (145ms)
			ResolveRequiredComponents (9ms)
	FinalizeReload (711ms)
		ReleaseScriptCaches (0ms)
		RebuildScriptCaches (0ms)
		SetupLoadedEditorAssemblies (554ms)
			LogAssemblyErrors (0ms)
			InitializePlatformSupportModulesInManaged (5ms)
			SetLoadedEditorAssemblies (5ms)
			BeforeProcessingInitializeOnLoad (125ms)
			ProcessInitializeOnLoadAttributes (325ms)
			ProcessInitializeOnLoadMethodAttributes (85ms)
			AfterProcessingInitializeOnLoad (9ms)
			EditorAssembliesLoaded (0ms)
		ExecutionOrderSort2 (0ms)
		AwakeInstancesAfterBackupRestoration (19ms)
Refreshing native plugins compatible for Editor in 1.27 ms, found 3 plugins.
Preloading 0 native plugins for Editor in 0.00 ms.
Unloading 14 Unused Serialized files (Serialized files now loaded: 0)
<HackaTime> Got response
{"id":2716379308,"user_id":27195,"branch":"main","category":"coding","dependencies":[],"editor":"unity","entity":"Unsaved Scene","language":"unity","machine":null,"operating_system":null,"project":"Stardance Project","type":"file","user_agent":"unity-hackatime","line_additions":null,"line_deletions":null,"lineno":null,"lines":null,"cursorpos":null,"project_root_count":null,"time":1788839680.0,"is_write":false,"created_at":"2026-09-08T03:55:22.551Z","updated_at":"2026-09-08T03:55:22.551Z","fields_hash":"c114f58287d878bbbdd43e48df1f1b2f","source_type":"direct_entry","ip_address":"2601:600:8280:6b00:5d1e:6bf0:57c3:b9dd","deleted_at":null,"ja4_id":22,"ai_model":null,"ai_session":null,"ai_subscription_plan":null,"ai_input_tokens":null,"ai_output_tokens":null,"ai_prompt_length":null,"ai_line_changes":null,"human_line_changes":null}
UnityEngine.Debug:ExtractStackTraceNoAlloc (byte*,int,string)
UnityEngine.StackTraceUtility:ExtractStackTrace ()
UnityEngine.DebugLogHandler:Internal_Log (UnityEngine.LogType,UnityEngine.LogOption,string,UnityEngine.Object)
UnityEngine.DebugLogHandler:LogFormat (UnityEngine.LogType,UnityEngine.Object,string,object[])
UnityEngine.Logger:Log (UnityEngine.LogType,object)
UnityEngine.Debug:Log (object)
WakaTime.Plugin/<SendHeartbeat>d__29:MoveNext () (at ./Library/PackageCache/com.daniel-geo.unityhackatime@5ac210a9a287/Editor/Plugin.cs:187)
System.Runtime.CompilerServices.AsyncMethodBuilderCore/MoveNextRunner:InvokeMoveNext (object)
System.Threading.ExecutionContext:RunInternal (System.Threading.ExecutionContext,System.Threading.ContextCallback,object,bool)
System.Threading.ExecutionContext:Run (System.Threading.ExecutionContext,System.Threading.ContextCallback,object,bool)
System.Runtime.CompilerServices.AsyncMethodBuilderCore/MoveNextRunner:Run ()
System.Threading.Tasks.AwaitTaskContinuation:InvokeAction (object)
System.Threading.Tasks.AwaitTaskContinuation:RunCallback (System.Threading.ContextCallback,object,System.Threading.Tasks.Task&)
System.Threading.Tasks.SynchronizationContextAwaitTaskContinuation:Run (System.Threading.Tasks.Task,bool)
System.Threading.Tasks.Task:FinishContinuations ()
System.Threading.Tasks.Task:FinishStageThree ()
System.Threading.Tasks.Task`1<bool>:TrySetResult (bool)
System.Threading.Tasks.TaskCompletionSource`1<bool>:TrySetResult (bool)
WakaTime.Plugin/<>c__DisplayClass29_0:<SendHeartbeat>b__0 (UnityEngine.AsyncOperation) (at ./Library/PackageCache/com.daniel-geo.unityhackatime@5ac210a9a287/Editor/Plugin.cs:176)
UnityEngine.AsyncOperation:InvokeCompletionEvent ()

(Filename: ./Library/PackageCache/com.daniel-geo.unityhackatime@5ac210a9a287/Editor/Plugin.cs Line: 187)

<HackaTime> Sent heartbeat!
UnityEngine.Debug:ExtractStackTraceNoAlloc (byte*,int,string)
UnityEngine.StackTraceUtility:ExtractStackTrace ()
UnityEngine.DebugLogHandler:Internal_Log (UnityEngine.LogType,UnityEngine.LogOption,string,UnityEngine.Object)
UnityEngine.DebugLogHandler:LogFormat (UnityEngine.LogType,UnityEngine.Object,string,object[])
UnityEngine.Logger:Log (UnityEngine.LogType,object)
UnityEngine.Debug:Log (object)
WakaTime.Plugin/<SendHeartbeat>d__29:MoveNext () (at ./Library/PackageCache/com.daniel-geo.unityhackatime@5ac210a9a287/Editor/Plugin.cs:203)
System.Runtime.CompilerServices.AsyncMethodBuilderCore/MoveNextRunner:InvokeMoveNext (object)
System.Threading.ExecutionContext:RunInternal (System.Threading.ExecutionContext,System.Threading.ContextCallback,object,bool)
System.Threading.ExecutionContext:Run (System.Threading.ExecutionContext,System.Threading.ContextCallback,object,bool)
System.Runtime.CompilerServices.AsyncMethodBuilderCore/MoveNextRunner:Run ()
System.Threading.Tasks.AwaitTaskContinuation:InvokeAction (object)
System.Threading.Tasks.AwaitTaskContinuation:RunCallback (System.Threading.ContextCallback,object,System.Threading.Tasks.Task&)
System.Threading.Tasks.SynchronizationContextAwaitTaskContinuation:Run (System.Threading.Tasks.Task,bool)
System.Threading.Tasks.Task:FinishContinuations ()
System.Threading.Tasks.Task:FinishStageThree ()
System.Threading.Tasks.Task`1<bool>:TrySetResult (bool)
System.Threading.Tasks.TaskCompletionSource`1<bool>:TrySetResult (bool)
WakaTime.Plugin/<>c__DisplayClass29_0:<SendHeartbeat>b__0 (UnityEngine.AsyncOperation) (at ./Library/PackageCache/com.daniel-geo.unityhackatime@5ac210a9a287/Editor/Plugin.cs:176)
UnityEngine.AsyncOperation:InvokeCompletionEvent ()

(Filename: ./Library/PackageCache/com.daniel-geo.unityhackatime@5ac210a9a287/Editor/Plugin.cs Line: 203)

Unloading 6463 unused Assets / (4.5 MB). Loaded Objects now: 7280.
Memory consumption went from 157.8 MB to 153.2 MB.
Total: 11.131400 ms (FindLiveObjects: 1.040900 ms CreateObjectMapping: 1.274300 ms MarkObjects: 5.645200 ms  DeleteObjects: 3.169600 ms)

Prepare: number of updated asset objects reloaded= 0
========================================================================
Received Prepare
Begin MonoManager ReloadAssembly
- Loaded All Assemblies, in  0.865 seconds
Refreshing native plugins compatible for Editor in 1.08 ms, found 3 plugins.
Native extension for WindowsStandalone target not found
Native extension for OSXStandalone target not found
Native extension for WebGL target not found
[Package Manager] Failed to launch server process. Reason: Unity was launched with the -noUpm command-line argument
[Package Manager] Unable to send message (not connected to server process).
[Package Manager] Cannot connect to Unity Package Manager local server
<HackaTime> Initializing...
UnityEngine.Debug:ExtractStackTraceNoAlloc (byte*,int,string)
UnityEngine.StackTraceUtility:ExtractStackTrace ()
UnityEngine.DebugLogHandler:Internal_Log (UnityEngine.LogType,UnityEngine.LogOption,string,UnityEngine.Object)
UnityEngine.DebugLogHandler:LogFormat (UnityEngine.LogType,UnityEngine.Object,string,object[])
UnityEngine.Logger:Log (UnityEngine.LogType,object)
UnityEngine.Debug:Log (object)
WakaTime.Plugin:Initialize () (at ./Library/PackageCache/com.daniel-geo.unityhackatime@5ac210a9a287/Editor/Plugin.cs:76)
WakaTime.Plugin:.cctor () (at ./Library/PackageCache/com.daniel-geo.unityhackatime@5ac210a9a287/Editor/Plugin.cs:41)
System.Runtime.CompilerServices.RuntimeHelpers:RunClassConstructor (System.RuntimeTypeHandle)
UnityEditor.EditorAssemblies:ProcessInitializeOnLoadAttributes (System.Type[])

(Filename: ./Library/PackageCache/com.daniel-geo.unityhackatime@5ac210a9a287/Editor/Plugin.cs Line: 76)

<HackaTime> Sending heartbeat...
UnityEngine.Debug:ExtractStackTraceNoAlloc (byte*,int,string)
UnityEngine.StackTraceUtility:ExtractStackTrace ()
UnityEngine.DebugLogHandler:Internal_Log (UnityEngine.LogType,UnityEngine.LogOption,string,UnityEngine.Object)
UnityEngine.DebugLogHandler:LogFormat (UnityEngine.LogType,UnityEngine.Object,string,object[])
UnityEngine.Logger:Log (UnityEngine.LogType,object)
UnityEngine.Debug:Log (object)
WakaTime.Plugin/<SendHeartbeat>d__29:MoveNext () (at ./Library/PackageCache/com.daniel-geo.unityhackatime@5ac210a9a287/Editor/Plugin.cs:144)
System.Runtime.CompilerServices.AsyncVoidMethodBuilder:Start<WakaTime.Plugin/<SendHeartbeat>d__29> (WakaTime.Plugin/<SendHeartbeat>d__29&)
WakaTime.Plugin:SendHeartbeat (bool)
WakaTime.Plugin:Initialize () (at ./Library/PackageCache/com.daniel-geo.unityhackatime@5ac210a9a287/Editor/Plugin.cs:78)
WakaTime.Plugin:.cctor () (at ./Library/PackageCache/com.daniel-geo.unityhackatime@5ac210a9a287/Editor/Plugin.cs:41)
System.Runtime.CompilerServices.RuntimeHelpers:RunClassConstructor (System.RuntimeTypeHandle)
UnityEditor.EditorAssemblies:ProcessInitializeOnLoadAttributes (System.Type[])

(Filename: ./Library/PackageCache/com.daniel-geo.unityhackatime@5ac210a9a287/Editor/Plugin.cs Line: 144)

[MODES] ModeService[none].Initialize
[MODES] ModeService[none].LoadModes
Mono: successfully reloaded assembly
- Finished resetting the current domain, in  0.750 seconds
Domain Reload Profiling: 1614ms
	BeginReloadAssembly (284ms)
		ExecutionOrderSort (0ms)
		DisableScriptedObjects (8ms)
		BackupInstance (0ms)
		ReleaseScriptingObjects (1ms)
		CreateAndSetChildDomain (82ms)
	RebuildCommonClasses (30ms)
	RebuildNativeTypeToScriptingClass (11ms)
	initialDomainReloadingComplete (30ms)
	LoadAllAssembliesAndSetupDomain (509ms)
		LoadAssemblies (415ms)
		RebuildTransferFunctionScriptingTraits (0ms)
		AnalyzeDomain (200ms)
			TypeCache.Refresh (12ms)
				TypeCache.ScanAssembly (1ms)
			BuildScriptInfoCaches (172ms)
			ResolveRequiredComponents (11ms)
	FinalizeReload (750ms)
		ReleaseScriptCaches (0ms)
		RebuildScriptCaches (0ms)
		SetupLoadedEditorAssemblies (596ms)
			LogAssemblyErrors (0ms)
			InitializePlatformSupportModulesInManaged (5ms)
			SetLoadedEditorAssemblies (6ms)
			BeforeProcessingInitializeOnLoad (145ms)
			ProcessInitializeOnLoadAttributes (338ms)
			ProcessInitializeOnLoadMethodAttributes (92ms)
			AfterProcessingInitializeOnLoad (10ms)
			EditorAssembliesLoaded (0ms)
		ExecutionOrderSort2 (0ms)
		AwakeInstancesAfterBackupRestoration (20ms)
Refreshing native plugins compatible for Editor in 1.75 ms, found 3 plugins.
Preloading 0 native plugins for Editor in 0.00 ms.
Unloading 20 Unused Serialized files (Serialized files now loaded: 0)
<HackaTime> Got response
{"id":2716387401,"user_id":27195,"branch":"main","category":"coding","dependencies":[],"editor":"unity","entity":"Unsaved Scene","language":"unity","machine":null,"operating_system":null,"project":"Stardance Project","type":"file","user_agent":"unity-hackatime","line_additions":null,"line_deletions":null,"lineno":null,"lines":null,"cursorpos":null,"project_root_count":null,"time":1788840576.0,"is_write":false,"created_at":"2026-09-08T04:08:59.066Z","updated_at":"2026-09-08T04:08:59.066Z","fields_hash":"dc4c8311e790863c2ebcfba5eab0229d","source_type":"direct_entry","ip_address":"2601:600:8280:6b00:5d1e:6bf0:57c3:b9dd","deleted_at":null,"ja4_id":22,"ai_model":null,"ai_session":null,"ai_subscription_plan":null,"ai_input_tokens":null,"ai_output_tokens":null,"ai_prompt_length":null,"ai_line_changes":null,"human_line_changes":null}
UnityEngine.Debug:ExtractStackTraceNoAlloc (byte*,int,string)
UnityEngine.StackTraceUtility:ExtractStackTrace ()
UnityEngine.DebugLogHandler:Internal_Log (UnityEngine.LogType,UnityEngine.LogOption,string,UnityEngine.Object)
UnityEngine.DebugLogHandler:LogFormat (UnityEngine.LogType,UnityEngine.Object,string,object[])
UnityEngine.Logger:Log (UnityEngine.LogType,object)
UnityEngine.Debug:Log (object)
WakaTime.Plugin/<SendHeartbeat>d__29:MoveNext () (at ./Library/PackageCache/com.daniel-geo.unityhackatime@5ac210a9a287/Editor/Plugin.cs:187)
System.Runtime.CompilerServices.AsyncMethodBuilderCore/MoveNextRunner:InvokeMoveNext (object)
System.Threading.ExecutionContext:RunInternal (System.Threading.ExecutionContext,System.Threading.ContextCallback,object,bool)
System.Threading.ExecutionContext:Run (System.Threading.ExecutionContext,System.Threading.ContextCallback,object,bool)
System.Runtime.CompilerServices.AsyncMethodBuilderCore/MoveNextRunner:Run ()
System.Threading.Tasks.AwaitTaskContinuation:InvokeAction (object)
System.Threading.Tasks.AwaitTaskContinuation:RunCallback (System.Threading.ContextCallback,object,System.Threading.Tasks.Task&)
System.Threading.Tasks.SynchronizationContextAwaitTaskContinuation:Run (System.Threading.Tasks.Task,bool)
System.Threading.Tasks.Task:FinishContinuations ()
System.Threading.Tasks.Task:FinishStageThree ()
System.Threading.Tasks.Task`1<bool>:TrySetResult (bool)
System.Threading.Tasks.TaskCompletionSource`1<bool>:TrySetResult (bool)
WakaTime.Plugin/<>c__DisplayClass29_0:<SendHeartbeat>b__0 (UnityEngine.AsyncOperation) (at ./Library/PackageCache/com.daniel-geo.unityhackatime@5ac210a9a287/Editor/Plugin.cs:176)
UnityEngine.AsyncOperation:InvokeCompletionEvent ()

(Filename: ./Library/PackageCache/com.daniel-geo.unityhackatime@5ac210a9a287/Editor/Plugin.cs Line: 187)

<HackaTime> Sent heartbeat!
UnityEngine.Debug:ExtractStackTraceNoAlloc (byte*,int,string)
UnityEngine.StackTraceUtility:ExtractStackTrace ()
UnityEngine.DebugLogHandler:Internal_Log (UnityEngine.LogType,UnityEngine.LogOption,string,UnityEngine.Object)
UnityEngine.DebugLogHandler:LogFormat (UnityEngine.LogType,UnityEngine.Object,string,object[])
UnityEngine.Logger:Log (UnityEngine.LogType,object)
UnityEngine.Debug:Log (object)
WakaTime.Plugin/<SendHeartbeat>d__29:MoveNext () (at ./Library/PackageCache/com.daniel-geo.unityhackatime@5ac210a9a287/Editor/Plugin.cs:203)
System.Runtime.CompilerServices.AsyncMethodBuilderCore/MoveNextRunner:InvokeMoveNext (object)
System.Threading.ExecutionContext:RunInternal (System.Threading.ExecutionContext,System.Threading.ContextCallback,object,bool)
System.Threading.ExecutionContext:Run (System.Threading.ExecutionContext,System.Threading.ContextCallback,object,bool)
System.Runtime.CompilerServices.AsyncMethodBuilderCore/MoveNextRunner:Run ()
System.Threading.Tasks.AwaitTaskContinuation:InvokeAction (object)
System.Threading.Tasks.AwaitTaskContinuation:RunCallback (System.Threading.ContextCallback,object,System.Threading.Tasks.Task&)
System.Threading.Tasks.SynchronizationContextAwaitTaskContinuation:Run (System.Threading.Tasks.Task,bool)
System.Threading.Tasks.Task:FinishContinuations ()
System.Threading.Tasks.Task:FinishStageThree ()
System.Threading.Tasks.Task`1<bool>:TrySetResult (bool)
System.Threading.Tasks.TaskCompletionSource`1<bool>:TrySetResult (bool)
WakaTime.Plugin/<>c__DisplayClass29_0:<SendHeartbeat>b__0 (UnityEngine.AsyncOperation) (at ./Library/PackageCache/com.daniel-geo.unityhackatime@5ac210a9a287/Editor/Plugin.cs:176)
UnityEngine.AsyncOperation:InvokeCompletionEvent ()

(Filename: ./Library/PackageCache/com.daniel-geo.unityhackatime@5ac210a9a287/Editor/Plugin.cs Line: 203)

Unloading 6481 unused Assets / (5.0 MB). Loaded Objects now: 7294.
Memory consumption went from 158.6 MB to 153.6 MB.
Total: 16.360200 ms (FindLiveObjects: 1.495500 ms CreateObjectMapping: 0.862800 ms MarkObjects: 9.346100 ms  DeleteObjects: 4.654000 ms)

Prepare: number of updated asset objects reloaded= 0
========================================================================
Received Import Request.
  Time since last request: 1617.923798 seconds.
  path: Assets/URP-PSX Render Pipeline Global Settings.asset
  artifactKey: Guid(000a15220f03c4b4eae4dfb95253bbd0) Importer(815301076,1909f56bfc062723c751e8b465ee728b)
Start importing Assets/URP-PSX Render Pipeline Global Settings.asset using Guid(000a15220f03c4b4eae4dfb95253bbd0) Importer(815301076,1909f56bfc062723c751e8b465ee728b) (PreviewImporter) -> (artifact id: '782cc565e45c6fc4018a38f1279e833c') in 0.0403021 seconds
Number of updated asset objects reloaded before import = 0Number of asset objects unloaded after import = 1

========================================================================
Received Import Request.
  Time since last request: 0.000015 seconds.
  path: Assets/URP-PSX-Render Pipeline Asset.asset
  artifactKey: Guid(82d50e16a695c214d8025c47c33a0d1f) Importer(815301076,1909f56bfc062723c751e8b465ee728b)
Start importing Assets/URP-PSX-Render Pipeline Asset.asset using Guid(82d50e16a695c214d8025c47c33a0d1f) Importer(815301076,1909f56bfc062723c751e8b465ee728b) (PreviewImporter) -> (artifact id: '76ae62208e8748b9a76e556e8d1b19af') in 0.005025 seconds
Number of updated asset objects reloaded before import = 0Number of asset objects unloaded after import = 6

========================================================================
Received Prepare
Begin MonoManager ReloadAssembly
- Loaded All Assemblies, in  0.780 seconds
Refreshing native plugins compatible for Editor in 0.94 ms, found 3 plugins.
Assertion failed on expression: 'pred(*previous, *i)'
Assertion failed on expression: 'pred(*previous, *i)'
Assertion failed on expression: 'pred(*previous, *i)'
Assertion failed on expression: 'pred(*previous, *i)'
Assertion failed on expression: 'pred(*previous, *i)'
Assertion failed on expression: 'pred(*previous, *i)'
Assertion failed on expression: 'pred(*previous, *i)'
Assertion failed on expression: 'pred(*previous, *i)'
Assertion failed on expression: 'pred(*previous, *i)'
Assertion failed on expression: 'pred(*previous, *i)'
Native extension for WindowsStandalone target not found
Native extension for OSXStandalone target not found
Native extension for WebGL target not found
[Package Manager] Failed to launch server process. Reason: Unity was launched with the -noUpm command-line argument
[Package Manager] Unable to send message (not connected to server process).
[Package Manager] Cannot connect to Unity Package Manager local server
<HackaTime> Initializing...
UnityEngine.Debug:ExtractStackTraceNoAlloc (byte*,int,string)
UnityEngine.StackTraceUtility:ExtractStackTrace ()
UnityEngine.DebugLogHandler:Internal_Log (UnityEngine.LogType,UnityEngine.LogOption,string,UnityEngine.Object)
UnityEngine.DebugLogHandler:LogFormat (UnityEngine.LogType,UnityEngine.Object,string,object[])
UnityEngine.Logger:Log (UnityEngine.LogType,object)
UnityEngine.Debug:Log (object)
WakaTime.Plugin:Initialize () (at ./Library/PackageCache/com.daniel-geo.unityhackatime@5ac210a9a287/Editor/Plugin.cs:76)
WakaTime.Plugin:.cctor () (at ./Library/PackageCache/com.daniel-geo.unityhackatime@5ac210a9a287/Editor/Plugin.cs:41)
System.Runtime.CompilerServices.RuntimeHelpers:RunClassConstructor (System.RuntimeTypeHandle)
UnityEditor.EditorAssemblies:ProcessInitializeOnLoadAttributes (System.Type[])

(Filename: ./Library/PackageCache/com.daniel-geo.unityhackatime@5ac210a9a287/Editor/Plugin.cs Line: 76)

<HackaTime> Sending heartbeat...
UnityEngine.Debug:ExtractStackTraceNoAlloc (byte*,int,string)
UnityEngine.StackTraceUtility:ExtractStackTrace ()
UnityEngine.DebugLogHandler:Internal_Log (UnityEngine.LogType,UnityEngine.LogOption,string,UnityEngine.Object)
UnityEngine.DebugLogHandler:LogFormat (UnityEngine.LogType,UnityEngine.Object,string,object[])
UnityEngine.Logger:Log (UnityEngine.LogType,object)
UnityEngine.Debug:Log (object)
WakaTime.Plugin/<SendHeartbeat>d__29:MoveNext () (at ./Library/PackageCache/com.daniel-geo.unityhackatime@5ac210a9a287/Editor/Plugin.cs:144)
System.Runtime.CompilerServices.AsyncVoidMethodBuilder:Start<WakaTime.Plugin/<SendHeartbeat>d__29> (WakaTime.Plugin/<SendHeartbeat>d__29&)
WakaTime.Plugin:SendHeartbeat (bool)
WakaTime.Plugin:Initialize () (at ./Library/PackageCache/com.daniel-geo.unityhackatime@5ac210a9a287/Editor/Plugin.cs:78)
WakaTime.Plugin:.cctor () (at ./Library/PackageCache/com.daniel-geo.unityhackatime@5ac210a9a287/Editor/Plugin.cs:41)
System.Runtime.CompilerServices.RuntimeHelpers:RunClassConstructor (System.RuntimeTypeHandle)
UnityEditor.EditorAssemblies:ProcessInitializeOnLoadAttributes (System.Type[])

(Filename: ./Library/PackageCache/com.daniel-geo.unityhackatime@5ac210a9a287/Editor/Plugin.cs Line: 144)

[MODES] ModeService[none].Initialize
[MODES] ModeService[none].LoadModes
Mono: successfully reloaded assembly
- Finished resetting the current domain, in  0.692 seconds
Domain Reload Profiling: 1469ms
	BeginReloadAssembly (221ms)
		ExecutionOrderSort (0ms)
		DisableScriptedObjects (5ms)
		BackupInstance (0ms)
		ReleaseScriptingObjects (0ms)
		CreateAndSetChildDomain (61ms)
	RebuildCommonClasses (32ms)
	RebuildNativeTypeToScriptingClass (11ms)
	initialDomainReloadingComplete (32ms)
	LoadAllAssembliesAndSetupDomain (480ms)
		LoadAssemblies (396ms)
		RebuildTransferFunctionScriptingTraits (0ms)
		AnalyzeDomain (181ms)
			TypeCache.Refresh (10ms)
				TypeCache.ScanAssembly (0ms)
			BuildScriptInfoCaches (156ms)
			ResolveRequiredComponents (10ms)
	FinalizeReload (692ms)
		ReleaseScriptCaches (0ms)
		RebuildScriptCaches (0ms)
		SetupLoadedEditorAssemblies (555ms)
			LogAssemblyErrors (0ms)
			InitializePlatformSupportModulesInManaged (7ms)
			SetLoadedEditorAssemblies (6ms)
			BeforeProcessingInitializeOnLoad (123ms)
			ProcessInitializeOnLoadAttributes (333ms)
			ProcessInitializeOnLoadMethodAttributes (78ms)
			AfterProcessingInitializeOnLoad (9ms)
			EditorAssembliesLoaded (0ms)
		ExecutionOrderSort2 (0ms)
		AwakeInstancesAfterBackupRestoration (17ms)
Refreshing native plugins compatible for Editor in 1.37 ms, found 3 plugins.
Preloading 0 native plugins for Editor in 0.00 ms.
Unloading 20 Unused Serialized files (Serialized files now loaded: 0)
<HackaTime> Got response
{"id":2716388073,"user_id":27195,"branch":"main","category":"coding","dependencies":[],"editor":"unity","entity":"Unsaved Scene","language":"unity","machine":null,"operating_system":null,"project":"Stardance Project","type":"file","user_agent":"unity-hackatime","line_additions":null,"line_deletions":null,"lineno":null,"lines":null,"cursorpos":null,"project_root_count":null,"time":1788840704.0,"is_write":false,"created_at":"2026-09-08T04:10:55.650Z","updated_at":"2026-09-08T04:10:55.650Z","fields_hash":"b9602121be2db32ddc98723cf4a05fb9","source_type":"direct_entry","ip_address":"2601:600:8280:6b00:5d1e:6bf0:57c3:b9dd","deleted_at":null,"ja4_id":22,"ai_model":null,"ai_session":null,"ai_subscription_plan":null,"ai_input_tokens":null,"ai_output_tokens":null,"ai_prompt_length":null,"ai_line_changes":null,"human_line_changes":null}
UnityEngine.Debug:ExtractStackTraceNoAlloc (byte*,int,string)
UnityEngine.StackTraceUtility:ExtractStackTrace ()
UnityEngine.DebugLogHandler:Internal_Log (UnityEngine.LogType,UnityEngine.LogOption,string,UnityEngine.Object)
UnityEngine.DebugLogHandler:LogFormat (UnityEngine.LogType,UnityEngine.Object,string,object[])
UnityEngine.Logger:Log (UnityEngine.LogType,object)
UnityEngine.Debug:Log (object)
WakaTime.Plugin/<SendHeartbeat>d__29:MoveNext () (at ./Library/PackageCache/com.daniel-geo.unityhackatime@5ac210a9a287/Editor/Plugin.cs:187)
System.Runtime.CompilerServices.AsyncMethodBuilderCore/MoveNextRunner:InvokeMoveNext (object)
System.Threading.ExecutionContext:RunInternal (System.Threading.ExecutionContext,System.Threading.ContextCallback,object,bool)
System.Threading.ExecutionContext:Run (System.Threading.ExecutionContext,System.Threading.ContextCallback,object,bool)
System.Runtime.CompilerServices.AsyncMethodBuilderCore/MoveNextRunner:Run ()
System.Threading.Tasks.AwaitTaskContinuation:InvokeAction (object)
System.Threading.Tasks.AwaitTaskContinuation:RunCallback (System.Threading.ContextCallback,object,System.Threading.Tasks.Task&)
System.Threading.Tasks.SynchronizationContextAwaitTaskContinuation:Run (System.Threading.Tasks.Task,bool)
System.Threading.Tasks.Task:FinishContinuations ()
System.Threading.Tasks.Task:FinishStageThree ()
System.Threading.Tasks.Task`1<bool>:TrySetResult (bool)
System.Threading.Tasks.TaskCompletionSource`1<bool>:TrySetResult (bool)
WakaTime.Plugin/<>c__DisplayClass29_0:<SendHeartbeat>b__0 (UnityEngine.AsyncOperation) (at ./Library/PackageCache/com.daniel-geo.unityhackatime@5ac210a9a287/Editor/Plugin.cs:176)
UnityEngine.AsyncOperation:InvokeCompletionEvent ()

(Filename: ./Library/PackageCache/com.daniel-geo.unityhackatime@5ac210a9a287/Editor/Plugin.cs Line: 187)

<HackaTime> Sent heartbeat!
UnityEngine.Debug:ExtractStackTraceNoAlloc (byte*,int,string)
UnityEngine.StackTraceUtility:ExtractStackTrace ()
UnityEngine.DebugLogHandler:Internal_Log (UnityEngine.LogType,UnityEngine.LogOption,string,UnityEngine.Object)
UnityEngine.DebugLogHandler:LogFormat (UnityEngine.LogType,UnityEngine.Object,string,object[])
UnityEngine.Logger:Log (UnityEngine.LogType,object)
UnityEngine.Debug:Log (object)
WakaTime.Plugin/<SendHeartbeat>d__29:MoveNext () (at ./Library/PackageCache/com.daniel-geo.unityhackatime@5ac210a9a287/Editor/Plugin.cs:203)
System.Runtime.CompilerServices.AsyncMethodBuilderCore/MoveNextRunner:InvokeMoveNext (object)
System.Threading.ExecutionContext:RunInternal (System.Threading.ExecutionContext,System.Threading.ContextCallback,object,bool)
System.Threading.ExecutionContext:Run (System.Threading.ExecutionContext,System.Threading.ContextCallback,object,bool)
System.Runtime.CompilerServices.AsyncMethodBuilderCore/MoveNextRunner:Run ()
System.Threading.Tasks.AwaitTaskContinuation:InvokeAction (object)
System.Threading.Tasks.AwaitTaskContinuation:RunCallback (System.Threading.ContextCallback,object,System.Threading.Tasks.Task&)
System.Threading.Tasks.SynchronizationContextAwaitTaskContinuation:Run (System.Threading.Tasks.Task,bool)
System.Threading.Tasks.Task:FinishContinuations ()
System.Threading.Tasks.Task:FinishStageThree ()
System.Threading.Tasks.Task`1<bool>:TrySetResult (bool)
System.Threading.Tasks.TaskCompletionSource`1<bool>:TrySetResult (bool)
WakaTime.Plugin/<>c__DisplayClass29_0:<SendHeartbeat>b__0 (UnityEngine.AsyncOperation) (at ./Library/PackageCache/com.daniel-geo.unityhackatime@5ac210a9a287/Editor/Plugin.cs:176)
UnityEngine.AsyncOperation:InvokeCompletionEvent ()

(Filename: ./Library/PackageCache/com.daniel-geo.unityhackatime@5ac210a9a287/Editor/Plugin.cs Line: 203)

Unloading 6481 unused Assets / (4.8 MB). Loaded Objects now: 7296.
Memory consumption went from 158.6 MB to 153.8 MB.
Total: 13.653100 ms (FindLiveObjects: 0.972000 ms CreateObjectMapping: 1.247600 ms MarkObjects: 7.188700 ms  DeleteObjects: 4.243900 ms)

Prepare: number of updated asset objects reloaded= 0
========================================================================
Received Import Request.
  Time since last request: 190.552208 seconds.
  path: Assets/URP-PSX-Render Pipeline Asset.asset
  artifactKey: Guid(82d50e16a695c214d8025c47c33a0d1f) Importer(815301076,1909f56bfc062723c751e8b465ee728b)
Start importing Assets/URP-PSX-Render Pipeline Asset.asset using Guid(82d50e16a695c214d8025c47c33a0d1f) Importer(815301076,1909f56bfc062723c751e8b465ee728b) (PreviewImporter) -> (artifact id: 'b506f82f08bdf14cb5c3c0f138471613') in 0.0286132 seconds
Number of updated asset objects reloaded before import = 20Number of asset objects unloaded after import = 6

========================================================================
Received Import Request.
  Time since last request: 9.201990 seconds.
  path: Assets/Scripts/CRT
  artifactKey: Guid(df66d1deeae0d384c9c7d2450144d815) Importer(2089858483,192608db42251d675da83286b1cce702)
Start importing Assets/Scripts/CRT using Guid(df66d1deeae0d384c9c7d2450144d815) Importer(2089858483,192608db42251d675da83286b1cce702) (ScriptedImporter) -> (artifact id: 'a933d77aadac76335ccd15ba20ddbc87') in 0.1403454 seconds
Number of updated asset objects reloaded before import = 0Number of asset objects unloaded after import = 1

========================================================================
Received Import Request.
  Time since last request: 0.000024 seconds.
  path: Assets/Subgraphs/CameraClipping.shadersubgraph
  artifactKey: Guid(3e8a903d0fb33fa4083f720537ff71e8) Importer(2089858483,192608db42251d675da83286b1cce702)
Start importing Assets/Subgraphs/CameraClipping.shadersubgraph using Guid(3e8a903d0fb33fa4083f720537ff71e8) Importer(2089858483,192608db42251d675da83286b1cce702) (ScriptedImporter) -> (artifact id: 'a3565fa331f5581371cd3b5e2289d2e6') in 0.0520723 seconds
Number of updated asset objects reloaded before import = 0Number of asset objects unloaded after import = 1

========================================================================
Received Import Request.
  Time since last request: 0.000035 seconds.
  path: Assets/Models/buddhaPreaching.obj
  artifactKey: Guid(9549f75e9d333504d84f0a299e4931a1) Importer(2089858483,192608db42251d675da83286b1cce702)
Start importing Assets/Models/buddhaPreaching.obj using Guid(9549f75e9d333504d84f0a299e4931a1) Importer(2089858483,192608db42251d675da83286b1cce702) (ScriptedImporter) -> (artifact id: '574a5dbdb4aedecaf2c4f4aec4b66191') in 0.1099352 seconds
Number of updated asset objects reloaded before import = 0Number of asset objects unloaded after import = 10

========================================================================
Received Import Request.
  Time since last request: 0.000019 seconds.
  path: Assets/Scripts/Dithering/Dithering.cs
  artifactKey: Guid(5ea62842ddb6960488930897ba9ce398) Importer(2089858483,192608db42251d675da83286b1cce702)
Start importing Assets/Scripts/Dithering/Dithering.cs using Guid(5ea62842ddb6960488930897ba9ce398) Importer(2089858483,192608db42251d675da83286b1cce702) (ScriptedImporter) -> (artifact id: '1f817ff088c53ca494c7720208b22608') in 0.0068812 seconds
Number of updated asset objects reloaded before import = 0Number of asset objects unloaded after import = 0

========================================================================
Received Import Request.
  Time since last request: 0.000024 seconds.
  path: Assets/Shaders/Other/PS1AffineFog.shader
  artifactKey: Guid(75a61eaf287cc5e4794943d5702ccd8b) Importer(2089858483,192608db42251d675da83286b1cce702)
Start importing Assets/Shaders/Other/PS1AffineFog.shader using Guid(75a61eaf287cc5e4794943d5702ccd8b) Importer(2089858483,192608db42251d675da83286b1cce702) (ScriptedImporter) -> (artifact id: '14450e81d11b8c13dbffc4b69f4c36c5') in 0.0079813 seconds
Number of updated asset objects reloaded before import = 0Number of asset objects unloaded after import = 1

========================================================================
Received Import Request.
  Time since last request: 0.000036 seconds.
  path: Assets/Materials/Psx_PBR_Rock.mat
  artifactKey: Guid(b8cbb17c7c157aa4d9c5f8df6833da42) Importer(2089858483,192608db42251d675da83286b1cce702)
Start importing Assets/Materials/Psx_PBR_Rock.mat using Guid(b8cbb17c7c157aa4d9c5f8df6833da42) Importer(2089858483,192608db42251d675da83286b1cce702) (ScriptedImporter) -> (artifact id: 'b9acece4efa16c3832fb05d26fdda400') in 0.2382441 seconds
Number of updated asset objects reloaded before import = 0Number of asset objects unloaded after import = 14

========================================================================
Received Import Request.
  Time since last request: 0.000032 seconds.
  path: Assets/Shaders/cginc
  artifactKey: Guid(418b46fe3781488b870cae6b6f02262b) Importer(2089858483,192608db42251d675da83286b1cce702)
Start importing Assets/Shaders/cginc using Guid(418b46fe3781488b870cae6b6f02262b) Importer(2089858483,192608db42251d675da83286b1cce702) (ScriptedImporter) -> (artifact id: '071cffcf043f7950b16c6e0edf297aef') in 0.0034607 seconds
Number of updated asset objects reloaded before import = 0Number of asset objects unloaded after import = 1

========================================================================
Received Import Request.
  Time since last request: 0.000030 seconds.
  path: Assets/Scripts/CRT/Crt.cs
  artifactKey: Guid(4265a041954897941afec871c608473b) Importer(2089858483,192608db42251d675da83286b1cce702)
Start importing Assets/Scripts/CRT/Crt.cs using Guid(4265a041954897941afec871c608473b) Importer(2089858483,192608db42251d675da83286b1cce702) (ScriptedImporter) -> (artifact id: '9171a0e388884871f4b60a98cbb4129d') in 0.0046955 seconds
Number of updated asset objects reloaded before import = 0Number of asset objects unloaded after import = 0

========================================================================
Received Import Request.
  Time since last request: 0.000019 seconds.
  path: Assets/Materials/Psx_PBR_Ground.mat
  artifactKey: Guid(1255ded71521f6f46b758c53cc3a0887) Importer(2089858483,192608db42251d675da83286b1cce702)
Start importing Assets/Materials/Psx_PBR_Ground.mat using Guid(1255ded71521f6f46b758c53cc3a0887) Importer(2089858483,192608db42251d675da83286b1cce702) (ScriptedImporter) -> (artifact id: 'f8e8555eb1681b7447385dfc035eb4c8') in 0.0101873 seconds
Number of updated asset objects reloaded before import = 0Number of asset objects unloaded after import = 14

========================================================================
Received Import Request.
  Time since last request: 0.000019 seconds.
  path: Assets/Shaders/HLSL/CustomLighting.hlsl
  artifactKey: Guid(fd96fa3ae441a2a43a4be1835e3752d0) Importer(2089858483,192608db42251d675da83286b1cce702)
Start importing Assets/Shaders/HLSL/CustomLighting.hlsl using Guid(fd96fa3ae441a2a43a4be1835e3752d0) Importer(2089858483,192608db42251d675da83286b1cce702) (ScriptedImporter) -> (artifact id: '42e182ed6988e8353727af6169db8163') in 0.0042852 seconds
Number of updated asset objects reloaded before import = 0Number of asset objects unloaded after import = 1

========================================================================
Received Import Request.
  Time since last request: 0.000018 seconds.
  path: Assets/Subgraphs/AffineTextureMapping.shadersubgraph
  artifactKey: Guid(21e48cbb0ab48da4fb439dcd869ca2b1) Importer(2089858483,192608db42251d675da83286b1cce702)
Start importing Assets/Subgraphs/AffineTextureMapping.shadersubgraph using Guid(21e48cbb0ab48da4fb439dcd869ca2b1) Importer(2089858483,192608db42251d675da83286b1cce702) (ScriptedImporter) -> (artifact id: '196caa9190521669f391476331694c64') in 0.0109121 seconds
Number of updated asset objects reloaded before import = 0Number of asset objects unloaded after import = 1

========================================================================
Received Import Request.
  Time since last request: 0.000018 seconds.
  path: Assets/Shaders/cginc/DitheringPatterns.cginc
  artifactKey: Guid(dc17ccdbbf9044d983e87e1c546c8d6a) Importer(2089858483,192608db42251d675da83286b1cce702)
Start importing Assets/Shaders/cginc/DitheringPatterns.cginc using Guid(dc17ccdbbf9044d983e87e1c546c8d6a) Importer(2089858483,192608db42251d675da83286b1cce702) (ScriptedImporter) -> (artifact id: 'f18719b760e5ddcbcd5873c67f24b573') in 0.0042306 seconds
Number of updated asset objects reloaded before import = 0Number of asset objects unloaded after import = 1

========================================================================
Received Import Request.
  Time since last request: 0.000027 seconds.
  path: Assets/Scenes/Psx_PBR.unity
  artifactKey: Guid(7d009cd99cb21d44d89ee3334d83a4cd) Importer(2089858483,192608db42251d675da83286b1cce702)
Start importing Assets/Scenes/Psx_PBR.unity using Guid(7d009cd99cb21d44d89ee3334d83a4cd) Importer(2089858483,192608db42251d675da83286b1cce702) (ScriptedImporter) -> (artifact id: 'bfab9ca09f0eebdf0f94971521033c64') in 0.0070296 seconds
Number of updated asset objects reloaded before import = 0Number of asset objects unloaded after import = 1

========================================================================
Received Import Request.
  Time since last request: 0.000029 seconds.
  path: Assets/Scripts/Pixelation
  artifactKey: Guid(56acf1911cf6b5d4b894ee397ed79b1a) Importer(2089858483,192608db42251d675da83286b1cce702)
Start importing Assets/Scripts/Pixelation using Guid(56acf1911cf6b5d4b894ee397ed79b1a) Importer(2089858483,192608db42251d675da83286b1cce702) (ScriptedImporter) -> (artifact id: 'b6902c4de63c13f396262784261ec9e9') in 0.0040761 seconds
Number of updated asset objects reloaded before import = 0Number of asset objects unloaded after import = 1

========================================================================
Received Import Request.
  Time since last request: 0.000024 seconds.
  path: Assets/Shaders/URP_PSX_PBR_Master_with_transparency.shadergraph
  artifactKey: Guid(805145bdd23e99a449608ba982401acc) Importer(2089858483,192608db42251d675da83286b1cce702)
Start importing Assets/Shaders/URP_PSX_PBR_Master_with_transparency.shadergraph using Guid(805145bdd23e99a449608ba982401acc) Importer(2089858483,192608db42251d675da83286b1cce702) (ScriptedImporter) -> (artifact id: '4269f36557992c332f41a184d472e8c1') in 0.2115952 seconds
Number of updated asset objects reloaded before import = 0Number of asset objects unloaded after import = 12

========================================================================
Received Import Request.
  Time since last request: 0.000020 seconds.
  path: Assets/URP-PSX Volume Profile.asset
  artifactKey: Guid(7bbe35cdf5d69e14abbb03eccedaa5bd) Importer(2089858483,192608db42251d675da83286b1cce702)
Start importing Assets/URP-PSX Volume Profile.asset using Guid(7bbe35cdf5d69e14abbb03eccedaa5bd) Importer(2089858483,192608db42251d675da83286b1cce702) (ScriptedImporter) -> (artifact id: '731e69ca48358ac6fc88b1803b6309ea') in 0.00659 seconds
Number of updated asset objects reloaded before import = 0Number of asset objects unloaded after import = 5

========================================================================
Received Import Request.
  Time since last request: 0.000031 seconds.
  path: Assets/Subgraphs/Other/randomColorPicker.shadersubgraph
  artifactKey: Guid(2b96a7236566daf4cb73b2099759177a) Importer(2089858483,192608db42251d675da83286b1cce702)
Start importing Assets/Subgraphs/Other/randomColorPicker.shadersubgraph using Guid(2b96a7236566daf4cb73b2099759177a) Importer(2089858483,192608db42251d675da83286b1cce702) (ScriptedImporter) -> (artifact id: 'e2a7b095c4e1eda3838e9f341ab98a5f') in 0.0077201 seconds
Number of updated asset objects reloaded before import = 0Number of asset objects unloaded after import = 1

========================================================================
Received Import Request.
  Time since last request: 0.000040 seconds.
  path: Assets/Shaders/URP_PSX_PBR_Master.shadergraph
  artifactKey: Guid(2b3b7d0b179748b449e12721ea4fcfa6) Importer(2089858483,192608db42251d675da83286b1cce702)
Start importing Assets/Shaders/URP_PSX_PBR_Master.shadergraph using Guid(2b3b7d0b179748b449e12721ea4fcfa6) Importer(2089858483,192608db42251d675da83286b1cce702) (ScriptedImporter) -> (artifact id: '6029dd453d00ba9b75253a391f9f791b') in 0.0175123 seconds
Number of updated asset objects reloaded before import = 0Number of asset objects unloaded after import = 12

========================================================================
Received Import Request.
  Time since last request: 0.000017 seconds.
  path: Assets/Shaders/Other/Unlit_PS1AffineFog.mat
  artifactKey: Guid(1c2a2bf9e71c9764a861f3de56b26509) Importer(2089858483,192608db42251d675da83286b1cce702)
Start importing Assets/Shaders/Other/Unlit_PS1AffineFog.mat using Guid(1c2a2bf9e71c9764a861f3de56b26509) Importer(2089858483,192608db42251d675da83286b1cce702) (ScriptedImporter) -> (artifact id: '5f4a541b5ca89e2e0de44e368b225962') in 0.0098195 seconds
Number of updated asset objects reloaded before import = 0Number of asset objects unloaded after import = 1

========================================================================
Received Import Request.
  Time since last request: 0.000020 seconds.
  path: Assets/Shaders/Dithering.shader
  artifactKey: Guid(0b3fbf35a693e2e42a255895e5be9dbd) Importer(2089858483,192608db42251d675da83286b1cce702)
Start importing Assets/Shaders/Dithering.shader using Guid(0b3fbf35a693e2e42a255895e5be9dbd) Importer(2089858483,192608db42251d675da83286b1cce702) (ScriptedImporter) -> (artifact id: '2df34b49d59139a5eeb5d7c66fb2b6a3') in 0.0049537 seconds
Number of updated asset objects reloaded before import = 0Number of asset objects unloaded after import = 1

========================================================================
Received Import Request.
  Time since last request: 0.000023 seconds.
  path: Assets/Subgraphs
  artifactKey: Guid(e93e9c6e52b03b44395f1286ae65ebca) Importer(2089858483,192608db42251d675da83286b1cce702)
Start importing Assets/Subgraphs using Guid(e93e9c6e52b03b44395f1286ae65ebca) Importer(2089858483,192608db42251d675da83286b1cce702) (ScriptedImporter) -> (artifact id: 'd6408c7d4823d99d4bac95f34151b3e2') in 0.0038702 seconds
Number of updated asset objects reloaded before import = 0Number of asset objects unloaded after import = 1

========================================================================
Received Import Request.
  Time since last request: 0.000028 seconds.
  path: Assets/Models/grass.jpg
  artifactKey: Guid(ab905d36780b8974493b2b8e8f9f174a) Importer(2089858483,192608db42251d675da83286b1cce702)
Start importing Assets/Models/grass.jpg using Guid(ab905d36780b8974493b2b8e8f9f174a) Importer(2089858483,192608db42251d675da83286b1cce702) (ScriptedImporter) -> (artifact id: '917b215f71a3005254625d9f9f90898b') in 0.034124 seconds
Number of updated asset objects reloaded before import = 0Number of asset objects unloaded after import = 1

========================================================================
Received Import Request.
  Time since last request: 0.000022 seconds.
  path: Assets/Materials/Psx_Unlit_Variant_Buddha.mat
  artifactKey: Guid(fefa1f897c8197848ba87377a5111b8b) Importer(2089858483,192608db42251d675da83286b1cce702)
Start importing Assets/Materials/Psx_Unlit_Variant_Buddha.mat using Guid(fefa1f897c8197848ba87377a5111b8b) Importer(2089858483,192608db42251d675da83286b1cce702) (ScriptedImporter) -> (artifact id: 'c17d683f936dbc3a271bbf0cbd602ab4') in 0.0116136 seconds
Number of updated asset objects reloaded before import = 0Number of asset objects unloaded after import = 3

========================================================================
Received Import Request.
  Time since last request: 0.000017 seconds.
  path: Assets/Subgraphs/GetMainLight.shadersubgraph
  artifactKey: Guid(00a389ae1d36eed4e82c0fedb3d59788) Importer(2089858483,192608db42251d675da83286b1cce702)
Start importing Assets/Subgraphs/GetMainLight.shadersubgraph using Guid(00a389ae1d36eed4e82c0fedb3d59788) Importer(2089858483,192608db42251d675da83286b1cce702) (ScriptedImporter) -> (artifact id: '62b17cc6fdba7ecff8713f9ab5072a16') in 0.0074339 seconds
Number of updated asset objects reloaded before import = 0Number of asset objects unloaded after import = 1

========================================================================
Received Import Request.
  Time since last request: 0.000023 seconds.
  path: Assets/Subgraphs/Other/VoronoiWithCenter.shadersubgraph
  artifactKey: Guid(ec67a0e5ffab83241b0e063ba6392ff8) Importer(2089858483,192608db42251d675da83286b1cce702)
Start importing Assets/Subgraphs/Other/VoronoiWithCenter.shadersubgraph using Guid(ec67a0e5ffab83241b0e063ba6392ff8) Importer(2089858483,192608db42251d675da83286b1cce702) (ScriptedImporter) -> (artifact id: 'a3bc592d076b1229fa8245240db378e9') in 0.0076853 seconds
Number of updated asset objects reloaded before import = 0Number of asset objects unloaded after import = 1

========================================================================
Received Import Request.
  Time since last request: 0.000019 seconds.
  path: Assets/Subgraphs/ColorPrecision.shadersubgraph
  artifactKey: Guid(23d10c69786cb1940b1e68a51cf7f54e) Importer(2089858483,192608db42251d675da83286b1cce702)
Start importing Assets/Subgraphs/ColorPrecision.shadersubgraph using Guid(23d10c69786cb1940b1e68a51cf7f54e) Importer(2089858483,192608db42251d675da83286b1cce702) (ScriptedImporter) -> (artifact id: '890da500269f84a39dc29326f142eb37') in 0.0082564 seconds
Number of updated asset objects reloaded before import = 0Number of asset objects unloaded after import = 1

========================================================================
Received Import Request.
  Time since last request: 0.000034 seconds.
  path: Assets/Scripts/Pixelation/Pixelation.cs
  artifactKey: Guid(35a1bd58dd7548198609eabd8ae2bb7d) Importer(2089858483,192608db42251d675da83286b1cce702)
Start importing Assets/Scripts/Pixelation/Pixelation.cs using Guid(35a1bd58dd7548198609eabd8ae2bb7d) Importer(2089858483,192608db42251d675da83286b1cce702) (ScriptedImporter) -> (artifact id: '42ccd39666c3584ecc911df54c71669e') in 0.0047586 seconds
Number of updated asset objects reloaded before import = 0Number of asset objects unloaded after import = 0

========================================================================
Received Import Request.
  Time since last request: 0.000026 seconds.
  path: Assets/Subgraphs/CalculateMainLight.shadersubgraph
  artifactKey: Guid(6fc6dac24a98daa46b8ac585aaf4a02d) Importer(2089858483,192608db42251d675da83286b1cce702)
Start importing Assets/Subgraphs/CalculateMainLight.shadersubgraph using Guid(6fc6dac24a98daa46b8ac585aaf4a02d) Importer(2089858483,192608db42251d675da83286b1cce702) (ScriptedImporter) -> (artifact id: '3598f2971b7396e4baee3c6ad6a1c040') in 0.0115283 seconds
Number of updated asset objects reloaded before import = 0Number of asset objects unloaded after import = 1

========================================================================
Received Import Request.
  Time since last request: 0.000022 seconds.
  path: Assets/Scripts/CRT/CRTEffectController.cs
  artifactKey: Guid(3ba9292ae7492cc40aa7a655d50b67f0) Importer(2089858483,192608db42251d675da83286b1cce702)
Start importing Assets/Scripts/CRT/CRTEffectController.cs using Guid(3ba9292ae7492cc40aa7a655d50b67f0) Importer(2089858483,192608db42251d675da83286b1cce702) (ScriptedImporter) -> (artifact id: '1e916c7bb6af0fb7d15ffef633b9df56') in 0.0059696 seconds
Number of updated asset objects reloaded before import = 0Number of asset objects unloaded after import = 0

========================================================================
Received Import Request.
  Time since last request: 0.000028 seconds.
  path: Assets/Scripts/Dithering
  artifactKey: Guid(bfc0e02c1026791499b7fbb5a6085b8d) Importer(2089858483,192608db42251d675da83286b1cce702)
Start importing Assets/Scripts/Dithering using Guid(bfc0e02c1026791499b7fbb5a6085b8d) Importer(2089858483,192608db42251d675da83286b1cce702) (ScriptedImporter) -> (artifact id: '2a989f3a1174e2ba2a5b5f26ac64a5ec') in 0.0037431 seconds
Number of updated asset objects reloaded before import = 0Number of asset objects unloaded after import = 1

========================================================================
Received Import Request.
  Time since last request: 0.000021 seconds.
  path: Assets/Shaders/Other
  artifactKey: Guid(e62ba930cd7070f4ba2589ccbea896bc) Importer(2089858483,192608db42251d675da83286b1cce702)
Start importing Assets/Shaders/Other using Guid(e62ba930cd7070f4ba2589ccbea896bc) Importer(2089858483,192608db42251d675da83286b1cce702) (ScriptedImporter) -> (artifact id: 'ddf960132b317db43c5b0a5aebd18d21') in 0.0034242 seconds
Number of updated asset objects reloaded before import = 0Number of asset objects unloaded after import = 1

========================================================================
Received Import Request.
  Time since last request: 0.000033 seconds.
  path: Assets/Shaders/Pixelation.shader
  artifactKey: Guid(6cc37f589a3171847bd1dc6f9224ccf3) Importer(2089858483,192608db42251d675da83286b1cce702)
Start importing Assets/Shaders/Pixelation.shader using Guid(6cc37f589a3171847bd1dc6f9224ccf3) Importer(2089858483,192608db42251d675da83286b1cce702) (ScriptedImporter) -> (artifact id: 'efd231a44e9c0e3a106cea7220eb6f43') in 0.0047963 seconds
Number of updated asset objects reloaded before import = 0Number of asset objects unloaded after import = 1

========================================================================
Received Import Request.
  Time since last request: 0.000026 seconds.
  path: Assets/Shaders
  artifactKey: Guid(3e7aca79348652544a47a086a60f34b1) Importer(2089858483,192608db42251d675da83286b1cce702)
Start importing Assets/Shaders using Guid(3e7aca79348652544a47a086a60f34b1) Importer(2089858483,192608db42251d675da83286b1cce702) (ScriptedImporter) -> (artifact id: 'c693083959508aa6d23f22688a7b0f8d') in 0.0051194 seconds
Number of updated asset objects reloaded before import = 0Number of asset objects unloaded after import = 1

========================================================================
Received Import Request.
  Time since last request: 0.000025 seconds.
  path: Assets/Materials/Psx_Unlit_Rock.mat
  artifactKey: Guid(f6e6930d0b899574381302c52d27b1ca) Importer(2089858483,192608db42251d675da83286b1cce702)
Start importing Assets/Materials/Psx_Unlit_Rock.mat using Guid(f6e6930d0b899574381302c52d27b1ca) Importer(2089858483,192608db42251d675da83286b1cce702) (ScriptedImporter) -> (artifact id: '9be60ad5eae77c287186cac701ca5186') in 0.2067317 seconds
Number of updated asset objects reloaded before import = 0Number of asset objects unloaded after import = 14

========================================================================
Received Import Request.
  Time since last request: 0.000022 seconds.
  path: Assets/Scenes/Psx_Unlit_Variant_PolyBrush.unity
  artifactKey: Guid(602e816e0d591c645a0c9c7905e59e39) Importer(2089858483,192608db42251d675da83286b1cce702)
Start importing Assets/Scenes/Psx_Unlit_Variant_PolyBrush.unity using Guid(602e816e0d591c645a0c9c7905e59e39) Importer(2089858483,192608db42251d675da83286b1cce702) (ScriptedImporter) -> (artifact id: '523f0d6499aafb2f0545ec8d06c60ded') in 0.0066081 seconds
Number of updated asset objects reloaded before import = 0Number of asset objects unloaded after import = 1

========================================================================
Received Import Request.
  Time since last request: 0.000031 seconds.
  path: Assets/Scenes/Platforming.unity
  artifactKey: Guid(99c9720ab356a0642a771bea13969a05) Importer(2089858483,192608db42251d675da83286b1cce702)
Start importing Assets/Scenes/Platforming.unity using Guid(99c9720ab356a0642a771bea13969a05) Importer(2089858483,192608db42251d675da83286b1cce702) (ScriptedImporter) -> (artifact id: '8539ac7c402527e4f63bf62e7a561b9d') in 0.0081965 seconds
Number of updated asset objects reloaded before import = 0Number of asset objects unloaded after import = 1

========================================================================
Received Import Request.
  Time since last request: 0.000019 seconds.
  path: Assets/URP-PSX Render Pipeline Asset_Renderer.asset
  artifactKey: Guid(5bc392ef1f4545742b089dfb8e6d5608) Importer(2089858483,192608db42251d675da83286b1cce702)
Start importing Assets/URP-PSX Render Pipeline Asset_Renderer.asset using Guid(5bc392ef1f4545742b089dfb8e6d5608) Importer(2089858483,192608db42251d675da83286b1cce702) (ScriptedImporter) -> (artifact id: 'd467de996936bbe1b6b57cc35c9e5ba0') in 0.0371917 seconds
Number of updated asset objects reloaded before import = 0Number of asset objects unloaded after import = 5

========================================================================
Received Import Request.
  Time since last request: 0.000023 seconds.
  path: Assets/Subgraphs/CalculateAdditionalLights.shadersubgraph
  artifactKey: Guid(7b271f71c53b4134986e6989a3e9f32d) Importer(2089858483,192608db42251d675da83286b1cce702)
Start importing Assets/Subgraphs/CalculateAdditionalLights.shadersubgraph using Guid(7b271f71c53b4134986e6989a3e9f32d) Importer(2089858483,192608db42251d675da83286b1cce702) (ScriptedImporter) -> (artifact id: '1842905aaa6e76f0a6bb682c009222de') in 0.0072886 seconds
Number of updated asset objects reloaded before import = 0Number of asset objects unloaded after import = 1

========================================================================
Received Import Request.
  Time since last request: 0.000025 seconds.
  path: Assets/Materials/Psx_Unlit_Buddha.mat
  artifactKey: Guid(93cb96d729cc80c4bad869c1d04c3152) Importer(2089858483,192608db42251d675da83286b1cce702)
Start importing Assets/Materials/Psx_Unlit_Buddha.mat using Guid(93cb96d729cc80c4bad869c1d04c3152) Importer(2089858483,192608db42251d675da83286b1cce702) (ScriptedImporter) -> (artifact id: 'ce8d917d5dbb472ef73874d564f973d3') in 0.0127309 seconds
Number of updated asset objects reloaded before import = 0Number of asset objects unloaded after import = 14

========================================================================
Received Import Request.
  Time since last request: 0.000024 seconds.
  path: Assets/Scenes/Psx_Unlit_Variant_PolyBrush.lighting
  artifactKey: Guid(f10a56c78fa1321428a6537d86d3f09c) Importer(2089858483,192608db42251d675da83286b1cce702)
Start importing Assets/Scenes/Psx_Unlit_Variant_PolyBrush.lighting using Guid(f10a56c78fa1321428a6537d86d3f09c) Importer(2089858483,192608db42251d675da83286b1cce702) (ScriptedImporter) -> (artifact id: '6944fb9cfd00a7571158c530a1ce357b') in 0.0124729 seconds
Number of updated asset objects reloaded before import = 0Number of asset objects unloaded after import = 1

========================================================================
Received Import Request.
  Time since last request: 0.000029 seconds.
  path: Assets/Materials/HazeGlass.mat
  artifactKey: Guid(7330941fb54da014a86471b94a0d9057) Importer(2089858483,192608db42251d675da83286b1cce702)
Start importing Assets/Materials/HazeGlass.mat using Guid(7330941fb54da014a86471b94a0d9057) Importer(2089858483,192608db42251d675da83286b1cce702) (ScriptedImporter) -> (artifact id: '2feb1b61e211da20d88b5e97a41e5111') in 0.1764388 seconds
Number of updated asset objects reloaded before import = 0Number of asset objects unloaded after import = 7

========================================================================
Received Import Request.
  Time since last request: 0.000038 seconds.
  path: Assets/Shaders/URP_PSX_Unlit_Master.shadergraph
  artifactKey: Guid(9811a975b6d99df45b93bb716dacc497) Importer(2089858483,192608db42251d675da83286b1cce702)
Start importing Assets/Shaders/URP_PSX_Unlit_Master.shadergraph using Guid(9811a975b6d99df45b93bb716dacc497) Importer(2089858483,192608db42251d675da83286b1cce702) (ScriptedImporter) -> (artifact id: 'a5140086147a8773b162a2d02ddf823b') in 0.0121449 seconds
Number of updated asset objects reloaded before import = 0Number of asset objects unloaded after import = 12

========================================================================
Received Prepare
Begin MonoManager ReloadAssembly
- Loaded All Assemblies, in  0.932 seconds
Refreshing native plugins compatible for Editor in 1.59 ms, found 3 plugins.
Assertion failed on expression: 'pred(*previous, *i)'
Assertion failed on expression: 'pred(*previous, *i)'
Assertion failed on expression: 'pred(*previous, *i)'
Assertion failed on expression: 'pred(*previous, *i)'
Assertion failed on expression: 'pred(*previous, *i)'
Assertion failed on expression: 'pred(*previous, *i)'
Assertion failed on expression: 'pred(*previous, *i)'
Assertion failed on expression: 'pred(*previous, *i)'
Assertion failed on expression: 'pred(*previous, *i)'
Assertion failed on expression: 'pred(*previous, *i)'
Native extension for WindowsStandalone target not found
Native extension for OSXStandalone target not found
Native extension for WebGL target not found
[Package Manager] Failed to launch server process. Reason: Unity was launched with the -noUpm command-line argument
[Package Manager] Unable to send message (not connected to server process).
[Package Manager] Cannot connect to Unity Package Manager local server
<HackaTime> Initializing...
UnityEngine.Debug:ExtractStackTraceNoAlloc (byte*,int,string)
UnityEngine.StackTraceUtility:ExtractStackTrace ()
UnityEngine.DebugLogHandler:Internal_Log (UnityEngine.LogType,UnityEngine.LogOption,string,UnityEngine.Object)
UnityEngine.DebugLogHandler:LogFormat (UnityEngine.LogType,UnityEngine.Object,string,object[])
UnityEngine.Logger:Log (UnityEngine.LogType,object)
UnityEngine.Debug:Log (object)
WakaTime.Plugin:Initialize () (at ./Library/PackageCache/com.daniel-geo.unityhackatime@5ac210a9a287/Editor/Plugin.cs:76)
WakaTime.Plugin:.cctor () (at ./Library/PackageCache/com.daniel-geo.unityhackatime@5ac210a9a287/Editor/Plugin.cs:41)
System.Runtime.CompilerServices.RuntimeHelpers:RunClassConstructor (System.RuntimeTypeHandle)
UnityEditor.EditorAssemblies:ProcessInitializeOnLoadAttributes (System.Type[])

(Filename: ./Library/PackageCache/com.daniel-geo.unityhackatime@5ac210a9a287/Editor/Plugin.cs Line: 76)

<HackaTime> Sending heartbeat...
UnityEngine.Debug:ExtractStackTraceNoAlloc (byte*,int,string)
UnityEngine.StackTraceUtility:ExtractStackTrace ()
UnityEngine.DebugLogHandler:Internal_Log (UnityEngine.LogType,UnityEngine.LogOption,string,UnityEngine.Object)
UnityEngine.DebugLogHandler:LogFormat (UnityEngine.LogType,UnityEngine.Object,string,object[])
UnityEngine.Logger:Log (UnityEngine.LogType,object)
UnityEngine.Debug:Log (object)
WakaTime.Plugin/<SendHeartbeat>d__29:MoveNext () (at ./Library/PackageCache/com.daniel-geo.unityhackatime@5ac210a9a287/Editor/Plugin.cs:144)
System.Runtime.CompilerServices.AsyncVoidMethodBuilder:Start<WakaTime.Plugin/<SendHeartbeat>d__29> (WakaTime.Plugin/<SendHeartbeat>d__29&)
WakaTime.Plugin:SendHeartbeat (bool)
WakaTime.Plugin:Initialize () (at ./Library/PackageCache/com.daniel-geo.unityhackatime@5ac210a9a287/Editor/Plugin.cs:78)
WakaTime.Plugin:.cctor () (at ./Library/PackageCache/com.daniel-geo.unityhackatime@5ac210a9a287/Editor/Plugin.cs:41)
System.Runtime.CompilerServices.RuntimeHelpers:RunClassConstructor (System.RuntimeTypeHandle)
UnityEditor.EditorAssemblies:ProcessInitializeOnLoadAttributes (System.Type[])

(Filename: ./Library/PackageCache/com.daniel-geo.unityhackatime@5ac210a9a287/Editor/Plugin.cs Line: 144)

[MODES] ModeService[none].Initialize
[MODES] ModeService[none].LoadModes
Mono: successfully reloaded assembly
- Finished resetting the current domain, in  0.806 seconds
Domain Reload Profiling: 1735ms
	BeginReloadAssembly (279ms)
		ExecutionOrderSort (0ms)
		DisableScriptedObjects (5ms)
		BackupInstance (0ms)
		ReleaseScriptingObjects (0ms)
		CreateAndSetChildDomain (105ms)
	RebuildCommonClasses (36ms)
	RebuildNativeTypeToScriptingClass (12ms)
	initialDomainReloadingComplete (34ms)
	LoadAllAssembliesAndSetupDomain (567ms)
		LoadAssemblies (478ms)
		RebuildTransferFunctionScriptingTraits (0ms)
		AnalyzeDomain (187ms)
			TypeCache.Refresh (8ms)
				TypeCache.ScanAssembly (0ms)
			BuildScriptInfoCaches (164ms)
			ResolveRequiredComponents (9ms)
	FinalizeReload (807ms)
		ReleaseScriptCaches (0ms)
		RebuildScriptCaches (0ms)
		SetupLoadedEditorAssemblies (635ms)
			LogAssemblyErrors (0ms)
			InitializePlatformSupportModulesInManaged (5ms)
			SetLoadedEditorAssemblies (6ms)
			BeforeProcessingInitializeOnLoad (160ms)
			ProcessInitializeOnLoadAttributes (359ms)
			ProcessInitializeOnLoadMethodAttributes (96ms)
			AfterProcessingInitializeOnLoad (9ms)
			EditorAssembliesLoaded (0ms)
		ExecutionOrderSort2 (0ms)
		AwakeInstancesAfterBackupRestoration (19ms)
Refreshing native plugins compatible for Editor in 1.26 ms, found 3 plugins.
Preloading 0 native plugins for Editor in 0.00 ms.
Unloading 24 Unused Serialized files (Serialized files now loaded: 0)
<HackaTime> Got response
{"id":2716388073,"user_id":27195,"branch":"main","category":"coding","dependencies":[],"editor":"unity","entity":"Unsaved Scene","language":"unity","machine":null,"operating_system":null,"project":"Stardance Project","type":"file","user_agent":"unity-hackatime","line_additions":null,"line_deletions":null,"lineno":null,"lines":null,"cursorpos":null,"project_root_count":null,"time":1788840704.0,"is_write":false,"created_at":"2026-09-08T04:10:55.650Z","updated_at":"2026-09-08T04:10:55.650Z","fields_hash":"b9602121be2db32ddc98723cf4a05fb9","source_type":"direct_entry","ip_address":"2601:600:8280:6b00:5d1e:6bf0:57c3:b9dd","deleted_at":null,"ja4_id":22,"ai_model":null,"ai_session":null,"ai_subscription_plan":null,"ai_input_tokens":null,"ai_output_tokens":null,"ai_prompt_length":null,"ai_line_changes":null,"human_line_changes":null}
UnityEngine.Debug:ExtractStackTraceNoAlloc (byte*,int,string)
UnityEngine.StackTraceUtility:ExtractStackTrace ()
UnityEngine.DebugLogHandler:Internal_Log (UnityEngine.LogType,UnityEngine.LogOption,string,UnityEngine.Object)
UnityEngine.DebugLogHandler:LogFormat (UnityEngine.LogType,UnityEngine.Object,string,object[])
UnityEngine.Logger:Log (UnityEngine.LogType,object)
UnityEngine.Debug:Log (object)
WakaTime.Plugin/<SendHeartbeat>d__29:MoveNext () (at ./Library/PackageCache/com.daniel-geo.unityhackatime@5ac210a9a287/Editor/Plugin.cs:187)
System.Runtime.CompilerServices.AsyncMethodBuilderCore/MoveNextRunner:InvokeMoveNext (object)
System.Threading.ExecutionContext:RunInternal (System.Threading.ExecutionContext,System.Threading.ContextCallback,object,bool)
System.Threading.ExecutionContext:Run (System.Threading.ExecutionContext,System.Threading.ContextCallback,object,bool)
System.Runtime.CompilerServices.AsyncMethodBuilderCore/MoveNextRunner:Run ()
System.Threading.Tasks.AwaitTaskContinuation:InvokeAction (object)
System.Threading.Tasks.AwaitTaskContinuation:RunCallback (System.Threading.ContextCallback,object,System.Threading.Tasks.Task&)
System.Threading.Tasks.SynchronizationContextAwaitTaskContinuation:Run (System.Threading.Tasks.Task,bool)
System.Threading.Tasks.Task:FinishContinuations ()
System.Threading.Tasks.Task:FinishStageThree ()
System.Threading.Tasks.Task`1<bool>:TrySetResult (bool)
System.Threading.Tasks.TaskCompletionSource`1<bool>:TrySetResult (bool)
WakaTime.Plugin/<>c__DisplayClass29_0:<SendHeartbeat>b__0 (UnityEngine.AsyncOperation) (at ./Library/PackageCache/com.daniel-geo.unityhackatime@5ac210a9a287/Editor/Plugin.cs:176)
UnityEngine.AsyncOperation:InvokeCompletionEvent ()

(Filename: ./Library/PackageCache/com.daniel-geo.unityhackatime@5ac210a9a287/Editor/Plugin.cs Line: 187)

<HackaTime> Sent heartbeat!
UnityEngine.Debug:ExtractStackTraceNoAlloc (byte*,int,string)
UnityEngine.StackTraceUtility:ExtractStackTrace ()
UnityEngine.DebugLogHandler:Internal_Log (UnityEngine.LogType,UnityEngine.LogOption,string,UnityEngine.Object)
UnityEngine.DebugLogHandler:LogFormat (UnityEngine.LogType,UnityEngine.Object,string,object[])
UnityEngine.Logger:Log (UnityEngine.LogType,object)
UnityEngine.Debug:Log (object)
WakaTime.Plugin/<SendHeartbeat>d__29:MoveNext () (at ./Library/PackageCache/com.daniel-geo.unityhackatime@5ac210a9a287/Editor/Plugin.cs:203)
System.Runtime.CompilerServices.AsyncMethodBuilderCore/MoveNextRunner:InvokeMoveNext (object)
System.Threading.ExecutionContext:RunInternal (System.Threading.ExecutionContext,System.Threading.ContextCallback,object,bool)
System.Threading.ExecutionContext:Run (System.Threading.ExecutionContext,System.Threading.ContextCallback,object,bool)
System.Runtime.CompilerServices.AsyncMethodBuilderCore/MoveNextRunner:Run ()
System.Threading.Tasks.AwaitTaskContinuation:InvokeAction (object)
System.Threading.Tasks.AwaitTaskContinuation:RunCallback (System.Threading.ContextCallback,object,System.Threading.Tasks.Task&)
System.Threading.Tasks.SynchronizationContextAwaitTaskContinuation:Run (System.Threading.Tasks.Task,bool)
System.Threading.Tasks.Task:FinishContinuations ()
System.Threading.Tasks.Task:FinishStageThree ()
System.Threading.Tasks.Task`1<bool>:TrySetResult (bool)
System.Threading.Tasks.TaskCompletionSource`1<bool>:TrySetResult (bool)
WakaTime.Plugin/<>c__DisplayClass29_0:<SendHeartbeat>b__0 (UnityEngine.AsyncOperation) (at ./Library/PackageCache/com.daniel-geo.unityhackatime@5ac210a9a287/Editor/Plugin.cs:176)
UnityEngine.AsyncOperation:InvokeCompletionEvent ()

(Filename: ./Library/PackageCache/com.daniel-geo.unityhackatime@5ac210a9a287/Editor/Plugin.cs Line: 203)

Unloading 6482 unused Assets / (4.3 MB). Loaded Objects now: 7306.
Memory consumption went from 160.9 MB to 156.6 MB.
Total: 12.970900 ms (FindLiveObjects: 1.010800 ms CreateObjectMapping: 0.393900 ms MarkObjects: 6.688800 ms  DeleteObjects: 4.876400 ms)

Prepare: number of updated asset objects reloaded= 0
========================================================================
Received Import Request.
  Time since last request: 170.286306 seconds.
  path: Assets/URP-PSX Volume Profile.asset
  artifactKey: Guid(7bbe35cdf5d69e14abbb03eccedaa5bd) Importer(2089858483,192608db42251d675da83286b1cce702)
Start importing Assets/URP-PSX Volume Profile.asset using Guid(7bbe35cdf5d69e14abbb03eccedaa5bd) Importer(2089858483,192608db42251d675da83286b1cce702) (ScriptedImporter) -> (artifact id: '3c1c452d7bbc949629275e3e95d163b8') in 0.1455969 seconds
Number of updated asset objects reloaded before import = 1Number of asset objects unloaded after import = 0

========================================================================
Received Prepare
Begin MonoManager ReloadAssembly
- Loaded All Assemblies, in  0.804 seconds
Refreshing native plugins compatible for Editor in 1.15 ms, found 3 plugins.
Assertion failed on expression: 'pred(*previous, *i)'
Assertion failed on expression: 'pred(*previous, *i)'
Assertion failed on expression: 'pred(*previous, *i)'
Assertion failed on expression: 'pred(*previous, *i)'
Assertion failed on expression: 'pred(*previous, *i)'
Assertion failed on expression: 'pred(*previous, *i)'
Assertion failed on expression: 'pred(*previous, *i)'
Assertion failed on expression: 'pred(*previous, *i)'
Assertion failed on expression: 'pred(*previous, *i)'
Assertion failed on expression: 'pred(*previous, *i)'
Native extension for WindowsStandalone target not found
Native extension for OSXStandalone target not found
Native extension for WebGL target not found
[Package Manager] Failed to launch server process. Reason: Unity was launched with the -noUpm command-line argument
[Package Manager] Unable to send message (not connected to server process).
[Package Manager] Cannot connect to Unity Package Manager local server
<HackaTime> Initializing...
UnityEngine.Debug:ExtractStackTraceNoAlloc (byte*,int,string)
UnityEngine.StackTraceUtility:ExtractStackTrace ()
UnityEngine.DebugLogHandler:Internal_Log (UnityEngine.LogType,UnityEngine.LogOption,string,UnityEngine.Object)
UnityEngine.DebugLogHandler:LogFormat (UnityEngine.LogType,UnityEngine.Object,string,object[])
UnityEngine.Logger:Log (UnityEngine.LogType,object)
UnityEngine.Debug:Log (object)
WakaTime.Plugin:Initialize () (at ./Library/PackageCache/com.daniel-geo.unityhackatime@5ac210a9a287/Editor/Plugin.cs:76)
WakaTime.Plugin:.cctor () (at ./Library/PackageCache/com.daniel-geo.unityhackatime@5ac210a9a287/Editor/Plugin.cs:41)
System.Runtime.CompilerServices.RuntimeHelpers:RunClassConstructor (System.RuntimeTypeHandle)
UnityEditor.EditorAssemblies:ProcessInitializeOnLoadAttributes (System.Type[])

(Filename: ./Library/PackageCache/com.daniel-geo.unityhackatime@5ac210a9a287/Editor/Plugin.cs Line: 76)

<HackaTime> Sending heartbeat...
UnityEngine.Debug:ExtractStackTraceNoAlloc (byte*,int,string)
UnityEngine.StackTraceUtility:ExtractStackTrace ()
UnityEngine.DebugLogHandler:Internal_Log (UnityEngine.LogType,UnityEngine.LogOption,string,UnityEngine.Object)
UnityEngine.DebugLogHandler:LogFormat (UnityEngine.LogType,UnityEngine.Object,string,object[])
UnityEngine.Logger:Log (UnityEngine.LogType,object)
UnityEngine.Debug:Log (object)
WakaTime.Plugin/<SendHeartbeat>d__29:MoveNext () (at ./Library/PackageCache/com.daniel-geo.unityhackatime@5ac210a9a287/Editor/Plugin.cs:144)
System.Runtime.CompilerServices.AsyncVoidMethodBuilder:Start<WakaTime.Plugin/<SendHeartbeat>d__29> (WakaTime.Plugin/<SendHeartbeat>d__29&)
WakaTime.Plugin:SendHeartbeat (bool)
WakaTime.Plugin:Initialize () (at ./Library/PackageCache/com.daniel-geo.unityhackatime@5ac210a9a287/Editor/Plugin.cs:78)
WakaTime.Plugin:.cctor () (at ./Library/PackageCache/com.daniel-geo.unityhackatime@5ac210a9a287/Editor/Plugin.cs:41)
System.Runtime.CompilerServices.RuntimeHelpers:RunClassConstructor (System.RuntimeTypeHandle)
UnityEditor.EditorAssemblies:ProcessInitializeOnLoadAttributes (System.Type[])

(Filename: ./Library/PackageCache/com.daniel-geo.unityhackatime@5ac210a9a287/Editor/Plugin.cs Line: 144)

[MODES] ModeService[none].Initialize
[MODES] ModeService[none].LoadModes
Mono: successfully reloaded assembly
- Finished resetting the current domain, in  0.732 seconds
Domain Reload Profiling: 1534ms
	BeginReloadAssembly (234ms)
		ExecutionOrderSort (0ms)
		DisableScriptedObjects (6ms)
		BackupInstance (0ms)
		ReleaseScriptingObjects (0ms)
		CreateAndSetChildDomain (73ms)
	RebuildCommonClasses (36ms)
	RebuildNativeTypeToScriptingClass (14ms)
	initialDomainReloadingComplete (30ms)
	LoadAllAssembliesAndSetupDomain (486ms)
		LoadAssemblies (401ms)
		RebuildTransferFunctionScriptingTraits (0ms)
		AnalyzeDomain (181ms)
			TypeCache.Refresh (9ms)
				TypeCache.ScanAssembly (0ms)
			BuildScriptInfoCaches (158ms)
			ResolveRequiredComponents (9ms)
	FinalizeReload (733ms)
		ReleaseScriptCaches (0ms)
		RebuildScriptCaches (0ms)
		SetupLoadedEditorAssemblies (562ms)
			LogAssemblyErrors (0ms)
			InitializePlatformSupportModulesInManaged (4ms)
			SetLoadedEditorAssemblies (5ms)
			BeforeProcessingInitializeOnLoad (136ms)
			ProcessInitializeOnLoadAttributes (328ms)
			ProcessInitializeOnLoadMethodAttributes (80ms)
			AfterProcessingInitializeOnLoad (9ms)
			EditorAssembliesLoaded (0ms)
		ExecutionOrderSort2 (0ms)
		AwakeInstancesAfterBackupRestoration (20ms)
Refreshing native plugins compatible for Editor in 1.28 ms, found 3 plugins.
Preloading 0 native plugins for Editor in 0.00 ms.
Unloading 20 Unused Serialized files (Serialized files now loaded: 0)
<HackaTime> Got response
{"id":2716389967,"user_id":27195,"branch":"main","category":"coding","dependencies":[],"editor":"unity","entity":"Unsaved Scene","language":"unity","machine":null,"operating_system":null,"project":"Stardance Project","type":"file","user_agent":"unity-hackatime","line_additions":null,"line_deletions":null,"lineno":null,"lines":null,"cursorpos":null,"project_root_count":null,"time":1788840960.0,"is_write":false,"created_at":"2026-09-08T04:15:23.757Z","updated_at":"2026-09-08T04:15:23.757Z","fields_hash":"a802c526e5ca3e9681d327e50a9c1afe","source_type":"direct_entry","ip_address":"2601:600:8280:6b00:5d1e:6bf0:57c3:b9dd","deleted_at":null,"ja4_id":22,"ai_model":null,"ai_session":null,"ai_subscription_plan":null,"ai_input_tokens":null,"ai_output_tokens":null,"ai_prompt_length":null,"ai_line_changes":null,"human_line_changes":null}
UnityEngine.Debug:ExtractStackTraceNoAlloc (byte*,int,string)
UnityEngine.StackTraceUtility:ExtractStackTrace ()
UnityEngine.DebugLogHandler:Internal_Log (UnityEngine.LogType,UnityEngine.LogOption,string,UnityEngine.Object)
UnityEngine.DebugLogHandler:LogFormat (UnityEngine.LogType,UnityEngine.Object,string,object[])
UnityEngine.Logger:Log (UnityEngine.LogType,object)
UnityEngine.Debug:Log (object)
WakaTime.Plugin/<SendHeartbeat>d__29:MoveNext () (at ./Library/PackageCache/com.daniel-geo.unityhackatime@5ac210a9a287/Editor/Plugin.cs:187)
System.Runtime.CompilerServices.AsyncMethodBuilderCore/MoveNextRunner:InvokeMoveNext (object)
System.Threading.ExecutionContext:RunInternal (System.Threading.ExecutionContext,System.Threading.ContextCallback,object,bool)
System.Threading.ExecutionContext:Run (System.Threading.ExecutionContext,System.Threading.ContextCallback,object,bool)
System.Runtime.CompilerServices.AsyncMethodBuilderCore/MoveNextRunner:Run ()
System.Threading.Tasks.AwaitTaskContinuation:InvokeAction (object)
System.Threading.Tasks.AwaitTaskContinuation:RunCallback (System.Threading.ContextCallback,object,System.Threading.Tasks.Task&)
System.Threading.Tasks.SynchronizationContextAwaitTaskContinuation:Run (System.Threading.Tasks.Task,bool)
System.Threading.Tasks.Task:FinishContinuations ()
System.Threading.Tasks.Task:FinishStageThree ()
System.Threading.Tasks.Task`1<bool>:TrySetResult (bool)
System.Threading.Tasks.TaskCompletionSource`1<bool>:TrySetResult (bool)
WakaTime.Plugin/<>c__DisplayClass29_0:<SendHeartbeat>b__0 (UnityEngine.AsyncOperation) (at ./Library/PackageCache/com.daniel-geo.unityhackatime@5ac210a9a287/Editor/Plugin.cs:176)
UnityEngine.AsyncOperation:InvokeCompletionEvent ()

(Filename: ./Library/PackageCache/com.daniel-geo.unityhackatime@5ac210a9a287/Editor/Plugin.cs Line: 187)

<HackaTime> Sent heartbeat!
UnityEngine.Debug:ExtractStackTraceNoAlloc (byte*,int,string)
UnityEngine.StackTraceUtility:ExtractStackTrace ()
UnityEngine.DebugLogHandler:Internal_Log (UnityEngine.LogType,UnityEngine.LogOption,string,UnityEngine.Object)
UnityEngine.DebugLogHandler:LogFormat (UnityEngine.LogType,UnityEngine.Object,string,object[])
UnityEngine.Logger:Log (UnityEngine.LogType,object)
UnityEngine.Debug:Log (object)
WakaTime.Plugin/<SendHeartbeat>d__29:MoveNext () (at ./Library/PackageCache/com.daniel-geo.unityhackatime@5ac210a9a287/Editor/Plugin.cs:203)
System.Runtime.CompilerServices.AsyncMethodBuilderCore/MoveNextRunner:InvokeMoveNext (object)
System.Threading.ExecutionContext:RunInternal (System.Threading.ExecutionContext,System.Threading.ContextCallback,object,bool)
System.Threading.ExecutionContext:Run (System.Threading.ExecutionContext,System.Threading.ContextCallback,object,bool)
System.Runtime.CompilerServices.AsyncMethodBuilderCore/MoveNextRunner:Run ()
System.Threading.Tasks.AwaitTaskContinuation:InvokeAction (object)
System.Threading.Tasks.AwaitTaskContinuation:RunCallback (System.Threading.ContextCallback,object,System.Threading.Tasks.Task&)
System.Threading.Tasks.SynchronizationContextAwaitTaskContinuation:Run (System.Threading.Tasks.Task,bool)
System.Threading.Tasks.Task:FinishContinuations ()
System.Threading.Tasks.Task:FinishStageThree ()
System.Threading.Tasks.Task`1<bool>:TrySetResult (bool)
System.Threading.Tasks.TaskCompletionSource`1<bool>:TrySetResult (bool)
WakaTime.Plugin/<>c__DisplayClass29_0:<SendHeartbeat>b__0 (UnityEngine.AsyncOperation) (at ./Library/PackageCache/com.daniel-geo.unityhackatime@5ac210a9a287/Editor/Plugin.cs:176)
UnityEngine.AsyncOperation:InvokeCompletionEvent ()

(Filename: ./Library/PackageCache/com.daniel-geo.unityhackatime@5ac210a9a287/Editor/Plugin.cs Line: 203)

Unloading 6482 unused Assets / (4.7 MB). Loaded Objects now: 7332.
Memory consumption went from 160.5 MB to 155.8 MB.
Total: 12.660000 ms (FindLiveObjects: 0.888700 ms CreateObjectMapping: 1.051800 ms MarkObjects: 7.010800 ms  DeleteObjects: 3.707800 ms)

Prepare: number of updated asset objects reloaded= 0
========================================================================
Received Import Request.
  Time since last request: 149.830831 seconds.
  path: Assets/Materials/Psx_Glass.mat
  artifactKey: Guid(3276cf79406ba034ebcd46e92e790287) Importer(815301076,1909f56bfc062723c751e8b465ee728b)
Start importing Assets/Materials/Psx_Glass.mat using Guid(3276cf79406ba034ebcd46e92e790287) Importer(815301076,1909f56bfc062723c751e8b465ee728b) (PreviewImporter) -> (artifact id: '3bf8cd53768f768d7e50a3fd78abc53d') in 2.5101818 seconds
Number of updated asset objects reloaded before import = 0Number of asset objects unloaded after import = 13

========================================================================
Received Import Request.
  Time since last request: 0.000061 seconds.
  path: Assets/Materials/Psx_Unlit_Ground.mat
  artifactKey: Guid(2215636280ea227409864e6a32ccaf4b) Importer(815301076,1909f56bfc062723c751e8b465ee728b)
Start importing Assets/Materials/Psx_Unlit_Ground.mat using Guid(2215636280ea227409864e6a32ccaf4b) Importer(815301076,1909f56bfc062723c751e8b465ee728b) (PreviewImporter) -> (artifact id: 'e358bfb4172b6a72c4f1b39ecf4c8d58') in 0.700367 seconds
Number of updated asset objects reloaded before import = 0Number of asset objects unloaded after import = 14

========================================================================
Received Import Request.
  Time since last request: 0.000106 seconds.
  path: Assets/Materials/Psx_Unlity_Variant_Ground.mat
  artifactKey: Guid(dc82f083db330ec4bb17e1105b5e5b71) Importer(815301076,1909f56bfc062723c751e8b465ee728b)
Start importing Assets/Materials/Psx_Unlity_Variant_Ground.mat using Guid(dc82f083db330ec4bb17e1105b5e5b71) Importer(815301076,1909f56bfc062723c751e8b465ee728b) (PreviewImporter) -> (artifact id: '49a06880e615a47396afcf2e624052a1') in 0.0541293 seconds
Number of updated asset objects reloaded before import = 0Number of asset objects unloaded after import = 3

========================================================================
Received Import Request.
  Time since last request: 0.000029 seconds.
  path: Assets/Materials/Psx_Unlit_Buddha.mat
  artifactKey: Guid(93cb96d729cc80c4bad869c1d04c3152) Importer(815301076,1909f56bfc062723c751e8b465ee728b)
Start importing Assets/Materials/Psx_Unlit_Buddha.mat using Guid(93cb96d729cc80c4bad869c1d04c3152) Importer(815301076,1909f56bfc062723c751e8b465ee728b) (PreviewImporter) -> (artifact id: '08573d308dec68789075981c695a40ed') in 0.0162077 seconds
Number of updated asset objects reloaded before import = 0Number of asset objects unloaded after import = 13

========================================================================
Received Import Request.
  Time since last request: 0.000051 seconds.
  path: Assets/Materials/Psx_Unlit_Variant_Buddha.mat
  artifactKey: Guid(fefa1f897c8197848ba87377a5111b8b) Importer(815301076,1909f56bfc062723c751e8b465ee728b)
Start importing Assets/Materials/Psx_Unlit_Variant_Buddha.mat using Guid(fefa1f897c8197848ba87377a5111b8b) Importer(815301076,1909f56bfc062723c751e8b465ee728b) (PreviewImporter) -> (artifact id: 'b71b4c16acda4ba19485d0b0756365fa') in 0.0137118 seconds
Number of updated asset objects reloaded before import = 0Number of asset objects unloaded after import = 3

========================================================================
Received Import Request.
  Time since last request: 0.000047 seconds.
  path: Assets/Materials/Psx_Unlit_Rock.mat
  artifactKey: Guid(f6e6930d0b899574381302c52d27b1ca) Importer(815301076,1909f56bfc062723c751e8b465ee728b)
Start importing Assets/Materials/Psx_Unlit_Rock.mat using Guid(f6e6930d0b899574381302c52d27b1ca) Importer(815301076,1909f56bfc062723c751e8b465ee728b) (PreviewImporter) -> (artifact id: 'bb1aa53c2c6908ac474bc2177491453e') in 0.0141021 seconds
Number of updated asset objects reloaded before import = 0Number of asset objects unloaded after import = 14

========================================================================
Received Import Request.
  Time since last request: 0.000047 seconds.
  path: Assets/Materials/Psx_PBR_Rock.mat
  artifactKey: Guid(b8cbb17c7c157aa4d9c5f8df6833da42) Importer(815301076,1909f56bfc062723c751e8b465ee728b)
Start importing Assets/Materials/Psx_PBR_Rock.mat using Guid(b8cbb17c7c157aa4d9c5f8df6833da42) Importer(815301076,1909f56bfc062723c751e8b465ee728b) (PreviewImporter) -> (artifact id: '317d2ed84b809d945d19aa267fc0ca6d') in 1.6210212 seconds
Number of updated asset objects reloaded before import = 0Number of asset objects unloaded after import = 14

========================================================================
Received Import Request.
  Time since last request: 21.208453 seconds.
  path: Assets/Resources/Levels/1/3.prefab
  artifactKey: Guid(f3cf4ce04b8389a4fb9a08212d7e6756) Importer(815301076,1909f56bfc062723c751e8b465ee728b)
Start importing Assets/Resources/Levels/1/3.prefab using Guid(f3cf4ce04b8389a4fb9a08212d7e6756) Importer(815301076,1909f56bfc062723c751e8b465ee728b) (PreviewImporter) -> (artifact id: 'b0a7c105f71a08a8207db74998cafc88') in 0.0758772 seconds
Number of updated asset objects reloaded before import = 0Number of asset objects unloaded after import = 92

========================================================================
Received Import Request.
  Time since last request: 0.000043 seconds.
  path: Assets/Resources/Levels/1/5.prefab
  artifactKey: Guid(15b1499904d2ba14f8578e7d05132837) Importer(815301076,1909f56bfc062723c751e8b465ee728b)
Start importing Assets/Resources/Levels/1/5.prefab using Guid(15b1499904d2ba14f8578e7d05132837) Importer(815301076,1909f56bfc062723c751e8b465ee728b) (PreviewImporter) -> (artifact id: 'd817e7d02ea79a14bbb2191d7a88286b') in 0.0156828 seconds
Number of updated asset objects reloaded before import = 0Number of asset objects unloaded after import = 94

Editor requested this worker to shutdown with reason: Scaling down because of idle timeout
AssetImportWorker is now disconnected from the server
Process exiting
Exiting without the bug reporter. Application will terminate with return code 0