Using pre-set license
Built from '6000.0/respin/6000.0.60f1-f02d6f9f9009' branch; Version is '6000.0.60f1 (61dfb374e36f) revision 6414259'; Using compiler version '193933523'; Build Type 'Release'
OS: 'Windows 10  (10.0.19045) 64bit Core' Language: 'en' Physical Memory: 32682 MB
BatchMode: 1, IsHumanControllingUs: 0, StartBugReporterOnCrash: 0, Is64bit: 1
Date: 2026-09-08T03:36:25Z

COMMAND LINE ARGUMENTS:
C:\Program Files\Unity\Hub\Editor\6000.0.60f1\Editor\Unity.exe
-adb2
-batchMode
-noUpm
-name
AssetImportWorker11
-projectPath
C:/Users/frank/Documents/Github/StarDance Platformer/Stardance Project
-logFile
Logs/AssetImportWorker11.log
-srvPort
64689
-job-worker-count
7
-background-job-worker-count
8
-gc-helper-count
1
-name
AssetImport
Successfully changed project path to: C:/Users/frank/Documents/Github/StarDance Platformer/Stardance Project
C:/Users/frank/Documents/Github/StarDance Platformer/Stardance Project
[UnityMemory] Configuration Parameters - Can be set up in boot.config
    "memorysetup-bucket-allocator-granularity=16"
    "memorysetup-bucket-allocator-bucket-count=8"
    "memorysetup-bucket-allocator-block-size=33554432"
    "memorysetup-bucket-allocator-block-count=8"
    "memorysetup-main-allocator-block-size=16777216"
    "memorysetup-thread-allocator-block-size=16777216"
    "memorysetup-gfx-main-allocator-block-size=16777216"
    "memorysetup-gfx-thread-allocator-block-size=16777216"
    "memorysetup-cache-allocator-block-size=4194304"
    "memorysetup-typetree-allocator-block-size=2097152"
    "memorysetup-profiler-bucket-allocator-granularity=16"
    "memorysetup-profiler-bucket-allocator-bucket-count=8"
    "memorysetup-profiler-bucket-allocator-block-size=33554432"
    "memorysetup-profiler-bucket-allocator-block-count=8"
    "memorysetup-profiler-allocator-block-size=16777216"
    "memorysetup-profiler-editor-allocator-block-size=1048576"
    "memorysetup-temp-allocator-size-main=16777216"
    "memorysetup-job-temp-allocator-block-size=2097152"
    "memorysetup-job-temp-allocator-block-size-background=1048576"
    "memorysetup-job-temp-allocator-reduction-small-platforms=262144"
    "memorysetup-allocator-temp-initial-block-size-main=262144"
    "memorysetup-allocator-temp-initial-block-size-worker=262144"
    "memorysetup-temp-allocator-size-background-worker=32768"
    "memorysetup-temp-allocator-size-job-worker=262144"
    "memorysetup-temp-allocator-size-preload-manager=33554432"
    "memorysetup-temp-allocator-size-nav-mesh-worker=65536"
    "memorysetup-temp-allocator-size-audio-worker=65536"
    "memorysetup-temp-allocator-size-cloud-worker=32768"
    "memorysetup-temp-allocator-size-gi-baking-worker=262144"
    "memorysetup-temp-allocator-size-gi-baking-worker=262144"
    "memorysetup-temp-allocator-size-gi-baking-worker=262144"
    "memorysetup-temp-allocator-size-gi-baking-worker=262144"
    "memorysetup-temp-allocator-size-gi-baking-worker=262144"
    "memorysetup-temp-allocator-size-gfx=262144"
Player connection [23004]  Target information:

Player connection [23004]  * "[IP] 10.0.0.136 [Port] 0 [Flags] 2 [Guid] 2110622425 [EditorId] 2110622425 [Version] 1048832 [Id] WindowsEditor(7,DESKTOP-G03H8AT) [Debug] 1 [PackageName] WindowsEditor [ProjectName] Editor" 

Player connection [23004]  * "[IP] 26.71.94.48 [Port] 0 [Flags] 2 [Guid] 2110622425 [EditorId] 2110622425 [Version] 1048832 [Id] WindowsEditor(7,DESKTOP-G03H8AT) [Debug] 1 [PackageName] WindowsEditor [ProjectName] Editor" 

Player connection [23004]  * "[IP] 10.147.18.62 [Port] 0 [Flags] 2 [Guid] 2110622425 [EditorId] 2110622425 [Version] 1048832 [Id] WindowsEditor(7,DESKTOP-G03H8AT) [Debug] 1 [PackageName] WindowsEditor [ProjectName] Editor" 

Player connection [23004] Host joined multi-casting on [225.0.0.222:54997]...
Player connection [23004] Host joined alternative multi-casting on [225.0.0.222:34997]...
JobSystem: Creating JobQueue using job-worker-count value 7
Input System module state changed to: Initialized.
[Physics::Module] Initialized fallback backend.
[Physics::Module] Id: 0xdecafbad
Library Redirect Path: Library/
[Physics::Module] Selected backend.
[Physics::Module] Name: PhysX
[Physics::Module] Id: 0xf2b8ea05
[Physics::Module] SDK Version: 4.1.2
[Physics::Module] Integration Version: 1.0.0
[Physics::Module] Threading Mode: Multi-Threaded
Refreshing native plugins compatible for Editor in 2.45 ms, found 3 plugins.
Preloading 0 native plugins for Editor in 0.00 ms.
Initialize engine version: 6000.0.60f1 (61dfb374e36f)
[Subsystems] Discovering subsystems at path C:/Program Files/Unity/Hub/Editor/6000.0.60f1/Editor/Data/Resources/UnitySubsystems
[Subsystems] Discovering subsystems at path C:/Users/frank/Documents/Github/StarDance Platformer/Stardance Project/Assets
GfxDevice: creating device client; kGfxThreadingModeNonThreaded
Direct3D:
    Version:  Direct3D 11.0 [level 11.1]
    Renderer: NVIDIA GeForce RTX 3060 (ID=0x2504)
    Vendor:   NVIDIA
    VRAM:     12115 MB
    Driver:   32.0.15.9579
Initialize mono
Mono path[0] = 'C:/Program Files/Unity/Hub/Editor/6000.0.60f1/Editor/Data/Managed'
Mono path[1] = 'C:/Program Files/Unity/Hub/Editor/6000.0.60f1/Editor/Data/MonoBleedingEdge/lib/mono/unityjit-win32'
Mono config path = 'C:/Program Files/Unity/Hub/Editor/6000.0.60f1/Editor/Data/MonoBleedingEdge/etc'
Using monoOptions --debugger-agent=transport=dt_socket,embedding=1,server=y,suspend=n,address=127.0.0.1:56416
Begin MonoManager ReloadAssembly
Registering precompiled unity dll's ...
Register platform support module: C:/Program Files/Unity/Hub/Editor/6000.0.60f1/Editor/Data/PlaybackEngines/WebGLSupport/UnityEditor.WebGL.Extensions.dll
Register platform support module: C:/Program Files/Unity/Hub/Editor/6000.0.60f1/Editor/Data/PlaybackEngines/MacStandaloneSupport/UnityEditor.OSXStandalone.Extensions.dll
Register platform support module: C:/Program Files/Unity/Hub/Editor/6000.0.60f1/Editor/Data/PlaybackEngines/WindowsStandaloneSupport/UnityEditor.WindowsStandalone.Extensions.dll
Registered in 0.007594 seconds.
- Loaded All Assemblies, in  0.432 seconds
Native extension for WindowsStandalone target not found
Native extension for OSXStandalone target not found
Native extension for WebGL target not found
Mono: successfully reloaded assembly
- Finished resetting the current domain, in  0.351 seconds
Domain Reload Profiling: 779ms
	BeginReloadAssembly (144ms)
		ExecutionOrderSort (0ms)
		DisableScriptedObjects (0ms)
		BackupInstance (0ms)
		ReleaseScriptingObjects (0ms)
		CreateAndSetChildDomain (1ms)
	RebuildCommonClasses (41ms)
	RebuildNativeTypeToScriptingClass (11ms)
	initialDomainReloadingComplete (60ms)
	LoadAllAssembliesAndSetupDomain (172ms)
		LoadAssemblies (140ms)
		RebuildTransferFunctionScriptingTraits (0ms)
		AnalyzeDomain (168ms)
			TypeCache.Refresh (166ms)
				TypeCache.ScanAssembly (149ms)
			BuildScriptInfoCaches (0ms)
			ResolveRequiredComponents (0ms)
	FinalizeReload (351ms)
		ReleaseScriptCaches (0ms)
		RebuildScriptCaches (0ms)
		SetupLoadedEditorAssemblies (307ms)
			LogAssemblyErrors (0ms)
			InitializePlatformSupportModulesInManaged (49ms)
			SetLoadedEditorAssemblies (4ms)
			BeforeProcessingInitializeOnLoad (60ms)
			ProcessInitializeOnLoadAttributes (132ms)
			ProcessInitializeOnLoadMethodAttributes (63ms)
			AfterProcessingInitializeOnLoad (0ms)
			EditorAssembliesLoaded (0ms)
		ExecutionOrderSort2 (0ms)
		AwakeInstancesAfterBackupRestoration (0ms)
========================================================================
Worker process is ready to serve import requests
Import Worker Mode flag is 0x00
Begin MonoManager ReloadAssembly
- Loaded All Assemblies, in  0.991 seconds
Refreshing native plugins compatible for Editor in 1.42 ms, found 3 plugins.
Native extension for WindowsStandalone target not found
Native extension for OSXStandalone target not found
Native extension for WebGL target not found
Package Manager log level set to [2]
[Package Manager] Failed to launch server process. Reason: Unity was launched with the -noUpm command-line argument
[Package Manager] Unable to send message (not connected to server process).
[Package Manager] Cannot connect to Unity Package Manager local server
<HackaTime> Initializing...
UnityEngine.Debug:ExtractStackTraceNoAlloc (byte*,int,string)
UnityEngine.StackTraceUtility:ExtractStackTrace ()
UnityEngine.DebugLogHandler:Internal_Log (UnityEngine.LogType,UnityEngine.LogOption,string,UnityEngine.Object)
UnityEngine.DebugLogHandler:LogFormat (UnityEngine.LogType,UnityEngine.Object,string,object[])
UnityEngine.Logger:Log (UnityEngine.LogType,object)
UnityEngine.Debug:Log (object)
WakaTime.Plugin:Initialize () (at ./Library/PackageCache/com.daniel-geo.unityhackatime@5ac210a9a287/Editor/Plugin.cs:76)
WakaTime.Plugin:.cctor () (at ./Library/PackageCache/com.daniel-geo.unityhackatime@5ac210a9a287/Editor/Plugin.cs:41)
System.Runtime.CompilerServices.RuntimeHelpers:RunClassConstructor (System.RuntimeTypeHandle)
UnityEditor.EditorAssemblies:ProcessInitializeOnLoadAttributes (System.Type[])

(Filename: ./Library/PackageCache/com.daniel-geo.unityhackatime@5ac210a9a287/Editor/Plugin.cs Line: 76)

<HackaTime> Sending heartbeat...
UnityEngine.Debug:ExtractStackTraceNoAlloc (byte*,int,string)
UnityEngine.StackTraceUtility:ExtractStackTrace ()
UnityEngine.DebugLogHandler:Internal_Log (UnityEngine.LogType,UnityEngine.LogOption,string,UnityEngine.Object)
UnityEngine.DebugLogHandler:LogFormat (UnityEngine.LogType,UnityEngine.Object,string,object[])
UnityEngine.Logger:Log (UnityEngine.LogType,object)
UnityEngine.Debug:Log (object)
WakaTime.Plugin/<SendHeartbeat>d__29:MoveNext () (at ./Library/PackageCache/com.daniel-geo.unityhackatime@5ac210a9a287/Editor/Plugin.cs:144)
System.Runtime.CompilerServices.AsyncVoidMethodBuilder:Start<WakaTime.Plugin/<SendHeartbeat>d__29> (WakaTime.Plugin/<SendHeartbeat>d__29&)
WakaTime.Plugin:SendHeartbeat (bool)
WakaTime.Plugin:Initialize () (at ./Library/PackageCache/com.daniel-geo.unityhackatime@5ac210a9a287/Editor/Plugin.cs:78)
WakaTime.Plugin:.cctor () (at ./Library/PackageCache/com.daniel-geo.unityhackatime@5ac210a9a287/Editor/Plugin.cs:41)
System.Runtime.CompilerServices.RuntimeHelpers:RunClassConstructor (System.RuntimeTypeHandle)
UnityEditor.EditorAssemblies:ProcessInitializeOnLoadAttributes (System.Type[])

(Filename: ./Library/PackageCache/com.daniel-geo.unityhackatime@5ac210a9a287/Editor/Plugin.cs Line: 144)

[MODES] ModeService[none].Initialize
[MODES] ModeService[none].LoadModes
[MODES] Loading mode Default (0) for mode-current-id-Stardance Project
Mono: successfully reloaded assembly
- Finished resetting the current domain, in  0.929 seconds
Domain Reload Profiling: 1911ms
	BeginReloadAssembly (213ms)
		ExecutionOrderSort (0ms)
		DisableScriptedObjects (7ms)
		BackupInstance (0ms)
		ReleaseScriptingObjects (0ms)
		CreateAndSetChildDomain (42ms)
	RebuildCommonClasses (43ms)
	RebuildNativeTypeToScriptingClass (11ms)
	initialDomainReloadingComplete (47ms)
	LoadAllAssembliesAndSetupDomain (668ms)
		LoadAssemblies (492ms)
		RebuildTransferFunctionScriptingTraits (0ms)
		AnalyzeDomain (293ms)
			TypeCache.Refresh (214ms)
				TypeCache.ScanAssembly (191ms)
			BuildScriptInfoCaches (63ms)
			ResolveRequiredComponents (11ms)
	FinalizeReload (930ms)
		ReleaseScriptCaches (0ms)
		RebuildScriptCaches (0ms)
		SetupLoadedEditorAssemblies (715ms)
			LogAssemblyErrors (0ms)
			InitializePlatformSupportModulesInManaged (5ms)
			SetLoadedEditorAssemblies (5ms)
			BeforeProcessingInitializeOnLoad (153ms)
			ProcessInitializeOnLoadAttributes (439ms)
			ProcessInitializeOnLoadMethodAttributes (102ms)
			AfterProcessingInitializeOnLoad (11ms)
			EditorAssembliesLoaded (0ms)
		ExecutionOrderSort2 (0ms)
		AwakeInstancesAfterBackupRestoration (10ms)
Launched and connected shader compiler UnityShaderCompiler.exe after 0.01 seconds
Refreshing native plugins compatible for Editor in 1.45 ms, found 3 plugins.
Preloading 0 native plugins for Editor in 0.00 ms.
Unloading 14 Unused Serialized files (Serialized files now loaded: 0)
<HackaTime> Got response
{"id":2716370876,"user_id":27195,"branch":"main","category":"coding","dependencies":[],"editor":"unity","entity":"Unsaved Scene","language":"unity","machine":null,"operating_system":null,"project":"Stardance Project","type":"file","user_agent":"unity-hackatime","line_additions":null,"line_deletions":null,"lineno":null,"lines":null,"cursorpos":null,"project_root_count":null,"time":1788838528.0,"is_write":false,"created_at":"2026-09-08T03:36:29.189Z","updated_at":"2026-09-08T03:36:29.189Z","fields_hash":"6a4b2af7dde92baa7600d9d67f6b66a4","source_type":"direct_entry","ip_address":"2601:600:8280:6b00:5d1e:6bf0:57c3:b9dd","deleted_at":null,"ja4_id":22,"ai_model":null,"ai_session":null,"ai_subscription_plan":null,"ai_input_tokens":null,"ai_output_tokens":null,"ai_prompt_length":null,"ai_line_changes":null,"human_line_changes":null}
UnityEngine.Debug:ExtractStackTraceNoAlloc (byte*,int,string)
UnityEngine.StackTraceUtility:ExtractStackTrace ()
UnityEngine.DebugLogHandler:Internal_Log (UnityEngine.LogType,UnityEngine.LogOption,string,UnityEngine.Object)
UnityEngine.DebugLogHandler:LogFormat (UnityEngine.LogType,UnityEngine.Object,string,object[])
UnityEngine.Logger:Log (UnityEngine.LogType,object)
UnityEngine.Debug:Log (object)
WakaTime.Plugin/<SendHeartbeat>d__29:MoveNext () (at ./Library/PackageCache/com.daniel-geo.unityhackatime@5ac210a9a287/Editor/Plugin.cs:187)
System.Runtime.CompilerServices.AsyncMethodBuilderCore/MoveNextRunner:InvokeMoveNext (object)
System.Threading.ExecutionContext:RunInternal (System.Threading.ExecutionContext,System.Threading.ContextCallback,object,bool)
System.Threading.ExecutionContext:Run (System.Threading.ExecutionContext,System.Threading.ContextCallback,object,bool)
System.Runtime.CompilerServices.AsyncMethodBuilderCore/MoveNextRunner:Run ()
System.Threading.Tasks.AwaitTaskContinuation:InvokeAction (object)
System.Threading.Tasks.AwaitTaskContinuation:RunCallback (System.Threading.ContextCallback,object,System.Threading.Tasks.Task&)
System.Threading.Tasks.SynchronizationContextAwaitTaskContinuation:Run (System.Threading.Tasks.Task,bool)
System.Threading.Tasks.Task:FinishContinuations ()
System.Threading.Tasks.Task:FinishStageThree ()
System.Threading.Tasks.Task`1<bool>:TrySetResult (bool)
System.Threading.Tasks.TaskCompletionSource`1<bool>:TrySetResult (bool)
WakaTime.Plugin/<>c__DisplayClass29_0:<SendHeartbeat>b__0 (UnityEngine.AsyncOperation) (at ./Library/PackageCache/com.daniel-geo.unityhackatime@5ac210a9a287/Editor/Plugin.cs:176)
UnityEngine.AsyncOperation:InvokeCompletionEvent ()

(Filename: ./Library/PackageCache/com.daniel-geo.unityhackatime@5ac210a9a287/Editor/Plugin.cs Line: 187)

<HackaTime> Sent heartbeat!
UnityEngine.Debug:ExtractStackTraceNoAlloc (byte*,int,string)
UnityEngine.StackTraceUtility:ExtractStackTrace ()
UnityEngine.DebugLogHandler:Internal_Log (UnityEngine.LogType,UnityEngine.LogOption,string,UnityEngine.Object)
UnityEngine.DebugLogHandler:LogFormat (UnityEngine.LogType,UnityEngine.Object,string,object[])
UnityEngine.Logger:Log (UnityEngine.LogType,object)
UnityEngine.Debug:Log (object)
WakaTime.Plugin/<SendHeartbeat>d__29:MoveNext () (at ./Library/PackageCache/com.daniel-geo.unityhackatime@5ac210a9a287/Editor/Plugin.cs:203)
System.Runtime.CompilerServices.AsyncMethodBuilderCore/MoveNextRunner:InvokeMoveNext (object)
System.Threading.ExecutionContext:RunInternal (System.Threading.ExecutionContext,System.Threading.ContextCallback,object,bool)
System.Threading.ExecutionContext:Run (System.Threading.ExecutionContext,System.Threading.ContextCallback,object,bool)
System.Runtime.CompilerServices.AsyncMethodBuilderCore/MoveNextRunner:Run ()
System.Threading.Tasks.AwaitTaskContinuation:InvokeAction (object)
System.Threading.Tasks.AwaitTaskContinuation:RunCallback (System.Threading.ContextCallback,object,System.Threading.Tasks.Task&)
System.Threading.Tasks.SynchronizationContextAwaitTaskContinuation:Run (System.Threading.Tasks.Task,bool)
System.Threading.Tasks.Task:FinishContinuations ()
System.Threading.Tasks.Task:FinishStageThree ()
System.Threading.Tasks.Task`1<bool>:TrySetResult (bool)
System.Threading.Tasks.TaskCompletionSource`1<bool>:TrySetResult (bool)
WakaTime.Plugin/<>c__DisplayClass29_0:<SendHeartbeat>b__0 (UnityEngine.AsyncOperation) (at ./Library/PackageCache/com.daniel-geo.unityhackatime@5ac210a9a287/Editor/Plugin.cs:176)
UnityEngine.AsyncOperation:InvokeCompletionEvent ()

(Filename: ./Library/PackageCache/com.daniel-geo.unityhackatime@5ac210a9a287/Editor/Plugin.cs Line: 203)

Unloading 6465 unused Assets / (4.7 MB). Loaded Objects now: 7195.
Memory consumption went from 133.1 MB to 128.3 MB.
Total: 13.715600 ms (FindLiveObjects: 1.053400 ms CreateObjectMapping: 1.308300 ms MarkObjects: 6.861600 ms  DeleteObjects: 4.491300 ms)

========================================================================
Received Import Request.
  Time since last request: 28430.157478 seconds.
  path: Assets/Materials/Texture Pack/128x128/Elements
  artifactKey: Guid(23939b61ea60e3444b5105ae18976fe5) Importer(2089858483,192608db42251d675da83286b1cce702)
Start importing Assets/Materials/Texture Pack/128x128/Elements using Guid(23939b61ea60e3444b5105ae18976fe5) Importer(2089858483,192608db42251d675da83286b1cce702) (ScriptedImporter) -> (artifact id: 'b35f5fdc37d702446cc5c704f79d7b13') in 0.1531139 seconds
Number of updated asset objects reloaded before import = 0Number of asset objects unloaded after import = 1

========================================================================
Received Import Request.
  Time since last request: 0.000048 seconds.
  path: Assets/Materials/Texture Pack/128x128 Horror/Brick
  artifactKey: Guid(3079f9bd4998632488c45171c89f3eb5) Importer(2089858483,192608db42251d675da83286b1cce702)
Start importing Assets/Materials/Texture Pack/128x128 Horror/Brick using Guid(3079f9bd4998632488c45171c89f3eb5) Importer(2089858483,192608db42251d675da83286b1cce702) (ScriptedImporter) -> (artifact id: '616a4b27493d398d3df7190a79a245d3') in 0.0056014 seconds
Number of updated asset objects reloaded before import = 0Number of asset objects unloaded after import = 1

========================================================================
Received Import Request.
  Time since last request: 0.000029 seconds.
  path: Assets/Materials/Texture Pack/128x128 Horror/Wood/Wood_08-128x128.png
  artifactKey: Guid(9fa4110301e0d5b40a7d1f330ab56a7a) Importer(2089858483,192608db42251d675da83286b1cce702)
Start importing Assets/Materials/Texture Pack/128x128 Horror/Wood/Wood_08-128x128.png using Guid(9fa4110301e0d5b40a7d1f330ab56a7a) Importer(2089858483,192608db42251d675da83286b1cce702) (ScriptedImporter) -> (artifact id: 'a1eeb2f3cb913c083fdacd6aa5b6562e') in 0.069677 seconds
Number of updated asset objects reloaded before import = 0Number of asset objects unloaded after import = 1

========================================================================
Received Import Request.
  Time since last request: 0.000021 seconds.
  path: Assets/Materials/Texture Pack/128x128 Horror/Wall
  artifactKey: Guid(f628268f275d34f4085e77248ccc2e8b) Importer(2089858483,192608db42251d675da83286b1cce702)
Start importing Assets/Materials/Texture Pack/128x128 Horror/Wall using Guid(f628268f275d34f4085e77248ccc2e8b) Importer(2089858483,192608db42251d675da83286b1cce702) (ScriptedImporter) -> (artifact id: '7667f23a27dd91192d9ada805bce3a7d') in 0.0037832 seconds
Number of updated asset objects reloaded before import = 0Number of asset objects unloaded after import = 1

========================================================================
Received Import Request.
  Time since last request: 0.000018 seconds.
  path: Assets/Materials/Texture Pack/128x128 Horror/Tile/Tile_06-128x128.png
  artifactKey: Guid(e6f8592bb4f4a744f841e45642338e2b) Importer(2089858483,192608db42251d675da83286b1cce702)
Start importing Assets/Materials/Texture Pack/128x128 Horror/Tile/Tile_06-128x128.png using Guid(e6f8592bb4f4a744f841e45642338e2b) Importer(2089858483,192608db42251d675da83286b1cce702) (ScriptedImporter) -> (artifact id: 'ea158333749addfca7e4e53ce4b80f21') in 0.0109455 seconds
Number of updated asset objects reloaded before import = 0Number of asset objects unloaded after import = 1

========================================================================
Received Import Request.
  Time since last request: 0.000023 seconds.
  path: Assets/Materials/Texture Pack/128x128 Horror/Stone/Stone_12-128x128.png
  artifactKey: Guid(a4d0ccfa3f57fc44e8dd4039386626bf) Importer(2089858483,192608db42251d675da83286b1cce702)
Start importing Assets/Materials/Texture Pack/128x128 Horror/Stone/Stone_12-128x128.png using Guid(a4d0ccfa3f57fc44e8dd4039386626bf) Importer(2089858483,192608db42251d675da83286b1cce702) (ScriptedImporter) -> (artifact id: '102cd32984a9f77486bf799467adf850') in 0.0078038 seconds
Number of updated asset objects reloaded before import = 0Number of asset objects unloaded after import = 1

========================================================================
Received Import Request.
  Time since last request: 0.000043 seconds.
  path: Assets/Materials/Texture Pack/128x128 Horror/Dirt/Dirt_12-128x128.png
  artifactKey: Guid(1c9d0dd13e7d74943903cb4b15bc15a7) Importer(2089858483,192608db42251d675da83286b1cce702)
Start importing Assets/Materials/Texture Pack/128x128 Horror/Dirt/Dirt_12-128x128.png using Guid(1c9d0dd13e7d74943903cb4b15bc15a7) Importer(2089858483,192608db42251d675da83286b1cce702) (ScriptedImporter) -> (artifact id: '603a3c85677ada3d4944be478e90df81') in 0.0088902 seconds
Number of updated asset objects reloaded before import = 0Number of asset objects unloaded after import = 1

========================================================================
Received Import Request.
  Time since last request: 0.000018 seconds.
  path: Assets/Materials/Texture Pack/128x128/Brick/Brick_01-128x128.png
  artifactKey: Guid(fffabbbacab58444bad5e921295efb8b) Importer(2089858483,192608db42251d675da83286b1cce702)
Start importing Assets/Materials/Texture Pack/128x128/Brick/Brick_01-128x128.png using Guid(fffabbbacab58444bad5e921295efb8b) Importer(2089858483,192608db42251d675da83286b1cce702) (ScriptedImporter) -> (artifact id: 'd4da206a3c05439502d5ed9a5ce154e5') in 0.009397 seconds
Number of updated asset objects reloaded before import = 0Number of asset objects unloaded after import = 1

========================================================================
Received Import Request.
  Time since last request: 0.000017 seconds.
  path: Assets/Materials/Texture Pack/128x128/Stone/Stone_08-128x128.png
  artifactKey: Guid(182f99a2c1f70994c87a08338b22d396) Importer(2089858483,192608db42251d675da83286b1cce702)
Start importing Assets/Materials/Texture Pack/128x128/Stone/Stone_08-128x128.png using Guid(182f99a2c1f70994c87a08338b22d396) Importer(2089858483,192608db42251d675da83286b1cce702) (ScriptedImporter) -> (artifact id: '97891140f40157b229ee070f6bd64348') in 0.0083809 seconds
Number of updated asset objects reloaded before import = 0Number of asset objects unloaded after import = 1

========================================================================
Received Import Request.
  Time since last request: 0.000020 seconds.
  path: Assets/Materials/Texture Pack/128x128 Horror/Floor
  artifactKey: Guid(ff265c7f3a71b124ba8ed029c92273ec) Importer(2089858483,192608db42251d675da83286b1cce702)
Start importing Assets/Materials/Texture Pack/128x128 Horror/Floor using Guid(ff265c7f3a71b124ba8ed029c92273ec) Importer(2089858483,192608db42251d675da83286b1cce702) (ScriptedImporter) -> (artifact id: '2998d8ad143cc9133fc3d973d50b023f') in 0.0053725 seconds
Number of updated asset objects reloaded before import = 0Number of asset objects unloaded after import = 1

========================================================================
Received Import Request.
  Time since last request: 0.000021 seconds.
  path: Assets/Materials/Texture Pack/128x128/Dirt/Dirt_12-128x128.png
  artifactKey: Guid(b95dcf27c9130f34292e6616e5b81494) Importer(2089858483,192608db42251d675da83286b1cce702)
Start importing Assets/Materials/Texture Pack/128x128/Dirt/Dirt_12-128x128.png using Guid(b95dcf27c9130f34292e6616e5b81494) Importer(2089858483,192608db42251d675da83286b1cce702) (ScriptedImporter) -> (artifact id: 'f66c24f6f36f0856bb3077bc7f343822') in 0.009207 seconds
Number of updated asset objects reloaded before import = 0Number of asset objects unloaded after import = 1

========================================================================
Received Import Request.
  Time since last request: 0.000032 seconds.
  path: Assets/Materials/Texture Pack/128x128 Horror/Metal/Metal_03-128x128.png
  artifactKey: Guid(c6cacd9bd9b8599419e182fba84a83cc) Importer(2089858483,192608db42251d675da83286b1cce702)
Start importing Assets/Materials/Texture Pack/128x128 Horror/Metal/Metal_03-128x128.png using Guid(c6cacd9bd9b8599419e182fba84a83cc) Importer(2089858483,192608db42251d675da83286b1cce702) (ScriptedImporter) -> (artifact id: '1056940b131198e715d6772171b9518f') in 0.0088356 seconds
Number of updated asset objects reloaded before import = 0Number of asset objects unloaded after import = 1

========================================================================
Received Import Request.
  Time since last request: 0.000018 seconds.
  path: Assets/Materials/Texture Pack/128x128 Horror/Stone/Stone_10-128x128.png
  artifactKey: Guid(05b3040f70a7a944bad0cac5af697ec7) Importer(2089858483,192608db42251d675da83286b1cce702)
Start importing Assets/Materials/Texture Pack/128x128 Horror/Stone/Stone_10-128x128.png using Guid(05b3040f70a7a944bad0cac5af697ec7) Importer(2089858483,192608db42251d675da83286b1cce702) (ScriptedImporter) -> (artifact id: 'e8d7b525ae31405dfc4409fff530d583') in 0.0093173 seconds
Number of updated asset objects reloaded before import = 0Number of asset objects unloaded after import = 1

========================================================================
Received Import Request.
  Time since last request: 0.000042 seconds.
  path: Assets/Materials/Texture Pack/128x128/Dirt/Dirt_07-128x128.png
  artifactKey: Guid(b0fafc1f49c4ef744a9a932cec0d4411) Importer(2089858483,192608db42251d675da83286b1cce702)
Start importing Assets/Materials/Texture Pack/128x128/Dirt/Dirt_07-128x128.png using Guid(b0fafc1f49c4ef744a9a932cec0d4411) Importer(2089858483,192608db42251d675da83286b1cce702) (ScriptedImporter) -> (artifact id: 'eada44a0c1bb6288bb6e50ee4ca4d12a') in 0.0092916 seconds
Number of updated asset objects reloaded before import = 0Number of asset objects unloaded after import = 1

========================================================================
Received Import Request.
  Time since last request: 0.000019 seconds.
  path: Assets/Materials/Texture Pack/128x128/Stone/Stone_12-128x128.png
  artifactKey: Guid(0fa1f255ee372b548a1978e0fe559c90) Importer(2089858483,192608db42251d675da83286b1cce702)
Start importing Assets/Materials/Texture Pack/128x128/Stone/Stone_12-128x128.png using Guid(0fa1f255ee372b548a1978e0fe559c90) Importer(2089858483,192608db42251d675da83286b1cce702) (ScriptedImporter) -> (artifact id: '950152bb86b8ac2aeeebbfcef6b5c0a3') in 0.0109145 seconds
Number of updated asset objects reloaded before import = 0Number of asset objects unloaded after import = 1

========================================================================
Received Import Request.
  Time since last request: 0.000020 seconds.
  path: Assets/Materials/Texture Pack/128x128 Horror/Wood/Wood_04-128x128.png
  artifactKey: Guid(c4e0d4285bb2a9f4995b1528446b2158) Importer(2089858483,192608db42251d675da83286b1cce702)
Start importing Assets/Materials/Texture Pack/128x128 Horror/Wood/Wood_04-128x128.png using Guid(c4e0d4285bb2a9f4995b1528446b2158) Importer(2089858483,192608db42251d675da83286b1cce702) (ScriptedImporter) -> (artifact id: '4fcbb170e5504ebe4473aa4943ab79af') in 0.0088695 seconds
Number of updated asset objects reloaded before import = 0Number of asset objects unloaded after import = 1

========================================================================
Received Import Request.
  Time since last request: 0.000034 seconds.
  path: Assets/Materials/Texture Pack/128x128 Horror/Wood/Wood_16-128x128.png
  artifactKey: Guid(ef2bcd6b4427bf44aacbda16626b33c3) Importer(2089858483,192608db42251d675da83286b1cce702)
Start importing Assets/Materials/Texture Pack/128x128 Horror/Wood/Wood_16-128x128.png using Guid(ef2bcd6b4427bf44aacbda16626b33c3) Importer(2089858483,192608db42251d675da83286b1cce702) (ScriptedImporter) -> (artifact id: 'f8ab2ca7e1ff0d67429625a74d5bb16d') in 0.009972 seconds
Number of updated asset objects reloaded before import = 0Number of asset objects unloaded after import = 1

========================================================================
Received Import Request.
  Time since last request: 0.000015 seconds.
  path: Assets/Materials/Texture Pack/128x128/Stone/Stone_17-128x128.png
  artifactKey: Guid(7f34b33821da8b148be7abe667006b0f) Importer(2089858483,192608db42251d675da83286b1cce702)
Start importing Assets/Materials/Texture Pack/128x128/Stone/Stone_17-128x128.png using Guid(7f34b33821da8b148be7abe667006b0f) Importer(2089858483,192608db42251d675da83286b1cce702) (ScriptedImporter) -> (artifact id: 'c116a80eddfd17b4332300a615846a96') in 0.0090427 seconds
Number of updated asset objects reloaded before import = 0Number of asset objects unloaded after import = 1

========================================================================
Received Import Request.
  Time since last request: 0.000021 seconds.
  path: Assets/Materials/Texture Pack/128x128/Wood/Wood_05-128x128.png
  artifactKey: Guid(38daf0fd71643c74b874b07e663a0f54) Importer(2089858483,192608db42251d675da83286b1cce702)
Start importing Assets/Materials/Texture Pack/128x128/Wood/Wood_05-128x128.png using Guid(38daf0fd71643c74b874b07e663a0f54) Importer(2089858483,192608db42251d675da83286b1cce702) (ScriptedImporter) -> (artifact id: '939b316af317dc1493af1936d277cf89') in 0.008837 seconds
Number of updated asset objects reloaded before import = 0Number of asset objects unloaded after import = 1

========================================================================
Received Import Request.
  Time since last request: 0.000026 seconds.
  path: Assets/Materials/Texture Pack/128x128 Horror/Stone/Stone_02-128x128.png
  artifactKey: Guid(588d827738330264d9b0ca9dc7ea502a) Importer(2089858483,192608db42251d675da83286b1cce702)
Start importing Assets/Materials/Texture Pack/128x128 Horror/Stone/Stone_02-128x128.png using Guid(588d827738330264d9b0ca9dc7ea502a) Importer(2089858483,192608db42251d675da83286b1cce702) (ScriptedImporter) -> (artifact id: '558c38935d3711ad55707fb960d4c058') in 0.0111198 seconds
Number of updated asset objects reloaded before import = 0Number of asset objects unloaded after import = 1

========================================================================
Received Import Request.
  Time since last request: 0.000022 seconds.
  path: Assets/Materials/Texture Pack/128x128/Stone/Stone_11-128x128.png
  artifactKey: Guid(a37ba6bb9bbc2444984f39a6f8bdfea2) Importer(2089858483,192608db42251d675da83286b1cce702)
Start importing Assets/Materials/Texture Pack/128x128/Stone/Stone_11-128x128.png using Guid(a37ba6bb9bbc2444984f39a6f8bdfea2) Importer(2089858483,192608db42251d675da83286b1cce702) (ScriptedImporter) -> (artifact id: '6171a1a7f9671b20e63435517fb8f2d7') in 0.0083118 seconds
Number of updated asset objects reloaded before import = 0Number of asset objects unloaded after import = 1

========================================================================
Received Import Request.
  Time since last request: 0.000029 seconds.
  path: Assets/Materials/Texture Pack/128x128 Horror/Metal/Metal_19-128x128.png
  artifactKey: Guid(8f191da736e02c7409f0b3c424ec94e8) Importer(2089858483,192608db42251d675da83286b1cce702)
Start importing Assets/Materials/Texture Pack/128x128 Horror/Metal/Metal_19-128x128.png using Guid(8f191da736e02c7409f0b3c424ec94e8) Importer(2089858483,192608db42251d675da83286b1cce702) (ScriptedImporter) -> (artifact id: '5d8fbd9c8513704e7c5bf2077cb6d9e9') in 0.0077984 seconds
Number of updated asset objects reloaded before import = 0Number of asset objects unloaded after import = 1

========================================================================
Received Import Request.
  Time since last request: 0.000017 seconds.
  path: Assets/Materials/Texture Pack/128x128/Stone/Stone_13-128x128.png
  artifactKey: Guid(2479363be103b1446b4a6277061b4b35) Importer(2089858483,192608db42251d675da83286b1cce702)
Start importing Assets/Materials/Texture Pack/128x128/Stone/Stone_13-128x128.png using Guid(2479363be103b1446b4a6277061b4b35) Importer(2089858483,192608db42251d675da83286b1cce702) (ScriptedImporter) -> (artifact id: '700e08fca6e5597460c2b51dc2e89d49') in 0.0087564 seconds
Number of updated asset objects reloaded before import = 0Number of asset objects unloaded after import = 1

========================================================================
Received Import Request.
  Time since last request: 0.000022 seconds.
  path: Assets/Materials/Texture Pack/128x128 Horror/Metal/Metal_02-128x128.png
  artifactKey: Guid(b0e90720f1dfe6048a3eeac4ab09694a) Importer(2089858483,192608db42251d675da83286b1cce702)
Start importing Assets/Materials/Texture Pack/128x128 Horror/Metal/Metal_02-128x128.png using Guid(b0e90720f1dfe6048a3eeac4ab09694a) Importer(2089858483,192608db42251d675da83286b1cce702) (ScriptedImporter) -> (artifact id: 'd084d32df19f460a7b3eb45b320f7802') in 0.0094654 seconds
Number of updated asset objects reloaded before import = 0Number of asset objects unloaded after import = 1

========================================================================
Received Import Request.
  Time since last request: 0.000018 seconds.
  path: Assets/Materials/Texture Pack/128x128 Horror/Plaster/Plaster_17-128x128.png
  artifactKey: Guid(e94c8520b2531bb408abbdcd61bf74c1) Importer(2089858483,192608db42251d675da83286b1cce702)
Start importing Assets/Materials/Texture Pack/128x128 Horror/Plaster/Plaster_17-128x128.png using Guid(e94c8520b2531bb408abbdcd61bf74c1) Importer(2089858483,192608db42251d675da83286b1cce702) (ScriptedImporter) -> (artifact id: '3c14a9bc658c462fc73132a1f7af48f6') in 0.0120449 seconds
Number of updated asset objects reloaded before import = 0Number of asset objects unloaded after import = 1

========================================================================
Received Import Request.
  Time since last request: 0.000019 seconds.
  path: Assets/Materials/Texture Pack/128x128 Horror/Wood/Wood_05-128x128.png
  artifactKey: Guid(7ff47b295d10d26488de1cb18e1d702b) Importer(2089858483,192608db42251d675da83286b1cce702)
Start importing Assets/Materials/Texture Pack/128x128 Horror/Wood/Wood_05-128x128.png using Guid(7ff47b295d10d26488de1cb18e1d702b) Importer(2089858483,192608db42251d675da83286b1cce702) (ScriptedImporter) -> (artifact id: '03eb8dd36b5b09784b6ed50a2598572f') in 0.0084825 seconds
Number of updated asset objects reloaded before import = 0Number of asset objects unloaded after import = 1

========================================================================
Received Import Request.
  Time since last request: 0.000028 seconds.
  path: Assets/Materials/Texture Pack/128x128 Horror/Plaster/Plaster_09-128x128.png
  artifactKey: Guid(6b863a71369f32d4a8574f7be13ae8f7) Importer(2089858483,192608db42251d675da83286b1cce702)
Start importing Assets/Materials/Texture Pack/128x128 Horror/Plaster/Plaster_09-128x128.png using Guid(6b863a71369f32d4a8574f7be13ae8f7) Importer(2089858483,192608db42251d675da83286b1cce702) (ScriptedImporter) -> (artifact id: 'f901943c9c0050bff3a50e337a5ccff6') in 0.0092445 seconds
Number of updated asset objects reloaded before import = 0Number of asset objects unloaded after import = 1

========================================================================
Received Import Request.
  Time since last request: 0.000019 seconds.
  path: Assets/Materials/Texture Pack/128x128 Horror/Elements/Elements_05-128x128.png
  artifactKey: Guid(6e6da2f3a627d1c4792c4b916d3cd447) Importer(2089858483,192608db42251d675da83286b1cce702)
Start importing Assets/Materials/Texture Pack/128x128 Horror/Elements/Elements_05-128x128.png using Guid(6e6da2f3a627d1c4792c4b916d3cd447) Importer(2089858483,192608db42251d675da83286b1cce702) (ScriptedImporter) -> (artifact id: 'ea0268719c0e06df0e6636eb52c5e154') in 0.0103848 seconds
Number of updated asset objects reloaded before import = 0Number of asset objects unloaded after import = 1

========================================================================
Received Import Request.
  Time since last request: 0.000017 seconds.
  path: Assets/Materials/Texture Pack/128x128 Horror/Stone/Stone_08-128x128.png
  artifactKey: Guid(9c4045b52c5242d4c933414e400b98fc) Importer(2089858483,192608db42251d675da83286b1cce702)
Start importing Assets/Materials/Texture Pack/128x128 Horror/Stone/Stone_08-128x128.png using Guid(9c4045b52c5242d4c933414e400b98fc) Importer(2089858483,192608db42251d675da83286b1cce702) (ScriptedImporter) -> (artifact id: 'b4614502006ecf249226ee60a92c39c9') in 0.0091951 seconds
Number of updated asset objects reloaded before import = 0Number of asset objects unloaded after import = 1

========================================================================
Received Import Request.
  Time since last request: 0.000016 seconds.
  path: Assets/Materials/Texture Pack/128x128 Horror/Stone/Horror_Stone_05-128x128.png
  artifactKey: Guid(406574a046cede9438bda0b489760239) Importer(2089858483,192608db42251d675da83286b1cce702)
Start importing Assets/Materials/Texture Pack/128x128 Horror/Stone/Horror_Stone_05-128x128.png using Guid(406574a046cede9438bda0b489760239) Importer(2089858483,192608db42251d675da83286b1cce702) (ScriptedImporter) -> (artifact id: '5c4cea76e8d917f961ce070366087ef1') in 0.0118976 seconds
Number of updated asset objects reloaded before import = 0Number of asset objects unloaded after import = 1

========================================================================
Received Import Request.
  Time since last request: 0.000022 seconds.
  path: Assets/Materials/Texture Pack/128x128 Horror/Floor/Horror_Floor_14-128x128.png
  artifactKey: Guid(512817328eae3624480fe0f72e2ae89a) Importer(2089858483,192608db42251d675da83286b1cce702)
Start importing Assets/Materials/Texture Pack/128x128 Horror/Floor/Horror_Floor_14-128x128.png using Guid(512817328eae3624480fe0f72e2ae89a) Importer(2089858483,192608db42251d675da83286b1cce702) (ScriptedImporter) -> (artifact id: '2400a46e8282f020a8d43da035282c88') in 0.0096867 seconds
Number of updated asset objects reloaded before import = 0Number of asset objects unloaded after import = 1

========================================================================
Received Import Request.
  Time since last request: 0.000028 seconds.
  path: Assets/Materials/Texture Pack/128x128 Horror/Brick/Horror_Brick_10-128x128.png
  artifactKey: Guid(37dd436566687c24ea791b6210239ae7) Importer(2089858483,192608db42251d675da83286b1cce702)
Start importing Assets/Materials/Texture Pack/128x128 Horror/Brick/Horror_Brick_10-128x128.png using Guid(37dd436566687c24ea791b6210239ae7) Importer(2089858483,192608db42251d675da83286b1cce702) (ScriptedImporter) -> (artifact id: '339ce23811e836cd1ac1e9716d773b76') in 0.0088273 seconds
Number of updated asset objects reloaded before import = 0Number of asset objects unloaded after import = 1

========================================================================
Received Import Request.
  Time since last request: 0.000017 seconds.
  path: Assets/Materials/Texture Pack/128x128 Horror/Stains/Horror_Stain_08-128x128.png
  artifactKey: Guid(909e7b752556c744ca1c210b61dc306e) Importer(2089858483,192608db42251d675da83286b1cce702)
Start importing Assets/Materials/Texture Pack/128x128 Horror/Stains/Horror_Stain_08-128x128.png using Guid(909e7b752556c744ca1c210b61dc306e) Importer(2089858483,192608db42251d675da83286b1cce702) (ScriptedImporter) -> (artifact id: 'fec860d0b2abfb9d33e43ba91937efd7') in 0.0088969 seconds
Number of updated asset objects reloaded before import = 0Number of asset objects unloaded after import = 1

========================================================================
Received Import Request.
  Time since last request: 0.000015 seconds.
  path: Assets/Materials/Texture Pack/128x128 Horror/Floor/Horror_Floor_03-128x128.png
  artifactKey: Guid(2dec68c094d990344972a7ecf20a7d82) Importer(2089858483,192608db42251d675da83286b1cce702)
Start importing Assets/Materials/Texture Pack/128x128 Horror/Floor/Horror_Floor_03-128x128.png using Guid(2dec68c094d990344972a7ecf20a7d82) Importer(2089858483,192608db42251d675da83286b1cce702) (ScriptedImporter) -> (artifact id: 'aae2b2870ee67b2595cf83c61b043a57') in 0.0086982 seconds
Number of updated asset objects reloaded before import = 0Number of asset objects unloaded after import = 1

========================================================================
Received Import Request.
  Time since last request: 0.000017 seconds.
  path: Assets/Materials/Texture Pack/128x128 Horror/Floor/Horror_Floor_12-128x128.png
  artifactKey: Guid(76e98ed306fe2df48b3fa14070d0a4da) Importer(2089858483,192608db42251d675da83286b1cce702)
Start importing Assets/Materials/Texture Pack/128x128 Horror/Floor/Horror_Floor_12-128x128.png using Guid(76e98ed306fe2df48b3fa14070d0a4da) Importer(2089858483,192608db42251d675da83286b1cce702) (ScriptedImporter) -> (artifact id: 'db5349bad7cb6cd8a51d60c7e0f32db4') in 0.0110539 seconds
Number of updated asset objects reloaded before import = 0Number of asset objects unloaded after import = 1

========================================================================
Received Import Request.
  Time since last request: 0.000033 seconds.
  path: Assets/Materials/Texture Pack/128x128 Horror/Stone/Horror_Stone_08-128x128.png
  artifactKey: Guid(f9d8d671fe63a5e43997e034f2c06ab1) Importer(2089858483,192608db42251d675da83286b1cce702)
Start importing Assets/Materials/Texture Pack/128x128 Horror/Stone/Horror_Stone_08-128x128.png using Guid(f9d8d671fe63a5e43997e034f2c06ab1) Importer(2089858483,192608db42251d675da83286b1cce702) (ScriptedImporter) -> (artifact id: 'de1424b4fd007169b8356b3a50b2f5cb') in 0.0099098 seconds
Number of updated asset objects reloaded before import = 0Number of asset objects unloaded after import = 1

========================================================================
Received Import Request.
  Time since last request: 0.000029 seconds.
  path: Assets/Materials/Texture Pack/128x128 Horror/Tile/Tile_19-128x128.png
  artifactKey: Guid(7966d6981b47396449d821c015682db7) Importer(2089858483,192608db42251d675da83286b1cce702)
Start importing Assets/Materials/Texture Pack/128x128 Horror/Tile/Tile_19-128x128.png using Guid(7966d6981b47396449d821c015682db7) Importer(2089858483,192608db42251d675da83286b1cce702) (ScriptedImporter) -> (artifact id: '8562c51a580864407f99538deb84be8d') in 0.0090338 seconds
Number of updated asset objects reloaded before import = 0Number of asset objects unloaded after import = 1

========================================================================
Received Import Request.
  Time since last request: 0.000016 seconds.
  path: Assets/Materials/Texture Pack/128x128/Brick/Brick_05-128x128.png
  artifactKey: Guid(901bfe3efc8b15d4cb12b89514d5ee37) Importer(2089858483,192608db42251d675da83286b1cce702)
Start importing Assets/Materials/Texture Pack/128x128/Brick/Brick_05-128x128.png using Guid(901bfe3efc8b15d4cb12b89514d5ee37) Importer(2089858483,192608db42251d675da83286b1cce702) (ScriptedImporter) -> (artifact id: '74538529184206f1bf5ef8fff8cf82f0') in 0.008848 seconds
Number of updated asset objects reloaded before import = 0Number of asset objects unloaded after import = 1

========================================================================
Received Import Request.
  Time since last request: 0.000017 seconds.
  path: Assets/Materials/Texture Pack/128x128 Horror/Brick/Horror_Brick_12-128x128.png
  artifactKey: Guid(005fcb7777466d24689fbc6eec22c49a) Importer(2089858483,192608db42251d675da83286b1cce702)
Start importing Assets/Materials/Texture Pack/128x128 Horror/Brick/Horror_Brick_12-128x128.png using Guid(005fcb7777466d24689fbc6eec22c49a) Importer(2089858483,192608db42251d675da83286b1cce702) (ScriptedImporter) -> (artifact id: '919b9ca52504cc34a6d9343310134a44') in 0.0083482 seconds
Number of updated asset objects reloaded before import = 0Number of asset objects unloaded after import = 1

========================================================================
Received Import Request.
  Time since last request: 0.000016 seconds.
  path: Assets/Materials/Texture Pack/128x128 Horror/Wall/Horror_Wall_14-128x128.png
  artifactKey: Guid(8e0c5d47196e91e4a8f605283227cc52) Importer(2089858483,192608db42251d675da83286b1cce702)
Start importing Assets/Materials/Texture Pack/128x128 Horror/Wall/Horror_Wall_14-128x128.png using Guid(8e0c5d47196e91e4a8f605283227cc52) Importer(2089858483,192608db42251d675da83286b1cce702) (ScriptedImporter) -> (artifact id: 'ef19e660cee973afe9e922a34a14d071') in 0.0104669 seconds
Number of updated asset objects reloaded before import = 0Number of asset objects unloaded after import = 1

========================================================================
Received Import Request.
  Time since last request: 0.000017 seconds.
  path: Assets/Materials/Texture Pack/128x128 Horror/Floor/Horror_Floor_10-128x128.png
  artifactKey: Guid(f61e3759fd1c3244ea0f9dddbe30e2be) Importer(2089858483,192608db42251d675da83286b1cce702)
Start importing Assets/Materials/Texture Pack/128x128 Horror/Floor/Horror_Floor_10-128x128.png using Guid(f61e3759fd1c3244ea0f9dddbe30e2be) Importer(2089858483,192608db42251d675da83286b1cce702) (ScriptedImporter) -> (artifact id: 'd3500322f3e72ec9b03f2c36db47c626') in 0.0085213 seconds
Number of updated asset objects reloaded before import = 0Number of asset objects unloaded after import = 1

========================================================================
Received Import Request.
  Time since last request: 0.000030 seconds.
  path: Assets/Materials/Texture Pack/128x128 Horror/Stains/Horror_Stain_10-128x128.png
  artifactKey: Guid(77ac195ab8e0f2e4992c7c57f732cadd) Importer(2089858483,192608db42251d675da83286b1cce702)
Start importing Assets/Materials/Texture Pack/128x128 Horror/Stains/Horror_Stain_10-128x128.png using Guid(77ac195ab8e0f2e4992c7c57f732cadd) Importer(2089858483,192608db42251d675da83286b1cce702) (ScriptedImporter) -> (artifact id: '19f7e185c6df70c873bb1dec31a6b86d') in 0.0087555 seconds
Number of updated asset objects reloaded before import = 0Number of asset objects unloaded after import = 1

========================================================================
Received Import Request.
  Time since last request: 0.000018 seconds.
  path: Assets/Materials/Texture Pack/128x128 Horror/Misc/Horror_Misc_08-128x128.png
  artifactKey: Guid(8a0c072ac10b28f4d816774a858c5bc0) Importer(2089858483,192608db42251d675da83286b1cce702)
Start importing Assets/Materials/Texture Pack/128x128 Horror/Misc/Horror_Misc_08-128x128.png using Guid(8a0c072ac10b28f4d816774a858c5bc0) Importer(2089858483,192608db42251d675da83286b1cce702) (ScriptedImporter) -> (artifact id: 'aa92a5ba2d7f82614351066afa923d58') in 0.0089571 seconds
Number of updated asset objects reloaded before import = 0Number of asset objects unloaded after import = 1

========================================================================
Received Import Request.
  Time since last request: 0.000019 seconds.
  path: Assets/Materials/Texture Pack/128x128 Horror/Floor/Horror_Floor_01-128x128.png
  artifactKey: Guid(285bf4c824f54044d8b7ff9f81b9d87e) Importer(2089858483,192608db42251d675da83286b1cce702)
Start importing Assets/Materials/Texture Pack/128x128 Horror/Floor/Horror_Floor_01-128x128.png using Guid(285bf4c824f54044d8b7ff9f81b9d87e) Importer(2089858483,192608db42251d675da83286b1cce702) (ScriptedImporter) -> (artifact id: '57e4011b692d7063486b8c1137d08d54') in 0.0866646 seconds
Number of updated asset objects reloaded before import = 0Number of asset objects unloaded after import = 1

========================================================================
Received Import Request.
  Time since last request: 0.000022 seconds.
  path: Assets/Materials/Texture Pack/128x128 Horror/Stone/Materials/Horror_Stone_11-128x128.mat
  artifactKey: Guid(9cf77ab6051db6a4d80463ad3644d9d5) Importer(2089858483,192608db42251d675da83286b1cce702)
Start importing Assets/Materials/Texture Pack/128x128 Horror/Stone/Materials/Horror_Stone_11-128x128.mat using Guid(9cf77ab6051db6a4d80463ad3644d9d5) Importer(2089858483,192608db42251d675da83286b1cce702) (ScriptedImporter) -> (artifact id: 'afff6808d4ac29db097618213145c4d2') in 0.0250691 seconds
Number of updated asset objects reloaded before import = 0Number of asset objects unloaded after import = 3

========================================================================
Received Import Request.
  Time since last request: 0.000029 seconds.
  path: Assets/Materials/Texture Pack/128x128 Horror/Stains/Horror_Stain_14-128x128.png
  artifactKey: Guid(d5c365a9c5cca3a44a37e039fe2590cd) Importer(2089858483,192608db42251d675da83286b1cce702)
Start importing Assets/Materials/Texture Pack/128x128 Horror/Stains/Horror_Stain_14-128x128.png using Guid(d5c365a9c5cca3a44a37e039fe2590cd) Importer(2089858483,192608db42251d675da83286b1cce702) (ScriptedImporter) -> (artifact id: '2c09791a5bb1c18d46b601fab118f53e') in 0.0103947 seconds
Number of updated asset objects reloaded before import = 0Number of asset objects unloaded after import = 1

========================================================================
Received Import Request.
  Time since last request: 0.000020 seconds.
  path: Assets/Materials/Texture Pack/128x128 Horror/Metal/Horror_Metal_13-128x128.png
  artifactKey: Guid(ecc4e94c7d542474c873c7c0c23354cf) Importer(2089858483,192608db42251d675da83286b1cce702)
Start importing Assets/Materials/Texture Pack/128x128 Horror/Metal/Horror_Metal_13-128x128.png using Guid(ecc4e94c7d542474c873c7c0c23354cf) Importer(2089858483,192608db42251d675da83286b1cce702) (ScriptedImporter) -> (artifact id: '5b447f63d33e9838b5484cdb18318c42') in 0.0085735 seconds
Number of updated asset objects reloaded before import = 0Number of asset objects unloaded after import = 1

========================================================================
Received Import Request.
  Time since last request: 0.000015 seconds.
  path: Assets/Materials/Texture Pack/128x128 Horror/Wall/Horror_Wall_12-128x128.png
  artifactKey: Guid(715a053df0b474c4fbc2f6295dac6e80) Importer(2089858483,192608db42251d675da83286b1cce702)
Start importing Assets/Materials/Texture Pack/128x128 Horror/Wall/Horror_Wall_12-128x128.png using Guid(715a053df0b474c4fbc2f6295dac6e80) Importer(2089858483,192608db42251d675da83286b1cce702) (ScriptedImporter) -> (artifact id: '49e667f02ab340e77c4265716bee9d39') in 0.0083178 seconds
Number of updated asset objects reloaded before import = 0Number of asset objects unloaded after import = 1

========================================================================
Received Import Request.
  Time since last request: 0.000018 seconds.
  path: Assets/Materials/Texture Pack/128x128 Horror/Stone/Horror_Stone_14-128x128.png
  artifactKey: Guid(d913c44c1ff34274fb1d311e356913b2) Importer(2089858483,192608db42251d675da83286b1cce702)
Start importing Assets/Materials/Texture Pack/128x128 Horror/Stone/Horror_Stone_14-128x128.png using Guid(d913c44c1ff34274fb1d311e356913b2) Importer(2089858483,192608db42251d675da83286b1cce702) (ScriptedImporter) -> (artifact id: 'fd9289a5f3212b1f055b1b18590748dc') in 0.0085658 seconds
Number of updated asset objects reloaded before import = 0Number of asset objects unloaded after import = 1

========================================================================
Received Import Request.
  Time since last request: 0.000017 seconds.
  path: Assets/Materials/Texture Pack/128x128 Horror/Stains/Horror_Stain_15-128x128.png
  artifactKey: Guid(0be6f1fe22fcb024c9e159bc830a19a2) Importer(2089858483,192608db42251d675da83286b1cce702)
Start importing Assets/Materials/Texture Pack/128x128 Horror/Stains/Horror_Stain_15-128x128.png using Guid(0be6f1fe22fcb024c9e159bc830a19a2) Importer(2089858483,192608db42251d675da83286b1cce702) (ScriptedImporter) -> (artifact id: 'a0ba6d24aee4e7b671861f5aac3a39a3') in 0.0082608 seconds
Number of updated asset objects reloaded before import = 0Number of asset objects unloaded after import = 1

========================================================================
Received Import Request.
  Time since last request: 0.000028 seconds.
  path: Assets/Materials/Texture Pack/128x128 Horror/Stains/Horror_Stain_01-128x128.png
  artifactKey: Guid(bb6a609d8df5f4149b6bdefe7a019576) Importer(2089858483,192608db42251d675da83286b1cce702)
Start importing Assets/Materials/Texture Pack/128x128 Horror/Stains/Horror_Stain_01-128x128.png using Guid(bb6a609d8df5f4149b6bdefe7a019576) Importer(2089858483,192608db42251d675da83286b1cce702) (ScriptedImporter) -> (artifact id: '679ca923d502da1601a081ee0518efe3') in 0.0133221 seconds
Number of updated asset objects reloaded before import = 0Number of asset objects unloaded after import = 1

========================================================================
Received Import Request.
  Time since last request: 0.000015 seconds.
  path: Assets/Materials/Texture Pack/128x128 Horror/Stone/Horror_Stone_10-128x128.png
  artifactKey: Guid(e018cd9dcb871f342873023de7e2c3b7) Importer(2089858483,192608db42251d675da83286b1cce702)
Start importing Assets/Materials/Texture Pack/128x128 Horror/Stone/Horror_Stone_10-128x128.png using Guid(e018cd9dcb871f342873023de7e2c3b7) Importer(2089858483,192608db42251d675da83286b1cce702) (ScriptedImporter) -> (artifact id: 'e76a2419871afd0351921c56a0fcd402') in 0.0083534 seconds
Number of updated asset objects reloaded before import = 0Number of asset objects unloaded after import = 1

========================================================================
Received Import Request.
  Time since last request: 0.000015 seconds.
  path: Assets/Materials/Texture Pack/128x128 Horror/Stone/Horror_Stone_11-128x128.png
  artifactKey: Guid(df9aadbd693e114458970482a2c2c8a9) Importer(2089858483,192608db42251d675da83286b1cce702)
Start importing Assets/Materials/Texture Pack/128x128 Horror/Stone/Horror_Stone_11-128x128.png using Guid(df9aadbd693e114458970482a2c2c8a9) Importer(2089858483,192608db42251d675da83286b1cce702) (ScriptedImporter) -> (artifact id: '8d06362db8966a9ace33e6ad9508bca4') in 0.0083814 seconds
Number of updated asset objects reloaded before import = 0Number of asset objects unloaded after import = 1

========================================================================
Received Import Request.
  Time since last request: 0.000018 seconds.
  path: Assets/Materials/Texture Pack/128x128/Metal/Metal_09-128x128.png
  artifactKey: Guid(928e777a2343cc34c9c3e054365e6a89) Importer(2089858483,192608db42251d675da83286b1cce702)
Start importing Assets/Materials/Texture Pack/128x128/Metal/Metal_09-128x128.png using Guid(928e777a2343cc34c9c3e054365e6a89) Importer(2089858483,192608db42251d675da83286b1cce702) (ScriptedImporter) -> (artifact id: 'f10466f90d8b560524b150838842afd6') in 0.008182 seconds
Number of updated asset objects reloaded before import = 0Number of asset objects unloaded after import = 1

========================================================================
Received Import Request.
  Time since last request: 0.000016 seconds.
  path: Assets/Materials/Texture Pack/128x128 Horror/Wood/Wood_03-128x128.png
  artifactKey: Guid(8806d544742074049ae07877745b1669) Importer(2089858483,192608db42251d675da83286b1cce702)
Start importing Assets/Materials/Texture Pack/128x128 Horror/Wood/Wood_03-128x128.png using Guid(8806d544742074049ae07877745b1669) Importer(2089858483,192608db42251d675da83286b1cce702) (ScriptedImporter) -> (artifact id: 'f65f6fb8b8e3df0dcb077bb95af77d1a') in 0.0086349 seconds
Number of updated asset objects reloaded before import = 0Number of asset objects unloaded after import = 1

========================================================================
Received Import Request.
  Time since last request: 0.000025 seconds.
  path: Assets/Materials/Texture Pack/128x128/Dirt/Dirt_20-128x128.png
  artifactKey: Guid(2210de38da8e43342b79d4ed2d9e6377) Importer(2089858483,192608db42251d675da83286b1cce702)
Start importing Assets/Materials/Texture Pack/128x128/Dirt/Dirt_20-128x128.png using Guid(2210de38da8e43342b79d4ed2d9e6377) Importer(2089858483,192608db42251d675da83286b1cce702) (ScriptedImporter) -> (artifact id: '476e1cbe46f28b836b9138ab5dd0e0f1') in 0.0112187 seconds
Number of updated asset objects reloaded before import = 0Number of asset objects unloaded after import = 1

========================================================================
Received Import Request.
  Time since last request: 0.000014 seconds.
  path: Assets/Materials/Texture Pack/128x128/Dirt/Dirt_19-128x128.png
  artifactKey: Guid(ede49370cfc0cc9479ba491710ff15c2) Importer(2089858483,192608db42251d675da83286b1cce702)
Start importing Assets/Materials/Texture Pack/128x128/Dirt/Dirt_19-128x128.png using Guid(ede49370cfc0cc9479ba491710ff15c2) Importer(2089858483,192608db42251d675da83286b1cce702) (ScriptedImporter) -> (artifact id: 'f54d0f53bd3ba062ea32bf252a0bdbea') in 0.009357 seconds
Number of updated asset objects reloaded before import = 0Number of asset objects unloaded after import = 1

========================================================================
Received Import Request.
  Time since last request: 0.000019 seconds.
  path: Assets/Materials/Texture Pack/128x128 Horror/Metal/Metal_11-128x128.png
  artifactKey: Guid(f4511858b1cca9a4892c65cc531644e2) Importer(2089858483,192608db42251d675da83286b1cce702)
Start importing Assets/Materials/Texture Pack/128x128 Horror/Metal/Metal_11-128x128.png using Guid(f4511858b1cca9a4892c65cc531644e2) Importer(2089858483,192608db42251d675da83286b1cce702) (ScriptedImporter) -> (artifact id: '74f45f64d9d0e40c0cf2cbff288788fa') in 0.0093795 seconds
Number of updated asset objects reloaded before import = 0Number of asset objects unloaded after import = 1

========================================================================
Received Import Request.
  Time since last request: 0.000016 seconds.
  path: Assets/Materials/Texture Pack/128x128 Horror/Stone/Stone_07-128x128.png
  artifactKey: Guid(47f4b9d11994b8347837a844e3eb2f1e) Importer(2089858483,192608db42251d675da83286b1cce702)
Start importing Assets/Materials/Texture Pack/128x128 Horror/Stone/Stone_07-128x128.png using Guid(47f4b9d11994b8347837a844e3eb2f1e) Importer(2089858483,192608db42251d675da83286b1cce702) (ScriptedImporter) -> (artifact id: 'bc5f8ad155aa303d37abf7ef561b8642') in 0.0100795 seconds
Number of updated asset objects reloaded before import = 0Number of asset objects unloaded after import = 1

========================================================================
Received Import Request.
  Time since last request: 0.000018 seconds.
  path: Assets/Materials/Texture Pack/128x128 Horror/Plaster/Plaster_03-128x128.png
  artifactKey: Guid(4e3a7b6c77e6de946a291af27bf9c93f) Importer(2089858483,192608db42251d675da83286b1cce702)
Start importing Assets/Materials/Texture Pack/128x128 Horror/Plaster/Plaster_03-128x128.png using Guid(4e3a7b6c77e6de946a291af27bf9c93f) Importer(2089858483,192608db42251d675da83286b1cce702) (ScriptedImporter) -> (artifact id: '79eac58d957cd4dd34a459dacece3f9e') in 0.0079342 seconds
Number of updated asset objects reloaded before import = 0Number of asset objects unloaded after import = 1

========================================================================
Received Import Request.
  Time since last request: 0.000023 seconds.
  path: Assets/Materials/Texture Pack/128x128 Horror/Misc/Horror_Misc_01-128x128.png
  artifactKey: Guid(6c4efa1387ad147468963bff1f8b0580) Importer(2089858483,192608db42251d675da83286b1cce702)
Start importing Assets/Materials/Texture Pack/128x128 Horror/Misc/Horror_Misc_01-128x128.png using Guid(6c4efa1387ad147468963bff1f8b0580) Importer(2089858483,192608db42251d675da83286b1cce702) (ScriptedImporter) -> (artifact id: '8394f0ffdf9634c03ca00fd41e4c5229') in 0.0106665 seconds
Number of updated asset objects reloaded before import = 0Number of asset objects unloaded after import = 1

========================================================================
Received Import Request.
  Time since last request: 0.000015 seconds.
  path: Assets/Materials/Texture Pack/128x128/Stone/Stone_20-128x128.png
  artifactKey: Guid(3f54119fd2456674e8f5d6489cdef1e6) Importer(2089858483,192608db42251d675da83286b1cce702)
Start importing Assets/Materials/Texture Pack/128x128/Stone/Stone_20-128x128.png using Guid(3f54119fd2456674e8f5d6489cdef1e6) Importer(2089858483,192608db42251d675da83286b1cce702) (ScriptedImporter) -> (artifact id: '42fc2d71670c51077fb97c65d6514936') in 0.0081571 seconds
Number of updated asset objects reloaded before import = 0Number of asset objects unloaded after import = 1

========================================================================
Received Import Request.
  Time since last request: 0.000017 seconds.
  path: Assets/Materials/Texture Pack/128x128 Horror/Wall/Horror_Wall_11-128x128.png
  artifactKey: Guid(312d41ff0056a444292c8923b4bab2eb) Importer(2089858483,192608db42251d675da83286b1cce702)
Start importing Assets/Materials/Texture Pack/128x128 Horror/Wall/Horror_Wall_11-128x128.png using Guid(312d41ff0056a444292c8923b4bab2eb) Importer(2089858483,192608db42251d675da83286b1cce702) (ScriptedImporter) -> (artifact id: '8a903357eb032a4a33222b01d815fd80') in 0.0081261 seconds
Number of updated asset objects reloaded before import = 0Number of asset objects unloaded after import = 1

========================================================================
Received Import Request.
  Time since last request: 0.000018 seconds.
  path: Assets/Materials/Texture Pack/128x128 Horror/Brick/Horror_Brick_14-128x128.png
  artifactKey: Guid(1d2ab2e13b12d134a9f4f92b0d70e3a6) Importer(2089858483,192608db42251d675da83286b1cce702)
Start importing Assets/Materials/Texture Pack/128x128 Horror/Brick/Horror_Brick_14-128x128.png using Guid(1d2ab2e13b12d134a9f4f92b0d70e3a6) Importer(2089858483,192608db42251d675da83286b1cce702) (ScriptedImporter) -> (artifact id: '2a651ff7cf1f07663aa2405621ddb7e6') in 0.0081169 seconds
Number of updated asset objects reloaded before import = 0Number of asset objects unloaded after import = 1

========================================================================
Received Import Request.
  Time since last request: 0.000019 seconds.
  path: Assets/Materials/Texture Pack/128x128 Horror/Metal/Horror_Metal_11-128x128.png
  artifactKey: Guid(b71ab9ccce451be4c9518d6e611d4483) Importer(2089858483,192608db42251d675da83286b1cce702)
Start importing Assets/Materials/Texture Pack/128x128 Horror/Metal/Horror_Metal_11-128x128.png using Guid(b71ab9ccce451be4c9518d6e611d4483) Importer(2089858483,192608db42251d675da83286b1cce702) (ScriptedImporter) -> (artifact id: 'a0edf1cb265079abdefae305fce96db0') in 0.0085943 seconds
Number of updated asset objects reloaded before import = 0Number of asset objects unloaded after import = 1

========================================================================
Received Import Request.
  Time since last request: 0.000027 seconds.
  path: Assets/Materials/Texture Pack/128x128/Plaster/Plaster_02-128x128.png
  artifactKey: Guid(5809c22ac1368944a9b6b000b22ff00a) Importer(2089858483,192608db42251d675da83286b1cce702)
Start importing Assets/Materials/Texture Pack/128x128/Plaster/Plaster_02-128x128.png using Guid(5809c22ac1368944a9b6b000b22ff00a) Importer(2089858483,192608db42251d675da83286b1cce702) (ScriptedImporter) -> (artifact id: 'e90e3da3f2319f39f98a2d9fbeb086a6') in 0.0085634 seconds
Number of updated asset objects reloaded before import = 0Number of asset objects unloaded after import = 1

========================================================================
Received Import Request.
  Time since last request: 0.000020 seconds.
  path: Assets/Materials/Texture Pack/128x128 Horror/Brick/Brick_18-128x128.png
  artifactKey: Guid(eefefe7443146bd4199d6ac1d8a656f6) Importer(2089858483,192608db42251d675da83286b1cce702)
Start importing Assets/Materials/Texture Pack/128x128 Horror/Brick/Brick_18-128x128.png using Guid(eefefe7443146bd4199d6ac1d8a656f6) Importer(2089858483,192608db42251d675da83286b1cce702) (ScriptedImporter) -> (artifact id: 'adfc50c750a2559a21e242f4bffe0087') in 0.0103539 seconds
Number of updated asset objects reloaded before import = 0Number of asset objects unloaded after import = 1

========================================================================
Received Import Request.
  Time since last request: 0.000015 seconds.
  path: Assets/Materials/Texture Pack/128x128 Horror/Elements/Elements_16-128x128.png
  artifactKey: Guid(498c19a113219fd41a1d18ee8a36977a) Importer(2089858483,192608db42251d675da83286b1cce702)
Start importing Assets/Materials/Texture Pack/128x128 Horror/Elements/Elements_16-128x128.png using Guid(498c19a113219fd41a1d18ee8a36977a) Importer(2089858483,192608db42251d675da83286b1cce702) (ScriptedImporter) -> (artifact id: 'c502053f57da136c19add1ccfea36fb7') in 0.0079338 seconds
Number of updated asset objects reloaded before import = 0Number of asset objects unloaded after import = 1

========================================================================
Received Import Request.
  Time since last request: 0.000016 seconds.
  path: Assets/Materials/Texture Pack/128x128/Brick/Brick_02-128x128.png
  artifactKey: Guid(8ebf7abf129db924f9d6484eac4cb359) Importer(2089858483,192608db42251d675da83286b1cce702)
Start importing Assets/Materials/Texture Pack/128x128/Brick/Brick_02-128x128.png using Guid(8ebf7abf129db924f9d6484eac4cb359) Importer(2089858483,192608db42251d675da83286b1cce702) (ScriptedImporter) -> (artifact id: '812f9e0d24e09a3453bd7cb691677318') in 0.0073819 seconds
Number of updated asset objects reloaded before import = 0Number of asset objects unloaded after import = 1

========================================================================
Received Import Request.
  Time since last request: 0.000021 seconds.
  path: Assets/Materials/Texture Pack/128x128 Horror/Elements/Elements_07-128x128.png
  artifactKey: Guid(e6677bec4c90a354fbb730410796147d) Importer(2089858483,192608db42251d675da83286b1cce702)
Start importing Assets/Materials/Texture Pack/128x128 Horror/Elements/Elements_07-128x128.png using Guid(e6677bec4c90a354fbb730410796147d) Importer(2089858483,192608db42251d675da83286b1cce702) (ScriptedImporter) -> (artifact id: '388ec6d84d3ae419a4ee656ba9cf8b3e') in 0.007733 seconds
Number of updated asset objects reloaded before import = 0Number of asset objects unloaded after import = 1

========================================================================
Received Import Request.
  Time since last request: 1.845238 seconds.
  path: Assets/Materials/Texture Pack/128x128/Elements/Elements_01-128x128.png
  artifactKey: Guid(2744316fe75b3004ea0373e6eb735a0e) Importer(815301076,1909f56bfc062723c751e8b465ee728b)
Start importing Assets/Materials/Texture Pack/128x128/Elements/Elements_01-128x128.png using Guid(2744316fe75b3004ea0373e6eb735a0e) Importer(815301076,1909f56bfc062723c751e8b465ee728b) (PreviewImporter) -> (artifact id: 'd36c5f67175c099f3fc868f18cf60543') in 0.0452346 seconds
Number of updated asset objects reloaded before import = 0Number of asset objects unloaded after import = 2

========================================================================
Received Import Request.
  Time since last request: 0.000018 seconds.
  path: Assets/Materials/Texture Pack/128x128/Elements/Elements_11-128x128.png
  artifactKey: Guid(459773b5e5624064db8bccd685fc32dd) Importer(815301076,1909f56bfc062723c751e8b465ee728b)
Start importing Assets/Materials/Texture Pack/128x128/Elements/Elements_11-128x128.png using Guid(459773b5e5624064db8bccd685fc32dd) Importer(815301076,1909f56bfc062723c751e8b465ee728b) (PreviewImporter) -> (artifact id: '5103250ef75f5e9b93c578790c862052') in 0.0073312 seconds
Number of updated asset objects reloaded before import = 0Number of asset objects unloaded after import = 2

========================================================================
Received Import Request.
  Time since last request: 0.000019 seconds.
  path: Assets/Materials/Texture Pack/128x128/Elements/Elements_13-128x128.png
  artifactKey: Guid(e89b0c2c9b5117645be8bb28af6ae1f1) Importer(815301076,1909f56bfc062723c751e8b465ee728b)
Start importing Assets/Materials/Texture Pack/128x128/Elements/Elements_13-128x128.png using Guid(e89b0c2c9b5117645be8bb28af6ae1f1) Importer(815301076,1909f56bfc062723c751e8b465ee728b) (PreviewImporter) -> (artifact id: '6bb23029713416c63f800f17f06067bf') in 0.0086263 seconds
Number of updated asset objects reloaded before import = 0Number of asset objects unloaded after import = 2

========================================================================
Received Import Request.
  Time since last request: 0.000025 seconds.
  path: Assets/Materials/Texture Pack/128x128/Elements/Elements_14-128x128.png
  artifactKey: Guid(9f3d4e349161094479d868621a751d0c) Importer(815301076,1909f56bfc062723c751e8b465ee728b)
Start importing Assets/Materials/Texture Pack/128x128/Elements/Elements_14-128x128.png using Guid(9f3d4e349161094479d868621a751d0c) Importer(815301076,1909f56bfc062723c751e8b465ee728b) (PreviewImporter) -> (artifact id: '4daadf355db1864fa14124b9af91b118') in 0.0071618 seconds
Number of updated asset objects reloaded before import = 0Number of asset objects unloaded after import = 2

========================================================================
Received Import Request.
  Time since last request: 0.000033 seconds.
  path: Assets/Materials/Texture Pack/128x128/Elements/Elements_09-128x128.png
  artifactKey: Guid(afbb3cffb3bbda440a28ba6d03c23600) Importer(815301076,1909f56bfc062723c751e8b465ee728b)
Start importing Assets/Materials/Texture Pack/128x128/Elements/Elements_09-128x128.png using Guid(afbb3cffb3bbda440a28ba6d03c23600) Importer(815301076,1909f56bfc062723c751e8b465ee728b) (PreviewImporter) -> (artifact id: '64fd9ace6a6dd12f48fec9f9dc79ccd3') in 0.0073865 seconds
Number of updated asset objects reloaded before import = 0Number of asset objects unloaded after import = 2

========================================================================
Received Import Request.
  Time since last request: 46.603910 seconds.
  path: Assets/Resources/Levels/1/5.prefab
  artifactKey: Guid(15b1499904d2ba14f8578e7d05132837) Importer(2089858483,192608db42251d675da83286b1cce702)
Start importing Assets/Resources/Levels/1/5.prefab using Guid(15b1499904d2ba14f8578e7d05132837) Importer(2089858483,192608db42251d675da83286b1cce702) (ScriptedImporter) -> (artifact id: 'c843c7ba6232a1392f73d4f6d8baeec7') in 0.0223044 seconds
Number of updated asset objects reloaded before import = 0Number of asset objects unloaded after import = 47

========================================================================
Received Import Request.
  Time since last request: 10.062356 seconds.
  path: Assets/Resources/Levels/1/5.prefab
  artifactKey: Guid(15b1499904d2ba14f8578e7d05132837) Importer(2089858483,192608db42251d675da83286b1cce702)
Start importing Assets/Resources/Levels/1/5.prefab using Guid(15b1499904d2ba14f8578e7d05132837) Importer(2089858483,192608db42251d675da83286b1cce702) (ScriptedImporter) -> (artifact id: 'c87ffccdd1947190901c4794d13a7cc9') in 0.005966 seconds
Number of updated asset objects reloaded before import = 0Number of asset objects unloaded after import = 47

========================================================================
Received Import Request.
  Time since last request: 2.598790 seconds.
  path: Assets/Resources/Levels/1/5.prefab
  artifactKey: Guid(15b1499904d2ba14f8578e7d05132837) Importer(2089858483,192608db42251d675da83286b1cce702)
Start importing Assets/Resources/Levels/1/5.prefab using Guid(15b1499904d2ba14f8578e7d05132837) Importer(2089858483,192608db42251d675da83286b1cce702) (ScriptedImporter) -> (artifact id: '1b55bb8e088740f7a0b6dcea719bcffb') in 0.0057493 seconds
Number of updated asset objects reloaded before import = 0Number of asset objects unloaded after import = 47

========================================================================
Received Import Request.
  Time since last request: 3.737467 seconds.
  path: Assets/Resources/Levels/1/5.prefab
  artifactKey: Guid(15b1499904d2ba14f8578e7d05132837) Importer(2089858483,192608db42251d675da83286b1cce702)
Start importing Assets/Resources/Levels/1/5.prefab using Guid(15b1499904d2ba14f8578e7d05132837) Importer(2089858483,192608db42251d675da83286b1cce702) (ScriptedImporter) -> (artifact id: 'c8ed774ffe61f5559db273637bbfd58a') in 0.0068449 seconds
Number of updated asset objects reloaded before import = 0Number of asset objects unloaded after import = 47

========================================================================
Received Import Request.
  Time since last request: 13.526274 seconds.
  path: Assets/Resources/Levels/1/5.prefab
  artifactKey: Guid(15b1499904d2ba14f8578e7d05132837) Importer(2089858483,192608db42251d675da83286b1cce702)
Start importing Assets/Resources/Levels/1/5.prefab using Guid(15b1499904d2ba14f8578e7d05132837) Importer(2089858483,192608db42251d675da83286b1cce702) (ScriptedImporter) -> (artifact id: '14a29bbb5c3ebc11d00f32a5ab7a6261') in 0.0061244 seconds
Number of updated asset objects reloaded before import = 0Number of asset objects unloaded after import = 47

========================================================================
Received Import Request.
  Time since last request: 3.405705 seconds.
  path: Assets/Resources/Levels/1/5.prefab
  artifactKey: Guid(15b1499904d2ba14f8578e7d05132837) Importer(2089858483,192608db42251d675da83286b1cce702)
Start importing Assets/Resources/Levels/1/5.prefab using Guid(15b1499904d2ba14f8578e7d05132837) Importer(2089858483,192608db42251d675da83286b1cce702) (ScriptedImporter) -> (artifact id: '6d1d4f40fd1d0d95f62269e64b8bed96') in 0.0057085 seconds
Number of updated asset objects reloaded before import = 0Number of asset objects unloaded after import = 47

========================================================================
Received Import Request.
  Time since last request: 10.033527 seconds.
  path: Assets/Resources/Levels/1/5.prefab
  artifactKey: Guid(15b1499904d2ba14f8578e7d05132837) Importer(2089858483,192608db42251d675da83286b1cce702)
Start importing Assets/Resources/Levels/1/5.prefab using Guid(15b1499904d2ba14f8578e7d05132837) Importer(2089858483,192608db42251d675da83286b1cce702) (ScriptedImporter) -> (artifact id: '151be8e1e3adacc830ad039ac37cc2e8') in 0.0066409 seconds
Number of updated asset objects reloaded before import = 0Number of asset objects unloaded after import = 47

========================================================================
Received Import Request.
  Time since last request: 2.633174 seconds.
  path: Assets/Materials/Lava.mat
  artifactKey: Guid(88bd970fb55f1cb45bee0ea4a21476fa) Importer(2089858483,192608db42251d675da83286b1cce702)
Start importing Assets/Materials/Lava.mat using Guid(88bd970fb55f1cb45bee0ea4a21476fa) Importer(2089858483,192608db42251d675da83286b1cce702) (ScriptedImporter) -> (artifact id: '78c7b4d5d67474cac905937bd339eae4') in 0.0049009 seconds
Number of updated asset objects reloaded before import = 0Number of asset objects unloaded after import = 2

========================================================================
Received Import Request.
  Time since last request: 30.126347 seconds.
  path: Assets/Resources/Levels/1/5.prefab
  artifactKey: Guid(15b1499904d2ba14f8578e7d05132837) Importer(2089858483,192608db42251d675da83286b1cce702)
Start importing Assets/Resources/Levels/1/5.prefab using Guid(15b1499904d2ba14f8578e7d05132837) Importer(2089858483,192608db42251d675da83286b1cce702) (ScriptedImporter) -> (artifact id: 'a9165728359f854fed3efacf6387499d') in 0.0057342 seconds
Number of updated asset objects reloaded before import = 0Number of asset objects unloaded after import = 47

========================================================================
Received Import Request.
  Time since last request: 3.978483 seconds.
  path: Assets/Resources/Levels/1/5.prefab
  artifactKey: Guid(15b1499904d2ba14f8578e7d05132837) Importer(2089858483,192608db42251d675da83286b1cce702)
Start importing Assets/Resources/Levels/1/5.prefab using Guid(15b1499904d2ba14f8578e7d05132837) Importer(2089858483,192608db42251d675da83286b1cce702) (ScriptedImporter) -> (artifact id: 'bb6877c9df02be3d7a77364eede18674') in 0.0067141 seconds
Number of updated asset objects reloaded before import = 0Number of asset objects unloaded after import = 47

========================================================================
Received Import Request.
  Time since last request: 2.168258 seconds.
  path: Assets/Resources/Levels/1/5.prefab
  artifactKey: Guid(15b1499904d2ba14f8578e7d05132837) Importer(2089858483,192608db42251d675da83286b1cce702)
Start importing Assets/Resources/Levels/1/5.prefab using Guid(15b1499904d2ba14f8578e7d05132837) Importer(2089858483,192608db42251d675da83286b1cce702) (ScriptedImporter) -> (artifact id: '5597041f7da266c7a1e98128daf81a14') in 0.0060269 seconds
Number of updated asset objects reloaded before import = 0Number of asset objects unloaded after import = 47

========================================================================
Received Import Request.
  Time since last request: 2.960643 seconds.
  path: Assets/Resources/Levels/1/5.prefab
  artifactKey: Guid(15b1499904d2ba14f8578e7d05132837) Importer(2089858483,192608db42251d675da83286b1cce702)
Start importing Assets/Resources/Levels/1/5.prefab using Guid(15b1499904d2ba14f8578e7d05132837) Importer(2089858483,192608db42251d675da83286b1cce702) (ScriptedImporter) -> (artifact id: 'ee4f2f810d5b91857e3d9ef5ca623342') in 0.0064041 seconds
Number of updated asset objects reloaded before import = 0Number of asset objects unloaded after import = 47

========================================================================
Received Import Request.
  Time since last request: 2.685680 seconds.
  path: Assets/Resources/Levels/1/5.prefab
  artifactKey: Guid(15b1499904d2ba14f8578e7d05132837) Importer(2089858483,192608db42251d675da83286b1cce702)
Start importing Assets/Resources/Levels/1/5.prefab using Guid(15b1499904d2ba14f8578e7d05132837) Importer(2089858483,192608db42251d675da83286b1cce702) (ScriptedImporter) -> (artifact id: 'a28440f0c91bce4a13eecb9878821567') in 0.0102223 seconds
Number of updated asset objects reloaded before import = 0Number of asset objects unloaded after import = 47

========================================================================
Received Import Request.
  Time since last request: 3.170544 seconds.
  path: Assets/Resources/Levels/1/5.prefab
  artifactKey: Guid(15b1499904d2ba14f8578e7d05132837) Importer(2089858483,192608db42251d675da83286b1cce702)
Start importing Assets/Resources/Levels/1/5.prefab using Guid(15b1499904d2ba14f8578e7d05132837) Importer(2089858483,192608db42251d675da83286b1cce702) (ScriptedImporter) -> (artifact id: '9f03324c018155012c63c9882f7e9327') in 0.0093697 seconds
Number of updated asset objects reloaded before import = 0Number of asset objects unloaded after import = 47

========================================================================
Received Import Request.
  Time since last request: 4.786232 seconds.
  path: Assets/Resources/Levels/1/5.prefab
  artifactKey: Guid(15b1499904d2ba14f8578e7d05132837) Importer(2089858483,192608db42251d675da83286b1cce702)
Start importing Assets/Resources/Levels/1/5.prefab using Guid(15b1499904d2ba14f8578e7d05132837) Importer(2089858483,192608db42251d675da83286b1cce702) (ScriptedImporter) -> (artifact id: 'de98a94ad19e8d26f079060ec010d704') in 0.0113062 seconds
Number of updated asset objects reloaded before import = 0Number of asset objects unloaded after import = 47

========================================================================
Received Import Request.
  Time since last request: 9.996892 seconds.
  path: Assets/Resources/Levels/1/5.prefab
  artifactKey: Guid(15b1499904d2ba14f8578e7d05132837) Importer(2089858483,192608db42251d675da83286b1cce702)
Start importing Assets/Resources/Levels/1/5.prefab using Guid(15b1499904d2ba14f8578e7d05132837) Importer(2089858483,192608db42251d675da83286b1cce702) (ScriptedImporter) -> (artifact id: 'c868a35b74edc4d728ad08d122174f17') in 0.0085163 seconds
Number of updated asset objects reloaded before import = 0Number of asset objects unloaded after import = 47

========================================================================
Received Import Request.
  Time since last request: 7.552931 seconds.
  path: Assets/Resources/Levels/1/5.prefab
  artifactKey: Guid(15b1499904d2ba14f8578e7d05132837) Importer(2089858483,192608db42251d675da83286b1cce702)
Start importing Assets/Resources/Levels/1/5.prefab using Guid(15b1499904d2ba14f8578e7d05132837) Importer(2089858483,192608db42251d675da83286b1cce702) (ScriptedImporter) -> (artifact id: '91b72b019a9116e6f8ff26e25350027e') in 0.0084566 seconds
Number of updated asset objects reloaded before import = 0Number of asset objects unloaded after import = 47

========================================================================
Received Import Request.
  Time since last request: 9.992465 seconds.
  path: Assets/Resources/Levels/1/5.prefab
  artifactKey: Guid(15b1499904d2ba14f8578e7d05132837) Importer(2089858483,192608db42251d675da83286b1cce702)
Start importing Assets/Resources/Levels/1/5.prefab using Guid(15b1499904d2ba14f8578e7d05132837) Importer(2089858483,192608db42251d675da83286b1cce702) (ScriptedImporter) -> (artifact id: 'dd9362da2c6a1cba0eddd832ad0f269b') in 0.0069265 seconds
Number of updated asset objects reloaded before import = 0Number of asset objects unloaded after import = 47

========================================================================
Received Import Request.
  Time since last request: 8.984046 seconds.
  path: Assets/Resources/Levels/1/5.prefab
  artifactKey: Guid(15b1499904d2ba14f8578e7d05132837) Importer(2089858483,192608db42251d675da83286b1cce702)
Start importing Assets/Resources/Levels/1/5.prefab using Guid(15b1499904d2ba14f8578e7d05132837) Importer(2089858483,192608db42251d675da83286b1cce702) (ScriptedImporter) -> (artifact id: 'cc037b4d7c8e396ea507e8583ed73903') in 0.0065633 seconds
Number of updated asset objects reloaded before import = 0Number of asset objects unloaded after import = 47

========================================================================
Received Import Request.
  Time since last request: 8.983091 seconds.
  path: Assets/Materials/Lava.mat
  artifactKey: Guid(88bd970fb55f1cb45bee0ea4a21476fa) Importer(815301076,1909f56bfc062723c751e8b465ee728b)
Start importing Assets/Materials/Lava.mat using Guid(88bd970fb55f1cb45bee0ea4a21476fa) Importer(815301076,1909f56bfc062723c751e8b465ee728b) (PreviewImporter) -> (artifact id: '973571a4cb35f412dfadc92f22b24309') in 0.3558098 seconds
Number of updated asset objects reloaded before import = 0Number of asset objects unloaded after import = 2

========================================================================
Received Import Request.
  Time since last request: 81.389664 seconds.
  path: Assets/Materials/Lava.mat
  artifactKey: Guid(88bd970fb55f1cb45bee0ea4a21476fa) Importer(815301076,1909f56bfc062723c751e8b465ee728b)
Start importing Assets/Materials/Lava.mat using Guid(88bd970fb55f1cb45bee0ea4a21476fa) Importer(815301076,1909f56bfc062723c751e8b465ee728b) (PreviewImporter) -> (artifact id: 'b672171312607dde0d095fb27ba0393b') in 0.0099466 seconds
Number of updated asset objects reloaded before import = 0Number of asset objects unloaded after import = 3

========================================================================
Received Import Request.
  Time since last request: 0.909659 seconds.
  path: Assets/Materials/Lava.mat
  artifactKey: Guid(88bd970fb55f1cb45bee0ea4a21476fa) Importer(2089858483,192608db42251d675da83286b1cce702)
Start importing Assets/Materials/Lava.mat using Guid(88bd970fb55f1cb45bee0ea4a21476fa) Importer(2089858483,192608db42251d675da83286b1cce702) (ScriptedImporter) -> (artifact id: '85154e9c7dc2176c725d5d261ddbaa44') in 0.0064942 seconds
Number of updated asset objects reloaded before import = 0Number of asset objects unloaded after import = 3

========================================================================
Received Import Request.
  Time since last request: 7.606381 seconds.
  path: Assets/Materials/BackGround.mat
  artifactKey: Guid(fa2feb7af1904194f89544dc0e19d87f) Importer(815301076,1909f56bfc062723c751e8b465ee728b)
Start importing Assets/Materials/BackGround.mat using Guid(fa2feb7af1904194f89544dc0e19d87f) Importer(815301076,1909f56bfc062723c751e8b465ee728b) (PreviewImporter) -> (artifact id: 'a84dcaf59d7a0427678d63cbc6ecdd8b') in 0.0072676 seconds
Number of updated asset objects reloaded before import = 0Number of asset objects unloaded after import = 3

========================================================================
Received Import Request.
  Time since last request: 0.929418 seconds.
  path: Assets/Materials/BackGround.mat
  artifactKey: Guid(fa2feb7af1904194f89544dc0e19d87f) Importer(2089858483,192608db42251d675da83286b1cce702)
Start importing Assets/Materials/BackGround.mat using Guid(fa2feb7af1904194f89544dc0e19d87f) Importer(2089858483,192608db42251d675da83286b1cce702) (ScriptedImporter) -> (artifact id: '51dc34bb771e8f568fa4c1361dfa82e1') in 0.006908 seconds
Number of updated asset objects reloaded before import = 0Number of asset objects unloaded after import = 3

========================================================================
Received Import Request.
  Time since last request: 17.467034 seconds.
  path: Assets/Resources/Levels/1/5.prefab
  artifactKey: Guid(15b1499904d2ba14f8578e7d05132837) Importer(2089858483,192608db42251d675da83286b1cce702)
Start importing Assets/Resources/Levels/1/5.prefab using Guid(15b1499904d2ba14f8578e7d05132837) Importer(2089858483,192608db42251d675da83286b1cce702) (ScriptedImporter) -> (artifact id: '94c19c68c87a44685d4511222c60218b') in 0.0088219 seconds
Number of updated asset objects reloaded before import = 0Number of asset objects unloaded after import = 47

========================================================================
Received Import Request.
  Time since last request: 2.575459 seconds.
  path: Assets/Resources/Levels/1/5.prefab
  artifactKey: Guid(15b1499904d2ba14f8578e7d05132837) Importer(2089858483,192608db42251d675da83286b1cce702)
Start importing Assets/Resources/Levels/1/5.prefab using Guid(15b1499904d2ba14f8578e7d05132837) Importer(2089858483,192608db42251d675da83286b1cce702) (ScriptedImporter) -> (artifact id: 'ac0bbf220958c8e989b69c37b26b1b65') in 0.0059562 seconds
Number of updated asset objects reloaded before import = 0Number of asset objects unloaded after import = 47

========================================================================
Received Import Request.
  Time since last request: 3.170832 seconds.
  path: Assets/Resources/Levels/1/5.prefab
  artifactKey: Guid(15b1499904d2ba14f8578e7d05132837) Importer(2089858483,192608db42251d675da83286b1cce702)
Start importing Assets/Resources/Levels/1/5.prefab using Guid(15b1499904d2ba14f8578e7d05132837) Importer(2089858483,192608db42251d675da83286b1cce702) (ScriptedImporter) -> (artifact id: 'c4355b6a9e5fead7d1db034544d82e9f') in 0.0060124 seconds
Number of updated asset objects reloaded before import = 0Number of asset objects unloaded after import = 47

========================================================================
Received Import Request.
  Time since last request: 9.979063 seconds.
  path: Assets/Resources/Levels/1/5.prefab
  artifactKey: Guid(15b1499904d2ba14f8578e7d05132837) Importer(2089858483,192608db42251d675da83286b1cce702)
Start importing Assets/Resources/Levels/1/5.prefab using Guid(15b1499904d2ba14f8578e7d05132837) Importer(2089858483,192608db42251d675da83286b1cce702) (ScriptedImporter) -> (artifact id: '41f424d60479f2ab08f03fb48a9cff86') in 0.0067872 seconds
Number of updated asset objects reloaded before import = 0Number of asset objects unloaded after import = 47

========================================================================
Received Import Request.
  Time since last request: 10.265030 seconds.
  path: Assets/Resources/Levels/1/5.prefab
  artifactKey: Guid(15b1499904d2ba14f8578e7d05132837) Importer(2089858483,192608db42251d675da83286b1cce702)
Start importing Assets/Resources/Levels/1/5.prefab using Guid(15b1499904d2ba14f8578e7d05132837) Importer(2089858483,192608db42251d675da83286b1cce702) (ScriptedImporter) -> (artifact id: 'ff6ec53afeb65cb3fea0c6186a95caea') in 0.0060769 seconds
Number of updated asset objects reloaded before import = 0Number of asset objects unloaded after import = 47

========================================================================
Received Import Request.
  Time since last request: 4.640893 seconds.
  path: Assets/Prefabs/Lava Effect.prefab
  artifactKey: Guid(957a45375305a974eb3a2d128c82eff7) Importer(815301076,1909f56bfc062723c751e8b465ee728b)
Start importing Assets/Prefabs/Lava Effect.prefab using Guid(957a45375305a974eb3a2d128c82eff7) Importer(815301076,1909f56bfc062723c751e8b465ee728b) (PreviewImporter) -> (artifact id: 'ceb0e3c4acae0f1750195863e844d37a') in 0.0189379 seconds
Number of updated asset objects reloaded before import = 0Number of asset objects unloaded after import = 7

========================================================================
Received Import Request.
  Time since last request: 56.282536 seconds.
  path: Assets/Resources/Levels/1/5.prefab
  artifactKey: Guid(15b1499904d2ba14f8578e7d05132837) Importer(2089858483,192608db42251d675da83286b1cce702)
Start importing Assets/Resources/Levels/1/5.prefab using Guid(15b1499904d2ba14f8578e7d05132837) Importer(2089858483,192608db42251d675da83286b1cce702) (ScriptedImporter) -> (artifact id: 'c518ee3ef5db31aa508e412b9249fc5a') in 0.0068115 seconds
Number of updated asset objects reloaded before import = 0Number of asset objects unloaded after import = 52

========================================================================
Received Import Request.
  Time since last request: 14.845471 seconds.
  path: Assets/Resources/Levels/1/5.prefab
  artifactKey: Guid(15b1499904d2ba14f8578e7d05132837) Importer(2089858483,192608db42251d675da83286b1cce702)
Start importing Assets/Resources/Levels/1/5.prefab using Guid(15b1499904d2ba14f8578e7d05132837) Importer(2089858483,192608db42251d675da83286b1cce702) (ScriptedImporter) -> (artifact id: '2e7472bb9c047e1b1eceeb5de2f1ad66') in 0.0403976 seconds
Number of updated asset objects reloaded before import = 0Number of asset objects unloaded after import = 54

========================================================================
Received Import Request.
  Time since last request: 6.447932 seconds.
  path: Assets/Resources/Levels/1/5.prefab
  artifactKey: Guid(15b1499904d2ba14f8578e7d05132837) Importer(2089858483,192608db42251d675da83286b1cce702)
Start importing Assets/Resources/Levels/1/5.prefab using Guid(15b1499904d2ba14f8578e7d05132837) Importer(2089858483,192608db42251d675da83286b1cce702) (ScriptedImporter) -> (artifact id: '3e012ba215806102b5aa471248d0bcd0') in 0.006608 seconds
Number of updated asset objects reloaded before import = 0Number of asset objects unloaded after import = 54

========================================================================
Received Import Request.
  Time since last request: 2.374953 seconds.
  path: Assets/Resources/Levels/1/5.prefab
  artifactKey: Guid(15b1499904d2ba14f8578e7d05132837) Importer(2089858483,192608db42251d675da83286b1cce702)
Start importing Assets/Resources/Levels/1/5.prefab using Guid(15b1499904d2ba14f8578e7d05132837) Importer(2089858483,192608db42251d675da83286b1cce702) (ScriptedImporter) -> (artifact id: '6274b6d393812860685fb1b6e2679c31') in 0.0063641 seconds
Number of updated asset objects reloaded before import = 0Number of asset objects unloaded after import = 54

========================================================================
Received Import Request.
  Time since last request: 6.854439 seconds.
  path: Assets/Resources/Levels/1/5.prefab
  artifactKey: Guid(15b1499904d2ba14f8578e7d05132837) Importer(2089858483,192608db42251d675da83286b1cce702)
Start importing Assets/Resources/Levels/1/5.prefab using Guid(15b1499904d2ba14f8578e7d05132837) Importer(2089858483,192608db42251d675da83286b1cce702) (ScriptedImporter) -> (artifact id: '90565e90086c818ca70a801c294064bc') in 0.0069835 seconds
Number of updated asset objects reloaded before import = 0Number of asset objects unloaded after import = 54

========================================================================
Received Import Request.
  Time since last request: 6.216501 seconds.
  path: Assets/Resources/Levels/1/5.prefab
  artifactKey: Guid(15b1499904d2ba14f8578e7d05132837) Importer(2089858483,192608db42251d675da83286b1cce702)
Start importing Assets/Resources/Levels/1/5.prefab using Guid(15b1499904d2ba14f8578e7d05132837) Importer(2089858483,192608db42251d675da83286b1cce702) (ScriptedImporter) -> (artifact id: '4862bb9b1e39c58c1d25054fd330c151') in 0.0063453 seconds
Number of updated asset objects reloaded before import = 0Number of asset objects unloaded after import = 54

========================================================================
Received Import Request.
  Time since last request: 3.181923 seconds.
  path: Assets/Resources/Levels/1/5.prefab
  artifactKey: Guid(15b1499904d2ba14f8578e7d05132837) Importer(2089858483,192608db42251d675da83286b1cce702)
Start importing Assets/Resources/Levels/1/5.prefab using Guid(15b1499904d2ba14f8578e7d05132837) Importer(2089858483,192608db42251d675da83286b1cce702) (ScriptedImporter) -> (artifact id: 'ceb6d9f8e9ca5284f07b185b47d9e711') in 0.0075804 seconds
Number of updated asset objects reloaded before import = 0Number of asset objects unloaded after import = 54

========================================================================
Received Import Request.
  Time since last request: 7.234453 seconds.
  path: Assets/Resources/Levels/1/5.prefab
  artifactKey: Guid(15b1499904d2ba14f8578e7d05132837) Importer(2089858483,192608db42251d675da83286b1cce702)
Start importing Assets/Resources/Levels/1/5.prefab using Guid(15b1499904d2ba14f8578e7d05132837) Importer(2089858483,192608db42251d675da83286b1cce702) (ScriptedImporter) -> (artifact id: '79109a19c573a3b6445fe2f387f1dd51') in 0.0091278 seconds
Number of updated asset objects reloaded before import = 0Number of asset objects unloaded after import = 54

========================================================================
Received Import Request.
  Time since last request: 7.226595 seconds.
  path: Assets/Resources/Levels/1/5.prefab
  artifactKey: Guid(15b1499904d2ba14f8578e7d05132837) Importer(2089858483,192608db42251d675da83286b1cce702)
Start importing Assets/Resources/Levels/1/5.prefab using Guid(15b1499904d2ba14f8578e7d05132837) Importer(2089858483,192608db42251d675da83286b1cce702) (ScriptedImporter) -> (artifact id: '02de63059611b9bdff1ccf3c08e6f887') in 0.0093359 seconds
Number of updated asset objects reloaded before import = 0Number of asset objects unloaded after import = 54

========================================================================
Received Import Request.
  Time since last request: 10.067766 seconds.
  path: Assets/Resources/Levels/1/5.prefab
  artifactKey: Guid(15b1499904d2ba14f8578e7d05132837) Importer(2089858483,192608db42251d675da83286b1cce702)
Start importing Assets/Resources/Levels/1/5.prefab using Guid(15b1499904d2ba14f8578e7d05132837) Importer(2089858483,192608db42251d675da83286b1cce702) (ScriptedImporter) -> (artifact id: '3e8f36b10f710f837effb13ebda3775f') in 0.0068745 seconds
Number of updated asset objects reloaded before import = 0Number of asset objects unloaded after import = 54

========================================================================
Received Import Request.
  Time since last request: 2.356409 seconds.
  path: Assets/Resources/Levels/1/5.prefab
  artifactKey: Guid(15b1499904d2ba14f8578e7d05132837) Importer(2089858483,192608db42251d675da83286b1cce702)
Start importing Assets/Resources/Levels/1/5.prefab using Guid(15b1499904d2ba14f8578e7d05132837) Importer(2089858483,192608db42251d675da83286b1cce702) (ScriptedImporter) -> (artifact id: '6d933746ac246b01ce75b7dad8c05298') in 0.0063056 seconds
Number of updated asset objects reloaded before import = 0Number of asset objects unloaded after import = 54

========================================================================
Received Import Request.
  Time since last request: 1.769640 seconds.
  path: Assets/Resources/Levels/1/5.prefab
  artifactKey: Guid(15b1499904d2ba14f8578e7d05132837) Importer(2089858483,192608db42251d675da83286b1cce702)
Start importing Assets/Resources/Levels/1/5.prefab using Guid(15b1499904d2ba14f8578e7d05132837) Importer(2089858483,192608db42251d675da83286b1cce702) (ScriptedImporter) -> (artifact id: '964fead9962188bd831434c40a2f3b8c') in 0.0072523 seconds
Number of updated asset objects reloaded before import = 0Number of asset objects unloaded after import = 54

========================================================================
Received Import Request.
  Time since last request: 6.260350 seconds.
  path: Assets/Resources/Levels/1/5.prefab
  artifactKey: Guid(15b1499904d2ba14f8578e7d05132837) Importer(2089858483,192608db42251d675da83286b1cce702)
Start importing Assets/Resources/Levels/1/5.prefab using Guid(15b1499904d2ba14f8578e7d05132837) Importer(2089858483,192608db42251d675da83286b1cce702) (ScriptedImporter) -> (artifact id: 'e02273eba486b3ab0a90d2118885eeeb') in 0.0076486 seconds
Number of updated asset objects reloaded before import = 0Number of asset objects unloaded after import = 54

========================================================================
Received Import Request.
  Time since last request: 2.764409 seconds.
  path: Assets/Resources/Levels/1/5.prefab
  artifactKey: Guid(15b1499904d2ba14f8578e7d05132837) Importer(2089858483,192608db42251d675da83286b1cce702)
Start importing Assets/Resources/Levels/1/5.prefab using Guid(15b1499904d2ba14f8578e7d05132837) Importer(2089858483,192608db42251d675da83286b1cce702) (ScriptedImporter) -> (artifact id: '69eb417a762cd713f17153b77089f29e') in 0.0076299 seconds
Number of updated asset objects reloaded before import = 0Number of asset objects unloaded after import = 54

========================================================================
Received Import Request.
  Time since last request: 2.779768 seconds.
  path: Assets/Resources/Levels/1/5.prefab
  artifactKey: Guid(15b1499904d2ba14f8578e7d05132837) Importer(2089858483,192608db42251d675da83286b1cce702)
Start importing Assets/Resources/Levels/1/5.prefab using Guid(15b1499904d2ba14f8578e7d05132837) Importer(2089858483,192608db42251d675da83286b1cce702) (ScriptedImporter) -> (artifact id: '4f15c1e3e6c7040ba79d52282bc90c8d') in 0.007216 seconds
Number of updated asset objects reloaded before import = 0Number of asset objects unloaded after import = 54

========================================================================
Received Import Request.
  Time since last request: 2.165491 seconds.
  path: Assets/Resources/Levels/1/5.prefab
  artifactKey: Guid(15b1499904d2ba14f8578e7d05132837) Importer(2089858483,192608db42251d675da83286b1cce702)
Start importing Assets/Resources/Levels/1/5.prefab using Guid(15b1499904d2ba14f8578e7d05132837) Importer(2089858483,192608db42251d675da83286b1cce702) (ScriptedImporter) -> (artifact id: '2e7e255e8451614a0f9478fe6d45a63e') in 0.0072257 seconds
Number of updated asset objects reloaded before import = 0Number of asset objects unloaded after import = 54

========================================================================
Received Import Request.
  Time since last request: 25.559441 seconds.
  path: Assets/Resources/Levels/1/5.prefab
  artifactKey: Guid(15b1499904d2ba14f8578e7d05132837) Importer(2089858483,192608db42251d675da83286b1cce702)
Start importing Assets/Resources/Levels/1/5.prefab using Guid(15b1499904d2ba14f8578e7d05132837) Importer(2089858483,192608db42251d675da83286b1cce702) (ScriptedImporter) -> (artifact id: '2f2b9af145336efe10403611c21ea8cd') in 0.0073394 seconds
Number of updated asset objects reloaded before import = 0Number of asset objects unloaded after import = 54

========================================================================
Received Import Request.
  Time since last request: 2.372904 seconds.
  path: Assets/Resources/Levels/1/5.prefab
  artifactKey: Guid(15b1499904d2ba14f8578e7d05132837) Importer(2089858483,192608db42251d675da83286b1cce702)
Start importing Assets/Resources/Levels/1/5.prefab using Guid(15b1499904d2ba14f8578e7d05132837) Importer(2089858483,192608db42251d675da83286b1cce702) (ScriptedImporter) -> (artifact id: 'ec4e644cb74180f3da0fc8d3a04eba41') in 0.0071867 seconds
Number of updated asset objects reloaded before import = 0Number of asset objects unloaded after import = 54

========================================================================
Received Import Request.
  Time since last request: 4.595626 seconds.
  path: Assets/Resources/Levels/1/5.prefab
  artifactKey: Guid(15b1499904d2ba14f8578e7d05132837) Importer(2089858483,192608db42251d675da83286b1cce702)
Start importing Assets/Resources/Levels/1/5.prefab using Guid(15b1499904d2ba14f8578e7d05132837) Importer(2089858483,192608db42251d675da83286b1cce702) (ScriptedImporter) -> (artifact id: '38e06f9f6dd63cfeeee8f94e1781c346') in 0.0060266 seconds
Number of updated asset objects reloaded before import = 0Number of asset objects unloaded after import = 54

========================================================================
Received Import Request.
  Time since last request: 8.831408 seconds.
  path: Assets/Resources/Levels/1/5.prefab
  artifactKey: Guid(15b1499904d2ba14f8578e7d05132837) Importer(2089858483,192608db42251d675da83286b1cce702)
Start importing Assets/Resources/Levels/1/5.prefab using Guid(15b1499904d2ba14f8578e7d05132837) Importer(2089858483,192608db42251d675da83286b1cce702) (ScriptedImporter) -> (artifact id: 'ea882766d712db68fb463a6ead61f051') in 0.0104404 seconds
Number of updated asset objects reloaded before import = 0Number of asset objects unloaded after import = 54

========================================================================
Received Import Request.
  Time since last request: 5.198849 seconds.
  path: Assets/Resources/Levels/1/5.prefab
  artifactKey: Guid(15b1499904d2ba14f8578e7d05132837) Importer(2089858483,192608db42251d675da83286b1cce702)
Start importing Assets/Resources/Levels/1/5.prefab using Guid(15b1499904d2ba14f8578e7d05132837) Importer(2089858483,192608db42251d675da83286b1cce702) (ScriptedImporter) -> (artifact id: 'bfaadad2954486b857b17ccc1014462e') in 0.0073601 seconds
Number of updated asset objects reloaded before import = 0Number of asset objects unloaded after import = 54

========================================================================
Received Import Request.
  Time since last request: 2.770576 seconds.
  path: Assets/Resources/Levels/1/5.prefab
  artifactKey: Guid(15b1499904d2ba14f8578e7d05132837) Importer(2089858483,192608db42251d675da83286b1cce702)
Start importing Assets/Resources/Levels/1/5.prefab using Guid(15b1499904d2ba14f8578e7d05132837) Importer(2089858483,192608db42251d675da83286b1cce702) (ScriptedImporter) -> (artifact id: '8b961edf8f746ffd0b39988f0840bc8c') in 0.0072133 seconds
Number of updated asset objects reloaded before import = 0Number of asset objects unloaded after import = 54

========================================================================
Received Import Request.
  Time since last request: 3.774794 seconds.
  path: Assets/Resources/Levels/1/5.prefab
  artifactKey: Guid(15b1499904d2ba14f8578e7d05132837) Importer(2089858483,192608db42251d675da83286b1cce702)
Start importing Assets/Resources/Levels/1/5.prefab using Guid(15b1499904d2ba14f8578e7d05132837) Importer(2089858483,192608db42251d675da83286b1cce702) (ScriptedImporter) -> (artifact id: '69c97607d94f0280e54044e0c8250d6c') in 0.0082547 seconds
Number of updated asset objects reloaded before import = 0Number of asset objects unloaded after import = 54

========================================================================
Received Import Request.
  Time since last request: 1.957199 seconds.
  path: Assets/Resources/Levels/1/5.prefab
  artifactKey: Guid(15b1499904d2ba14f8578e7d05132837) Importer(2089858483,192608db42251d675da83286b1cce702)
Start importing Assets/Resources/Levels/1/5.prefab using Guid(15b1499904d2ba14f8578e7d05132837) Importer(2089858483,192608db42251d675da83286b1cce702) (ScriptedImporter) -> (artifact id: '133979e1df1eb29bab8ecc7de98dc674') in 0.0074729 seconds
Number of updated asset objects reloaded before import = 0Number of asset objects unloaded after import = 54

========================================================================
Received Import Request.
  Time since last request: 2.175927 seconds.
  path: Assets/Resources/Levels/1/5.prefab
  artifactKey: Guid(15b1499904d2ba14f8578e7d05132837) Importer(2089858483,192608db42251d675da83286b1cce702)
Start importing Assets/Resources/Levels/1/5.prefab using Guid(15b1499904d2ba14f8578e7d05132837) Importer(2089858483,192608db42251d675da83286b1cce702) (ScriptedImporter) -> (artifact id: '8156ef978364c770b90969d51a5fb820') in 0.0077298 seconds
Number of updated asset objects reloaded before import = 0Number of asset objects unloaded after import = 54

========================================================================
Received Import Request.
  Time since last request: 2.372953 seconds.
  path: Assets/Resources/Levels/1/5.prefab
  artifactKey: Guid(15b1499904d2ba14f8578e7d05132837) Importer(2089858483,192608db42251d675da83286b1cce702)
Start importing Assets/Resources/Levels/1/5.prefab using Guid(15b1499904d2ba14f8578e7d05132837) Importer(2089858483,192608db42251d675da83286b1cce702) (ScriptedImporter) -> (artifact id: '0a78da41a4dfd60ec2eb125556d13ee4') in 0.0072528 seconds
Number of updated asset objects reloaded before import = 0Number of asset objects unloaded after import = 54

========================================================================
Received Import Request.
  Time since last request: 2.572213 seconds.
  path: Assets/Resources/Levels/1/5.prefab
  artifactKey: Guid(15b1499904d2ba14f8578e7d05132837) Importer(2089858483,192608db42251d675da83286b1cce702)
Start importing Assets/Resources/Levels/1/5.prefab using Guid(15b1499904d2ba14f8578e7d05132837) Importer(2089858483,192608db42251d675da83286b1cce702) (ScriptedImporter) -> (artifact id: 'da91d72b478f13d8f122f9f6f2d89072') in 0.0075143 seconds
Number of updated asset objects reloaded before import = 0Number of asset objects unloaded after import = 54

========================================================================
Received Import Request.
  Time since last request: 16.993633 seconds.
  path: Assets/Resources/Levels/1/5.prefab
  artifactKey: Guid(15b1499904d2ba14f8578e7d05132837) Importer(2089858483,192608db42251d675da83286b1cce702)
Start importing Assets/Resources/Levels/1/5.prefab using Guid(15b1499904d2ba14f8578e7d05132837) Importer(2089858483,192608db42251d675da83286b1cce702) (ScriptedImporter) -> (artifact id: 'b2af4ce8a61f826ca2b9c295b8291b05') in 0.006452 seconds
Number of updated asset objects reloaded before import = 0Number of asset objects unloaded after import = 58

========================================================================
Received Import Request.
  Time since last request: 2.577784 seconds.
  path: Assets/Resources/Levels/1/5.prefab
  artifactKey: Guid(15b1499904d2ba14f8578e7d05132837) Importer(2089858483,192608db42251d675da83286b1cce702)
Start importing Assets/Resources/Levels/1/5.prefab using Guid(15b1499904d2ba14f8578e7d05132837) Importer(2089858483,192608db42251d675da83286b1cce702) (ScriptedImporter) -> (artifact id: '6185e3c7e15872ad82cc2c361f045154') in 0.0079677 seconds
Number of updated asset objects reloaded before import = 0Number of asset objects unloaded after import = 58

========================================================================
Received Import Request.
  Time since last request: 4.375334 seconds.
  path: Assets/Resources/Levels/1/5.prefab
  artifactKey: Guid(15b1499904d2ba14f8578e7d05132837) Importer(2089858483,192608db42251d675da83286b1cce702)
Start importing Assets/Resources/Levels/1/5.prefab using Guid(15b1499904d2ba14f8578e7d05132837) Importer(2089858483,192608db42251d675da83286b1cce702) (ScriptedImporter) -> (artifact id: 'ee6abf3e3e73605c72403b398345fd1a') in 0.0070024 seconds
Number of updated asset objects reloaded before import = 0Number of asset objects unloaded after import = 58

========================================================================
Received Import Request.
  Time since last request: 3.995165 seconds.
  path: Assets/Resources/Levels/1/5.prefab
  artifactKey: Guid(15b1499904d2ba14f8578e7d05132837) Importer(2089858483,192608db42251d675da83286b1cce702)
Start importing Assets/Resources/Levels/1/5.prefab using Guid(15b1499904d2ba14f8578e7d05132837) Importer(2089858483,192608db42251d675da83286b1cce702) (ScriptedImporter) -> (artifact id: '84a068804ed8ab81d65913257b5b8ec8') in 0.0063688 seconds
Number of updated asset objects reloaded before import = 0Number of asset objects unloaded after import = 58

========================================================================
Received Import Request.
  Time since last request: 7.798318 seconds.
  path: Assets/Resources/Levels/1/5.prefab
  artifactKey: Guid(15b1499904d2ba14f8578e7d05132837) Importer(2089858483,192608db42251d675da83286b1cce702)
Start importing Assets/Resources/Levels/1/5.prefab using Guid(15b1499904d2ba14f8578e7d05132837) Importer(2089858483,192608db42251d675da83286b1cce702) (ScriptedImporter) -> (artifact id: 'af14411a0584a20ac25a7872b4be661f') in 0.0090914 seconds
Number of updated asset objects reloaded before import = 0Number of asset objects unloaded after import = 58

========================================================================
Received Import Request.
  Time since last request: 2.986518 seconds.
  path: Assets/Resources/Levels/1/5.prefab
  artifactKey: Guid(15b1499904d2ba14f8578e7d05132837) Importer(2089858483,192608db42251d675da83286b1cce702)
Start importing Assets/Resources/Levels/1/5.prefab using Guid(15b1499904d2ba14f8578e7d05132837) Importer(2089858483,192608db42251d675da83286b1cce702) (ScriptedImporter) -> (artifact id: 'c3709c104abbbf26bfa6a8a86e72a78a') in 0.0064052 seconds
Number of updated asset objects reloaded before import = 0Number of asset objects unloaded after import = 58

========================================================================
Received Import Request.
  Time since last request: 22.610630 seconds.
  path: Assets/Resources/Levels/1/5.prefab
  artifactKey: Guid(15b1499904d2ba14f8578e7d05132837) Importer(2089858483,192608db42251d675da83286b1cce702)
Start importing Assets/Resources/Levels/1/5.prefab using Guid(15b1499904d2ba14f8578e7d05132837) Importer(2089858483,192608db42251d675da83286b1cce702) (ScriptedImporter) -> (artifact id: 'c24838c8c4766f95ed12158a29bf0ee5') in 0.0064802 seconds
Number of updated asset objects reloaded before import = 0Number of asset objects unloaded after import = 58

========================================================================
Received Import Request.
  Time since last request: 13.244068 seconds.
  path: Assets/Materials/BackGround.mat
  artifactKey: Guid(fa2feb7af1904194f89544dc0e19d87f) Importer(815301076,1909f56bfc062723c751e8b465ee728b)
Start importing Assets/Materials/BackGround.mat using Guid(fa2feb7af1904194f89544dc0e19d87f) Importer(815301076,1909f56bfc062723c751e8b465ee728b) (PreviewImporter) -> (artifact id: 'e901013b213360c72cdeccc294546264') in 0.0091718 seconds
Number of updated asset objects reloaded before import = 0Number of asset objects unloaded after import = 3

========================================================================
Received Import Request.
  Time since last request: 0.925254 seconds.
  path: Assets/Materials/BackGround.mat
  artifactKey: Guid(fa2feb7af1904194f89544dc0e19d87f) Importer(2089858483,192608db42251d675da83286b1cce702)
Start importing Assets/Materials/BackGround.mat using Guid(fa2feb7af1904194f89544dc0e19d87f) Importer(2089858483,192608db42251d675da83286b1cce702) (ScriptedImporter) -> (artifact id: 'bafb994b562901de48e23beb0842e560') in 0.0061821 seconds
Number of updated asset objects reloaded before import = 0Number of asset objects unloaded after import = 3

========================================================================
Received Import Request.
  Time since last request: 43.582049 seconds.
  path: Assets/Resources/Levels/1/5.prefab
  artifactKey: Guid(15b1499904d2ba14f8578e7d05132837) Importer(2089858483,192608db42251d675da83286b1cce702)
Start importing Assets/Resources/Levels/1/5.prefab using Guid(15b1499904d2ba14f8578e7d05132837) Importer(2089858483,192608db42251d675da83286b1cce702) (ScriptedImporter) -> (artifact id: 'd9b514e4f7b8d548fbbd0732712be1d1') in 0.0067997 seconds
Number of updated asset objects reloaded before import = 0Number of asset objects unloaded after import = 58

========================================================================
Received Import Request.
  Time since last request: 3.990456 seconds.
  path: Assets/Resources/Levels/1/5.prefab
  artifactKey: Guid(15b1499904d2ba14f8578e7d05132837) Importer(2089858483,192608db42251d675da83286b1cce702)
Start importing Assets/Resources/Levels/1/5.prefab using Guid(15b1499904d2ba14f8578e7d05132837) Importer(2089858483,192608db42251d675da83286b1cce702) (ScriptedImporter) -> (artifact id: 'f999bc1c536887b65e865f9f24c77894') in 0.0066226 seconds
Number of updated asset objects reloaded before import = 0Number of asset objects unloaded after import = 58

========================================================================
Received Import Request.
  Time since last request: 5.592628 seconds.
  path: Assets/Resources/Levels/1/5.prefab
  artifactKey: Guid(15b1499904d2ba14f8578e7d05132837) Importer(2089858483,192608db42251d675da83286b1cce702)
Start importing Assets/Resources/Levels/1/5.prefab using Guid(15b1499904d2ba14f8578e7d05132837) Importer(2089858483,192608db42251d675da83286b1cce702) (ScriptedImporter) -> (artifact id: 'f705aa884f2582bfc533522f8e6b67c9') in 0.0065613 seconds
Number of updated asset objects reloaded before import = 0Number of asset objects unloaded after import = 58

========================================================================
Received Import Request.
  Time since last request: 9.971269 seconds.
  path: Assets/Resources/Levels/1/5.prefab
  artifactKey: Guid(15b1499904d2ba14f8578e7d05132837) Importer(2089858483,192608db42251d675da83286b1cce702)
Start importing Assets/Resources/Levels/1/5.prefab using Guid(15b1499904d2ba14f8578e7d05132837) Importer(2089858483,192608db42251d675da83286b1cce702) (ScriptedImporter) -> (artifact id: '707717bd6b18c86599583c41b64e9aa3') in 0.0067945 seconds
Number of updated asset objects reloaded before import = 0Number of asset objects unloaded after import = 58

========================================================================
Received Import Request.
  Time since last request: 21.939609 seconds.
  path: Assets/Resources/Levels/1/5.prefab
  artifactKey: Guid(15b1499904d2ba14f8578e7d05132837) Importer(2089858483,192608db42251d675da83286b1cce702)
Start importing Assets/Resources/Levels/1/5.prefab using Guid(15b1499904d2ba14f8578e7d05132837) Importer(2089858483,192608db42251d675da83286b1cce702) (ScriptedImporter) -> (artifact id: '85dbae311e2c0369211ad7d395dda8d9') in 0.0079563 seconds
Number of updated asset objects reloaded before import = 0Number of asset objects unloaded after import = 58

========================================================================
Received Import Request.
  Time since last request: 67.181327 seconds.
  path: Assets/Resources/Levels/1/5.prefab
  artifactKey: Guid(15b1499904d2ba14f8578e7d05132837) Importer(2089858483,192608db42251d675da83286b1cce702)
Start importing Assets/Resources/Levels/1/5.prefab using Guid(15b1499904d2ba14f8578e7d05132837) Importer(2089858483,192608db42251d675da83286b1cce702) (ScriptedImporter) -> (artifact id: '09f00681cde591cc73c256258ca011ca') in 0.0070588 seconds
Number of updated asset objects reloaded before import = 0Number of asset objects unloaded after import = 58

========================================================================
Received Import Request.
  Time since last request: 2.398067 seconds.
  path: Assets/Resources/Levels/1/5.prefab
  artifactKey: Guid(15b1499904d2ba14f8578e7d05132837) Importer(2089858483,192608db42251d675da83286b1cce702)
Start importing Assets/Resources/Levels/1/5.prefab using Guid(15b1499904d2ba14f8578e7d05132837) Importer(2089858483,192608db42251d675da83286b1cce702) (ScriptedImporter) -> (artifact id: 'bd66aba52852bae62449e8d27311af37') in 0.0065105 seconds
Number of updated asset objects reloaded before import = 0Number of asset objects unloaded after import = 58

========================================================================
Received Import Request.
  Time since last request: 14.274386 seconds.
  path: Assets/Resources/Levels/1/5.prefab
  artifactKey: Guid(15b1499904d2ba14f8578e7d05132837) Importer(2089858483,192608db42251d675da83286b1cce702)
Start importing Assets/Resources/Levels/1/5.prefab using Guid(15b1499904d2ba14f8578e7d05132837) Importer(2089858483,192608db42251d675da83286b1cce702) (ScriptedImporter) -> (artifact id: '1edc39c0f8ae34260758e427891486c2') in 0.0087894 seconds
Number of updated asset objects reloaded before import = 0Number of asset objects unloaded after import = 58

========================================================================
Received Import Request.
  Time since last request: 3.980708 seconds.
  path: Assets/Resources/Levels/1/5.prefab
  artifactKey: Guid(15b1499904d2ba14f8578e7d05132837) Importer(2089858483,192608db42251d675da83286b1cce702)
Start importing Assets/Resources/Levels/1/5.prefab using Guid(15b1499904d2ba14f8578e7d05132837) Importer(2089858483,192608db42251d675da83286b1cce702) (ScriptedImporter) -> (artifact id: 'ae0972e20ffaf7c53afe042024e6f886') in 0.0064267 seconds
Number of updated asset objects reloaded before import = 0Number of asset objects unloaded after import = 58

========================================================================
Received Import Request.
  Time since last request: 10.183953 seconds.
  path: Assets/Resources/Levels/1/5.prefab
  artifactKey: Guid(15b1499904d2ba14f8578e7d05132837) Importer(2089858483,192608db42251d675da83286b1cce702)
Start importing Assets/Resources/Levels/1/5.prefab using Guid(15b1499904d2ba14f8578e7d05132837) Importer(2089858483,192608db42251d675da83286b1cce702) (ScriptedImporter) -> (artifact id: 'a3c605a482128362a6a501b78304fb74') in 0.0090019 seconds
Number of updated asset objects reloaded before import = 0Number of asset objects unloaded after import = 58

========================================================================
Received Import Request.
  Time since last request: 4.650814 seconds.
  path: Assets/Resources/Levels/1/5.prefab
  artifactKey: Guid(15b1499904d2ba14f8578e7d05132837) Importer(2089858483,192608db42251d675da83286b1cce702)
Start importing Assets/Resources/Levels/1/5.prefab using Guid(15b1499904d2ba14f8578e7d05132837) Importer(2089858483,192608db42251d675da83286b1cce702) (ScriptedImporter) -> (artifact id: '2be77e6f0dea7734589a8c5d5438c1a2') in 0.0064084 seconds
Number of updated asset objects reloaded before import = 0Number of asset objects unloaded after import = 58

========================================================================
Received Import Request.
  Time since last request: 10.034826 seconds.
  path: Assets/Resources/Levels/1/5.prefab
  artifactKey: Guid(15b1499904d2ba14f8578e7d05132837) Importer(2089858483,192608db42251d675da83286b1cce702)
Start importing Assets/Resources/Levels/1/5.prefab using Guid(15b1499904d2ba14f8578e7d05132837) Importer(2089858483,192608db42251d675da83286b1cce702) (ScriptedImporter) -> (artifact id: '89d1943d6360d141edc8506610f223f6') in 0.0065759 seconds
Number of updated asset objects reloaded before import = 0Number of asset objects unloaded after import = 58

========================================================================
Received Import Request.
  Time since last request: 1.155921 seconds.
  path: Assets/Resources/Levels/1/5.prefab
  artifactKey: Guid(15b1499904d2ba14f8578e7d05132837) Importer(2089858483,192608db42251d675da83286b1cce702)
Start importing Assets/Resources/Levels/1/5.prefab using Guid(15b1499904d2ba14f8578e7d05132837) Importer(2089858483,192608db42251d675da83286b1cce702) (ScriptedImporter) -> (artifact id: 'b958e48444004babe3575da57a2891eb') in 0.0066426 seconds
Number of updated asset objects reloaded before import = 0Number of asset objects unloaded after import = 58

========================================================================
Received Import Request.
  Time since last request: 2.116670 seconds.
  path: Assets/Resources/Levels/1/5.prefab
  artifactKey: Guid(15b1499904d2ba14f8578e7d05132837) Importer(2089858483,192608db42251d675da83286b1cce702)
Start importing Assets/Resources/Levels/1/5.prefab using Guid(15b1499904d2ba14f8578e7d05132837) Importer(2089858483,192608db42251d675da83286b1cce702) (ScriptedImporter) -> (artifact id: '70ba343d39a4221caa3a3ac992774286') in 0.0081391 seconds
Number of updated asset objects reloaded before import = 0Number of asset objects unloaded after import = 58

========================================================================
Received Import Request.
  Time since last request: 5.006124 seconds.
  path: Assets/Resources/Levels/1/5.prefab
  artifactKey: Guid(15b1499904d2ba14f8578e7d05132837) Importer(2089858483,192608db42251d675da83286b1cce702)
Start importing Assets/Resources/Levels/1/5.prefab using Guid(15b1499904d2ba14f8578e7d05132837) Importer(2089858483,192608db42251d675da83286b1cce702) (ScriptedImporter) -> (artifact id: '2e5e1a3e94c34e9da1ada93e4efd9734') in 0.0064645 seconds
Number of updated asset objects reloaded before import = 0Number of asset objects unloaded after import = 58

========================================================================
Received Import Request.
  Time since last request: 4.275255 seconds.
  path: Assets/Resources/Levels/1/5.prefab
  artifactKey: Guid(15b1499904d2ba14f8578e7d05132837) Importer(2089858483,192608db42251d675da83286b1cce702)
Start importing Assets/Resources/Levels/1/5.prefab using Guid(15b1499904d2ba14f8578e7d05132837) Importer(2089858483,192608db42251d675da83286b1cce702) (ScriptedImporter) -> (artifact id: '1182e7aa1bb057bec24f3fd18e51a876') in 0.0075142 seconds
Number of updated asset objects reloaded before import = 0Number of asset objects unloaded after import = 58

========================================================================
Received Import Request.
  Time since last request: 10.315193 seconds.
  path: Assets/Resources/Levels/1/5.prefab
  artifactKey: Guid(15b1499904d2ba14f8578e7d05132837) Importer(2089858483,192608db42251d675da83286b1cce702)
Start importing Assets/Resources/Levels/1/5.prefab using Guid(15b1499904d2ba14f8578e7d05132837) Importer(2089858483,192608db42251d675da83286b1cce702) (ScriptedImporter) -> (artifact id: '87c63d93d24aceae9ce4ce2e025753bc') in 0.0065165 seconds
Number of updated asset objects reloaded before import = 0Number of asset objects unloaded after import = 58

========================================================================
Received Import Request.
  Time since last request: 16.044457 seconds.
  path: Assets/Resources/Levels/1/5.prefab
  artifactKey: Guid(15b1499904d2ba14f8578e7d05132837) Importer(2089858483,192608db42251d675da83286b1cce702)
Start importing Assets/Resources/Levels/1/5.prefab using Guid(15b1499904d2ba14f8578e7d05132837) Importer(2089858483,192608db42251d675da83286b1cce702) (ScriptedImporter) -> (artifact id: '61f936263cf46e1fa23c7de6009cd3ed') in 0.0063298 seconds
Number of updated asset objects reloaded before import = 0Number of asset objects unloaded after import = 58

========================================================================
Received Import Request.
  Time since last request: 10.011441 seconds.
  path: Assets/Resources/Levels/1/5.prefab
  artifactKey: Guid(15b1499904d2ba14f8578e7d05132837) Importer(2089858483,192608db42251d675da83286b1cce702)
Start importing Assets/Resources/Levels/1/5.prefab using Guid(15b1499904d2ba14f8578e7d05132837) Importer(2089858483,192608db42251d675da83286b1cce702) (ScriptedImporter) -> (artifact id: '1dc97955d2db07c86b5dd12e6d793a58') in 0.0065002 seconds
Number of updated asset objects reloaded before import = 0Number of asset objects unloaded after import = 58

========================================================================
Received Import Request.
  Time since last request: 10.374226 seconds.
  path: Assets/Resources/Levels/1/5.prefab
  artifactKey: Guid(15b1499904d2ba14f8578e7d05132837) Importer(2089858483,192608db42251d675da83286b1cce702)
Start importing Assets/Resources/Levels/1/5.prefab using Guid(15b1499904d2ba14f8578e7d05132837) Importer(2089858483,192608db42251d675da83286b1cce702) (ScriptedImporter) -> (artifact id: 'b7d7aace8d9a45ebd5e90aeb21961ca6') in 0.0099107 seconds
Number of updated asset objects reloaded before import = 0Number of asset objects unloaded after import = 58

========================================================================
Received Import Request.
  Time since last request: 10.125473 seconds.
  path: Assets/Resources/Levels/1/5.prefab
  artifactKey: Guid(15b1499904d2ba14f8578e7d05132837) Importer(2089858483,192608db42251d675da83286b1cce702)
Start importing Assets/Resources/Levels/1/5.prefab using Guid(15b1499904d2ba14f8578e7d05132837) Importer(2089858483,192608db42251d675da83286b1cce702) (ScriptedImporter) -> (artifact id: '29443998dbaa664b2228b45106556ad5') in 0.0064435 seconds
Number of updated asset objects reloaded before import = 0Number of asset objects unloaded after import = 58

========================================================================
Received Import Request.
  Time since last request: 2.744746 seconds.
  path: Assets/Resources/Levels/1/5.prefab
  artifactKey: Guid(15b1499904d2ba14f8578e7d05132837) Importer(2089858483,192608db42251d675da83286b1cce702)
Start importing Assets/Resources/Levels/1/5.prefab using Guid(15b1499904d2ba14f8578e7d05132837) Importer(2089858483,192608db42251d675da83286b1cce702) (ScriptedImporter) -> (artifact id: 'ab1ef8e139f9183d567b20a089513191') in 0.0070141 seconds
Number of updated asset objects reloaded before import = 0Number of asset objects unloaded after import = 58

========================================================================
Received Import Request.
  Time since last request: 11.991968 seconds.
  path: Assets/Resources/Levels/1/5.prefab
  artifactKey: Guid(15b1499904d2ba14f8578e7d05132837) Importer(2089858483,192608db42251d675da83286b1cce702)
Start importing Assets/Resources/Levels/1/5.prefab using Guid(15b1499904d2ba14f8578e7d05132837) Importer(2089858483,192608db42251d675da83286b1cce702) (ScriptedImporter) -> (artifact id: '979c680fc85d398fd888469ff8f83de9') in 0.0064452 seconds
Number of updated asset objects reloaded before import = 0Number of asset objects unloaded after import = 58

========================================================================
Received Import Request.
  Time since last request: 2.976539 seconds.
  path: Assets/Resources/Levels/1/5.prefab
  artifactKey: Guid(15b1499904d2ba14f8578e7d05132837) Importer(2089858483,192608db42251d675da83286b1cce702)
Start importing Assets/Resources/Levels/1/5.prefab using Guid(15b1499904d2ba14f8578e7d05132837) Importer(2089858483,192608db42251d675da83286b1cce702) (ScriptedImporter) -> (artifact id: '18f155ebcb7100c9d54e38594727e28e') in 0.0069774 seconds
Number of updated asset objects reloaded before import = 0Number of asset objects unloaded after import = 62

========================================================================
Received Import Request.
  Time since last request: 10.009140 seconds.
  path: Assets/Resources/Levels/1/5.prefab
  artifactKey: Guid(15b1499904d2ba14f8578e7d05132837) Importer(2089858483,192608db42251d675da83286b1cce702)
Start importing Assets/Resources/Levels/1/5.prefab using Guid(15b1499904d2ba14f8578e7d05132837) Importer(2089858483,192608db42251d675da83286b1cce702) (ScriptedImporter) -> (artifact id: '956b11a4c9487340ddbbaff8fd5d9a79') in 0.006817 seconds
Number of updated asset objects reloaded before import = 0Number of asset objects unloaded after import = 62

========================================================================
Received Import Request.
  Time since last request: 3.000014 seconds.
  path: Assets/Resources/Levels/1/5.prefab
  artifactKey: Guid(15b1499904d2ba14f8578e7d05132837) Importer(2089858483,192608db42251d675da83286b1cce702)
Start importing Assets/Resources/Levels/1/5.prefab using Guid(15b1499904d2ba14f8578e7d05132837) Importer(2089858483,192608db42251d675da83286b1cce702) (ScriptedImporter) -> (artifact id: '5407d3298a81eec001c8eb75ef652630') in 0.007968 seconds
Number of updated asset objects reloaded before import = 0Number of asset objects unloaded after import = 62

========================================================================
Received Import Request.
  Time since last request: 5.191141 seconds.
  path: Assets/Resources/Levels/1/5.prefab
  artifactKey: Guid(15b1499904d2ba14f8578e7d05132837) Importer(2089858483,192608db42251d675da83286b1cce702)
Start importing Assets/Resources/Levels/1/5.prefab using Guid(15b1499904d2ba14f8578e7d05132837) Importer(2089858483,192608db42251d675da83286b1cce702) (ScriptedImporter) -> (artifact id: '94c35b4238a3b9ecdf33edc9faed1104') in 0.0066565 seconds
Number of updated asset objects reloaded before import = 0Number of asset objects unloaded after import = 62

========================================================================
Received Import Request.
  Time since last request: 3.188460 seconds.
  path: Assets/Resources/Levels/1/5.prefab
  artifactKey: Guid(15b1499904d2ba14f8578e7d05132837) Importer(2089858483,192608db42251d675da83286b1cce702)
Start importing Assets/Resources/Levels/1/5.prefab using Guid(15b1499904d2ba14f8578e7d05132837) Importer(2089858483,192608db42251d675da83286b1cce702) (ScriptedImporter) -> (artifact id: '5510cb3c5fa0f41cb90042537f2105b3') in 0.0077527 seconds
Number of updated asset objects reloaded before import = 0Number of asset objects unloaded after import = 62

========================================================================
Received Import Request.
  Time since last request: 5.609268 seconds.
  path: Assets/Resources/Levels/1/5.prefab
  artifactKey: Guid(15b1499904d2ba14f8578e7d05132837) Importer(2089858483,192608db42251d675da83286b1cce702)
Start importing Assets/Resources/Levels/1/5.prefab using Guid(15b1499904d2ba14f8578e7d05132837) Importer(2089858483,192608db42251d675da83286b1cce702) (ScriptedImporter) -> (artifact id: 'dd4994e4815c1e816f38c6221ff052c7') in 0.006448 seconds
Number of updated asset objects reloaded before import = 0Number of asset objects unloaded after import = 62

========================================================================
Received Import Request.
  Time since last request: 3.985684 seconds.
  path: Assets/Resources/Levels/1/5.prefab
  artifactKey: Guid(15b1499904d2ba14f8578e7d05132837) Importer(2089858483,192608db42251d675da83286b1cce702)
Start importing Assets/Resources/Levels/1/5.prefab using Guid(15b1499904d2ba14f8578e7d05132837) Importer(2089858483,192608db42251d675da83286b1cce702) (ScriptedImporter) -> (artifact id: '7a193781a31211055a72e7d2bcec64b5') in 0.0074028 seconds
Number of updated asset objects reloaded before import = 0Number of asset objects unloaded after import = 66

========================================================================
Received Import Request.
  Time since last request: 1.570517 seconds.
  path: Assets/Resources/Levels/1/5.prefab
  artifactKey: Guid(15b1499904d2ba14f8578e7d05132837) Importer(2089858483,192608db42251d675da83286b1cce702)
Start importing Assets/Resources/Levels/1/5.prefab using Guid(15b1499904d2ba14f8578e7d05132837) Importer(2089858483,192608db42251d675da83286b1cce702) (ScriptedImporter) -> (artifact id: 'e5aa0620d613a18b76f821a1f5378ec0') in 0.0100774 seconds
Number of updated asset objects reloaded before import = 0Number of asset objects unloaded after import = 66

========================================================================
Received Import Request.
  Time since last request: 2.769101 seconds.
  path: Assets/Resources/Levels/1/5.prefab
  artifactKey: Guid(15b1499904d2ba14f8578e7d05132837) Importer(2089858483,192608db42251d675da83286b1cce702)
Start importing Assets/Resources/Levels/1/5.prefab using Guid(15b1499904d2ba14f8578e7d05132837) Importer(2089858483,192608db42251d675da83286b1cce702) (ScriptedImporter) -> (artifact id: '239067b16d41ce106dec66b67ed3ae38') in 0.0067887 seconds
Number of updated asset objects reloaded before import = 0Number of asset objects unloaded after import = 66

========================================================================
Received Import Request.
  Time since last request: 48.318419 seconds.
  path: Assets/Resources/Levels/1/5.prefab
  artifactKey: Guid(15b1499904d2ba14f8578e7d05132837) Importer(2089858483,192608db42251d675da83286b1cce702)
Start importing Assets/Resources/Levels/1/5.prefab using Guid(15b1499904d2ba14f8578e7d05132837) Importer(2089858483,192608db42251d675da83286b1cce702) (ScriptedImporter) -> (artifact id: '4579794b389758b10c2c68671ffb65da') in 0.0066972 seconds
Number of updated asset objects reloaded before import = 0Number of asset objects unloaded after import = 62

========================================================================
Received Import Request.
  Time since last request: 6.519193 seconds.
  path: Assets/Resources/Levels/1/5.prefab
  artifactKey: Guid(15b1499904d2ba14f8578e7d05132837) Importer(2089858483,192608db42251d675da83286b1cce702)
Start importing Assets/Resources/Levels/1/5.prefab using Guid(15b1499904d2ba14f8578e7d05132837) Importer(2089858483,192608db42251d675da83286b1cce702) (ScriptedImporter) -> (artifact id: '41e7520163598a4f9f56c71ee5b99995') in 0.0069729 seconds
Number of updated asset objects reloaded before import = 0Number of asset objects unloaded after import = 62

========================================================================
Received Import Request.
  Time since last request: 103.543986 seconds.
  path: Assets/Materials/BackGround.mat
  artifactKey: Guid(fa2feb7af1904194f89544dc0e19d87f) Importer(815301076,1909f56bfc062723c751e8b465ee728b)
Start importing Assets/Materials/BackGround.mat using Guid(fa2feb7af1904194f89544dc0e19d87f) Importer(815301076,1909f56bfc062723c751e8b465ee728b) (PreviewImporter) -> (artifact id: 'dc42699d48591a5e841a6c3de7a32712') in 0.0933739 seconds
Number of updated asset objects reloaded before import = 0Number of asset objects unloaded after import = 3

========================================================================
Received Import Request.
  Time since last request: 0.829061 seconds.
  path: Assets/Materials/BackGround.mat
  artifactKey: Guid(fa2feb7af1904194f89544dc0e19d87f) Importer(2089858483,192608db42251d675da83286b1cce702)
Start importing Assets/Materials/BackGround.mat using Guid(fa2feb7af1904194f89544dc0e19d87f) Importer(2089858483,192608db42251d675da83286b1cce702) (ScriptedImporter) -> (artifact id: 'cff73776c9abcb75d6614fde368f89dc') in 0.0053308 seconds
Number of updated asset objects reloaded before import = 0Number of asset objects unloaded after import = 3

========================================================================
Received Import Request.
  Time since last request: 5.240138 seconds.
  path: Assets/Materials/Wall.mat
  artifactKey: Guid(6f71f8c139272b642ac5a7fb98cd0555) Importer(815301076,1909f56bfc062723c751e8b465ee728b)
Start importing Assets/Materials/Wall.mat using Guid(6f71f8c139272b642ac5a7fb98cd0555) Importer(815301076,1909f56bfc062723c751e8b465ee728b) (PreviewImporter) -> (artifact id: '853a0937841fe09a9547b0031541ba00') in 0.007755 seconds
Number of updated asset objects reloaded before import = 0Number of asset objects unloaded after import = 3

========================================================================
Received Import Request.
  Time since last request: 0.921145 seconds.
  path: Assets/Materials/Wall.mat
  artifactKey: Guid(6f71f8c139272b642ac5a7fb98cd0555) Importer(2089858483,192608db42251d675da83286b1cce702)
Start importing Assets/Materials/Wall.mat using Guid(6f71f8c139272b642ac5a7fb98cd0555) Importer(2089858483,192608db42251d675da83286b1cce702) (ScriptedImporter) -> (artifact id: '38c32c22ecf67a6f74eada05e5dff22e') in 0.005399 seconds
Number of updated asset objects reloaded before import = 0Number of asset objects unloaded after import = 3

========================================================================
Received Prepare
Begin MonoManager ReloadAssembly
- Loaded All Assemblies, in  0.811 seconds
Refreshing native plugins compatible for Editor in 1.10 ms, found 3 plugins.
Native extension for WindowsStandalone target not found
Native extension for OSXStandalone target not found
Native extension for WebGL target not found
[Package Manager] Failed to launch server process. Reason: Unity was launched with the -noUpm command-line argument
[Package Manager] Unable to send message (not connected to server process).
[Package Manager] Cannot connect to Unity Package Manager local server
<HackaTime> Initializing...
UnityEngine.Debug:ExtractStackTraceNoAlloc (byte*,int,string)
UnityEngine.StackTraceUtility:ExtractStackTrace ()
UnityEngine.DebugLogHandler:Internal_Log (UnityEngine.LogType,UnityEngine.LogOption,string,UnityEngine.Object)
UnityEngine.DebugLogHandler:LogFormat (UnityEngine.LogType,UnityEngine.Object,string,object[])
UnityEngine.Logger:Log (UnityEngine.LogType,object)
UnityEngine.Debug:Log (object)
WakaTime.Plugin:Initialize () (at ./Library/PackageCache/com.daniel-geo.unityhackatime@5ac210a9a287/Editor/Plugin.cs:76)
WakaTime.Plugin:.cctor () (at ./Library/PackageCache/com.daniel-geo.unityhackatime@5ac210a9a287/Editor/Plugin.cs:41)
System.Runtime.CompilerServices.RuntimeHelpers:RunClassConstructor (System.RuntimeTypeHandle)
UnityEditor.EditorAssemblies:ProcessInitializeOnLoadAttributes (System.Type[])

(Filename: ./Library/PackageCache/com.daniel-geo.unityhackatime@5ac210a9a287/Editor/Plugin.cs Line: 76)

<HackaTime> Sending heartbeat...
UnityEngine.Debug:ExtractStackTraceNoAlloc (byte*,int,string)
UnityEngine.StackTraceUtility:ExtractStackTrace ()
UnityEngine.DebugLogHandler:Internal_Log (UnityEngine.LogType,UnityEngine.LogOption,string,UnityEngine.Object)
UnityEngine.DebugLogHandler:LogFormat (UnityEngine.LogType,UnityEngine.Object,string,object[])
UnityEngine.Logger:Log (UnityEngine.LogType,object)
UnityEngine.Debug:Log (object)
WakaTime.Plugin/<SendHeartbeat>d__29:MoveNext () (at ./Library/PackageCache/com.daniel-geo.unityhackatime@5ac210a9a287/Editor/Plugin.cs:144)
System.Runtime.CompilerServices.AsyncVoidMethodBuilder:Start<WakaTime.Plugin/<SendHeartbeat>d__29> (WakaTime.Plugin/<SendHeartbeat>d__29&)
WakaTime.Plugin:SendHeartbeat (bool)
WakaTime.Plugin:Initialize () (at ./Library/PackageCache/com.daniel-geo.unityhackatime@5ac210a9a287/Editor/Plugin.cs:78)
WakaTime.Plugin:.cctor () (at ./Library/PackageCache/com.daniel-geo.unityhackatime@5ac210a9a287/Editor/Plugin.cs:41)
System.Runtime.CompilerServices.RuntimeHelpers:RunClassConstructor (System.RuntimeTypeHandle)
UnityEditor.EditorAssemblies:ProcessInitializeOnLoadAttributes (System.Type[])

(Filename: ./Library/PackageCache/com.daniel-geo.unityhackatime@5ac210a9a287/Editor/Plugin.cs Line: 144)

[MODES] ModeService[none].Initialize
[MODES] ModeService[none].LoadModes
Mono: successfully reloaded assembly
- Finished resetting the current domain, in  0.695 seconds
Domain Reload Profiling: 1503ms
	BeginReloadAssembly (260ms)
		ExecutionOrderSort (0ms)
		DisableScriptedObjects (20ms)
		BackupInstance (0ms)
		ReleaseScriptingObjects (0ms)
		CreateAndSetChildDomain (83ms)
	RebuildCommonClasses (33ms)
	RebuildNativeTypeToScriptingClass (11ms)
	initialDomainReloadingComplete (30ms)
	LoadAllAssembliesAndSetupDomain (474ms)
		LoadAssemblies (407ms)
		RebuildTransferFunctionScriptingTraits (0ms)
		AnalyzeDomain (163ms)
			TypeCache.Refresh (8ms)
				TypeCache.ScanAssembly (0ms)
			BuildScriptInfoCaches (141ms)
			ResolveRequiredComponents (9ms)
	FinalizeReload (695ms)
		ReleaseScriptCaches (0ms)
		RebuildScriptCaches (0ms)
		SetupLoadedEditorAssemblies (550ms)
			LogAssemblyErrors (0ms)
			InitializePlatformSupportModulesInManaged (4ms)
			SetLoadedEditorAssemblies (5ms)
			BeforeProcessingInitializeOnLoad (124ms)
			ProcessInitializeOnLoadAttributes (323ms)
			ProcessInitializeOnLoadMethodAttributes (85ms)
			AfterProcessingInitializeOnLoad (9ms)
			EditorAssembliesLoaded (0ms)
		ExecutionOrderSort2 (0ms)
		AwakeInstancesAfterBackupRestoration (18ms)
Refreshing native plugins compatible for Editor in 1.48 ms, found 3 plugins.
Preloading 0 native plugins for Editor in 0.00 ms.
Unloading 14 Unused Serialized files (Serialized files now loaded: 0)
<HackaTime> Got response
{"id":2716379308,"user_id":27195,"branch":"main","category":"coding","dependencies":[],"editor":"unity","entity":"Unsaved Scene","language":"unity","machine":null,"operating_system":null,"project":"Stardance Project","type":"file","user_agent":"unity-hackatime","line_additions":null,"line_deletions":null,"lineno":null,"lines":null,"cursorpos":null,"project_root_count":null,"time":1788839680.0,"is_write":false,"created_at":"2026-09-08T03:55:22.551Z","updated_at":"2026-09-08T03:55:22.551Z","fields_hash":"c114f58287d878bbbdd43e48df1f1b2f","source_type":"direct_entry","ip_address":"2601:600:8280:6b00:5d1e:6bf0:57c3:b9dd","deleted_at":null,"ja4_id":22,"ai_model":null,"ai_session":null,"ai_subscription_plan":null,"ai_input_tokens":null,"ai_output_tokens":null,"ai_prompt_length":null,"ai_line_changes":null,"human_line_changes":null}
UnityEngine.Debug:ExtractStackTraceNoAlloc (byte*,int,string)
UnityEngine.StackTraceUtility:ExtractStackTrace ()
UnityEngine.DebugLogHandler:Internal_Log (UnityEngine.LogType,UnityEngine.LogOption,string,UnityEngine.Object)
UnityEngine.DebugLogHandler:LogFormat (UnityEngine.LogType,UnityEngine.Object,string,object[])
UnityEngine.Logger:Log (UnityEngine.LogType,object)
UnityEngine.Debug:Log (object)
WakaTime.Plugin/<SendHeartbeat>d__29:MoveNext () (at ./Library/PackageCache/com.daniel-geo.unityhackatime@5ac210a9a287/Editor/Plugin.cs:187)
System.Runtime.CompilerServices.AsyncMethodBuilderCore/MoveNextRunner:InvokeMoveNext (object)
System.Threading.ExecutionContext:RunInternal (System.Threading.ExecutionContext,System.Threading.ContextCallback,object,bool)
System.Threading.ExecutionContext:Run (System.Threading.ExecutionContext,System.Threading.ContextCallback,object,bool)
System.Runtime.CompilerServices.AsyncMethodBuilderCore/MoveNextRunner:Run ()
System.Threading.Tasks.AwaitTaskContinuation:InvokeAction (object)
System.Threading.Tasks.AwaitTaskContinuation:RunCallback (System.Threading.ContextCallback,object,System.Threading.Tasks.Task&)
System.Threading.Tasks.SynchronizationContextAwaitTaskContinuation:Run (System.Threading.Tasks.Task,bool)
System.Threading.Tasks.Task:FinishContinuations ()
System.Threading.Tasks.Task:FinishStageThree ()
System.Threading.Tasks.Task`1<bool>:TrySetResult (bool)
System.Threading.Tasks.TaskCompletionSource`1<bool>:TrySetResult (bool)
WakaTime.Plugin/<>c__DisplayClass29_0:<SendHeartbeat>b__0 (UnityEngine.AsyncOperation) (at ./Library/PackageCache/com.daniel-geo.unityhackatime@5ac210a9a287/Editor/Plugin.cs:176)
UnityEngine.AsyncOperation:InvokeCompletionEvent ()

(Filename: ./Library/PackageCache/com.daniel-geo.unityhackatime@5ac210a9a287/Editor/Plugin.cs Line: 187)

<HackaTime> Sent heartbeat!
UnityEngine.Debug:ExtractStackTraceNoAlloc (byte*,int,string)
UnityEngine.StackTraceUtility:ExtractStackTrace ()
UnityEngine.DebugLogHandler:Internal_Log (UnityEngine.LogType,UnityEngine.LogOption,string,UnityEngine.Object)
UnityEngine.DebugLogHandler:LogFormat (UnityEngine.LogType,UnityEngine.Object,string,object[])
UnityEngine.Logger:Log (UnityEngine.LogType,object)
UnityEngine.Debug:Log (object)
WakaTime.Plugin/<SendHeartbeat>d__29:MoveNext () (at ./Library/PackageCache/com.daniel-geo.unityhackatime@5ac210a9a287/Editor/Plugin.cs:203)
System.Runtime.CompilerServices.AsyncMethodBuilderCore/MoveNextRunner:InvokeMoveNext (object)
System.Threading.ExecutionContext:RunInternal (System.Threading.ExecutionContext,System.Threading.ContextCallback,object,bool)
System.Threading.ExecutionContext:Run (System.Threading.ExecutionContext,System.Threading.ContextCallback,object,bool)
System.Runtime.CompilerServices.AsyncMethodBuilderCore/MoveNextRunner:Run ()
System.Threading.Tasks.AwaitTaskContinuation:InvokeAction (object)
System.Threading.Tasks.AwaitTaskContinuation:RunCallback (System.Threading.ContextCallback,object,System.Threading.Tasks.Task&)
System.Threading.Tasks.SynchronizationContextAwaitTaskContinuation:Run (System.Threading.Tasks.Task,bool)
System.Threading.Tasks.Task:FinishContinuations ()
System.Threading.Tasks.Task:FinishStageThree ()
System.Threading.Tasks.Task`1<bool>:TrySetResult (bool)
System.Threading.Tasks.TaskCompletionSource`1<bool>:TrySetResult (bool)
WakaTime.Plugin/<>c__DisplayClass29_0:<SendHeartbeat>b__0 (UnityEngine.AsyncOperation) (at ./Library/PackageCache/com.daniel-geo.unityhackatime@5ac210a9a287/Editor/Plugin.cs:176)
UnityEngine.AsyncOperation:InvokeCompletionEvent ()

(Filename: ./Library/PackageCache/com.daniel-geo.unityhackatime@5ac210a9a287/Editor/Plugin.cs Line: 203)

Unloading 6464 unused Assets / (4.5 MB). Loaded Objects now: 7281.
Memory consumption went from 157.6 MB to 153.1 MB.
Total: 11.614700 ms (FindLiveObjects: 0.963200 ms CreateObjectMapping: 1.082100 ms MarkObjects: 6.144100 ms  DeleteObjects: 3.424300 ms)

Prepare: number of updated asset objects reloaded= 0
========================================================================
Received Import Request.
  Time since last request: 771.816014 seconds.
  path: Assets/Rendering/URP-PSX-FORKED.unitypackage
  artifactKey: Guid(f1be4c62356e0f0468608bf7161c8686) Importer(2089858483,192608db42251d675da83286b1cce702)
Start importing Assets/Rendering/URP-PSX-FORKED.unitypackage using Guid(f1be4c62356e0f0468608bf7161c8686) Importer(2089858483,192608db42251d675da83286b1cce702) (ScriptedImporter) -> (artifact id: '733d497a56ac43109915098f508e47f3') in 0.1266847 seconds
Number of updated asset objects reloaded before import = 0Number of asset objects unloaded after import = 1

========================================================================
Received Import Request.
  Time since last request: 59.112029 seconds.
  path: Assets/Rendering/URP-PSX-FORKED.unitypackage
  artifactKey: Guid(f1be4c62356e0f0468608bf7161c8686) Importer(815301076,1909f56bfc062723c751e8b465ee728b)
Start importing Assets/Rendering/URP-PSX-FORKED.unitypackage using Guid(f1be4c62356e0f0468608bf7161c8686) Importer(815301076,1909f56bfc062723c751e8b465ee728b) (PreviewImporter) -> (artifact id: 'b0a7b49d590f9c7b09fcd449ed897149') in 0.0140857 seconds
Number of updated asset objects reloaded before import = 0Number of asset objects unloaded after import = 1

========================================================================
Received Prepare
Begin MonoManager ReloadAssembly
- Loaded All Assemblies, in  0.882 seconds
Refreshing native plugins compatible for Editor in 1.01 ms, found 3 plugins.
Native extension for WindowsStandalone target not found
Native extension for OSXStandalone target not found
Native extension for WebGL target not found
[Package Manager] Failed to launch server process. Reason: Unity was launched with the -noUpm command-line argument
[Package Manager] Unable to send message (not connected to server process).
[Package Manager] Cannot connect to Unity Package Manager local server
<HackaTime> Initializing...
UnityEngine.Debug:ExtractStackTraceNoAlloc (byte*,int,string)
UnityEngine.StackTraceUtility:ExtractStackTrace ()
UnityEngine.DebugLogHandler:Internal_Log (UnityEngine.LogType,UnityEngine.LogOption,string,UnityEngine.Object)
UnityEngine.DebugLogHandler:LogFormat (UnityEngine.LogType,UnityEngine.Object,string,object[])
UnityEngine.Logger:Log (UnityEngine.LogType,object)
UnityEngine.Debug:Log (object)
WakaTime.Plugin:Initialize () (at ./Library/PackageCache/com.daniel-geo.unityhackatime@5ac210a9a287/Editor/Plugin.cs:76)
WakaTime.Plugin:.cctor () (at ./Library/PackageCache/com.daniel-geo.unityhackatime@5ac210a9a287/Editor/Plugin.cs:41)
System.Runtime.CompilerServices.RuntimeHelpers:RunClassConstructor (System.RuntimeTypeHandle)
UnityEditor.EditorAssemblies:ProcessInitializeOnLoadAttributes (System.Type[])

(Filename: ./Library/PackageCache/com.daniel-geo.unityhackatime@5ac210a9a287/Editor/Plugin.cs Line: 76)

<HackaTime> Sending heartbeat...
UnityEngine.Debug:ExtractStackTraceNoAlloc (byte*,int,string)
UnityEngine.StackTraceUtility:ExtractStackTrace ()
UnityEngine.DebugLogHandler:Internal_Log (UnityEngine.LogType,UnityEngine.LogOption,string,UnityEngine.Object)
UnityEngine.DebugLogHandler:LogFormat (UnityEngine.LogType,UnityEngine.Object,string,object[])
UnityEngine.Logger:Log (UnityEngine.LogType,object)
UnityEngine.Debug:Log (object)
WakaTime.Plugin/<SendHeartbeat>d__29:MoveNext () (at ./Library/PackageCache/com.daniel-geo.unityhackatime@5ac210a9a287/Editor/Plugin.cs:144)
System.Runtime.CompilerServices.AsyncVoidMethodBuilder:Start<WakaTime.Plugin/<SendHeartbeat>d__29> (WakaTime.Plugin/<SendHeartbeat>d__29&)
WakaTime.Plugin:SendHeartbeat (bool)
WakaTime.Plugin:Initialize () (at ./Library/PackageCache/com.daniel-geo.unityhackatime@5ac210a9a287/Editor/Plugin.cs:78)
WakaTime.Plugin:.cctor () (at ./Library/PackageCache/com.daniel-geo.unityhackatime@5ac210a9a287/Editor/Plugin.cs:41)
System.Runtime.CompilerServices.RuntimeHelpers:RunClassConstructor (System.RuntimeTypeHandle)
UnityEditor.EditorAssemblies:ProcessInitializeOnLoadAttributes (System.Type[])

(Filename: ./Library/PackageCache/com.daniel-geo.unityhackatime@5ac210a9a287/Editor/Plugin.cs Line: 144)

[MODES] ModeService[none].Initialize
[MODES] ModeService[none].LoadModes
Mono: successfully reloaded assembly
- Finished resetting the current domain, in  0.787 seconds
Domain Reload Profiling: 1667ms
	BeginReloadAssembly (323ms)
		ExecutionOrderSort (0ms)
		DisableScriptedObjects (7ms)
		BackupInstance (0ms)
		ReleaseScriptingObjects (0ms)
		CreateAndSetChildDomain (114ms)
	RebuildCommonClasses (32ms)
	RebuildNativeTypeToScriptingClass (11ms)
	initialDomainReloadingComplete (29ms)
	LoadAllAssembliesAndSetupDomain (485ms)
		LoadAssemblies (417ms)
		RebuildTransferFunctionScriptingTraits (0ms)
		AnalyzeDomain (183ms)
			TypeCache.Refresh (11ms)
				TypeCache.ScanAssembly (1ms)
			BuildScriptInfoCaches (155ms)
			ResolveRequiredComponents (11ms)
	FinalizeReload (788ms)
		ReleaseScriptCaches (0ms)
		RebuildScriptCaches (0ms)
		SetupLoadedEditorAssemblies (635ms)
			LogAssemblyErrors (0ms)
			InitializePlatformSupportModulesInManaged (5ms)
			SetLoadedEditorAssemblies (7ms)
			BeforeProcessingInitializeOnLoad (144ms)
			ProcessInitializeOnLoadAttributes (374ms)
			ProcessInitializeOnLoadMethodAttributes (96ms)
			AfterProcessingInitializeOnLoad (9ms)
			EditorAssembliesLoaded (0ms)
		ExecutionOrderSort2 (0ms)
		AwakeInstancesAfterBackupRestoration (18ms)
Refreshing native plugins compatible for Editor in 1.18 ms, found 3 plugins.
Preloading 0 native plugins for Editor in 0.00 ms.
Unloading 20 Unused Serialized files (Serialized files now loaded: 0)
<HackaTime> Got response
{"id":2716387401,"user_id":27195,"branch":"main","category":"coding","dependencies":[],"editor":"unity","entity":"Unsaved Scene","language":"unity","machine":null,"operating_system":null,"project":"Stardance Project","type":"file","user_agent":"unity-hackatime","line_additions":null,"line_deletions":null,"lineno":null,"lines":null,"cursorpos":null,"project_root_count":null,"time":1788840576.0,"is_write":false,"created_at":"2026-09-08T04:08:59.066Z","updated_at":"2026-09-08T04:08:59.066Z","fields_hash":"dc4c8311e790863c2ebcfba5eab0229d","source_type":"direct_entry","ip_address":"2601:600:8280:6b00:5d1e:6bf0:57c3:b9dd","deleted_at":null,"ja4_id":22,"ai_model":null,"ai_session":null,"ai_subscription_plan":null,"ai_input_tokens":null,"ai_output_tokens":null,"ai_prompt_length":null,"ai_line_changes":null,"human_line_changes":null}
UnityEngine.Debug:ExtractStackTraceNoAlloc (byte*,int,string)
UnityEngine.StackTraceUtility:ExtractStackTrace ()
UnityEngine.DebugLogHandler:Internal_Log (UnityEngine.LogType,UnityEngine.LogOption,string,UnityEngine.Object)
UnityEngine.DebugLogHandler:LogFormat (UnityEngine.LogType,UnityEngine.Object,string,object[])
UnityEngine.Logger:Log (UnityEngine.LogType,object)
UnityEngine.Debug:Log (object)
WakaTime.Plugin/<SendHeartbeat>d__29:MoveNext () (at ./Library/PackageCache/com.daniel-geo.unityhackatime@5ac210a9a287/Editor/Plugin.cs:187)
System.Runtime.CompilerServices.AsyncMethodBuilderCore/MoveNextRunner:InvokeMoveNext (object)
System.Threading.ExecutionContext:RunInternal (System.Threading.ExecutionContext,System.Threading.ContextCallback,object,bool)
System.Threading.ExecutionContext:Run (System.Threading.ExecutionContext,System.Threading.ContextCallback,object,bool)
System.Runtime.CompilerServices.AsyncMethodBuilderCore/MoveNextRunner:Run ()
System.Threading.Tasks.AwaitTaskContinuation:InvokeAction (object)
System.Threading.Tasks.AwaitTaskContinuation:RunCallback (System.Threading.ContextCallback,object,System.Threading.Tasks.Task&)
System.Threading.Tasks.SynchronizationContextAwaitTaskContinuation:Run (System.Threading.Tasks.Task,bool)
System.Threading.Tasks.Task:FinishContinuations ()
System.Threading.Tasks.Task:FinishStageThree ()
System.Threading.Tasks.Task`1<bool>:TrySetResult (bool)
System.Threading.Tasks.TaskCompletionSource`1<bool>:TrySetResult (bool)
WakaTime.Plugin/<>c__DisplayClass29_0:<SendHeartbeat>b__0 (UnityEngine.AsyncOperation) (at ./Library/PackageCache/com.daniel-geo.unityhackatime@5ac210a9a287/Editor/Plugin.cs:176)
UnityEngine.AsyncOperation:InvokeCompletionEvent ()

(Filename: ./Library/PackageCache/com.daniel-geo.unityhackatime@5ac210a9a287/Editor/Plugin.cs Line: 187)

<HackaTime> Sent heartbeat!
UnityEngine.Debug:ExtractStackTraceNoAlloc (byte*,int,string)
UnityEngine.StackTraceUtility:ExtractStackTrace ()
UnityEngine.DebugLogHandler:Internal_Log (UnityEngine.LogType,UnityEngine.LogOption,string,UnityEngine.Object)
UnityEngine.DebugLogHandler:LogFormat (UnityEngine.LogType,UnityEngine.Object,string,object[])
UnityEngine.Logger:Log (UnityEngine.LogType,object)
UnityEngine.Debug:Log (object)
WakaTime.Plugin/<SendHeartbeat>d__29:MoveNext () (at ./Library/PackageCache/com.daniel-geo.unityhackatime@5ac210a9a287/Editor/Plugin.cs:203)
System.Runtime.CompilerServices.AsyncMethodBuilderCore/MoveNextRunner:InvokeMoveNext (object)
System.Threading.ExecutionContext:RunInternal (System.Threading.ExecutionContext,System.Threading.ContextCallback,object,bool)
System.Threading.ExecutionContext:Run (System.Threading.ExecutionContext,System.Threading.ContextCallback,object,bool)
System.Runtime.CompilerServices.AsyncMethodBuilderCore/MoveNextRunner:Run ()
System.Threading.Tasks.AwaitTaskContinuation:InvokeAction (object)
System.Threading.Tasks.AwaitTaskContinuation:RunCallback (System.Threading.ContextCallback,object,System.Threading.Tasks.Task&)
System.Threading.Tasks.SynchronizationContextAwaitTaskContinuation:Run (System.Threading.Tasks.Task,bool)
System.Threading.Tasks.Task:FinishContinuations ()
System.Threading.Tasks.Task:FinishStageThree ()
System.Threading.Tasks.Task`1<bool>:TrySetResult (bool)
System.Threading.Tasks.TaskCompletionSource`1<bool>:TrySetResult (bool)
WakaTime.Plugin/<>c__DisplayClass29_0:<SendHeartbeat>b__0 (UnityEngine.AsyncOperation) (at ./Library/PackageCache/com.daniel-geo.unityhackatime@5ac210a9a287/Editor/Plugin.cs:176)
UnityEngine.AsyncOperation:InvokeCompletionEvent ()

(Filename: ./Library/PackageCache/com.daniel-geo.unityhackatime@5ac210a9a287/Editor/Plugin.cs Line: 203)

Unloading 6481 unused Assets / (4.8 MB). Loaded Objects now: 7295.
Memory consumption went from 158.5 MB to 153.7 MB.
Total: 12.022800 ms (FindLiveObjects: 0.903800 ms CreateObjectMapping: 1.198200 ms MarkObjects: 5.857000 ms  DeleteObjects: 4.062200 ms)

Prepare: number of updated asset objects reloaded= 0
========================================================================
Received Import Request.
  Time since last request: 20.809693 seconds.
  path: Assets/URP-PSX Render Pipeline Asset_Renderer.asset
  artifactKey: Guid(5bc392ef1f4545742b089dfb8e6d5608) Importer(815301076,1909f56bfc062723c751e8b465ee728b)
Start importing Assets/URP-PSX Render Pipeline Asset_Renderer.asset using Guid(5bc392ef1f4545742b089dfb8e6d5608) Importer(815301076,1909f56bfc062723c751e8b465ee728b) (PreviewImporter) -> (artifact id: '590e7dd41146952325bcc91df8c9dabb') in 0.0303682 seconds
Number of updated asset objects reloaded before import = 0Number of asset objects unloaded after import = 5

========================================================================
Received Import Request.
  Time since last request: 0.000021 seconds.
  path: Assets/URP-PSX Volume Profile.asset
  artifactKey: Guid(7bbe35cdf5d69e14abbb03eccedaa5bd) Importer(815301076,1909f56bfc062723c751e8b465ee728b)
Start importing Assets/URP-PSX Volume Profile.asset using Guid(7bbe35cdf5d69e14abbb03eccedaa5bd) Importer(815301076,1909f56bfc062723c751e8b465ee728b) (PreviewImporter) -> (artifact id: '0fd423c3b9ee148a559888f8667703f7') in 0.0031099 seconds
Number of updated asset objects reloaded before import = 0Number of asset objects unloaded after import = 5

========================================================================
Received Prepare
Begin MonoManager ReloadAssembly
- Loaded All Assemblies, in  0.774 seconds
Refreshing native plugins compatible for Editor in 1.06 ms, found 3 plugins.
Assertion failed on expression: 'pred(*previous, *i)'
Assertion failed on expression: 'pred(*previous, *i)'
Assertion failed on expression: 'pred(*previous, *i)'
Assertion failed on expression: 'pred(*previous, *i)'
Assertion failed on expression: 'pred(*previous, *i)'
Assertion failed on expression: 'pred(*previous, *i)'
Assertion failed on expression: 'pred(*previous, *i)'
Assertion failed on expression: 'pred(*previous, *i)'
Assertion failed on expression: 'pred(*previous, *i)'
Assertion failed on expression: 'pred(*previous, *i)'
Native extension for WindowsStandalone target not found
Native extension for OSXStandalone target not found
Native extension for WebGL target not found
[Package Manager] Failed to launch server process. Reason: Unity was launched with the -noUpm command-line argument
[Package Manager] Unable to send message (not connected to server process).
[Package Manager] Cannot connect to Unity Package Manager local server
<HackaTime> Initializing...
UnityEngine.Debug:ExtractStackTraceNoAlloc (byte*,int,string)
UnityEngine.StackTraceUtility:ExtractStackTrace ()
UnityEngine.DebugLogHandler:Internal_Log (UnityEngine.LogType,UnityEngine.LogOption,string,UnityEngine.Object)
UnityEngine.DebugLogHandler:LogFormat (UnityEngine.LogType,UnityEngine.Object,string,object[])
UnityEngine.Logger:Log (UnityEngine.LogType,object)
UnityEngine.Debug:Log (object)
WakaTime.Plugin:Initialize () (at ./Library/PackageCache/com.daniel-geo.unityhackatime@5ac210a9a287/Editor/Plugin.cs:76)
WakaTime.Plugin:.cctor () (at ./Library/PackageCache/com.daniel-geo.unityhackatime@5ac210a9a287/Editor/Plugin.cs:41)
System.Runtime.CompilerServices.RuntimeHelpers:RunClassConstructor (System.RuntimeTypeHandle)
UnityEditor.EditorAssemblies:ProcessInitializeOnLoadAttributes (System.Type[])

(Filename: ./Library/PackageCache/com.daniel-geo.unityhackatime@5ac210a9a287/Editor/Plugin.cs Line: 76)

<HackaTime> Sending heartbeat...
UnityEngine.Debug:ExtractStackTraceNoAlloc (byte*,int,string)
UnityEngine.StackTraceUtility:ExtractStackTrace ()
UnityEngine.DebugLogHandler:Internal_Log (UnityEngine.LogType,UnityEngine.LogOption,string,UnityEngine.Object)
UnityEngine.DebugLogHandler:LogFormat (UnityEngine.LogType,UnityEngine.Object,string,object[])
UnityEngine.Logger:Log (UnityEngine.LogType,object)
UnityEngine.Debug:Log (object)
WakaTime.Plugin/<SendHeartbeat>d__29:MoveNext () (at ./Library/PackageCache/com.daniel-geo.unityhackatime@5ac210a9a287/Editor/Plugin.cs:144)
System.Runtime.CompilerServices.AsyncVoidMethodBuilder:Start<WakaTime.Plugin/<SendHeartbeat>d__29> (WakaTime.Plugin/<SendHeartbeat>d__29&)
WakaTime.Plugin:SendHeartbeat (bool)
WakaTime.Plugin:Initialize () (at ./Library/PackageCache/com.daniel-geo.unityhackatime@5ac210a9a287/Editor/Plugin.cs:78)
WakaTime.Plugin:.cctor () (at ./Library/PackageCache/com.daniel-geo.unityhackatime@5ac210a9a287/Editor/Plugin.cs:41)
System.Runtime.CompilerServices.RuntimeHelpers:RunClassConstructor (System.RuntimeTypeHandle)
UnityEditor.EditorAssemblies:ProcessInitializeOnLoadAttributes (System.Type[])

(Filename: ./Library/PackageCache/com.daniel-geo.unityhackatime@5ac210a9a287/Editor/Plugin.cs Line: 144)

[MODES] ModeService[none].Initialize
[MODES] ModeService[none].LoadModes
Mono: successfully reloaded assembly
- Finished resetting the current domain, in  0.704 seconds
Domain Reload Profiling: 1475ms
	BeginReloadAssembly (225ms)
		ExecutionOrderSort (0ms)
		DisableScriptedObjects (6ms)
		BackupInstance (0ms)
		ReleaseScriptingObjects (0ms)
		CreateAndSetChildDomain (61ms)
	RebuildCommonClasses (31ms)
	RebuildNativeTypeToScriptingClass (11ms)
	initialDomainReloadingComplete (33ms)
	LoadAllAssembliesAndSetupDomain (471ms)
		LoadAssemblies (410ms)
		RebuildTransferFunctionScriptingTraits (0ms)
		AnalyzeDomain (159ms)
			TypeCache.Refresh (7ms)
				TypeCache.ScanAssembly (0ms)
			BuildScriptInfoCaches (138ms)
			ResolveRequiredComponents (9ms)
	FinalizeReload (705ms)
		ReleaseScriptCaches (0ms)
		RebuildScriptCaches (0ms)
		SetupLoadedEditorAssemblies (572ms)
			LogAssemblyErrors (0ms)
			InitializePlatformSupportModulesInManaged (4ms)
			SetLoadedEditorAssemblies (5ms)
			BeforeProcessingInitializeOnLoad (126ms)
			ProcessInitializeOnLoadAttributes (343ms)
			ProcessInitializeOnLoadMethodAttributes (86ms)
			AfterProcessingInitializeOnLoad (8ms)
			EditorAssembliesLoaded (0ms)
		ExecutionOrderSort2 (0ms)
		AwakeInstancesAfterBackupRestoration (17ms)
Refreshing native plugins compatible for Editor in 1.09 ms, found 3 plugins.
Preloading 0 native plugins for Editor in 0.00 ms.
Unloading 20 Unused Serialized files (Serialized files now loaded: 0)
<HackaTime> Got response
{"id":2716388073,"user_id":27195,"branch":"main","category":"coding","dependencies":[],"editor":"unity","entity":"Unsaved Scene","language":"unity","machine":null,"operating_system":null,"project":"Stardance Project","type":"file","user_agent":"unity-hackatime","line_additions":null,"line_deletions":null,"lineno":null,"lines":null,"cursorpos":null,"project_root_count":null,"time":1788840704.0,"is_write":false,"created_at":"2026-09-08T04:10:55.650Z","updated_at":"2026-09-08T04:10:55.650Z","fields_hash":"b9602121be2db32ddc98723cf4a05fb9","source_type":"direct_entry","ip_address":"2601:600:8280:6b00:5d1e:6bf0:57c3:b9dd","deleted_at":null,"ja4_id":22,"ai_model":null,"ai_session":null,"ai_subscription_plan":null,"ai_input_tokens":null,"ai_output_tokens":null,"ai_prompt_length":null,"ai_line_changes":null,"human_line_changes":null}
UnityEngine.Debug:ExtractStackTraceNoAlloc (byte*,int,string)
UnityEngine.StackTraceUtility:ExtractStackTrace ()
UnityEngine.DebugLogHandler:Internal_Log (UnityEngine.LogType,UnityEngine.LogOption,string,UnityEngine.Object)
UnityEngine.DebugLogHandler:LogFormat (UnityEngine.LogType,UnityEngine.Object,string,object[])
UnityEngine.Logger:Log (UnityEngine.LogType,object)
UnityEngine.Debug:Log (object)
WakaTime.Plugin/<SendHeartbeat>d__29:MoveNext () (at ./Library/PackageCache/com.daniel-geo.unityhackatime@5ac210a9a287/Editor/Plugin.cs:187)
System.Runtime.CompilerServices.AsyncMethodBuilderCore/MoveNextRunner:InvokeMoveNext (object)
System.Threading.ExecutionContext:RunInternal (System.Threading.ExecutionContext,System.Threading.ContextCallback,object,bool)
System.Threading.ExecutionContext:Run (System.Threading.ExecutionContext,System.Threading.ContextCallback,object,bool)
System.Runtime.CompilerServices.AsyncMethodBuilderCore/MoveNextRunner:Run ()
System.Threading.Tasks.AwaitTaskContinuation:InvokeAction (object)
System.Threading.Tasks.AwaitTaskContinuation:RunCallback (System.Threading.ContextCallback,object,System.Threading.Tasks.Task&)
System.Threading.Tasks.SynchronizationContextAwaitTaskContinuation:Run (System.Threading.Tasks.Task,bool)
System.Threading.Tasks.Task:FinishContinuations ()
System.Threading.Tasks.Task:FinishStageThree ()
System.Threading.Tasks.Task`1<bool>:TrySetResult (bool)
System.Threading.Tasks.TaskCompletionSource`1<bool>:TrySetResult (bool)
WakaTime.Plugin/<>c__DisplayClass29_0:<SendHeartbeat>b__0 (UnityEngine.AsyncOperation) (at ./Library/PackageCache/com.daniel-geo.unityhackatime@5ac210a9a287/Editor/Plugin.cs:176)
UnityEngine.AsyncOperation:InvokeCompletionEvent ()

(Filename: ./Library/PackageCache/com.daniel-geo.unityhackatime@5ac210a9a287/Editor/Plugin.cs Line: 187)

<HackaTime> Sent heartbeat!
UnityEngine.Debug:ExtractStackTraceNoAlloc (byte*,int,string)
UnityEngine.StackTraceUtility:ExtractStackTrace ()
UnityEngine.DebugLogHandler:Internal_Log (UnityEngine.LogType,UnityEngine.LogOption,string,UnityEngine.Object)
UnityEngine.DebugLogHandler:LogFormat (UnityEngine.LogType,UnityEngine.Object,string,object[])
UnityEngine.Logger:Log (UnityEngine.LogType,object)
UnityEngine.Debug:Log (object)
WakaTime.Plugin/<SendHeartbeat>d__29:MoveNext () (at ./Library/PackageCache/com.daniel-geo.unityhackatime@5ac210a9a287/Editor/Plugin.cs:203)
System.Runtime.CompilerServices.AsyncMethodBuilderCore/MoveNextRunner:InvokeMoveNext (object)
System.Threading.ExecutionContext:RunInternal (System.Threading.ExecutionContext,System.Threading.ContextCallback,object,bool)
System.Threading.ExecutionContext:Run (System.Threading.ExecutionContext,System.Threading.ContextCallback,object,bool)
System.Runtime.CompilerServices.AsyncMethodBuilderCore/MoveNextRunner:Run ()
System.Threading.Tasks.AwaitTaskContinuation:InvokeAction (object)
System.Threading.Tasks.AwaitTaskContinuation:RunCallback (System.Threading.ContextCallback,object,System.Threading.Tasks.Task&)
System.Threading.Tasks.SynchronizationContextAwaitTaskContinuation:Run (System.Threading.Tasks.Task,bool)
System.Threading.Tasks.Task:FinishContinuations ()
System.Threading.Tasks.Task:FinishStageThree ()
System.Threading.Tasks.Task`1<bool>:TrySetResult (bool)
System.Threading.Tasks.TaskCompletionSource`1<bool>:TrySetResult (bool)
WakaTime.Plugin/<>c__DisplayClass29_0:<SendHeartbeat>b__0 (UnityEngine.AsyncOperation) (at ./Library/PackageCache/com.daniel-geo.unityhackatime@5ac210a9a287/Editor/Plugin.cs:176)
UnityEngine.AsyncOperation:InvokeCompletionEvent ()

(Filename: ./Library/PackageCache/com.daniel-geo.unityhackatime@5ac210a9a287/Editor/Plugin.cs Line: 203)

Unloading 6481 unused Assets / (5.4 MB). Loaded Objects now: 7297.
Memory consumption went from 158.6 MB to 153.2 MB.
Total: 14.574800 ms (FindLiveObjects: 1.193700 ms CreateObjectMapping: 1.259100 ms MarkObjects: 6.929200 ms  DeleteObjects: 5.191900 ms)

Prepare: number of updated asset objects reloaded= 0
========================================================================
Received Import Request.
  Time since last request: 190.558142 seconds.
  path: Assets/URP-PSX Volume Profile.asset
  artifactKey: Guid(7bbe35cdf5d69e14abbb03eccedaa5bd) Importer(815301076,1909f56bfc062723c751e8b465ee728b)
Start importing Assets/URP-PSX Volume Profile.asset using Guid(7bbe35cdf5d69e14abbb03eccedaa5bd) Importer(815301076,1909f56bfc062723c751e8b465ee728b) (PreviewImporter) -> (artifact id: 'a17f64df02796a7ef4467a3f5a5ac891') in 0.0247656 seconds
Number of updated asset objects reloaded before import = 20Number of asset objects unloaded after import = 5

========================================================================
Received Import Request.
  Time since last request: 9.202885 seconds.
  path: Assets/Scenes/Psx_PBRSettings.lighting
  artifactKey: Guid(7993c9853f427464bad56eff13c9066c) Importer(2089858483,192608db42251d675da83286b1cce702)
Start importing Assets/Scenes/Psx_PBRSettings.lighting using Guid(7993c9853f427464bad56eff13c9066c) Importer(2089858483,192608db42251d675da83286b1cce702) (ScriptedImporter) -> (artifact id: 'fd67b0cfdb548b8f5234f14075f5782c') in 0.1608624 seconds
Number of updated asset objects reloaded before import = 0Number of asset objects unloaded after import = 1

========================================================================
Received Import Request.
  Time since last request: 0.000027 seconds.
  path: Assets/Scripts/Pixelation/PixelationController.cs
  artifactKey: Guid(8e2e3e8bcd344ecc83c390aac75b2c04) Importer(2089858483,192608db42251d675da83286b1cce702)
Start importing Assets/Scripts/Pixelation/PixelationController.cs using Guid(8e2e3e8bcd344ecc83c390aac75b2c04) Importer(2089858483,192608db42251d675da83286b1cce702) (ScriptedImporter) -> (artifact id: 'e5124c4ccaa36164e1c2a02aaf70bf20') in 0.0177717 seconds
Number of updated asset objects reloaded before import = 0Number of asset objects unloaded after import = 0

========================================================================
Received Import Request.
  Time since last request: 0.000037 seconds.
  path: Assets/Shaders/Fog.shader
  artifactKey: Guid(a64e8590867649e4aaad5c1e24175437) Importer(2089858483,192608db42251d675da83286b1cce702)
Start importing Assets/Shaders/Fog.shader using Guid(a64e8590867649e4aaad5c1e24175437) Importer(2089858483,192608db42251d675da83286b1cce702) (ScriptedImporter) -> (artifact id: '4921f2dd770aab9c331cba15c6ad34b7') in 0.0111841 seconds
Number of updated asset objects reloaded before import = 0Number of asset objects unloaded after import = 1

========================================================================
Received Import Request.
  Time since last request: 0.000021 seconds.
  path: Assets/Scripts/CRT/CRTRenderFeature.cs
  artifactKey: Guid(7813741425bf9df4b8f6b5a4f6b1f66f) Importer(2089858483,192608db42251d675da83286b1cce702)
Start importing Assets/Scripts/CRT/CRTRenderFeature.cs using Guid(7813741425bf9df4b8f6b5a4f6b1f66f) Importer(2089858483,192608db42251d675da83286b1cce702) (ScriptedImporter) -> (artifact id: '50ad38fe3ffb119b37003cbf22ff3f77') in 0.0047395 seconds
Number of updated asset objects reloaded before import = 0Number of asset objects unloaded after import = 0

========================================================================
Received Import Request.
  Time since last request: 0.000020 seconds.
  path: Assets/Shaders/Other/PS1AffineFogPolyBrush.shader
  artifactKey: Guid(ac278f0feaec46e41b7d834fbca6eb8b) Importer(2089858483,192608db42251d675da83286b1cce702)
Start importing Assets/Shaders/Other/PS1AffineFogPolyBrush.shader using Guid(ac278f0feaec46e41b7d834fbca6eb8b) Importer(2089858483,192608db42251d675da83286b1cce702) (ScriptedImporter) -> (artifact id: '13d1950c8c543dcdc097901ddc6f3a83') in 0.0071443 seconds
Number of updated asset objects reloaded before import = 0Number of asset objects unloaded after import = 1

========================================================================
Received Import Request.
  Time since last request: 0.000022 seconds.
  path: Assets/Materials/transparent-blue.png
  artifactKey: Guid(fc0a0ae06c0f45f4ea03c390059331ea) Importer(2089858483,192608db42251d675da83286b1cce702)
Start importing Assets/Materials/transparent-blue.png using Guid(fc0a0ae06c0f45f4ea03c390059331ea) Importer(2089858483,192608db42251d675da83286b1cce702) (ScriptedImporter) -> (artifact id: '400961712da7db3fbe4693ca856b071d') in 0.039921 seconds
Number of updated asset objects reloaded before import = 0Number of asset objects unloaded after import = 1

========================================================================
Received Import Request.
  Time since last request: 0.000025 seconds.
  path: Assets/URP-PSX-Render Pipeline Asset.asset
  artifactKey: Guid(82d50e16a695c214d8025c47c33a0d1f) Importer(2089858483,192608db42251d675da83286b1cce702)
Start importing Assets/URP-PSX-Render Pipeline Asset.asset using Guid(82d50e16a695c214d8025c47c33a0d1f) Importer(2089858483,192608db42251d675da83286b1cce702) (ScriptedImporter) -> (artifact id: '57270ab888ca4c3bf5d6c197e921ccb5') in 0.0509711 seconds
Number of updated asset objects reloaded before import = 0Number of asset objects unloaded after import = 6

========================================================================
Received Import Request.
  Time since last request: 0.000049 seconds.
  path: Assets/Shaders/Other/Unlit_PS1AffineFogPolyBrush.mat
  artifactKey: Guid(d966d2ff5633ef74db277bb304049292) Importer(2089858483,192608db42251d675da83286b1cce702)
Start importing Assets/Shaders/Other/Unlit_PS1AffineFogPolyBrush.mat using Guid(d966d2ff5633ef74db277bb304049292) Importer(2089858483,192608db42251d675da83286b1cce702) (ScriptedImporter) -> (artifact id: '9714fc60d03a9aacd2a5155c06be11a6') in 0.0148927 seconds
Number of updated asset objects reloaded before import = 0Number of asset objects unloaded after import = 1

========================================================================
Received Import Request.
  Time since last request: 0.000022 seconds.
  path: Assets/Subgraphs/CalculateLighting.shadersubgraph
  artifactKey: Guid(35396f3a898a90647a877c356d2d474c) Importer(2089858483,192608db42251d675da83286b1cce702)
Start importing Assets/Subgraphs/CalculateLighting.shadersubgraph using Guid(35396f3a898a90647a877c356d2d474c) Importer(2089858483,192608db42251d675da83286b1cce702) (ScriptedImporter) -> (artifact id: '35ade9e022132fddaefd083981969bd5') in 0.011157 seconds
Number of updated asset objects reloaded before import = 0Number of asset objects unloaded after import = 1

========================================================================
Received Import Request.
  Time since last request: 0.000019 seconds.
  path: Assets/Scenes/Psx_Unlit_Variant.lighting
  artifactKey: Guid(893a36bf7b001d64e9b27252659eabe9) Importer(2089858483,192608db42251d675da83286b1cce702)
Start importing Assets/Scenes/Psx_Unlit_Variant.lighting using Guid(893a36bf7b001d64e9b27252659eabe9) Importer(2089858483,192608db42251d675da83286b1cce702) (ScriptedImporter) -> (artifact id: '513d14d614421773261f3bdd9cea039f') in 0.0094648 seconds
Number of updated asset objects reloaded before import = 0Number of asset objects unloaded after import = 1

========================================================================
Received Import Request.
  Time since last request: 0.000019 seconds.
  path: Assets/Materials/Psx_Unlit_Ground.mat
  artifactKey: Guid(2215636280ea227409864e6a32ccaf4b) Importer(2089858483,192608db42251d675da83286b1cce702)
Start importing Assets/Materials/Psx_Unlit_Ground.mat using Guid(2215636280ea227409864e6a32ccaf4b) Importer(2089858483,192608db42251d675da83286b1cce702) (ScriptedImporter) -> (artifact id: '1002b4dd06fb876a630235cbf3725f06') in 0.221915 seconds
Number of updated asset objects reloaded before import = 0Number of asset objects unloaded after import = 14

========================================================================
Received Import Request.
  Time since last request: 0.000022 seconds.
  path: Assets/Subgraphs/Other
  artifactKey: Guid(272895f88d8d71241aa58450084aa6de) Importer(2089858483,192608db42251d675da83286b1cce702)
Start importing Assets/Subgraphs/Other using Guid(272895f88d8d71241aa58450084aa6de) Importer(2089858483,192608db42251d675da83286b1cce702) (ScriptedImporter) -> (artifact id: '2d1835bb98069c03b7774a429234c7a0') in 0.0043547 seconds
Number of updated asset objects reloaded before import = 0Number of asset objects unloaded after import = 1

========================================================================
Received Import Request.
  Time since last request: 0.000036 seconds.
  path: Assets/Models/Rocks.png
  artifactKey: Guid(9a6d0e4d300d377488fda7f042a8b725) Importer(2089858483,192608db42251d675da83286b1cce702)
Start importing Assets/Models/Rocks.png using Guid(9a6d0e4d300d377488fda7f042a8b725) Importer(2089858483,192608db42251d675da83286b1cce702) (ScriptedImporter) -> (artifact id: '64f0f5254874b97eaf5ba3fe6ed1a522') in 0.0096514 seconds
Number of updated asset objects reloaded before import = 0Number of asset objects unloaded after import = 1

========================================================================
Received Import Request.
  Time since last request: 0.000022 seconds.
  path: Assets/Subgraphs/DirectSpecular.shadersubgraph
  artifactKey: Guid(f759ae007b686ee47afd3ba630b7e955) Importer(2089858483,192608db42251d675da83286b1cce702)
Start importing Assets/Subgraphs/DirectSpecular.shadersubgraph using Guid(f759ae007b686ee47afd3ba630b7e955) Importer(2089858483,192608db42251d675da83286b1cce702) (ScriptedImporter) -> (artifact id: '1861a613aa011ae0cb84997ca955002d') in 0.0073722 seconds
Number of updated asset objects reloaded before import = 0Number of asset objects unloaded after import = 1

========================================================================
Received Import Request.
  Time since last request: 0.000029 seconds.
  path: Assets/Shaders/Other/Readme.md
  artifactKey: Guid(05ecfbefa3d299a49ab6df8d737ef69a) Importer(2089858483,192608db42251d675da83286b1cce702)
Start importing Assets/Shaders/Other/Readme.md using Guid(05ecfbefa3d299a49ab6df8d737ef69a) Importer(2089858483,192608db42251d675da83286b1cce702) (ScriptedImporter) -> (artifact id: '4963466d2dcd65eb54776a7104e002fc') in 0.0045306 seconds
Number of updated asset objects reloaded before import = 0Number of asset objects unloaded after import = 1

========================================================================
Received Import Request.
  Time since last request: 0.000032 seconds.
  path: Assets/Models/Rock_1.obj
  artifactKey: Guid(40d07eda9fc4a06468dc78e340ec050c) Importer(2089858483,192608db42251d675da83286b1cce702)
Start importing Assets/Models/Rock_1.obj using Guid(40d07eda9fc4a06468dc78e340ec050c) Importer(2089858483,192608db42251d675da83286b1cce702) (ScriptedImporter) -> (artifact id: 'ba497d887250b60047a7ebcdb9881082') in 0.051489 seconds
Number of updated asset objects reloaded before import = 0Number of asset objects unloaded after import = 10

========================================================================
Received Import Request.
  Time since last request: 0.000044 seconds.
  path: Assets/URP-PSX Render Pipeline Global Settings.asset
  artifactKey: Guid(000a15220f03c4b4eae4dfb95253bbd0) Importer(2089858483,192608db42251d675da83286b1cce702)
Start importing Assets/URP-PSX Render Pipeline Global Settings.asset using Guid(000a15220f03c4b4eae4dfb95253bbd0) Importer(2089858483,192608db42251d675da83286b1cce702) (ScriptedImporter) -> (artifact id: '29fbe17c82bddbd2a6fbbd1e11235a4c') in 0.0088265 seconds
Number of updated asset objects reloaded before import = 0Number of asset objects unloaded after import = 1

========================================================================
Received Import Request.
  Time since last request: 0.000039 seconds.
  path: Assets/Shaders/Other/HazeGlassShader.shadergraph
  artifactKey: Guid(9181effe977b9f241aa10630608cfa59) Importer(2089858483,192608db42251d675da83286b1cce702)
Start importing Assets/Shaders/Other/HazeGlassShader.shadergraph using Guid(9181effe977b9f241aa10630608cfa59) Importer(2089858483,192608db42251d675da83286b1cce702) (ScriptedImporter) -> (artifact id: 'f1417bdae951794e413c673c5a9c084f') in 0.1849014 seconds
Number of updated asset objects reloaded before import = 0Number of asset objects unloaded after import = 5

========================================================================
Received Import Request.
  Time since last request: 0.000022 seconds.
  path: Assets/Scenes/Psx_Unlit_Variant.unity
  artifactKey: Guid(6a2417e6fe3129e42bb62641526eeff1) Importer(2089858483,192608db42251d675da83286b1cce702)
Start importing Assets/Scenes/Psx_Unlit_Variant.unity using Guid(6a2417e6fe3129e42bb62641526eeff1) Importer(2089858483,192608db42251d675da83286b1cce702) (ScriptedImporter) -> (artifact id: '436ecd57944d3a61202d61a3bf948535') in 0.0063601 seconds
Number of updated asset objects reloaded before import = 0Number of asset objects unloaded after import = 1

========================================================================
Received Import Request.
  Time since last request: 0.000033 seconds.
  path: Assets/Subgraphs/VertexJitter.shadersubgraph
  artifactKey: Guid(56f0a380c5b3ba441a66058da1b389f6) Importer(2089858483,192608db42251d675da83286b1cce702)
Start importing Assets/Subgraphs/VertexJitter.shadersubgraph using Guid(56f0a380c5b3ba441a66058da1b389f6) Importer(2089858483,192608db42251d675da83286b1cce702) (ScriptedImporter) -> (artifact id: '2d1c7b3b189b09200d08fc2dc27e9ec2') in 0.0084821 seconds
Number of updated asset objects reloaded before import = 0Number of asset objects unloaded after import = 1

========================================================================
Received Import Request.
  Time since last request: 0.000018 seconds.
  path: Assets/Scripts/Dithering/DitheringController.cs
  artifactKey: Guid(31898a7a07ac44b2ac17a1ef9d941fb8) Importer(2089858483,192608db42251d675da83286b1cce702)
Start importing Assets/Scripts/Dithering/DitheringController.cs using Guid(31898a7a07ac44b2ac17a1ef9d941fb8) Importer(2089858483,192608db42251d675da83286b1cce702) (ScriptedImporter) -> (artifact id: 'a85f97e0b35109e28e3fbdac6511fb8f') in 0.0044225 seconds
Number of updated asset objects reloaded before import = 0Number of asset objects unloaded after import = 0

========================================================================
Received Import Request.
  Time since last request: 0.000017 seconds.
  path: Assets/Shaders/HLSL
  artifactKey: Guid(a98fb509ee6f0f8418b1753b934d0d8e) Importer(2089858483,192608db42251d675da83286b1cce702)
Start importing Assets/Shaders/HLSL using Guid(a98fb509ee6f0f8418b1753b934d0d8e) Importer(2089858483,192608db42251d675da83286b1cce702) (ScriptedImporter) -> (artifact id: 'ace744e5f6b9dcd12e614309e64ba356') in 0.0044033 seconds
Number of updated asset objects reloaded before import = 0Number of asset objects unloaded after import = 1

========================================================================
Received Import Request.
  Time since last request: 0.000027 seconds.
  path: Assets/Shaders/CRTShader.shader
  artifactKey: Guid(00914bc33eaf6174eb8c82447a307c84) Importer(2089858483,192608db42251d675da83286b1cce702)
Start importing Assets/Shaders/CRTShader.shader using Guid(00914bc33eaf6174eb8c82447a307c84) Importer(2089858483,192608db42251d675da83286b1cce702) (ScriptedImporter) -> (artifact id: 'ef310e8c8948662742c78e309691480a') in 0.0052827 seconds
Number of updated asset objects reloaded before import = 0Number of asset objects unloaded after import = 1

========================================================================
Received Import Request.
  Time since last request: 0.000026 seconds.
  path: Assets/Materials/Psx_Glass.mat
  artifactKey: Guid(3276cf79406ba034ebcd46e92e790287) Importer(2089858483,192608db42251d675da83286b1cce702)
Start importing Assets/Materials/Psx_Glass.mat using Guid(3276cf79406ba034ebcd46e92e790287) Importer(2089858483,192608db42251d675da83286b1cce702) (ScriptedImporter) -> (artifact id: '1666c3f9ac2d912d8fb5cf7e0f42edba') in 0.1971744 seconds
Number of updated asset objects reloaded before import = 0Number of asset objects unloaded after import = 14

========================================================================
Received Import Request.
  Time since last request: 0.000035 seconds.
  path: Assets/Shaders/cginc/voronoi.cginc
  artifactKey: Guid(1a56186e6fc2480ab1e17d1d6012060e) Importer(2089858483,192608db42251d675da83286b1cce702)
Start importing Assets/Shaders/cginc/voronoi.cginc using Guid(1a56186e6fc2480ab1e17d1d6012060e) Importer(2089858483,192608db42251d675da83286b1cce702) (ScriptedImporter) -> (artifact id: 'ba2f9897bde775e9b2aa4864bbf50ee8') in 0.0048295 seconds
Number of updated asset objects reloaded before import = 0Number of asset objects unloaded after import = 1

========================================================================
Received Import Request.
  Time since last request: 0.000024 seconds.
  path: Assets/Scenes/Psx_Unlit.unity
  artifactKey: Guid(9edaa9eacbed7694fb3f7f93074a37c0) Importer(2089858483,192608db42251d675da83286b1cce702)
Start importing Assets/Scenes/Psx_Unlit.unity using Guid(9edaa9eacbed7694fb3f7f93074a37c0) Importer(2089858483,192608db42251d675da83286b1cce702) (ScriptedImporter) -> (artifact id: 'a8d976a35334b1df4819abcbb33165d2') in 0.0074823 seconds
Number of updated asset objects reloaded before import = 0Number of asset objects unloaded after import = 1

========================================================================
Received Import Request.
  Time since last request: 0.000021 seconds.
  path: Assets/Materials/Psx_PBR_Buddha.mat
  artifactKey: Guid(8fe36b030a05e1c4daa299c17c0d17d8) Importer(2089858483,192608db42251d675da83286b1cce702)
Start importing Assets/Materials/Psx_PBR_Buddha.mat using Guid(8fe36b030a05e1c4daa299c17c0d17d8) Importer(2089858483,192608db42251d675da83286b1cce702) (ScriptedImporter) -> (artifact id: '6ed4dfb59ff03e38bece5b653fa9d475') in 0.2297169 seconds
Number of updated asset objects reloaded before import = 0Number of asset objects unloaded after import = 14

========================================================================
Received Import Request.
  Time since last request: 0.000025 seconds.
  path: Assets/Settings/DefaultVolumeProfile.asset
  artifactKey: Guid(ab09877e2e707104187f6f83e2f62510) Importer(2089858483,192608db42251d675da83286b1cce702)
Start importing Assets/Settings/DefaultVolumeProfile.asset using Guid(ab09877e2e707104187f6f83e2f62510) Importer(2089858483,192608db42251d675da83286b1cce702) (ScriptedImporter) -> (artifact id: '504c0bff0a9a5dd84c839c2466c7c2b5') in 0.0105132 seconds
Number of updated asset objects reloaded before import = 0Number of asset objects unloaded after import = 0

========================================================================
Received Import Request.
  Time since last request: 0.000031 seconds.
  path: Assets/Materials/Psx_Unlity_Variant_Ground.mat
  artifactKey: Guid(dc82f083db330ec4bb17e1105b5e5b71) Importer(2089858483,192608db42251d675da83286b1cce702)
Start importing Assets/Materials/Psx_Unlity_Variant_Ground.mat using Guid(dc82f083db330ec4bb17e1105b5e5b71) Importer(2089858483,192608db42251d675da83286b1cce702) (ScriptedImporter) -> (artifact id: '70d1e838254a9b0e10fd5d98d43a6092') in 0.0066357 seconds
Number of updated asset objects reloaded before import = 0Number of asset objects unloaded after import = 3

========================================================================
Received Import Request.
  Time since last request: 0.000019 seconds.
  path: Assets/Scripts/Fog
  artifactKey: Guid(3712975f8b3e9ef47a8909c4080c5c2e) Importer(2089858483,192608db42251d675da83286b1cce702)
Start importing Assets/Scripts/Fog using Guid(3712975f8b3e9ef47a8909c4080c5c2e) Importer(2089858483,192608db42251d675da83286b1cce702) (ScriptedImporter) -> (artifact id: '648b736471ac4f1e47a5cd04417ee01c') in 0.0041519 seconds
Number of updated asset objects reloaded before import = 0Number of asset objects unloaded after import = 1

========================================================================
Received Import Request.
  Time since last request: 0.000017 seconds.
  path: Assets/Scripts/Fog/FogController.cs
  artifactKey: Guid(60add0cab76d469cbdad4b80314cb093) Importer(2089858483,192608db42251d675da83286b1cce702)
Start importing Assets/Scripts/Fog/FogController.cs using Guid(60add0cab76d469cbdad4b80314cb093) Importer(2089858483,192608db42251d675da83286b1cce702) (ScriptedImporter) -> (artifact id: '76b8148cd67e26e15f8d198d7e8c830d') in 0.0040719 seconds
Number of updated asset objects reloaded before import = 0Number of asset objects unloaded after import = 0

========================================================================
Received Import Request.
  Time since last request: 0.000018 seconds.
  path: Assets/Scripts/Dithering/DitheringRenderFeature.cs
  artifactKey: Guid(7a17da147615463497e4bd9e04f0dce1) Importer(2089858483,192608db42251d675da83286b1cce702)
Start importing Assets/Scripts/Dithering/DitheringRenderFeature.cs using Guid(7a17da147615463497e4bd9e04f0dce1) Importer(2089858483,192608db42251d675da83286b1cce702) (ScriptedImporter) -> (artifact id: 'dbf9ddc7f20b23dc438046e68658be8a') in 0.0049969 seconds
Number of updated asset objects reloaded before import = 0Number of asset objects unloaded after import = 0

========================================================================
Received Import Request.
  Time since last request: 0.000017 seconds.
  path: Assets/Scripts/Fog/FogRenderFeature.cs
  artifactKey: Guid(3277e3c6431244fb960cbd72870858e2) Importer(2089858483,192608db42251d675da83286b1cce702)
Start importing Assets/Scripts/Fog/FogRenderFeature.cs using Guid(3277e3c6431244fb960cbd72870858e2) Importer(2089858483,192608db42251d675da83286b1cce702) (ScriptedImporter) -> (artifact id: '9296ed6eb38af291b2e949e90370f1ee') in 0.004652 seconds
Number of updated asset objects reloaded before import = 0Number of asset objects unloaded after import = 0

========================================================================
Received Import Request.
  Time since last request: 0.000019 seconds.
  path: Assets/Scripts/Fog/Fog.cs
  artifactKey: Guid(32eb3b8fb939d9b41b04b5621e6d36dd) Importer(2089858483,192608db42251d675da83286b1cce702)
Start importing Assets/Scripts/Fog/Fog.cs using Guid(32eb3b8fb939d9b41b04b5621e6d36dd) Importer(2089858483,192608db42251d675da83286b1cce702) (ScriptedImporter) -> (artifact id: 'deb1d60d2564901c2222321ed60bef6c') in 0.0039938 seconds
Number of updated asset objects reloaded before import = 0Number of asset objects unloaded after import = 0

========================================================================
Received Import Request.
  Time since last request: 0.000029 seconds.
  path: Assets/Subgraphs/Fatten.shadersubgraph
  artifactKey: Guid(9b3e72656e2be0c4181f752843827827) Importer(2089858483,192608db42251d675da83286b1cce702)
Start importing Assets/Subgraphs/Fatten.shadersubgraph using Guid(9b3e72656e2be0c4181f752843827827) Importer(2089858483,192608db42251d675da83286b1cce702) (ScriptedImporter) -> (artifact id: 'e1ac3fbbcd56b125ae6d3f6d23ff6b7e') in 0.0066458 seconds
Number of updated asset objects reloaded before import = 0Number of asset objects unloaded after import = 1

========================================================================
Received Import Request.
  Time since last request: 0.000018 seconds.
  path: Assets/Scripts/Pixelation/PixelationRenderFeature.cs
  artifactKey: Guid(df6534dd185a4f18b50629b58de296b6) Importer(2089858483,192608db42251d675da83286b1cce702)
Start importing Assets/Scripts/Pixelation/PixelationRenderFeature.cs using Guid(df6534dd185a4f18b50629b58de296b6) Importer(2089858483,192608db42251d675da83286b1cce702) (ScriptedImporter) -> (artifact id: '8d5543dc26e18040523762e06e00d9dc') in 0.0052547 seconds
Number of updated asset objects reloaded before import = 0Number of asset objects unloaded after import = 0

========================================================================
Received Import Request.
  Time since last request: 0.000022 seconds.
  path: Assets/Materials/Psx_Unlit_Variant_Rock.mat
  artifactKey: Guid(9e88e8f17b1111640baaf2b963006d60) Importer(2089858483,192608db42251d675da83286b1cce702)
Start importing Assets/Materials/Psx_Unlit_Variant_Rock.mat using Guid(9e88e8f17b1111640baaf2b963006d60) Importer(2089858483,192608db42251d675da83286b1cce702) (ScriptedImporter) -> (artifact id: 'a2579ac23bb41f8cc7018c39eb7acddf') in 0.0075331 seconds
Number of updated asset objects reloaded before import = 0Number of asset objects unloaded after import = 3

========================================================================
Received Import Request.
  Time since last request: 0.000021 seconds.
  path: Assets/Subgraphs/UV_Pixelation.shadersubgraph
  artifactKey: Guid(d0d6c8db3061420479f9179be4a79b55) Importer(2089858483,192608db42251d675da83286b1cce702)
Start importing Assets/Subgraphs/UV_Pixelation.shadersubgraph using Guid(d0d6c8db3061420479f9179be4a79b55) Importer(2089858483,192608db42251d675da83286b1cce702) (ScriptedImporter) -> (artifact id: '7ed6f5103d554aa1c4f42a4c277bf59b') in 0.0067004 seconds
Number of updated asset objects reloaded before import = 0Number of asset objects unloaded after import = 1

========================================================================
Received Import Request.
  Time since last request: 0.000021 seconds.
  path: Assets/Scenes/Psx_UnlitSettings.lighting
  artifactKey: Guid(aeb3cfc7dfe698a418333925f210549b) Importer(2089858483,192608db42251d675da83286b1cce702)
Start importing Assets/Scenes/Psx_UnlitSettings.lighting using Guid(aeb3cfc7dfe698a418333925f210549b) Importer(2089858483,192608db42251d675da83286b1cce702) (ScriptedImporter) -> (artifact id: '3430f2d410d2ea8efee61660bc7cb084') in 0.0069429 seconds
Number of updated asset objects reloaded before import = 0Number of asset objects unloaded after import = 1

========================================================================
Received Import Request.
  Time since last request: 0.000055 seconds.
  path: Assets/Materials/Psx_Unlit_Variant_Ground_PolyBrush.mat
  artifactKey: Guid(e04866aae5eafe74ba43b450ddf2376c) Importer(2089858483,192608db42251d675da83286b1cce702)
Start importing Assets/Materials/Psx_Unlit_Variant_Ground_PolyBrush.mat using Guid(e04866aae5eafe74ba43b450ddf2376c) Importer(2089858483,192608db42251d675da83286b1cce702) (ScriptedImporter) -> (artifact id: '52db2eb575e00e05fb8c96d10fb25b15') in 0.0159913 seconds
Number of updated asset objects reloaded before import = 0Number of asset objects unloaded after import = 6

========================================================================
Received Import Request.
  Time since last request: 0.000020 seconds.
  path: Assets/Models/rock.jpg
  artifactKey: Guid(16639bea31ab04543bd5e531c1f8635c) Importer(2089858483,192608db42251d675da83286b1cce702)
Start importing Assets/Models/rock.jpg using Guid(16639bea31ab04543bd5e531c1f8635c) Importer(2089858483,192608db42251d675da83286b1cce702) (ScriptedImporter) -> (artifact id: '45dda3e42586db5e595c6a06cfe5ee4e') in 0.0087075 seconds
Number of updated asset objects reloaded before import = 0Number of asset objects unloaded after import = 1

========================================================================
Received Import Request.
  Time since last request: 0.000023 seconds.
  path: Assets/Models/buddhaPreaching.jpg
  artifactKey: Guid(51cdb6b8f84a1114280280ceec03bf34) Importer(2089858483,192608db42251d675da83286b1cce702)
Start importing Assets/Models/buddhaPreaching.jpg using Guid(51cdb6b8f84a1114280280ceec03bf34) Importer(2089858483,192608db42251d675da83286b1cce702) (ScriptedImporter) -> (artifact id: '291f17c4b6b1411ca122cc64e3bb9703') in 0.0102733 seconds
Number of updated asset objects reloaded before import = 0Number of asset objects unloaded after import = 1

========================================================================
Received Prepare
Begin MonoManager ReloadAssembly
- Loaded All Assemblies, in  0.937 seconds
Refreshing native plugins compatible for Editor in 1.54 ms, found 3 plugins.
Assertion failed on expression: 'pred(*previous, *i)'
Assertion failed on expression: 'pred(*previous, *i)'
Assertion failed on expression: 'pred(*previous, *i)'
Assertion failed on expression: 'pred(*previous, *i)'
Assertion failed on expression: 'pred(*previous, *i)'
Assertion failed on expression: 'pred(*previous, *i)'
Assertion failed on expression: 'pred(*previous, *i)'
Assertion failed on expression: 'pred(*previous, *i)'
Assertion failed on expression: 'pred(*previous, *i)'
Assertion failed on expression: 'pred(*previous, *i)'
Native extension for WindowsStandalone target not found
Native extension for OSXStandalone target not found
Native extension for WebGL target not found
[Package Manager] Failed to launch server process. Reason: Unity was launched with the -noUpm command-line argument
[Package Manager] Unable to send message (not connected to server process).
[Package Manager] Cannot connect to Unity Package Manager local server
<HackaTime> Initializing...
UnityEngine.Debug:ExtractStackTraceNoAlloc (byte*,int,string)
UnityEngine.StackTraceUtility:ExtractStackTrace ()
UnityEngine.DebugLogHandler:Internal_Log (UnityEngine.LogType,UnityEngine.LogOption,string,UnityEngine.Object)
UnityEngine.DebugLogHandler:LogFormat (UnityEngine.LogType,UnityEngine.Object,string,object[])
UnityEngine.Logger:Log (UnityEngine.LogType,object)
UnityEngine.Debug:Log (object)
WakaTime.Plugin:Initialize () (at ./Library/PackageCache/com.daniel-geo.unityhackatime@5ac210a9a287/Editor/Plugin.cs:76)
WakaTime.Plugin:.cctor () (at ./Library/PackageCache/com.daniel-geo.unityhackatime@5ac210a9a287/Editor/Plugin.cs:41)
System.Runtime.CompilerServices.RuntimeHelpers:RunClassConstructor (System.RuntimeTypeHandle)
UnityEditor.EditorAssemblies:ProcessInitializeOnLoadAttributes (System.Type[])

(Filename: ./Library/PackageCache/com.daniel-geo.unityhackatime@5ac210a9a287/Editor/Plugin.cs Line: 76)

<HackaTime> Sending heartbeat...
UnityEngine.Debug:ExtractStackTraceNoAlloc (byte*,int,string)
UnityEngine.StackTraceUtility:ExtractStackTrace ()
UnityEngine.DebugLogHandler:Internal_Log (UnityEngine.LogType,UnityEngine.LogOption,string,UnityEngine.Object)
UnityEngine.DebugLogHandler:LogFormat (UnityEngine.LogType,UnityEngine.Object,string,object[])
UnityEngine.Logger:Log (UnityEngine.LogType,object)
UnityEngine.Debug:Log (object)
WakaTime.Plugin/<SendHeartbeat>d__29:MoveNext () (at ./Library/PackageCache/com.daniel-geo.unityhackatime@5ac210a9a287/Editor/Plugin.cs:144)
System.Runtime.CompilerServices.AsyncVoidMethodBuilder:Start<WakaTime.Plugin/<SendHeartbeat>d__29> (WakaTime.Plugin/<SendHeartbeat>d__29&)
WakaTime.Plugin:SendHeartbeat (bool)
WakaTime.Plugin:Initialize () (at ./Library/PackageCache/com.daniel-geo.unityhackatime@5ac210a9a287/Editor/Plugin.cs:78)
WakaTime.Plugin:.cctor () (at ./Library/PackageCache/com.daniel-geo.unityhackatime@5ac210a9a287/Editor/Plugin.cs:41)
System.Runtime.CompilerServices.RuntimeHelpers:RunClassConstructor (System.RuntimeTypeHandle)
UnityEditor.EditorAssemblies:ProcessInitializeOnLoadAttributes (System.Type[])

(Filename: ./Library/PackageCache/com.daniel-geo.unityhackatime@5ac210a9a287/Editor/Plugin.cs Line: 144)

[MODES] ModeService[none].Initialize
[MODES] ModeService[none].LoadModes
Mono: successfully reloaded assembly
- Finished resetting the current domain, in  0.806 seconds
Domain Reload Profiling: 1741ms
	BeginReloadAssembly (265ms)
		ExecutionOrderSort (0ms)
		DisableScriptedObjects (6ms)
		BackupInstance (0ms)
		ReleaseScriptingObjects (0ms)
		CreateAndSetChildDomain (90ms)
	RebuildCommonClasses (37ms)
	RebuildNativeTypeToScriptingClass (11ms)
	initialDomainReloadingComplete (35ms)
	LoadAllAssembliesAndSetupDomain (586ms)
		LoadAssemblies (483ms)
		RebuildTransferFunctionScriptingTraits (0ms)
		AnalyzeDomain (207ms)
			TypeCache.Refresh (22ms)
				TypeCache.ScanAssembly (0ms)
			BuildScriptInfoCaches (171ms)
			ResolveRequiredComponents (10ms)
	FinalizeReload (807ms)
		ReleaseScriptCaches (0ms)
		RebuildScriptCaches (0ms)
		SetupLoadedEditorAssemblies (657ms)
			LogAssemblyErrors (0ms)
			InitializePlatformSupportModulesInManaged (6ms)
			SetLoadedEditorAssemblies (5ms)
			BeforeProcessingInitializeOnLoad (159ms)
			ProcessInitializeOnLoadAttributes (387ms)
			ProcessInitializeOnLoadMethodAttributes (90ms)
			AfterProcessingInitializeOnLoad (10ms)
			EditorAssembliesLoaded (0ms)
		ExecutionOrderSort2 (0ms)
		AwakeInstancesAfterBackupRestoration (19ms)
Refreshing native plugins compatible for Editor in 1.61 ms, found 3 plugins.
Preloading 0 native plugins for Editor in 0.00 ms.
Unloading 24 Unused Serialized files (Serialized files now loaded: 0)
<HackaTime> Got response
{"id":2716388073,"user_id":27195,"branch":"main","category":"coding","dependencies":[],"editor":"unity","entity":"Unsaved Scene","language":"unity","machine":null,"operating_system":null,"project":"Stardance Project","type":"file","user_agent":"unity-hackatime","line_additions":null,"line_deletions":null,"lineno":null,"lines":null,"cursorpos":null,"project_root_count":null,"time":1788840704.0,"is_write":false,"created_at":"2026-09-08T04:10:55.650Z","updated_at":"2026-09-08T04:10:55.650Z","fields_hash":"b9602121be2db32ddc98723cf4a05fb9","source_type":"direct_entry","ip_address":"2601:600:8280:6b00:5d1e:6bf0:57c3:b9dd","deleted_at":null,"ja4_id":22,"ai_model":null,"ai_session":null,"ai_subscription_plan":null,"ai_input_tokens":null,"ai_output_tokens":null,"ai_prompt_length":null,"ai_line_changes":null,"human_line_changes":null}
UnityEngine.Debug:ExtractStackTraceNoAlloc (byte*,int,string)
UnityEngine.StackTraceUtility:ExtractStackTrace ()
UnityEngine.DebugLogHandler:Internal_Log (UnityEngine.LogType,UnityEngine.LogOption,string,UnityEngine.Object)
UnityEngine.DebugLogHandler:LogFormat (UnityEngine.LogType,UnityEngine.Object,string,object[])
UnityEngine.Logger:Log (UnityEngine.LogType,object)
UnityEngine.Debug:Log (object)
WakaTime.Plugin/<SendHeartbeat>d__29:MoveNext () (at ./Library/PackageCache/com.daniel-geo.unityhackatime@5ac210a9a287/Editor/Plugin.cs:187)
System.Runtime.CompilerServices.AsyncMethodBuilderCore/MoveNextRunner:InvokeMoveNext (object)
System.Threading.ExecutionContext:RunInternal (System.Threading.ExecutionContext,System.Threading.ContextCallback,object,bool)
System.Threading.ExecutionContext:Run (System.Threading.ExecutionContext,System.Threading.ContextCallback,object,bool)
System.Runtime.CompilerServices.AsyncMethodBuilderCore/MoveNextRunner:Run ()
System.Threading.Tasks.AwaitTaskContinuation:InvokeAction (object)
System.Threading.Tasks.AwaitTaskContinuation:RunCallback (System.Threading.ContextCallback,object,System.Threading.Tasks.Task&)
System.Threading.Tasks.SynchronizationContextAwaitTaskContinuation:Run (System.Threading.Tasks.Task,bool)
System.Threading.Tasks.Task:FinishContinuations ()
System.Threading.Tasks.Task:FinishStageThree ()
System.Threading.Tasks.Task`1<bool>:TrySetResult (bool)
System.Threading.Tasks.TaskCompletionSource`1<bool>:TrySetResult (bool)
WakaTime.Plugin/<>c__DisplayClass29_0:<SendHeartbeat>b__0 (UnityEngine.AsyncOperation) (at ./Library/PackageCache/com.daniel-geo.unityhackatime@5ac210a9a287/Editor/Plugin.cs:176)
UnityEngine.AsyncOperation:InvokeCompletionEvent ()

(Filename: ./Library/PackageCache/com.daniel-geo.unityhackatime@5ac210a9a287/Editor/Plugin.cs Line: 187)

<HackaTime> Sent heartbeat!
UnityEngine.Debug:ExtractStackTraceNoAlloc (byte*,int,string)
UnityEngine.StackTraceUtility:ExtractStackTrace ()
UnityEngine.DebugLogHandler:Internal_Log (UnityEngine.LogType,UnityEngine.LogOption,string,UnityEngine.Object)
UnityEngine.DebugLogHandler:LogFormat (UnityEngine.LogType,UnityEngine.Object,string,object[])
UnityEngine.Logger:Log (UnityEngine.LogType,object)
UnityEngine.Debug:Log (object)
WakaTime.Plugin/<SendHeartbeat>d__29:MoveNext () (at ./Library/PackageCache/com.daniel-geo.unityhackatime@5ac210a9a287/Editor/Plugin.cs:203)
System.Runtime.CompilerServices.AsyncMethodBuilderCore/MoveNextRunner:InvokeMoveNext (object)
System.Threading.ExecutionContext:RunInternal (System.Threading.ExecutionContext,System.Threading.ContextCallback,object,bool)
System.Threading.ExecutionContext:Run (System.Threading.ExecutionContext,System.Threading.ContextCallback,object,bool)
System.Runtime.CompilerServices.AsyncMethodBuilderCore/MoveNextRunner:Run ()
System.Threading.Tasks.AwaitTaskContinuation:InvokeAction (object)
System.Threading.Tasks.AwaitTaskContinuation:RunCallback (System.Threading.ContextCallback,object,System.Threading.Tasks.Task&)
System.Threading.Tasks.SynchronizationContextAwaitTaskContinuation:Run (System.Threading.Tasks.Task,bool)
System.Threading.Tasks.Task:FinishContinuations ()
System.Threading.Tasks.Task:FinishStageThree ()
System.Threading.Tasks.Task`1<bool>:TrySetResult (bool)
System.Threading.Tasks.TaskCompletionSource`1<bool>:TrySetResult (bool)
WakaTime.Plugin/<>c__DisplayClass29_0:<SendHeartbeat>b__0 (UnityEngine.AsyncOperation) (at ./Library/PackageCache/com.daniel-geo.unityhackatime@5ac210a9a287/Editor/Plugin.cs:176)
UnityEngine.AsyncOperation:InvokeCompletionEvent ()

(Filename: ./Library/PackageCache/com.daniel-geo.unityhackatime@5ac210a9a287/Editor/Plugin.cs Line: 203)

Unloading 6483 unused Assets / (5.0 MB). Loaded Objects now: 7308.
Memory consumption went from 160.9 MB to 155.9 MB.
Total: 15.874800 ms (FindLiveObjects: 0.938600 ms CreateObjectMapping: 0.973600 ms MarkObjects: 8.595200 ms  DeleteObjects: 5.366100 ms)

Prepare: number of updated asset objects reloaded= 0
========================================================================
Received Import Request.
  Time since last request: 169.412070 seconds.
  path: Assets/URP-PSX Volume Profile.asset
  artifactKey: Guid(7bbe35cdf5d69e14abbb03eccedaa5bd) Importer(815301076,1909f56bfc062723c751e8b465ee728b)
Start importing Assets/URP-PSX Volume Profile.asset using Guid(7bbe35cdf5d69e14abbb03eccedaa5bd) Importer(815301076,1909f56bfc062723c751e8b465ee728b) (PreviewImporter) -> (artifact id: '369dae1f749cf810b98810058f706e17') in 0.0216408 seconds
Number of updated asset objects reloaded before import = 1Number of asset objects unloaded after import = 0

========================================================================
Received Import Request.
  Time since last request: 0.827176 seconds.
  path: Assets/Settings/UniversalRenderPipelineGlobalSettings.asset
  artifactKey: Guid(18dc0cd2c080841dea60987a38ce93fa) Importer(2089858483,192608db42251d675da83286b1cce702)
Start importing Assets/Settings/UniversalRenderPipelineGlobalSettings.asset using Guid(18dc0cd2c080841dea60987a38ce93fa) Importer(2089858483,192608db42251d675da83286b1cce702) (ScriptedImporter) -> (artifact id: '99ead06e287cc3f70d16fb37af436cd7') in 0.1924962 seconds
Number of updated asset objects reloaded before import = 0Number of asset objects unloaded after import = 0

========================================================================
Received Prepare
Begin MonoManager ReloadAssembly
- Loaded All Assemblies, in  0.809 seconds
Refreshing native plugins compatible for Editor in 1.12 ms, found 3 plugins.
Assertion failed on expression: 'pred(*previous, *i)'
Assertion failed on expression: 'pred(*previous, *i)'
Assertion failed on expression: 'pred(*previous, *i)'
Assertion failed on expression: 'pred(*previous, *i)'
Assertion failed on expression: 'pred(*previous, *i)'
Assertion failed on expression: 'pred(*previous, *i)'
Assertion failed on expression: 'pred(*previous, *i)'
Assertion failed on expression: 'pred(*previous, *i)'
Assertion failed on expression: 'pred(*previous, *i)'
Assertion failed on expression: 'pred(*previous, *i)'
Native extension for WindowsStandalone target not found
Native extension for OSXStandalone target not found
Native extension for WebGL target not found
[Package Manager] Failed to launch server process. Reason: Unity was launched with the -noUpm command-line argument
[Package Manager] Unable to send message (not connected to server process).
[Package Manager] Cannot connect to Unity Package Manager local server
<HackaTime> Initializing...
UnityEngine.Debug:ExtractStackTraceNoAlloc (byte*,int,string)
UnityEngine.StackTraceUtility:ExtractStackTrace ()
UnityEngine.DebugLogHandler:Internal_Log (UnityEngine.LogType,UnityEngine.LogOption,string,UnityEngine.Object)
UnityEngine.DebugLogHandler:LogFormat (UnityEngine.LogType,UnityEngine.Object,string,object[])
UnityEngine.Logger:Log (UnityEngine.LogType,object)
UnityEngine.Debug:Log (object)
WakaTime.Plugin:Initialize () (at ./Library/PackageCache/com.daniel-geo.unityhackatime@5ac210a9a287/Editor/Plugin.cs:76)
WakaTime.Plugin:.cctor () (at ./Library/PackageCache/com.daniel-geo.unityhackatime@5ac210a9a287/Editor/Plugin.cs:41)
System.Runtime.CompilerServices.RuntimeHelpers:RunClassConstructor (System.RuntimeTypeHandle)
UnityEditor.EditorAssemblies:ProcessInitializeOnLoadAttributes (System.Type[])

(Filename: ./Library/PackageCache/com.daniel-geo.unityhackatime@5ac210a9a287/Editor/Plugin.cs Line: 76)

<HackaTime> Sending heartbeat...
UnityEngine.Debug:ExtractStackTraceNoAlloc (byte*,int,string)
UnityEngine.StackTraceUtility:ExtractStackTrace ()
UnityEngine.DebugLogHandler:Internal_Log (UnityEngine.LogType,UnityEngine.LogOption,string,UnityEngine.Object)
UnityEngine.DebugLogHandler:LogFormat (UnityEngine.LogType,UnityEngine.Object,string,object[])
UnityEngine.Logger:Log (UnityEngine.LogType,object)
UnityEngine.Debug:Log (object)
WakaTime.Plugin/<SendHeartbeat>d__29:MoveNext () (at ./Library/PackageCache/com.daniel-geo.unityhackatime@5ac210a9a287/Editor/Plugin.cs:144)
System.Runtime.CompilerServices.AsyncVoidMethodBuilder:Start<WakaTime.Plugin/<SendHeartbeat>d__29> (WakaTime.Plugin/<SendHeartbeat>d__29&)
WakaTime.Plugin:SendHeartbeat (bool)
WakaTime.Plugin:Initialize () (at ./Library/PackageCache/com.daniel-geo.unityhackatime@5ac210a9a287/Editor/Plugin.cs:78)
WakaTime.Plugin:.cctor () (at ./Library/PackageCache/com.daniel-geo.unityhackatime@5ac210a9a287/Editor/Plugin.cs:41)
System.Runtime.CompilerServices.RuntimeHelpers:RunClassConstructor (System.RuntimeTypeHandle)
UnityEditor.EditorAssemblies:ProcessInitializeOnLoadAttributes (System.Type[])

(Filename: ./Library/PackageCache/com.daniel-geo.unityhackatime@5ac210a9a287/Editor/Plugin.cs Line: 144)

[MODES] ModeService[none].Initialize
[MODES] ModeService[none].LoadModes
Mono: successfully reloaded assembly
- Finished resetting the current domain, in  0.701 seconds
Domain Reload Profiling: 1505ms
	BeginReloadAssembly (246ms)
		ExecutionOrderSort (0ms)
		DisableScriptedObjects (6ms)
		BackupInstance (0ms)
		ReleaseScriptingObjects (0ms)
		CreateAndSetChildDomain (82ms)
	RebuildCommonClasses (40ms)
	RebuildNativeTypeToScriptingClass (11ms)
	initialDomainReloadingComplete (30ms)
	LoadAllAssembliesAndSetupDomain (478ms)
		LoadAssemblies (386ms)
		RebuildTransferFunctionScriptingTraits (0ms)
		AnalyzeDomain (181ms)
			TypeCache.Refresh (8ms)
				TypeCache.ScanAssembly (0ms)
			BuildScriptInfoCaches (159ms)
			ResolveRequiredComponents (10ms)
	FinalizeReload (701ms)
		ReleaseScriptCaches (0ms)
		RebuildScriptCaches (0ms)
		SetupLoadedEditorAssemblies (544ms)
			LogAssemblyErrors (0ms)
			InitializePlatformSupportModulesInManaged (4ms)
			SetLoadedEditorAssemblies (6ms)
			BeforeProcessingInitializeOnLoad (132ms)
			ProcessInitializeOnLoadAttributes (315ms)
			ProcessInitializeOnLoadMethodAttributes (78ms)
			AfterProcessingInitializeOnLoad (9ms)
			EditorAssembliesLoaded (0ms)
		ExecutionOrderSort2 (0ms)
		AwakeInstancesAfterBackupRestoration (19ms)
Refreshing native plugins compatible for Editor in 1.45 ms, found 3 plugins.
Preloading 0 native plugins for Editor in 0.00 ms.
Unloading 20 Unused Serialized files (Serialized files now loaded: 0)
<HackaTime> Got response
{"id":2716389967,"user_id":27195,"branch":"main","category":"coding","dependencies":[],"editor":"unity","entity":"Unsaved Scene","language":"unity","machine":null,"operating_system":null,"project":"Stardance Project","type":"file","user_agent":"unity-hackatime","line_additions":null,"line_deletions":null,"lineno":null,"lines":null,"cursorpos":null,"project_root_count":null,"time":1788840960.0,"is_write":false,"created_at":"2026-09-08T04:15:23.757Z","updated_at":"2026-09-08T04:15:23.757Z","fields_hash":"a802c526e5ca3e9681d327e50a9c1afe","source_type":"direct_entry","ip_address":"2601:600:8280:6b00:5d1e:6bf0:57c3:b9dd","deleted_at":null,"ja4_id":22,"ai_model":null,"ai_session":null,"ai_subscription_plan":null,"ai_input_tokens":null,"ai_output_tokens":null,"ai_prompt_length":null,"ai_line_changes":null,"human_line_changes":null}
UnityEngine.Debug:ExtractStackTraceNoAlloc (byte*,int,string)
UnityEngine.StackTraceUtility:ExtractStackTrace ()
UnityEngine.DebugLogHandler:Internal_Log (UnityEngine.LogType,UnityEngine.LogOption,string,UnityEngine.Object)
UnityEngine.DebugLogHandler:LogFormat (UnityEngine.LogType,UnityEngine.Object,string,object[])
UnityEngine.Logger:Log (UnityEngine.LogType,object)
UnityEngine.Debug:Log (object)
WakaTime.Plugin/<SendHeartbeat>d__29:MoveNext () (at ./Library/PackageCache/com.daniel-geo.unityhackatime@5ac210a9a287/Editor/Plugin.cs:187)
System.Runtime.CompilerServices.AsyncMethodBuilderCore/MoveNextRunner:InvokeMoveNext (object)
System.Threading.ExecutionContext:RunInternal (System.Threading.ExecutionContext,System.Threading.ContextCallback,object,bool)
System.Threading.ExecutionContext:Run (System.Threading.ExecutionContext,System.Threading.ContextCallback,object,bool)
System.Runtime.CompilerServices.AsyncMethodBuilderCore/MoveNextRunner:Run ()
System.Threading.Tasks.AwaitTaskContinuation:InvokeAction (object)
System.Threading.Tasks.AwaitTaskContinuation:RunCallback (System.Threading.ContextCallback,object,System.Threading.Tasks.Task&)
System.Threading.Tasks.SynchronizationContextAwaitTaskContinuation:Run (System.Threading.Tasks.Task,bool)
System.Threading.Tasks.Task:FinishContinuations ()
System.Threading.Tasks.Task:FinishStageThree ()
System.Threading.Tasks.Task`1<bool>:TrySetResult (bool)
System.Threading.Tasks.TaskCompletionSource`1<bool>:TrySetResult (bool)
WakaTime.Plugin/<>c__DisplayClass29_0:<SendHeartbeat>b__0 (UnityEngine.AsyncOperation) (at ./Library/PackageCache/com.daniel-geo.unityhackatime@5ac210a9a287/Editor/Plugin.cs:176)
UnityEngine.AsyncOperation:InvokeCompletionEvent ()

(Filename: ./Library/PackageCache/com.daniel-geo.unityhackatime@5ac210a9a287/Editor/Plugin.cs Line: 187)

<HackaTime> Sent heartbeat!
UnityEngine.Debug:ExtractStackTraceNoAlloc (byte*,int,string)
UnityEngine.StackTraceUtility:ExtractStackTrace ()
UnityEngine.DebugLogHandler:Internal_Log (UnityEngine.LogType,UnityEngine.LogOption,string,UnityEngine.Object)
UnityEngine.DebugLogHandler:LogFormat (UnityEngine.LogType,UnityEngine.Object,string,object[])
UnityEngine.Logger:Log (UnityEngine.LogType,object)
UnityEngine.Debug:Log (object)
WakaTime.Plugin/<SendHeartbeat>d__29:MoveNext () (at ./Library/PackageCache/com.daniel-geo.unityhackatime@5ac210a9a287/Editor/Plugin.cs:203)
System.Runtime.CompilerServices.AsyncMethodBuilderCore/MoveNextRunner:InvokeMoveNext (object)
System.Threading.ExecutionContext:RunInternal (System.Threading.ExecutionContext,System.Threading.ContextCallback,object,bool)
System.Threading.ExecutionContext:Run (System.Threading.ExecutionContext,System.Threading.ContextCallback,object,bool)
System.Runtime.CompilerServices.AsyncMethodBuilderCore/MoveNextRunner:Run ()
System.Threading.Tasks.AwaitTaskContinuation:InvokeAction (object)
System.Threading.Tasks.AwaitTaskContinuation:RunCallback (System.Threading.ContextCallback,object,System.Threading.Tasks.Task&)
System.Threading.Tasks.SynchronizationContextAwaitTaskContinuation:Run (System.Threading.Tasks.Task,bool)
System.Threading.Tasks.Task:FinishContinuations ()
System.Threading.Tasks.Task:FinishStageThree ()
System.Threading.Tasks.Task`1<bool>:TrySetResult (bool)
System.Threading.Tasks.TaskCompletionSource`1<bool>:TrySetResult (bool)
WakaTime.Plugin/<>c__DisplayClass29_0:<SendHeartbeat>b__0 (UnityEngine.AsyncOperation) (at ./Library/PackageCache/com.daniel-geo.unityhackatime@5ac210a9a287/Editor/Plugin.cs:176)
UnityEngine.AsyncOperation:InvokeCompletionEvent ()

(Filename: ./Library/PackageCache/com.daniel-geo.unityhackatime@5ac210a9a287/Editor/Plugin.cs Line: 203)

Unloading 6482 unused Assets / (4.9 MB). Loaded Objects now: 7334.
Memory consumption went from 160.5 MB to 155.6 MB.
Total: 12.475200 ms (FindLiveObjects: 1.164100 ms CreateObjectMapping: 1.063700 ms MarkObjects: 6.555000 ms  DeleteObjects: 3.691000 ms)

Prepare: number of updated asset objects reloaded= 0
========================================================================
Received Import Request.
  Time since last request: 69.752439 seconds.
  path: Assets/Scenes/Psx_PBRSettings.lighting
  artifactKey: Guid(7993c9853f427464bad56eff13c9066c) Importer(815301076,1909f56bfc062723c751e8b465ee728b)
Start importing Assets/Scenes/Psx_PBRSettings.lighting using Guid(7993c9853f427464bad56eff13c9066c) Importer(815301076,1909f56bfc062723c751e8b465ee728b) (PreviewImporter) -> (artifact id: '4883440d300ee114d50af0649dd5f096') in 0.0210273 seconds
Number of updated asset objects reloaded before import = 0Number of asset objects unloaded after import = 1

========================================================================
Received Import Request.
  Time since last request: 1.672830 seconds.
  path: Assets/Scenes/Psx_Unlit_Variant.lighting
  artifactKey: Guid(893a36bf7b001d64e9b27252659eabe9) Importer(815301076,1909f56bfc062723c751e8b465ee728b)
Start importing Assets/Scenes/Psx_Unlit_Variant.lighting using Guid(893a36bf7b001d64e9b27252659eabe9) Importer(815301076,1909f56bfc062723c751e8b465ee728b) (PreviewImporter) -> (artifact id: '8224a9ef0fa465ab620ea9f3de0e73e6') in 0.0012019 seconds
Number of updated asset objects reloaded before import = 0Number of asset objects unloaded after import = 1

========================================================================
Received Import Request.
  Time since last request: 15.484135 seconds.
  path: Assets/Scenes/Platforming.unity
  artifactKey: Guid(99c9720ab356a0642a771bea13969a05) Importer(815301076,1909f56bfc062723c751e8b465ee728b)
Start importing Assets/Scenes/Platforming.unity using Guid(99c9720ab356a0642a771bea13969a05) Importer(815301076,1909f56bfc062723c751e8b465ee728b) (PreviewImporter) -> (artifact id: '0f2cb8a678f5b09ddbf05632a4cb989b') in 0.0006385 seconds
Number of updated asset objects reloaded before import = 0Number of asset objects unloaded after import = 0

========================================================================
Received Import Request.
  Time since last request: 62.732852 seconds.
  path: Assets/Materials/HazeGlass.mat
  artifactKey: Guid(7330941fb54da014a86471b94a0d9057) Importer(815301076,1909f56bfc062723c751e8b465ee728b)
Start importing Assets/Materials/HazeGlass.mat using Guid(7330941fb54da014a86471b94a0d9057) Importer(815301076,1909f56bfc062723c751e8b465ee728b) (PreviewImporter) -> (artifact id: '0b891b9298c67935f7a65520d112745d') in 0.8233903 seconds
Number of updated asset objects reloaded before import = 0Number of asset objects unloaded after import = 6

========================================================================
Received Import Request.
  Time since last request: 0.000055 seconds.
  path: Assets/Materials/Psx_PBR_Ground.mat
  artifactKey: Guid(1255ded71521f6f46b758c53cc3a0887) Importer(815301076,1909f56bfc062723c751e8b465ee728b)
Start importing Assets/Materials/Psx_PBR_Ground.mat using Guid(1255ded71521f6f46b758c53cc3a0887) Importer(815301076,1909f56bfc062723c751e8b465ee728b) (PreviewImporter) -> (artifact id: '1b0e38d4fdbe2af4f26965493652eab3') in 2.5403805 seconds
Number of updated asset objects reloaded before import = 0Number of asset objects unloaded after import = 14

========================================================================
Received Import Request.
  Time since last request: 0.000050 seconds.
  path: Assets/Materials/Psx_PBR_Buddha.mat
  artifactKey: Guid(8fe36b030a05e1c4daa299c17c0d17d8) Importer(815301076,1909f56bfc062723c751e8b465ee728b)
Start importing Assets/Materials/Psx_PBR_Buddha.mat using Guid(8fe36b030a05e1c4daa299c17c0d17d8) Importer(815301076,1909f56bfc062723c751e8b465ee728b) (PreviewImporter) -> (artifact id: 'f8a355d59917dad653facf524a2058f1') in 0.0145679 seconds
Number of updated asset objects reloaded before import = 0Number of asset objects unloaded after import = 13

========================================================================
Received Import Request.
  Time since last request: 0.000032 seconds.
  path: Assets/Materials/Psx_Unlit_Variant_Rock.mat
  artifactKey: Guid(9e88e8f17b1111640baaf2b963006d60) Importer(815301076,1909f56bfc062723c751e8b465ee728b)
Start importing Assets/Materials/Psx_Unlit_Variant_Rock.mat using Guid(9e88e8f17b1111640baaf2b963006d60) Importer(815301076,1909f56bfc062723c751e8b465ee728b) (PreviewImporter) -> (artifact id: 'ee20dd28642d28bc72b452bd22dda764') in 0.0596736 seconds
Number of updated asset objects reloaded before import = 0Number of asset objects unloaded after import = 3

========================================================================
Received Import Request.
  Time since last request: 0.000047 seconds.
  path: Assets/Models/buddhaPreaching.jpg
  artifactKey: Guid(51cdb6b8f84a1114280280ceec03bf34) Importer(815301076,1909f56bfc062723c751e8b465ee728b)
Start importing Assets/Models/buddhaPreaching.jpg using Guid(51cdb6b8f84a1114280280ceec03bf34) Importer(815301076,1909f56bfc062723c751e8b465ee728b) (PreviewImporter) -> (artifact id: '73f9207cefe6796baec66528a60417ff') in 0.0158143 seconds
Number of updated asset objects reloaded before import = 0Number of asset objects unloaded after import = 2

========================================================================
Received Import Request.
  Time since last request: 0.000036 seconds.
  path: Assets/Materials/Psx_Unlit_Variant_Ground_PolyBrush.mat
  artifactKey: Guid(e04866aae5eafe74ba43b450ddf2376c) Importer(815301076,1909f56bfc062723c751e8b465ee728b)
Start importing Assets/Materials/Psx_Unlit_Variant_Ground_PolyBrush.mat using Guid(e04866aae5eafe74ba43b450ddf2376c) Importer(815301076,1909f56bfc062723c751e8b465ee728b) (PreviewImporter) -> (artifact id: 'ea6e68e1d7bf1d1faa1ab6238cae3178') in 0.0631712 seconds
Number of updated asset objects reloaded before import = 0Number of asset objects unloaded after import = 6

========================================================================
Received Import Request.
  Time since last request: 0.000044 seconds.
  path: Assets/Materials/transparent-blue.png
  artifactKey: Guid(fc0a0ae06c0f45f4ea03c390059331ea) Importer(815301076,1909f56bfc062723c751e8b465ee728b)
Start importing Assets/Materials/transparent-blue.png using Guid(fc0a0ae06c0f45f4ea03c390059331ea) Importer(815301076,1909f56bfc062723c751e8b465ee728b) (PreviewImporter) -> (artifact id: 'd6d3110b696bad455fb23eb548f38046') in 0.0073143 seconds
Number of updated asset objects reloaded before import = 0Number of asset objects unloaded after import = 2

========================================================================
Received Import Request.
  Time since last request: 22.650852 seconds.
  path: Assets/Resources/Levels/1/2.prefab
  artifactKey: Guid(ed5b7495b667a6945872a3af5238cc4e) Importer(815301076,1909f56bfc062723c751e8b465ee728b)
Start importing Assets/Resources/Levels/1/2.prefab using Guid(ed5b7495b667a6945872a3af5238cc4e) Importer(815301076,1909f56bfc062723c751e8b465ee728b) (PreviewImporter) -> (artifact id: 'cc5d87770822f53a7ef5aa7bc37f7bbf') in 0.0826649 seconds
Number of updated asset objects reloaded before import = 0Number of asset objects unloaded after import = 83

Editor requested this worker to shutdown with reason: Scaling down because of idle timeout
AssetImportWorker is now disconnected from the server
Process exiting
Exiting without the bug reporter. Application will terminate with return code 0